source,part_number,oem_number,oem_manufacturer
wps_merged_xlsx,68-9540,01-931,Cometic Gaskets
fatbook_merged_xlsx,DS-240008,062123-66,
fatbook_merged_xlsx,41300033,0652-2781,
fatbook_merged_xlsx,41300053,0652-2793,
fatbook_merged_xlsx,41300053,0652-2848,
fatbook_merged_xlsx,41300027,0652-2996,
fatbook_merged_xlsx,41300053,0652-3083,
fatbook_merged_xlsx,41300027,0652-3086,
fatbook_merged_xlsx,41300033,0652-3428,
fatbook_merged_xlsx,45500421,1-5878,
oldbook_merged_xlsx,2401-0717,10038A,
fatbook_merged_xlsx,2401-0717,10038A,
oldbook_merged_xlsx,2401-0561,10080,
fatbook_merged_xlsx,2401-0561,10080,
fatbook_merged_xlsx,0214-2740,10100089,
oldbook_merged_xlsx,2401-0559,10117,
fatbook_merged_xlsx,2401-0559,10117,
oldbook_merged_xlsx,2120-0625,10183,
fatbook_merged_xlsx,2120-0625,10183,
fatbook_merged_xlsx,3501-1153,10200063,
fatbook_merged_xlsx,3501-1157,10200064,
fatbook_merged_xlsx,3501-1153,10200065,
fatbook_merged_xlsx,2401-1599,10200374,
oldbook_merged_xlsx,2401-0716,10222,
fatbook_merged_xlsx,2401-0716,10222,
oldbook_merged_xlsx,2401-0558,10304,
fatbook_merged_xlsx,2401-0558,10304,
fatbook_merged_xlsx,2401-1601,1081A,
fatbook_merged_xlsx,1106-0082,10991,
oldbook_merged_xlsx,1132-0286,10998,
fatbook_merged_xlsx,1132-0286,10998,
wps_merged_xlsx,68-9294,10PK,Cometic Gaskets
wps_merged_xlsx,68-9631,10PK,Cometic Gaskets
fatbook_merged_xlsx,0935-0981,11000101,
wps_merged_xlsx,68-10213,11000101,Cometic Gaskets
fatbook_merged_xlsx,0935-1001,11000101,
wps_merged_xlsx,681-6115,11000101,James Gaskets
fatbook_merged_xlsx,0935-0984,11000134,
wps_merged_xlsx,68-10209,11000134,Cometic Gaskets
fatbook_merged_xlsx,0935-0997,11000134,
wps_merged_xlsx,681-6127,11000134,James Gaskets
fatbook_merged_xlsx,0935-0998,11000134,
oldbook_merged_xlsx,DS-173403,11002,
fatbook_merged_xlsx,DS-173403,11002,
wps_merged_xlsx,681-4520,11002,James Gaskets
oldbook_merged_xlsx,DS-173529,11002,
oldbook_merged_xlsx,DS-194976,11005,
oldbook_merged_xlsx,DS-188008,11007,
oldbook_merged_xlsx,DS-188011,11015,
oldbook_merged_xlsx,DS-188012,11016,
fatbook_merged_xlsx,DS-188012,11016,
oldbook_merged_xlsx,DS-188013,11019,
fatbook_merged_xlsx,DS-188013,11019,
oldbook_merged_xlsx,DS-188016,11031,
fatbook_merged_xlsx,DS-188016,11031,
oldbook_merged_xlsx,DS-188018,11036,
fatbook_merged_xlsx,DS-188018,11036,
oldbook_merged_xlsx,DS-273897,11036,
oldbook_merged_xlsx,DS-188027,11046,
fatbook_merged_xlsx,DS-188027,11046,
fatbook_merged_xlsx,1106-0081,11061A,
oldbook_merged_xlsx,DS-188022,11067,
fatbook_merged_xlsx,DS-188022,11067,
oldbook_merged_xlsx,DS-188023,11083,
fatbook_merged_xlsx,DS-188023,11083,
oldbook_merged_xlsx,DS-188029,11096,
fatbook_merged_xlsx,DS-188029,11096,
oldbook_merged_xlsx,DS-192502,11096,
fatbook_merged_xlsx,DS-192502,11096,
oldbook_merged_xlsx,DS-188030,11096A,
fatbook_merged_xlsx,DS-188030,11096A,
oldbook_merged_xlsx,2401-0503,1110-39,
oldbook_merged_xlsx,DS-174270,11100,
wps_merged_xlsx,681-5525,11100,James Gaskets
oldbook_merged_xlsx,0935-0178,11101,
fatbook_merged_xlsx,0935-0178,11101,
wps_merged_xlsx,68-9451,11101,Cometic Gaskets
oldbook_merged_xlsx,DS-173508,11101,
wps_merged_xlsx,681-4810,11101,James Gaskets
oldbook_merged_xlsx,DS-174290,11101,
oldbook_merged_xlsx,DS-325382,11101,
wps_merged_xlsx,681-5684,11102,James Gaskets
wps_merged_xlsx,68-9458,11103,Cometic Gaskets
wps_merged_xlsx,681-5655,11103,James Gaskets
oldbook_merged_xlsx,0935-0186,11105,
fatbook_merged_xlsx,0935-0186,11105,
oldbook_merged_xlsx,DS-173430,11105,
fatbook_merged_xlsx,0935-1048,11105,
oldbook_merged_xlsx,DS-174334,11105,
fatbook_merged_xlsx,DS-174334,11105,
fatbook_merged_xlsx,DS-173430,11105,
wps_merged_xlsx,68-9435,11105/11102/11273,Cometic Gaskets
wps_merged_xlsx,681-5641,11106,James Gaskets
wps_merged_xlsx,68-9452,11107,Cometic Gaskets
wps_merged_xlsx,681-4895,11107,James Gaskets
fatbook_merged_xlsx,0935-0225,11110,
wps_merged_xlsx,68-9448,11110,Cometic Gaskets
fatbook_merged_xlsx,DS-174361,11110,
wps_merged_xlsx,681-5305,11110,James Gaskets
fatbook_merged_xlsx,0935-0362,11113,
wps_merged_xlsx,68-9460,11113,Cometic Gaskets
wps_merged_xlsx,681-5451,11113,James Gaskets
wps_merged_xlsx,681-4982,11114,James Gaskets
oldbook_merged_xlsx,0935-0187,11115,
wps_merged_xlsx,68-9529,11115,Cometic Gaskets
oldbook_merged_xlsx,DS-174377,11115,
wps_merged_xlsx,681-4983,11115,James Gaskets
oldbook_merged_xlsx,0935-0179,11116,
fatbook_merged_xlsx,DS-174341,11116,
wps_merged_xlsx,68-9433,11116,Cometic Gaskets
oldbook_merged_xlsx,0935-0850,11116,
wps_merged_xlsx,681-5473,11116,James Gaskets
oldbook_merged_xlsx,DS-174341,11116,
oldbook_merged_xlsx,0934-1372,11117,
wps_merged_xlsx,68-9484,11117,Cometic Gaskets
oldbook_merged_xlsx,DS-174351,11117,
wps_merged_xlsx,681-4687,11117,James Gaskets
oldbook_merged_xlsx,0934-4723,11118,
oldbook_merged_xlsx,DS-174832,11118,
wps_merged_xlsx,68-9455,11119,Cometic Gaskets
wps_merged_xlsx,681-5654,11119,James Gaskets
fatbook_merged_xlsx,0934-0740,11120,
wps_merged_xlsx,68-9961,11120,Cometic Gaskets
fatbook_merged_xlsx,0935-0114,11120,
wps_merged_xlsx,681-4185,11120,James Gaskets
oldbook_merged_xlsx,0935-0230,11124,
fatbook_merged_xlsx,DS-194420,11124,
wps_merged_xlsx,681-5387,11124,James Gaskets
oldbook_merged_xlsx,DS-194420,11124,
fatbook_merged_xlsx,0935-0230,11124,
wps_merged_xlsx,681-5388,11124,James Gaskets
oldbook_merged_xlsx,DS-194421,11124,
fatbook_merged_xlsx,DS-194421,11124,
wps_merged_xlsx,68-9355,11124-DL,Cometic Gaskets
oldbook_merged_xlsx,0935-0261,11125,
fatbook_merged_xlsx,0934-0943,11125,
wps_merged_xlsx,68-9536,11125,Cometic Gaskets
oldbook_merged_xlsx,DS-174315,11125,
fatbook_merged_xlsx,0934-1581,11125,
wps_merged_xlsx,681-4947,11125,James Gaskets
oldbook_merged_xlsx,0934-0943,11125,
oldbook_merged_xlsx,0934-1581,11125,
oldbook_merged_xlsx,0934-1183,11125,
oldbook_merged_xlsx,0934-1582,11125,
oldbook_merged_xlsx,0935-0170,11132,
fatbook_merged_xlsx,0935-0170,11132,
wps_merged_xlsx,68-9459,11132,Cometic Gaskets
oldbook_merged_xlsx,DS-174830,11132,
fatbook_merged_xlsx,DS-174830,11132,
wps_merged_xlsx,681-4468,11132,James Gaskets
oldbook_merged_xlsx,0935-0115,11132A,
fatbook_merged_xlsx,0935-0115,11132A,
wps_merged_xlsx,681-4122,11132A,James Gaskets
fatbook_merged_xlsx,0935-0170,11132A,
oldbook_merged_xlsx,0935-0259,11133,
wps_merged_xlsx,68-9461,11133,Cometic Gaskets
oldbook_merged_xlsx,DS-174828,11133,
wps_merged_xlsx,681-4812,11133,James Gaskets
wps_merged_xlsx,68-9584,11133-FL,Cometic Gaskets
wps_merged_xlsx,68-9585,11133-FLH,Cometic Gaskets
wps_merged_xlsx,68-9586,11133-V2,Cometic Gaskets
oldbook_merged_xlsx,DS-194422,11133A,
wps_merged_xlsx,681-4821,11133A,James Gaskets
oldbook_merged_xlsx,0934-4704,11139,
fatbook_merged_xlsx,DS-174364,11139,
wps_merged_xlsx,68-9446,11139,Cometic Gaskets
oldbook_merged_xlsx,DS-174364,11139,
wps_merged_xlsx,681-5470,11139,James Gaskets
oldbook_merged_xlsx,DS-174392,11140,
wps_merged_xlsx,681-4731,11140,James Gaskets
wps_merged_xlsx,68-9667,11140/11241/11289,Cometic Gaskets
oldbook_merged_xlsx,0613-0797,11143,
fatbook_merged_xlsx,0617-0197,11143,
oldbook_merged_xlsx,DS-188031,11143,
fatbook_merged_xlsx,DS-188031,11143,
oldbook_merged_xlsx,DS-273898,11143,
fatbook_merged_xlsx,DS-273898,11143,
oldbook_merged_xlsx,0935-0150,11145,
fatbook_merged_xlsx,0935-0150,11145,
wps_merged_xlsx,681-4470,11145,James Gaskets
fatbook_merged_xlsx,DS-174333,11145,
wps_merged_xlsx,681-4471,11145,James Gaskets
fatbook_merged_xlsx,DS-194484,11145,
oldbook_merged_xlsx,0935-0116,11145A,
fatbook_merged_xlsx,0935-0116,11145A,
wps_merged_xlsx,681-4123,11145A,James Gaskets
fatbook_merged_xlsx,0935-0150,11145A,
oldbook_merged_xlsx,DS-174316,11147,
fatbook_merged_xlsx,0935-0161,11147,
wps_merged_xlsx,68-9441,11147,Cometic Gaskets
fatbook_merged_xlsx,DS-174316,11147,
wps_merged_xlsx,681-4625,11147,James Gaskets
oldbook_merged_xlsx,DS-174489,11148,
wps_merged_xlsx,68-9357,11148,Cometic Gaskets
wps_merged_xlsx,681-4688,11148,James Gaskets
oldbook_merged_xlsx,DS-188032,11150,
fatbook_merged_xlsx,DS-188032,11150,
oldbook_merged_xlsx,0632-0334,11155,
fatbook_merged_xlsx,0632-0334,11155,
wps_merged_xlsx,681-5014,11156,James Gaskets
oldbook_merged_xlsx,0935-0149,11157,
fatbook_merged_xlsx,DS-174289,11157,
wps_merged_xlsx,681-4469,11157,James Gaskets
oldbook_merged_xlsx,DS-174289,11157,
oldbook_merged_xlsx,1302-0084,11158,
wps_merged_xlsx,681-4517,11159,James Gaskets
oldbook_merged_xlsx,DS-188036,11161,
fatbook_merged_xlsx,1106-0042,11161,
wps_merged_xlsx,681-5452,11161,James Gaskets
fatbook_merged_xlsx,DS-188036,11161,
oldbook_merged_xlsx,DS-174378,11162,
wps_merged_xlsx,68-9495,11162,Cometic Gaskets
wps_merged_xlsx,681-4680,11162,James Gaskets
oldbook_merged_xlsx,DS-188037,11164,
fatbook_merged_xlsx,DS-188037,11164,
oldbook_merged_xlsx,0935-0189,11165,
fatbook_merged_xlsx,1203-0009,11165,
wps_merged_xlsx,68-9361,11165,Cometic Gaskets
oldbook_merged_xlsx,1203-0009,11165,
wps_merged_xlsx,681-4681,11165,James Gaskets
oldbook_merged_xlsx,DS-174387,11165,
oldbook_merged_xlsx,0935-0190,11166,
wps_merged_xlsx,68-9530,11166,Cometic Gaskets
oldbook_merged_xlsx,DS-174395,11166,
wps_merged_xlsx,681-4677,11166,James Gaskets
fatbook_merged_xlsx,0935-0226,11167,
wps_merged_xlsx,68-9443,11167,Cometic Gaskets
fatbook_merged_xlsx,DS-174362,11167,
wps_merged_xlsx,681-5306,11167A,James Gaskets
fatbook_merged_xlsx,0935-0227,11168,
wps_merged_xlsx,68-9444,11168,Cometic Gaskets
fatbook_merged_xlsx,DS-174363,11168,
wps_merged_xlsx,681-5307,11168A,James Gaskets
oldbook_merged_xlsx,DS-174396,11170,
wps_merged_xlsx,681-4732,11170,James Gaskets
oldbook_merged_xlsx,0934-1367,11171,
fatbook_merged_xlsx,DS-174340,11171,
wps_merged_xlsx,68-9436,11171,Cometic Gaskets
wps_merged_xlsx,681-4714,11173,James Gaskets
fatbook_merged_xlsx,0935-0229,11176,
wps_merged_xlsx,68-9296,11176,Cometic Gaskets
fatbook_merged_xlsx,DS-174398,11176,
wps_merged_xlsx,681-5304,11176,James Gaskets
oldbook_merged_xlsx,DS-188039,11177,
fatbook_merged_xlsx,DS-188039,11177,
oldbook_merged_xlsx,0935-0191,11178,
wps_merged_xlsx,681-4684,11178,James Gaskets
oldbook_merged_xlsx,DS-174379,11178,
wps_merged_xlsx,68-9263,11178/62673-90,Cometic Gaskets
oldbook_merged_xlsx,0935-0192,11179,
wps_merged_xlsx,68-9447,11179,Cometic Gaskets
oldbook_merged_xlsx,DS-174369,11179,
wps_merged_xlsx,681-4685,11179,James Gaskets
wps_merged_xlsx,681-5433,11187,James Gaskets
wps_merged_xlsx,68-9434,11187/11201,Cometic Gaskets
wps_merged_xlsx,681-5434,11188,James Gaskets
wps_merged_xlsx,681-5302,11190,James Gaskets
oldbook_merged_xlsx,0934-1374,11191,
wps_merged_xlsx,68-9661,11191,Cometic Gaskets
oldbook_merged_xlsx,DS-174374,11191,
wps_merged_xlsx,681-4686,11191,James Gaskets
wps_merged_xlsx,681-4311,11201,James Gaskets
wps_merged_xlsx,681-5401,11202,James Gaskets
oldbook_merged_xlsx,0921-0143,11218,
fatbook_merged_xlsx,0921-0143,11218,
oldbook_merged_xlsx,0950-0220,11219,
fatbook_merged_xlsx,0950-0220,11219,
oldbook_merged_xlsx,0935-0174,11241,
wps_merged_xlsx,681-4516,11241,James Gaskets
oldbook_merged_xlsx,0935-0260,11241,
oldbook_merged_xlsx,DS-174424,11241,
wps_merged_xlsx,68-9684,11241/11140/11289,Cometic Gaskets
oldbook_merged_xlsx,DS-174985,11246,
fatbook_merged_xlsx,DS-174985,11246,
fatbook_merged_xlsx,DS-172027,11256,
wps_merged_xlsx,68-9628,11256,Cometic Gaskets
fatbook_merged_xlsx,DS-173201,11256,
wps_merged_xlsx,681-4149,11256,James Gaskets
fatbook_merged_xlsx,DS-173202,11270,
wps_merged_xlsx,68-9629,11270,Cometic Gaskets
fatbook_merged_xlsx,0935-0147,11270,
wps_merged_xlsx,681-4107,11270,James Gaskets
oldbook_merged_xlsx,DS-223068,11271,
fatbook_merged_xlsx,DS-223068,11271,
oldbook_merged_xlsx,DS-223067,11272,
fatbook_merged_xlsx,DS-223067,11272,
fatbook_merged_xlsx,0935-0151,11273,
wps_merged_xlsx,68-9438,11273,Cometic Gaskets
fatbook_merged_xlsx,DS-173203,11273,
wps_merged_xlsx,681-4146,11273,James Gaskets
fatbook_merged_xlsx,1302-0091,11282,
fatbook_merged_xlsx,0935-0158,11286,
wps_merged_xlsx,68-9437,11286,Cometic Gaskets
fatbook_merged_xlsx,DS-173204,11286,
wps_merged_xlsx,681-4180,11286,James Gaskets
fatbook_merged_xlsx,0935-0164,11288,
wps_merged_xlsx,68-9627,11288,Cometic Gaskets
fatbook_merged_xlsx,DS-173205,11288,
wps_merged_xlsx,681-4166,11288,James Gaskets
wps_merged_xlsx,681-4167,11289,James Gaskets
fatbook_merged_xlsx,0935-0153,11289A,
fatbook_merged_xlsx,DS-173206,11289A,
fatbook_merged_xlsx,0934-1389,11290,
wps_merged_xlsx,68-9642,11290,Cometic Gaskets
fatbook_merged_xlsx,DS-173207,11290,
wps_merged_xlsx,681-4315,11290,James Gaskets
fatbook_merged_xlsx,0935-0166,11291,
wps_merged_xlsx,68-9630,11291,Cometic Gaskets
fatbook_merged_xlsx,DS-173208,11291,
wps_merged_xlsx,681-4218,11291,James Gaskets
fatbook_merged_xlsx,0935-0373,11292,
wps_merged_xlsx,681-4220,11292,James Gaskets
fatbook_merged_xlsx,DS-173209,11292,
fatbook_merged_xlsx,0935-0148,11293,
wps_merged_xlsx,681-4121,11293,James Gaskets
fatbook_merged_xlsx,DS-173210,11293,
wps_merged_xlsx,681-4024,11293,James Gaskets
wps_merged_xlsx,681-4025,11293,James Gaskets
fatbook_merged_xlsx,DS-173211,11297,
wps_merged_xlsx,681-4333,11297,James Gaskets
fatbook_merged_xlsx,0935-0165,11298,
wps_merged_xlsx,681-4168,11298,James Gaskets
fatbook_merged_xlsx,DS-173212,11298,
fatbook_merged_xlsx,0935-0159,11301,
wps_merged_xlsx,681-4181,11301,James Gaskets
fatbook_merged_xlsx,2401-1124,11301,
wps_merged_xlsx,68-9449,11301,Cometic Gaskets
fatbook_merged_xlsx,DS-173213,11301,
oldbook_merged_xlsx,0617-0425,11304,
fatbook_merged_xlsx,0617-0425,11304,
fatbook_merged_xlsx,1106-0080,11317,
fatbook_merged_xlsx,0935-0118,11324,
wps_merged_xlsx,681-4275,11324,James Gaskets
fatbook_merged_xlsx,0935-0281,11326,
wps_merged_xlsx,681-4183,11326,James Gaskets
fatbook_merged_xlsx,0710-0125,11345,
wps_merged_xlsx,681-4184,11345,James Gaskets
fatbook_merged_xlsx,0935-0245,11351,
wps_merged_xlsx,681-4246,11351,James Gaskets
fatbook_merged_xlsx,0934-0741,11377,
wps_merged_xlsx,68-9956,11377,Cometic Gaskets
fatbook_merged_xlsx,0935-0106,11377,
wps_merged_xlsx,681-5301,11377,James Gaskets
wps_merged_xlsx,681-5229,11377,James Gaskets
oldbook_merged_xlsx,1620-2495,11379,
fatbook_merged_xlsx,0617-0195,11379,
fatbook_merged_xlsx,1620-2495,11379,
wps_merged_xlsx,681-4957,11428,James Gaskets
oldbook_merged_xlsx,DS-391240,11447,
wps_merged_xlsx,820-52263,11447,HardDrive
oldbook_merged_xlsx,DS-391241,11447,
wps_merged_xlsx,681-4602,11447,James Gaskets
oldbook_merged_xlsx,3501-0854,11464,
fatbook_merged_xlsx,3501-0854,11464,
oldbook_merged_xlsx,0521-1235,11491,
fatbook_merged_xlsx,0521-1235,11491,
fatbook_merged_xlsx,0925-0283,11494,
fatbook_merged_xlsx,1302-0654,11514,
fatbook_merged_xlsx,1106-0075,11599A,
fatbook_merged_xlsx,1742-0765,11600001,
fatbook_merged_xlsx,1742-0771,11600001,
fatbook_merged_xlsx,0521-1234,11650,
fatbook_merged_xlsx,0214-0873,11804,
fatbook_merged_xlsx,0214-1970,11844,
fatbook_merged_xlsx,0214-1971,11848,
fatbook_merged_xlsx,1106-0074,11887,
fatbook_merged_xlsx,0935-0988,11900010,
wps_merged_xlsx,68-10208,11900010,Cometic Gaskets
fatbook_merged_xlsx,0935-0997,11900010,
wps_merged_xlsx,681-6109,11900010,James Gaskets
fatbook_merged_xlsx,0935-1076,11900045,
fatbook_merged_xlsx,0935-1304,11900045,
fatbook_merged_xlsx,0935-0986,11900090,
wps_merged_xlsx,68-10201,11900090,Cometic Gaskets
fatbook_merged_xlsx,0935-0990,11900090,
wps_merged_xlsx,681-6107,11900090,James Gaskets
fatbook_merged_xlsx,0935-0987,11900092,
wps_merged_xlsx,68-10212,11900092,Cometic Gaskets
fatbook_merged_xlsx,0935-1000,11900092,
wps_merged_xlsx,681-6108,11900092,James Gaskets
fatbook_merged_xlsx,0935-0989,11900103,
wps_merged_xlsx,68-10210,11900103,Cometic Gaskets
fatbook_merged_xlsx,0935-0999,11900103,
wps_merged_xlsx,681-6111,11900103,James Gaskets
fatbook_merged_xlsx,0935-0975,11900116,
wps_merged_xlsx,68-10189,11900116,Cometic Gaskets
fatbook_merged_xlsx,0935-0985,11900116,
wps_merged_xlsx,681-6103,11900116,James Gaskets
fatbook_merged_xlsx,0935-1305,11900160,
fatbook_merged_xlsx,0934-5049,11907,
wps_merged_xlsx,70-6251,12,Motion Pro
wps_merged_xlsx,70-660262,12,Motion Pro
oldbook_merged_xlsx,DS-194492,12002,
wps_merged_xlsx,681-5006,12002,James Gaskets
oldbook_merged_xlsx,0935-0193,12010,
wps_merged_xlsx,68-9531,12010,Cometic Gaskets
oldbook_merged_xlsx,DS-174375,12010,
wps_merged_xlsx,681-4987,12010,James Gaskets
oldbook_merged_xlsx,0935-0195,12013,
oldbook_merged_xlsx,DS-194423,12013,
oldbook_merged_xlsx,0935-0194,12013A,
wps_merged_xlsx,68-9493,12013A,Cometic Gaskets
oldbook_merged_xlsx,DS-174475,12013A,
wps_merged_xlsx,681-4673,12013A,James Gaskets
wps_merged_xlsx,681-4674,12013A,James Gaskets
oldbook_merged_xlsx,0935-0081,12014,
wps_merged_xlsx,68-9494,12014,Cometic Gaskets
oldbook_merged_xlsx,0935-0196,12014,
wps_merged_xlsx,681-4944,12014,James Gaskets
oldbook_merged_xlsx,DS-194475,12014,
wps_merged_xlsx,681-4417,12014,James Gaskets
oldbook_merged_xlsx,0935-0262,12018,
wps_merged_xlsx,68-9518,12018,Cometic Gaskets
oldbook_merged_xlsx,DS-194480,12018,
wps_merged_xlsx,681-4945,12018,James Gaskets
wps_merged_xlsx,68-9367,12021,Cometic Gaskets
wps_merged_xlsx,681-5653,12021,James Gaskets
oldbook_merged_xlsx,0935-0197,12022,
wps_merged_xlsx,68-9506,12022,Cometic Gaskets
oldbook_merged_xlsx,DS-194470,12022,
wps_merged_xlsx,681-4981,12022,James Gaskets
oldbook_merged_xlsx,0935-0832,12023,
wps_merged_xlsx,68-9369,12023,Cometic Gaskets
oldbook_merged_xlsx,DS-174421,12023,
wps_merged_xlsx,68-9351,12026A,Cometic Gaskets
wps_merged_xlsx,681-4501,12026A,James Gaskets
oldbook_merged_xlsx,0935-0176,12026A/B,
oldbook_merged_xlsx,DS-194455,12026A/B,
fatbook_merged_xlsx,DS-194418,12030,
wps_merged_xlsx,68-9362,12030,Cometic Gaskets
wps_merged_xlsx,681-5453,12030,James Gaskets
oldbook_merged_xlsx,DS-173536,12035,
wps_merged_xlsx,681-4678,12035,James Gaskets
oldbook_merged_xlsx,0935-0198,12035A,
wps_merged_xlsx,68-9258,12035A,Cometic Gaskets
oldbook_merged_xlsx,DS-173536,12035A,
oldbook_merged_xlsx,DS-173536,12035B,
fatbook_merged_xlsx,DS-173536,12035B,
oldbook_merged_xlsx,DS-194201,12036,
wps_merged_xlsx,681-5580,12036,James Gaskets
oldbook_merged_xlsx,DS-194202,12036A,
wps_merged_xlsx,68-9376,12036A,Cometic Gaskets
wps_merged_xlsx,681-5365,12036A,James Gaskets
oldbook_merged_xlsx,0935-0199,12043,
wps_merged_xlsx,68-9528,12043,Cometic Gaskets
wps_merged_xlsx,681-4669,12043,James Gaskets
wps_merged_xlsx,681-4670,12043,James Gaskets
oldbook_merged_xlsx,DS-173506,12043A,
oldbook_merged_xlsx,DS-194426,12044,
oldbook_merged_xlsx,0935-0200,12044,
oldbook_merged_xlsx,DS-174476,12044A,
wps_merged_xlsx,681-4978,12044A,James Gaskets
wps_merged_xlsx,681-4755,12044A,James Gaskets
wps_merged_xlsx,681-4979,12044A,James Gaskets
wps_merged_xlsx,68-9527,12044DL,Cometic Gaskets
oldbook_merged_xlsx,DS-174376,12045,
fatbook_merged_xlsx,DS-174376,12045,
wps_merged_xlsx,681-4671,12045,James Gaskets
oldbook_merged_xlsx,0935-0201,12045,
wps_merged_xlsx,681-4668,12045,James Gaskets
oldbook_merged_xlsx,DS-173423,12045,
wps_merged_xlsx,68-9259,12045DL,Cometic Gaskets
fatbook_merged_xlsx,DS-173423,12045M,
oldbook_merged_xlsx,DS-194428,12047,
wps_merged_xlsx,681-5024,12047,James Gaskets
wps_merged_xlsx,681-5450,12049,James Gaskets
oldbook_merged_xlsx,DS-194417,12049A,
wps_merged_xlsx,68-9356,12049DL,Cometic Gaskets
oldbook_merged_xlsx,0935-0202,12050,
wps_merged_xlsx,68-9359,12050,Cometic Gaskets
oldbook_merged_xlsx,DS-194476,12050,
wps_merged_xlsx,681-4672,12050,James Gaskets
wps_merged_xlsx,681-4415,12050,James Gaskets
oldbook_merged_xlsx,DS-174342,12051,
wps_merged_xlsx,68-9491,12051,Cometic Gaskets
wps_merged_xlsx,681-4683,12051,James Gaskets
oldbook_merged_xlsx,0935-0162,12052,
wps_merged_xlsx,68-9260,12052,Cometic Gaskets
oldbook_merged_xlsx,DS-173424,12052,
wps_merged_xlsx,681-4630,12052,James Gaskets
oldbook_merged_xlsx,DS-174343,12052,
wps_merged_xlsx,681-4629,12052,James Gaskets
wps_merged_xlsx,681-4273,12052B,James Gaskets
oldbook_merged_xlsx,0935-0181,12053,
wps_merged_xlsx,681-4634,12053,James Gaskets
oldbook_merged_xlsx,DS-174313,12053,
wps_merged_xlsx,681-4635,12053,James Gaskets
oldbook_merged_xlsx,DS-194089,12053A,
wps_merged_xlsx,68-9261,12066,Cometic Gaskets
wps_merged_xlsx,681-4633,12066,James Gaskets
oldbook_merged_xlsx,0935-0163,12066A,
oldbook_merged_xlsx,DS-194084,12066A,
oldbook_merged_xlsx,0935-0122,12066A,
wps_merged_xlsx,681-4679,12067,James Gaskets
wps_merged_xlsx,681-4414,12067,James Gaskets
oldbook_merged_xlsx,0935-0203,12067A,
fatbook_merged_xlsx,DS-194088,12067A,
wps_merged_xlsx,68-9262,12067A,Cometic Gaskets
oldbook_merged_xlsx,DS-194088,12067A,
fatbook_merged_xlsx,0934-1403,12068,
wps_merged_xlsx,68-9632,12068,Cometic Gaskets
fatbook_merged_xlsx,0935-0154,12068,
wps_merged_xlsx,681-4165,12068,James Gaskets
fatbook_merged_xlsx,0935-0374,12068,
fatbook_merged_xlsx,DS-173214,12068,
fatbook_merged_xlsx,0935-0375,12074,
wps_merged_xlsx,68-9215,12074,Cometic Gaskets
fatbook_merged_xlsx,0935-0123,12074,
wps_merged_xlsx,681-4308,12074,James Gaskets
wps_merged_xlsx,681-4031,12074,James Gaskets
wps_merged_xlsx,681-5242,12074,James Gaskets
fatbook_merged_xlsx,0935-0124,12074K,
fatbook_merged_xlsx,0934-1392,12077,
wps_merged_xlsx,68-9200,12077,Cometic Gaskets
fatbook_merged_xlsx,0934-6322,12077,
wps_merged_xlsx,681-4309,12077,James Gaskets
fatbook_merged_xlsx,0935-0405,12077,
fatbook_merged_xlsx,2120-0558,12129142B,
oldbook_merged_xlsx,2120-0832,12129948B,
fatbook_merged_xlsx,2120-0832,12129948B,
oldbook_merged_xlsx,1501-0743,12300036,
fatbook_merged_xlsx,1501-0743,12600036,
fatbook_merged_xlsx,2401-1599,1311D,
fatbook_merged_xlsx,2401-1600,1331,
fatbook_merged_xlsx,2120-0556,13532244,
fatbook_merged_xlsx,2120-0834,13532244,
fatbook_merged_xlsx,0950-0356,14780-00,
fatbook_merged_xlsx,2120-0554,15336029B,
fatbook_merged_xlsx,2120-0555,15354716B,
fatbook_merged_xlsx,2120-0833,15354716B,
wps_merged_xlsx,70-6293,16,Motion Pro
wps_merged_xlsx,68-9223,16-0243,Cometic Gaskets
fatbook_merged_xlsx,0933-0133,16207-09,
oldbook_merged_xlsx,DS-243515,16207-79B,
fatbook_merged_xlsx,DS-243515,16207-79B,
fatbook_merged_xlsx,0933-0135,16207-79B,
oldbook_merged_xlsx,0933-0135,16207-79D,
oldbook_merged_xlsx,DS-243516,16210-84A,
fatbook_merged_xlsx,DS-243516,16210-84A,
oldbook_merged_xlsx,DS-243516,16212-84A,
fatbook_merged_xlsx,DS-243516,16212-84A,
oldbook_merged_xlsx,0933-0075,16219-79A/B/C,
fatbook_merged_xlsx,0933-0075,16219-79A/B/C,
wps_merged_xlsx,820-52281,16219-79B,HardDrive
wps_merged_xlsx,820-52280,16219-79C,HardDrive
fatbook_merged_xlsx,0933-0013,16232-04,
oldbook_merged_xlsx,DS-243602,16242-90,
oldbook_merged_xlsx,DS-243602,16247-91,
oldbook_merged_xlsx,0933-0079,16250-57,
oldbook_merged_xlsx,0933-0079,16251-58,
oldbook_merged_xlsx,0933-0076,16258-95B,
fatbook_merged_xlsx,0933-0076,16258-95B,
wps_merged_xlsx,820-52282,16258-95B,HardDrive
fatbook_merged_xlsx,0933-0078,16278-95B,
fatbook_merged_xlsx,0933-0143,16300005,
fatbook_merged_xlsx,0933-0013,16400020,
oldbook_merged_xlsx,0950-0529,16430-76,
wps_merged_xlsx,820-51560,16446-86,HardDrive
wps_merged_xlsx,820-51563,16446-86,HardDrive
wps_merged_xlsx,820-51562,16463-04,HardDrive
wps_merged_xlsx,820-51565,16463-04,HardDrive
oldbook_merged_xlsx,2401-0955,16478-85A,
fatbook_merged_xlsx,2401-0955,16478-85A,
wps_merged_xlsx,830-1100,16478-85A,Colony
oldbook_merged_xlsx,2401-0956,16478-85A,
fatbook_merged_xlsx,2401-0956,16478-85A,
wps_merged_xlsx,830-1101,16478-85A,Colony
oldbook_merged_xlsx,2401-0955,16480-85A,
fatbook_merged_xlsx,2401-0955,16480-85A,
oldbook_merged_xlsx,2401-0956,16480-92,
fatbook_merged_xlsx,2401-0956,16480-92,
oldbook_merged_xlsx,DS-750607,16483-48,
oldbook_merged_xlsx,DS-750606,16492-48,
fatbook_merged_xlsx,0934-3143,16500168,
fatbook_merged_xlsx,0934-3144,16500168,
fatbook_merged_xlsx,0934-3145,16500168,
fatbook_merged_xlsx,0934-3146,16500168,
fatbook_merged_xlsx,0934-3147,16500168,
fatbook_merged_xlsx,0934-3148,16500168,
fatbook_merged_xlsx,0934-3149,16500168,
fatbook_merged_xlsx,0934-3150,16500168,
fatbook_merged_xlsx,0934-3151,16500168,
fatbook_merged_xlsx,0934-3152,16500168,
fatbook_merged_xlsx,0934-3153,16500168,
fatbook_merged_xlsx,0934-3155,16500168,
fatbook_merged_xlsx,0934-3156,16500168,
fatbook_merged_xlsx,0934-5918,16500305,
wps_merged_xlsx,68-10165,16500305,Cometic Gaskets
fatbook_merged_xlsx,0934-5919,16500305,
fatbook_merged_xlsx,0934-5915,16500326,
wps_merged_xlsx,68-10164,16500326,Cometic Gaskets
fatbook_merged_xlsx,0934-5916,16500326,
wps_merged_xlsx,681-6100,16500326,James Gaskets
fatbook_merged_xlsx,0934-5963,16500326,
fatbook_merged_xlsx,0934-5937,16500332,
wps_merged_xlsx,68-10177,16500332,Cometic Gaskets
fatbook_merged_xlsx,0934-5938,16500332,
wps_merged_xlsx,681-6101,16500332,James Gaskets
fatbook_merged_xlsx,0934-5939,16500332,
wps_merged_xlsx,68-10242,16500332,Cometic Gaskets
fatbook_merged_xlsx,0934-5957,16500332,
fatbook_merged_xlsx,0934-5964,16500332,
fatbook_merged_xlsx,0934-6319,16500332,
fatbook_merged_xlsx,0934-5921,16500599,
fatbook_merged_xlsx,0934-7886,16500668,
fatbook_merged_xlsx,0934-7885,1650067,
fatbook_merged_xlsx,0931-0710,16526-99,
wps_merged_xlsx,820-51561,16545-04,HardDrive
wps_merged_xlsx,820-51564,16545-04,HardDrive
oldbook_merged_xlsx,DS-199772,16573-83,
fatbook_merged_xlsx,DS-199772,16573-83,
oldbook_merged_xlsx,DS-199772,16573-83A,
fatbook_merged_xlsx,DS-199772,16573-83A,
fatbook_merged_xlsx,0920-0067,16574-99A,
oldbook_merged_xlsx,0920-0089,16583-00A,
fatbook_merged_xlsx,0920-0089,16583-00A,
oldbook_merged_xlsx,2404-0619,16585-96,
fatbook_merged_xlsx,2404-0619,16585-96,
fatbook_merged_xlsx,2401-1053,16589-99A,
fatbook_merged_xlsx,2401-0579,16595-99,
fatbook_merged_xlsx,2401-0579,16595-99A,
oldbook_merged_xlsx,0920-0090,16599-99A,
fatbook_merged_xlsx,0920-0090,16599-99A,
wps_merged_xlsx,681-5331,16664-86,James Gaskets
fatbook_merged_xlsx,0934-0260,16664-86A/B,
fatbook_merged_xlsx,0934-1402,16664-86B,
wps_merged_xlsx,68-9205,16664-86B,Cometic Gaskets
fatbook_merged_xlsx,DS-174357,16665-86,
wps_merged_xlsx,681-5330,16665-86,James Gaskets
vtwin_merged_xlsx,10-0060,16688-90A,
vtwin_merged_xlsx,10-0050,16691-85C,
vtwin_merged_xlsx,10-0061,16698-90A,
oldbook_merged_xlsx,0930-0136,16715-83,
fatbook_merged_xlsx,DS-197019,16715-83,
oldbook_merged_xlsx,DS-197019,16715-83,
fatbook_merged_xlsx,0934-0750,16719-99,
wps_merged_xlsx,68-9576,16719-99,Cometic Gaskets
wps_merged_xlsx,681-4102,16719-99,James Gaskets
fatbook_merged_xlsx,DS-173215,16719-99A/B,
oldbook_merged_xlsx,0934-0545,16769-36,
oldbook_merged_xlsx,DS-174900,16769-57,
wps_merged_xlsx,681-5544,16769-57,James Gaskets
oldbook_merged_xlsx,0934-4719,16769-72A,
wps_merged_xlsx,68-9698,16769-72A,Cometic Gaskets
oldbook_merged_xlsx,DS-174080,16769-72A,
wps_merged_xlsx,681-5543,16769-72A,James Gaskets
oldbook_merged_xlsx,0934-4709,16769-73,
wps_merged_xlsx,68-9565,16769-73,Cometic Gaskets
oldbook_merged_xlsx,DS-174800,16769-73,
wps_merged_xlsx,681-5542,16769-73,James Gaskets
wps_merged_xlsx,681-5541,16769-73,James Gaskets
oldbook_merged_xlsx,DS-174913,16769-73T,
oldbook_merged_xlsx,0934-4708,16769-82,
wps_merged_xlsx,68-9566,16769-82,Cometic Gaskets
oldbook_merged_xlsx,0934-4710,16769-82,
wps_merged_xlsx,681-5540,16769-82,James Gaskets
oldbook_merged_xlsx,DS-173487,16769-82,
oldbook_merged_xlsx,0934-2187,16770-36,
oldbook_merged_xlsx,0935-0397,16770-36,
oldbook_merged_xlsx,0934-2191,16770-48,
wps_merged_xlsx,681-5081,16770-48,James Gaskets
oldbook_merged_xlsx,0934-4662,16770-48,
wps_merged_xlsx,681-5080,16770-48,James Gaskets
oldbook_merged_xlsx,DS-174402,16770-48,
oldbook_merged_xlsx,0934-5876,16770-66,
oldbook_merged_xlsx,0934-5877,16770-66,
oldbook_merged_xlsx,DS-174911,16770-66,
oldbook_merged_xlsx,0934-2190,16770-66A,
wps_merged_xlsx,681-4843,16770-66A,James Gaskets
wps_merged_xlsx,681-4842,16770-66A,James Gaskets
wps_merged_xlsx,681-4746,16770-66A,James Gaskets
wps_merged_xlsx,681-4841,16770-66A,James Gaskets
oldbook_merged_xlsx,0934-0794,16770-66B,
wps_merged_xlsx,68-9984,16770-66X,Cometic Gaskets
fatbook_merged_xlsx,DS-173439,16770-84,
oldbook_merged_xlsx,0934-5009,16770-84B,
wps_merged_xlsx,681-4391,16770-84B,James Gaskets
wps_merged_xlsx,681-4483,16770-84B,James Gaskets
wps_merged_xlsx,681-4480,16770-84B,James Gaskets
wps_merged_xlsx,681-4484,16770-84B,James Gaskets
fatbook_merged_xlsx,DS-173438,16770-84B/D,
wps_merged_xlsx,68-9137,1677048MLS,Cometic Gaskets
wps_merged_xlsx,68-10003,16771-08,Cometic Gaskets
wps_merged_xlsx,68-10004,16771-08XX,Cometic Gaskets
oldbook_merged_xlsx,0934-1227,16773-85,
fatbook_merged_xlsx,DS-174912,16773-85,
wps_merged_xlsx,681-4481,16773-85,James Gaskets
oldbook_merged_xlsx,DS-174404,16773-85,
fatbook_merged_xlsx,DS172086,16773-85,
wps_merged_xlsx,681-4482,16773-85,James Gaskets
oldbook_merged_xlsx,DS-174500,16773-85,
fatbook_merged_xlsx,DS172087,16773-85,
wps_merged_xlsx,681-4485,16773-85,James Gaskets
oldbook_merged_xlsx,DS172086,16773-85,
oldbook_merged_xlsx,DS172087,16773-85,
oldbook_merged_xlsx,DS172088,16773-85,
oldbook_merged_xlsx,DS172089,16773-85,
oldbook_merged_xlsx,DS173542,16773-96,
oldbook_merged_xlsx,DS-174405,16774-21,
oldbook_merged_xlsx,DS-174120,16774-57,
wps_merged_xlsx,68-9699,16774-57,Cometic Gaskets
wps_merged_xlsx,681-5546,16774-57,James Gaskets
oldbook_merged_xlsx,0934-4715,16774-72,
wps_merged_xlsx,68-9603,16774-72,Cometic Gaskets
oldbook_merged_xlsx,DS-174110,16774-72,
wps_merged_xlsx,681-5545,16774-72,James Gaskets
wps_merged_xlsx,68-9009,16774-86,Cometic Gaskets
wps_merged_xlsx,681-5332,16774-86A,James Gaskets
wps_merged_xlsx,681-5335,16774-86A,James Gaskets
wps_merged_xlsx,681-5334,16774-86A,James Gaskets
wps_merged_xlsx,681-5333,16774-86A,James Gaskets
fatbook_merged_xlsx,DS-174331,16774-86A/B,
oldbook_merged_xlsx,0934-5018,16774-86C,
wps_merged_xlsx,68-9008,16774-86D,Cometic Gaskets
wps_merged_xlsx,68-9214,16774-86E,Cometic Gaskets
fatbook_merged_xlsx,0934-1583,16774-96,
wps_merged_xlsx,68-9553,16774-96,Cometic Gaskets
fatbook_merged_xlsx,0934-1584,16774-96,
fatbook_merged_xlsx,0934-0002,16775-99,
wps_merged_xlsx,68-9790,16775-99,Cometic Gaskets
fatbook_merged_xlsx,0934-0003,16775-99,
wps_merged_xlsx,681-4141,16775-99,James Gaskets
fatbook_merged_xlsx,0934-0789,16775-99,
wps_merged_xlsx,681-4142,16775-99,James Gaskets
fatbook_merged_xlsx,0934-0790,16775-99,
fatbook_merged_xlsx,0934-1213,16775-99,
fatbook_merged_xlsx,0934-1214,16775-99,
fatbook_merged_xlsx,0934-2186,16775-99,
fatbook_merged_xlsx,DS-172104,16775-99,
fatbook_merged_xlsx,DS-172105,16775-99,
fatbook_merged_xlsx,DS-172106,16775-99,
oldbook_merged_xlsx,0934-4711,16776-48,
wps_merged_xlsx,68-9567,16776-48,Cometic Gaskets
oldbook_merged_xlsx,DS-174410,16776-48,
wps_merged_xlsx,681-5083,16776-48,James Gaskets
oldbook_merged_xlsx,0934-3141,16776-48F,
oldbook_merged_xlsx,0934-1716,16776-63,
wps_merged_xlsx,681-4847,16776-63,James Gaskets
oldbook_merged_xlsx,DS-174408,16776-63,
oldbook_merged_xlsx,0934-3142,16776-63,
wps_merged_xlsx,681-4846,16776-65,James Gaskets
oldbook_merged_xlsx,0934-4712,16777-48,
wps_merged_xlsx,68-9568,16777-48,Cometic Gaskets
oldbook_merged_xlsx,DS-174420,16777-48,
wps_merged_xlsx,681-5084,16777-48,James Gaskets
oldbook_merged_xlsx,0934-1716,16777-63,
wps_merged_xlsx,681-4848,16777-63,James Gaskets
oldbook_merged_xlsx,DS-174479,16777-63,
oldbook_merged_xlsx,DS-174409,16777-66,
oldbook_merged_xlsx,DS-172051,16777-83A,
wps_merged_xlsx,681-4489,16777-83A,James Gaskets
oldbook_merged_xlsx,DS-173436,16777-83A,
wps_merged_xlsx,681-4491,16777-83A,James Gaskets
wps_merged_xlsx,681-4488,16777-83A,James Gaskets
wps_merged_xlsx,681-4490,16777-83A,James Gaskets
oldbook_merged_xlsx,DS-173437,16777-86,
wps_merged_xlsx,68-9615,16777-86S,Cometic Gaskets
oldbook_merged_xlsx,DS-174116,16777-94,
oldbook_merged_xlsx,DS173541,16777-96,
wps_merged_xlsx,68-9285,16778-84A,Cometic Gaskets
oldbook_merged_xlsx,0934-0748,16778-97,
oldbook_merged_xlsx,0934-0749,16778-97,
oldbook_merged_xlsx,DS-172004,16778-97,
oldbook_merged_xlsx,DS-172048,16778-97,
wps_merged_xlsx,68-9561,16778-97X,Cometic Gaskets
oldbook_merged_xlsx,0934-0949,16779-84,
wps_merged_xlsx,68-9284,16779-84B,Cometic Gaskets
wps_merged_xlsx,681-4449,16779-84B,James Gaskets
wps_merged_xlsx,68-9563,16779-97X,Cometic Gaskets
oldbook_merged_xlsx,DS174203,16779-99,
wps_merged_xlsx,681-4448,16779-99,James Gaskets
wps_merged_xlsx,681-4143,16787-99,James Gaskets
wps_merged_xlsx,681-4140,16787-99,James Gaskets
wps_merged_xlsx,681-4144,16787-99,James Gaskets
wps_merged_xlsx,68-9865,16800-84,Cometic Gaskets
wps_merged_xlsx,68-9866,16800-84,Cometic Gaskets
fatbook_merged_xlsx,2401-1105,16800063,
oldbook_merged_xlsx,0931-0317,16830-54,
oldbook_merged_xlsx,DS-189954,16830-72,
oldbook_merged_xlsx,DS-189956,16831-30,
oldbook_merged_xlsx,DS-189955,16837-78,
oldbook_merged_xlsx,DS-189953,16837-85B,
oldbook_merged_xlsx,0933-0029,16852-83A,
oldbook_merged_xlsx,0930-0110,16864-48,
fatbook_merged_xlsx,0934-4614,17025-03,
fatbook_merged_xlsx,0930-0249,17025-03A,
oldbook_merged_xlsx,DS-173356,17026-40,
oldbook_merged_xlsx,DS-173357,17026-52,
oldbook_merged_xlsx,DS-173352,17026-71,
wps_merged_xlsx,681-5502,17026-71,James Gaskets
oldbook_merged_xlsx,DS-181179,17026-73,
wps_merged_xlsx,681-5501,17026-73,James Gaskets
oldbook_merged_xlsx,DS-173365,17026-83,
fatbook_merged_xlsx,0934-1585,17026-86,
fatbook_merged_xlsx,DS-181178,17026-86,
wps_merged_xlsx,681-5215,17026-86A,James Gaskets
wps_merged_xlsx,681-5214,17026-86A,James Gaskets
fatbook_merged_xlsx,0934-1586,17026-91,
wps_merged_xlsx,681-5213,17026-91,James Gaskets
fatbook_merged_xlsx,2011-1001,17026-91,
wps_merged_xlsx,681-5212,17026-91,James Gaskets
wps_merged_xlsx,68-9124,17026-91A,Cometic Gaskets
wps_merged_xlsx,68-9133,17026-91A,Cometic Gaskets
wps_merged_xlsx,68-9759,17026-91A,Cometic Gaskets
wps_merged_xlsx,68-9760,17026-91A,Cometic Gaskets
wps_merged_xlsx,68-9763,17026-91A,Cometic Gaskets
wps_merged_xlsx,68-9764,17026-91A,Cometic Gaskets
wps_merged_xlsx,68-9765,17026-91A,Cometic Gaskets
wps_merged_xlsx,68-9766,17026-91A,Cometic Gaskets
wps_merged_xlsx,68-9767,17026-91A,Cometic Gaskets
wps_merged_xlsx,68-9768,17026-91A,Cometic Gaskets
wps_merged_xlsx,68-9769,17026-91A,Cometic Gaskets
wps_merged_xlsx,68-9907,17026-91A,Cometic Gaskets
wps_merged_xlsx,68-9980,17026-91A,Cometic Gaskets
wps_merged_xlsx,68-9952,17027-04,Cometic Gaskets
wps_merged_xlsx,68-9953,17027-04,Cometic Gaskets
wps_merged_xlsx,681-5211,17027-04,James Gaskets
wps_merged_xlsx,681-5210,17027-04B,James Gaskets
oldbook_merged_xlsx,0934-0546,17027-36,
oldbook_merged_xlsx,DS-174965,17028-36,
oldbook_merged_xlsx,DS-173326,17028-48,
wps_merged_xlsx,681-5051,17028-48,James Gaskets
wps_merged_xlsx,68-9966,17029-48,Cometic Gaskets
oldbook_merged_xlsx,DS-173239,17029-66,
wps_merged_xlsx,68-9900,17029-66X,Cometic Gaskets
oldbook_merged_xlsx,DS-173239,17029-70,
wps_merged_xlsx,681-4741,17029-70,James Gaskets
wps_merged_xlsx,681-4740,17029-70,James Gaskets
wps_merged_xlsx,68-9154,17029-70-A,Cometic Gaskets
oldbook_merged_xlsx,DS-173323,17029-70A,
wps_merged_xlsx,68-9964,17029-70A,Cometic Gaskets
wps_merged_xlsx,68-9965,17029-80,Cometic Gaskets
wps_merged_xlsx,681-6125,17030-17,James Gaskets
oldbook_merged_xlsx,DS-173335,17030-57,
wps_merged_xlsx,68-9102,17030-57,Cometic Gaskets
wps_merged_xlsx,681-5504,17030-57,James Gaskets
wps_merged_xlsx,68-9103,17030-72,Cometic Gaskets
oldbook_merged_xlsx,DS-173240,17030-72A,
wps_merged_xlsx,681-5503,17030-72A,James Gaskets
wps_merged_xlsx,68-9104,17030-72AL,Cometic Gaskets
wps_merged_xlsx,68-9052,17030-72B,Cometic Gaskets
wps_merged_xlsx,68-9116,17030-82,Cometic Gaskets
fatbook_merged_xlsx,DS172074,17030-88A,
fatbook_merged_xlsx,DS172072,17030-89A,
oldbook_merged_xlsx,DS-173367,17031-40,
fatbook_merged_xlsx,0934-1587,17032-86,
fatbook_merged_xlsx,DS172073,17032-86A,
wps_merged_xlsx,681-5221,17032-86A,James Gaskets
wps_merged_xlsx,681-5220,17032-86A,James Gaskets
fatbook_merged_xlsx,DS-173244,17032-86B,
fatbook_merged_xlsx,0934-1588,17032-91,
fatbook_merged_xlsx,DS-173241,17032-91,
fatbook_merged_xlsx,DS172075,17032-91,
wps_merged_xlsx,681-5219,17032-91A,James Gaskets
wps_merged_xlsx,681-5218,17032-91A,James Gaskets
oldbook_merged_xlsx,DS-173342,17033-83,
oldbook_merged_xlsx,DS-174972,17033-83,
oldbook_merged_xlsx,DS172081,17033-83,
oldbook_merged_xlsx,0934-0946,17033-83,
wps_merged_xlsx,68-9747,17033-83-A,Cometic Gaskets
wps_merged_xlsx,68-9851,17033-83-A,Cometic Gaskets
oldbook_merged_xlsx,DS-173251,17033-83A,
wps_merged_xlsx,681-4388,17033-83A,James Gaskets
wps_merged_xlsx,681-4387,17033-83A,James Gaskets
wps_merged_xlsx,681-4386,17033-83A,James Gaskets
wps_merged_xlsx,681-4397,17033-83A,James Gaskets
oldbook_merged_xlsx,DS172079,17033-83S,
oldbook_merged_xlsx,DS-173275,17033-92,
oldbook_merged_xlsx,0934-1717,17033-92,
oldbook_merged_xlsx,DS-174975,17034-38,
oldbook_merged_xlsx,DS-173405,17034-48,
wps_merged_xlsx,68-9968,17034-48,Cometic Gaskets
oldbook_merged_xlsx,0934-3127,17034-48,
wps_merged_xlsx,681-5053,17034-48,James Gaskets
oldbook_merged_xlsx,DS-173242,17034-66,
wps_merged_xlsx,681-4744,17034-66,James Gaskets
oldbook_merged_xlsx,DS-174973,17034-66,
wps_merged_xlsx,681-4743,17034-66,James Gaskets
wps_merged_xlsx,68-9918,17034-66-X,Cometic Gaskets
wps_merged_xlsx,68-9967,17034-66X,Cometic Gaskets
oldbook_merged_xlsx,0934-1589,17035-83,
wps_merged_xlsx,681-4383,17035-83,James Gaskets
wps_merged_xlsx,681-4382,17035-83,James Gaskets
oldbook_merged_xlsx,DS-173245,17035-83B,
wps_merged_xlsx,681-4385,17040-92,James Gaskets
wps_merged_xlsx,681-4384,17040-92,James Gaskets
oldbook_merged_xlsx,DS172080,17040-92A,
oldbook_merged_xlsx,0934-0947,17040-92A,
oldbook_merged_xlsx,DS-173250,17040-92A,
oldbook_merged_xlsx,DS172078,17040-92A,
wps_merged_xlsx,681-4381,17041-92,James Gaskets
wps_merged_xlsx,681-4380,17041-92,James Gaskets
wps_merged_xlsx,68-9974,17041-92-A,Cometic Gaskets
oldbook_merged_xlsx,0934-1591,17041-92A,
wps_merged_xlsx,68-9752,17042-92A,Cometic Gaskets
wps_merged_xlsx,68-9753,17042-92A,Cometic Gaskets
oldbook_merged_xlsx,DS-174988,17043-95,
fatbook_merged_xlsx,DS-174988,17043-95,
wps_merged_xlsx,681-4046,17043-95,James Gaskets
wps_merged_xlsx,68-9664,17045-99,Cometic Gaskets
fatbook_merged_xlsx,0934-1851,17047-04,
fatbook_merged_xlsx,0934-2096,17047-07,
fatbook_merged_xlsx,0934-2095,17047-08,
fatbook_merged_xlsx,0934-2096,17047-08,
oldbook_merged_xlsx,DS-173220,17048-98,
fatbook_merged_xlsx,DS-173220,17048-98,
wps_merged_xlsx,681-4049,17048-98,James Gaskets
fatbook_merged_xlsx,0934-1850,17049-04,
wps_merged_xlsx,68-9219,17049-04,Cometic Gaskets
wps_merged_xlsx,68-9970,17049-04,Cometic Gaskets
wps_merged_xlsx,68-9971,17049-04,Cometic Gaskets
wps_merged_xlsx,681-5217,17049-04,James Gaskets
wps_merged_xlsx,681-5216,17049-04A,James Gaskets
fatbook_merged_xlsx,0934-2095,17049-07,
fatbook_merged_xlsx,0934-1592,17052-05,
fatbook_merged_xlsx,0934-1593,17052-05,
wps_merged_xlsx,681-4017,17052-100,James Gaskets
wps_merged_xlsx,681-4019,17052-101,James Gaskets
fatbook_merged_xlsx,DS-173221,17052-99,
wps_merged_xlsx,681-4020,17052-99,James Gaskets
fatbook_merged_xlsx,DS172084,17052-99,
wps_merged_xlsx,681-4016,17052-99,James Gaskets
wps_merged_xlsx,681-4018,17052-99,James Gaskets
wps_merged_xlsx,681-4021,17052-99,James Gaskets
wps_merged_xlsx,68-9146,17052-99B,Cometic Gaskets
wps_merged_xlsx,681-4014,17052-99B,James Gaskets
wps_merged_xlsx,681-4012,17052-99B,James Gaskets
wps_merged_xlsx,681-4015,17052-99B,James Gaskets
wps_merged_xlsx,681-4011,17052-99B,James Gaskets
wps_merged_xlsx,681-4013,17052-99B,James Gaskets
fatbook_merged_xlsx,DS172085,17052-99S,
fatbook_merged_xlsx,0934-1594,17053-05,
fatbook_merged_xlsx,0934-1595,17053-05,
fatbook_merged_xlsx,DS-173222,17053-99,
fatbook_merged_xlsx,2011-2098,17053-99,
wps_merged_xlsx,68-9171,17053-99B,Cometic Gaskets
wps_merged_xlsx,681-4004,17053-99B,James Gaskets
wps_merged_xlsx,681-4005,17053-99B,James Gaskets
wps_merged_xlsx,681-4009,17053-99B,James Gaskets
wps_merged_xlsx,681-4010,17053-99B,James Gaskets
wps_merged_xlsx,68-9172,17053-99XX,Cometic Gaskets
fatbook_merged_xlsx,0934-1596,17054-05,
fatbook_merged_xlsx,0934-1718,17054-05,
fatbook_merged_xlsx,0934-1597,17054-05,
fatbook_merged_xlsx,0934-1598,17054-99,
fatbook_merged_xlsx,2011-2101,17054-99,
fatbook_merged_xlsx,2011-2100,17054-99,
fatbook_merged_xlsx,0934-1599,17055-05,
fatbook_merged_xlsx,0934-1600,17055-05,
fatbook_merged_xlsx,0934-1601,17055-99,
fatbook_merged_xlsx,DS174204,17055-99,
fatbook_merged_xlsx,DS-173532,17055-99,
wps_merged_xlsx,68-9577,17286-99,Cometic Gaskets
fatbook_merged_xlsx,0927-0035,17300059A,
fatbook_merged_xlsx,0927-0041,17300059A,
wps_merged_xlsx,68-9014,1735-86A,Cometic Gaskets
fatbook_merged_xlsx,0934-1848,17353-04,
fatbook_merged_xlsx,DS-174483,17353-86,
wps_merged_xlsx,68-9279,17353-86,Cometic Gaskets
wps_merged_xlsx,681-5280,17353-86,James Gaskets
fatbook_merged_xlsx,0934-1399,17353-86A,
wps_merged_xlsx,681-5278,17353-86A,James Gaskets
fatbook_merged_xlsx,DS-174359,17353-86A,
fatbook_merged_xlsx,0935-0224,17353-89,
wps_merged_xlsx,681-5275,17353-89,James Gaskets
fatbook_merged_xlsx,DS-174389,17353-89,
wps_merged_xlsx,681-5273,17353-89A,James Gaskets
fatbook_merged_xlsx,0934-1398,17353-89B,
wps_merged_xlsx,68-9280,17353-89B,Cometic Gaskets
wps_merged_xlsx,68-9208,17353-89C,Cometic Gaskets
wps_merged_xlsx,68-9275,17354-86,Cometic Gaskets
wps_merged_xlsx,681-5279,17354-86,James Gaskets
fatbook_merged_xlsx,0934-1400,17354-86A,
wps_merged_xlsx,68-9010,17354-86A,Cometic Gaskets
fatbook_merged_xlsx,DS-174358,17354-86A,
wps_merged_xlsx,681-5277,17354-86A,James Gaskets
fatbook_merged_xlsx,0934-1401,17354-89,
wps_merged_xlsx,68-9276,17354-89,Cometic Gaskets
fatbook_merged_xlsx,DS-174388,17354-89,
wps_merged_xlsx,681-5274,17354-89A,James Gaskets
wps_merged_xlsx,681-4446,17355-84,James Gaskets
oldbook_merged_xlsx,DS-174917,17355-84A,
wps_merged_xlsx,68-9281,17355-84A,Cometic Gaskets
oldbook_merged_xlsx,0934-1349,17355-84A,
wps_merged_xlsx,681-4444,17355-84A,James Gaskets
oldbook_merged_xlsx,DS-174411,17355-84A,
oldbook_merged_xlsx,0934-1350,17355-92,
wps_merged_xlsx,68-9282,17355-92,Cometic Gaskets
oldbook_merged_xlsx,DS-174423,17355-92,
wps_merged_xlsx,681-4441,17355-92,James Gaskets
wps_merged_xlsx,681-4445,17356-84,James Gaskets
oldbook_merged_xlsx,DS-174916,17356-84A,
wps_merged_xlsx,68-9277,17356-84A,Cometic Gaskets
oldbook_merged_xlsx,0934-1346,17356-84A,
wps_merged_xlsx,681-4443,17356-84A,James Gaskets
oldbook_merged_xlsx,DS-174412,17356-84A,
oldbook_merged_xlsx,0934-1347,17356-92,
wps_merged_xlsx,68-9278,17356-92,Cometic Gaskets
oldbook_merged_xlsx,DS-174419,17356-92,
wps_merged_xlsx,681-4440,17356-92,James Gaskets
fatbook_merged_xlsx,DS-174915,17358-84,
wps_merged_xlsx,681-4447,17358-84,James Gaskets
oldbook_merged_xlsx,0934-1348,17358-84A,
fatbook_merged_xlsx,DS-174413,17358-84A,
wps_merged_xlsx,68-9283,17358-84A,Cometic Gaskets
wps_merged_xlsx,681-4442,17358-84A,James Gaskets
oldbook_merged_xlsx,DS-193800,17360-66A,
oldbook_merged_xlsx,DS-193850,17360-83,
fatbook_merged_xlsx,DS-193850,17360-83,
oldbook_merged_xlsx,DS-193833,17360-83A,
fatbook_merged_xlsx,0934-1395,17362-07,
wps_merged_xlsx,68-9196,17362-07,Cometic Gaskets
fatbook_merged_xlsx,0934-2098,17362-07,
wps_merged_xlsx,681-5270,17362-07,James Gaskets
fatbook_merged_xlsx,0934-1240,17369-06,
wps_merged_xlsx,68-9150,17369-06,Cometic Gaskets
fatbook_merged_xlsx,0934-6789,17369-06,
oldbook_merged_xlsx,DS-193801,17375-66A,
oldbook_merged_xlsx,DS-193850,17375-83,
fatbook_merged_xlsx,DS-193850,17375-83,
oldbook_merged_xlsx,DS-193834,17375-83A,
wps_merged_xlsx,681-4101,17386-99,James Gaskets
fatbook_merged_xlsx,DS-172031,17386-99A,
fatbook_merged_xlsx,DS-173223,17386-99A,
fatbook_merged_xlsx,0934-1397,17393-07,
wps_merged_xlsx,68-9198,17393-07,Cometic Gaskets
fatbook_merged_xlsx,0935-0371,17393-07,
wps_merged_xlsx,681-5272,17393-07,James Gaskets
oldbook_merged_xlsx,DS-193420,17394-57A,
oldbook_merged_xlsx,DS-193421,17395-57A,
oldbook_merged_xlsx,DS-193422,17396-57A,
oldbook_merged_xlsx,DS-193423,17397-57A,
fatbook_merged_xlsx,41800172,1741-4924,
fatbook_merged_xlsx,41800174,1741-4924,
fatbook_merged_xlsx,41800295,1741-5268,
fatbook_merged_xlsx,41800172,1741-5583,
fatbook_merged_xlsx,41800175,1741-5583,
fatbook_merged_xlsx,41800622,1741-5583,
fatbook_merged_xlsx,41800631,1741-5583,
fatbook_merged_xlsx,42200177,1741-5830,
fatbook_merged_xlsx,41801005,1741-5841,
oldbook_merged_xlsx,DS-193821,17428-57,
fatbook_merged_xlsx,DS-193821,17428-57,
vtwin_merged_xlsx,10-2106,17428-57,
vtwin_merged_xlsx,10-0700,17428-57B,
oldbook_merged_xlsx,0950-0355,17435-57B,
oldbook_merged_xlsx,DS-190777,17448-57,
oldbook_merged_xlsx,DS-190779,17448-71A,
oldbook_merged_xlsx,0927-0013,17450-73,
oldbook_merged_xlsx,0927-0011,17451-57,
oldbook_merged_xlsx,0927-0009,17452-66,
fatbook_merged_xlsx,0931-0710,17458-07,
oldbook_merged_xlsx,DS-174414,17475-38,
oldbook_merged_xlsx,0927-0012,17483-57,
oldbook_merged_xlsx,0934-4687,17507-48,
wps_merged_xlsx,68-9346,17507-48,Cometic Gaskets
oldbook_merged_xlsx,DS-174425,17507-48,
wps_merged_xlsx,681-5064,17507-48,James Gaskets
oldbook_merged_xlsx,DS-376556,17528-84A,
oldbook_merged_xlsx,DS-174415,17535-38,
oldbook_merged_xlsx,0934-0948,17536-70,
wps_merged_xlsx,68-9602,17536-70,Cometic Gaskets
oldbook_merged_xlsx,0934-4714,17536-70,
wps_merged_xlsx,681-5520,17536-70,James Gaskets
oldbook_merged_xlsx,DS-174060,17536-70,
oldbook_merged_xlsx,DS-174416,17537-38,
fatbook_merged_xlsx,0940-0440,17537-96C,
oldbook_merged_xlsx,DS-174417,17539-38,
oldbook_merged_xlsx,0934-0753,17540-69,
wps_merged_xlsx,68-10008,17540-69,Cometic Gaskets
oldbook_merged_xlsx,0934-4646,17540-69,
wps_merged_xlsx,68-9336,17540-69,Cometic Gaskets
oldbook_merged_xlsx,0934-4647,17540-69,
wps_merged_xlsx,68-9986,17540-69,Cometic Gaskets
oldbook_merged_xlsx,0934-4684,17540-69,
wps_merged_xlsx,681-4803,17540-69,James Gaskets
oldbook_merged_xlsx,DS-174180,17540-69,
wps_merged_xlsx,681-4804,17540-69,James Gaskets
oldbook_merged_xlsx,0934-2189,17540-69,
wps_merged_xlsx,681-4802,17540-69,James Gaskets
wps_merged_xlsx,681-4801,17540-69,James Gaskets
oldbook_merged_xlsx,DS-174182,17540-69A,
oldbook_merged_xlsx,DS-174533,17540-99,
oldbook_merged_xlsx,0934-0726,17541-48,
oldbook_merged_xlsx,DS-174470,17541-48A,
wps_merged_xlsx,68-9342,17541-48A,Cometic Gaskets
oldbook_merged_xlsx,0934-4686,17541-48B,
wps_merged_xlsx,681-5061,17541-48B,James Gaskets
oldbook_merged_xlsx,DS-174660,17541-48B,
wps_merged_xlsx,681-5062,17541-48B,James Gaskets
wps_merged_xlsx,681-5063,17541-48B,James Gaskets
wps_merged_xlsx,681-5060,17541-48B,James Gaskets
oldbook_merged_xlsx,DS-173435,17541-48C,
fatbook_merged_xlsx,0940-0440,17551-04,
vtwin_merged_xlsx,10-0566,17551-04,
fatbook_merged_xlsx,0940-0737,17572-99,
fatbook_merged_xlsx,0940-0737,17573-99,
fatbook_merged_xlsx,0934-5084,17591-99,
wps_merged_xlsx,68-9579,17591-99,Cometic Gaskets
fatbook_merged_xlsx,0934-1332,17591-99,
wps_merged_xlsx,681-4103,17591-99,James Gaskets
fatbook_merged_xlsx,0934-1334,17592-99,
wps_merged_xlsx,68-9580,17592-99,Cometic Gaskets
fatbook_merged_xlsx,0934-5085,17592-99,
wps_merged_xlsx,681-4105,17592-99,James Gaskets
oldbook_merged_xlsx,0927-0023,17611-66B,
oldbook_merged_xlsx,DS-193819,17611-66B,
oldbook_merged_xlsx,90-4036,17611-83,
fatbook_merged_xlsx,90-4036,17611-83,
oldbook_merged_xlsx,DS-193820,17611-83,
fatbook_merged_xlsx,DS-193820,17611-83,
fatbook_merged_xlsx,0934-0796,17625-01,
fatbook_merged_xlsx,0935-1095,17633-08A,
oldbook_merged_xlsx,2401-0433,17647-48,
wps_merged_xlsx,68-9197,17695-07,Cometic Gaskets
wps_merged_xlsx,681-5271,17695-07,James Gaskets
fatbook_merged_xlsx,0934-1396,17695-07A,
fatbook_merged_xlsx,0934-2099,17695-07A,
fatbook_merged_xlsx,0934-3176,17695-07A,
fatbook_merged_xlsx,0935-1097,17695-07A,
fatbook_merged_xlsx,DS-181201,1783,
oldbook_merged_xlsx,0928-0049,17904-66,
vtwin_merged_xlsx,10-0198,17920-53,
vtwin_merged_xlsx,10-0199,17920-53,
vtwin_merged_xlsx,10-0277,17920-53,
vtwin_merged_xlsx,10-0521,17920-53,
oldbook_merged_xlsx,0929-0050,17920-53A,
wps_merged_xlsx,820-58016,17920-53A,HardDrive
oldbook_merged_xlsx,DS-194051,17920-53A,
oldbook_merged_xlsx,DS-193768,17935-79,
wps_merged_xlsx,830-1128,17935-79,Colony
oldbook_merged_xlsx,DS-193767,17938-83,
fatbook_merged_xlsx,0935-0228,17944-89,
wps_merged_xlsx,68-9295,17944-89,Cometic Gaskets
fatbook_merged_xlsx,DS-174312,17944-89,
wps_merged_xlsx,681-5303,17944-89,James Gaskets
oldbook_merged_xlsx,0928-0115,17947-36,
fatbook_merged_xlsx,0928-0115,17947-36,
wps_merged_xlsx,830-1119,17948-99,Colony
fatbook_merged_xlsx,0928-0058,17949-40,
oldbook_merged_xlsx,0928-0094,17950-48,
fatbook_merged_xlsx,0928-0094,17950-48,
oldbook_merged_xlsx,0928-0058,17950-66,
fatbook_merged_xlsx,0928-0058,17950-66,
oldbook_merged_xlsx,0928-0078,17950-86,
fatbook_merged_xlsx,0928-0078,17950-86,
oldbook_merged_xlsx,0934-4713,17955-36,
wps_merged_xlsx,68-9598,17955-36,Cometic Gaskets
oldbook_merged_xlsx,DS-173499,17955-36,
wps_merged_xlsx,681-4815,17955-36,James Gaskets
oldbook_merged_xlsx,DS-174190,17955-36,
wps_merged_xlsx,68-9408,17955-36-A,Cometic Gaskets
oldbook_merged_xlsx,0934-4700,17955-36A,
wps_merged_xlsx,681-4813,17955-36A,James Gaskets
oldbook_merged_xlsx,DS-173383,17955-36A,
oldbook_merged_xlsx,0934-4701,17955-48,
wps_merged_xlsx,68-9606,17955-48,Cometic Gaskets
oldbook_merged_xlsx,0934-4716,17955-48,
wps_merged_xlsx,681-4819,17955-48,James Gaskets
oldbook_merged_xlsx,DS-173468,17955-48,
oldbook_merged_xlsx,DS-174390,17955-48,
oldbook_merged_xlsx,DS-174536,17955-48,
oldbook_merged_xlsx,DS-174535,17955-48,
wps_merged_xlsx,681-4817,17955-48A,James Gaskets
fatbook_merged_xlsx,0940-1875,17964-99,
vtwin_merged_xlsx,10-0811,17964-99,
fatbook_merged_xlsx,0940-1875,17966-99,
vtwin_merged_xlsx,10-0811,17966-99,
fatbook_merged_xlsx,0934-0754,17976-04,
wps_merged_xlsx,68-9955,17976-04,Cometic Gaskets
fatbook_merged_xlsx,0934-0956,17976-04,
wps_merged_xlsx,681-5309,17976-04,James Gaskets
fatbook_merged_xlsx,0935-1098,17976-04,
wps_merged_xlsx,681-5308,17976-04,James Gaskets
vtwin_merged_xlsx,10-0565,17994-04,
oldbook_merged_xlsx,0934-4726,18000-81,
wps_merged_xlsx,68-9424,18000-81,Cometic Gaskets
oldbook_merged_xlsx,0935-0835,18000-81,
wps_merged_xlsx,68-9998,18000-81,Cometic Gaskets
wps_merged_xlsx,681-4822,18000-81,James Gaskets
wps_merged_xlsx,68-9836,18001-83,Cometic Gaskets
wps_merged_xlsx,681-4125,18001-83A,James Gaskets
oldbook_merged_xlsx,0934-0738,18001-83A/B/C,
oldbook_merged_xlsx,0926-0327,18001-83A/B/C,
oldbook_merged_xlsx,0935-1009,18001-83A/B/C,
oldbook_merged_xlsx,DS-199107,18001-83A/B/C,
fatbook_merged_xlsx,0926-0327,18001-83B,
fatbook_merged_xlsx,0926-2041,18001-83B,
fatbook_merged_xlsx,0935-1009,18001-83B,
fatbook_merged_xlsx,DS-199107,18001-83B,
fatbook_merged_xlsx,0926-0328,18023-87,
wps_merged_xlsx,191-17007,18023-87,Kibble White
wps_merged_xlsx,191-17008,18024-87,Kibble White
fatbook_merged_xlsx,DS-198807,18030-86,
wps_merged_xlsx,191-17006,18030-86,Kibble White
fatbook_merged_xlsx,DS-198806,18031-86,
wps_merged_xlsx,191-17005,18031-86,Kibble White
fatbook_merged_xlsx,0935-0138,18046-98,
oldbook_merged_xlsx,0926-1166,18061-83A/B/C,
fatbook_merged_xlsx,0926-1166,18061-83B,
oldbook_merged_xlsx,0926-0788,18069-65,
wps_merged_xlsx,191-17020,18069-65R,Kibble White
oldbook_merged_xlsx,DS-198975,18070-70,
wps_merged_xlsx,191-17021,18070-70,Kibble White
oldbook_merged_xlsx,0926-1452,18071-36,
oldbook_merged_xlsx,0926-0409,18071-48,
wps_merged_xlsx,191-17013,18071-48,Kibble White
oldbook_merged_xlsx,DS-198962,18071-58,
wps_merged_xlsx,191-17023,18071-58,Kibble White
fatbook_merged_xlsx,0926-0193,18074-05,
wps_merged_xlsx,191-17011,18074-05A,Kibble White
wps_merged_xlsx,191-17003,18074-66,Kibble White
fatbook_merged_xlsx,0926-0330,18074-83A,
wps_merged_xlsx,191-17001,18074-83A,Kibble White
oldbook_merged_xlsx,DS-198974,18074-83A/B,
oldbook_merged_xlsx,0926-0128,18075-80/81,
oldbook_merged_xlsx,DS-198971,18078-80,
oldbook_merged_xlsx,0926-0128,18078-80/81,
oldbook_merged_xlsx,DS-198976,18080-58,
wps_merged_xlsx,191-17015,18080-58A,Kibble White
wps_merged_xlsx,191-17015,18080-58R,Kibble White
oldbook_merged_xlsx,0926-0783,18080-70,
oldbook_merged_xlsx,0926-1453,18081-36,
oldbook_merged_xlsx,DS-198970,18082-57,
wps_merged_xlsx,191-17004,18082-57A,Kibble White
oldbook_merged_xlsx,DS-198972,18082-83,
fatbook_merged_xlsx,0926-0329,18082-83,
wps_merged_xlsx,191-17002,18082-83,Kibble White
fatbook_merged_xlsx,0926-0195,18085-05,
wps_merged_xlsx,191-17012,18085-05A,Kibble White
fatbook_merged_xlsx,0926-0331,18085-99,
oldbook_merged_xlsx,0926-0129,18086-80/81,
vtwin_merged_xlsx,10-0815,18088-02,
oldbook_merged_xlsx,0926-0129,18089-80/81,
fatbook_merged_xlsx,0935-0137,18094-02,
wps_merged_xlsx,68-9153,18094-02,Cometic Gaskets
wps_merged_xlsx,681-4124,18094-02,James Gaskets
fatbook_merged_xlsx,0926-1167,18094-02A,
fatbook_merged_xlsx,0935-0108,18094-02A,
fatbook_merged_xlsx,0935-0458,18094-02A,
fatbook_merged_xlsx,0926-2971,18100044,
wps_merged_xlsx,68-10202,18100044,Cometic Gaskets
fatbook_merged_xlsx,0926-3027,18100044,
wps_merged_xlsx,681-6102,18100044,James Gaskets
fatbook_merged_xlsx,0935-0991,18100044,
fatbook_merged_xlsx,0926-2976,18100060,
oldbook_merged_xlsx,0934-4702,18196-51,
wps_merged_xlsx,68-9419,18196-51,Cometic Gaskets
oldbook_merged_xlsx,DS-174329,18196-51,
wps_merged_xlsx,681-4826,18196-51,James Gaskets
oldbook_merged_xlsx,0926-0777,18229-83,
fatbook_merged_xlsx,0926-3368,18229-83,
oldbook_merged_xlsx,0926-3368,18229-83,
fatbook_merged_xlsx,0926-2316,18258-02,
fatbook_merged_xlsx,0926-1092,18260-02,
fatbook_merged_xlsx,0926-1171,18260-02,
oldbook_merged_xlsx,DS-173472,18265-37,
vtwin_merged_xlsx,10-0506,18490-29,
oldbook_merged_xlsx,0929-0026,18491-36,
vtwin_merged_xlsx,10-0562,18491-36,
oldbook_merged_xlsx,0929-0019,18492-48,
vtwin_merged_xlsx,10-0500,18492-48,
vtwin_merged_xlsx,10-0512,18492-48A,
oldbook_merged_xlsx,0929-0020,18492-78,
vtwin_merged_xlsx,10-0510,18493-36,
vtwin_merged_xlsx,10-0647,18493-36,
fatbook_merged_xlsx,0929-0087,18505-06,
oldbook_merged_xlsx,0929-0021,18508-52B,
vtwin_merged_xlsx,10-0502,18508-52B,
vtwin_merged_xlsx,10-0514,18508-70,
vtwin_merged_xlsx,10-0527,18508-72,
vtwin_merged_xlsx,10-0524,18508-79,
vtwin_merged_xlsx,10-0778,18522-43,
vtwin_merged_xlsx,10-0673,18522-52,
vtwin_merged_xlsx,10-0570,18522-53,
vtwin_merged_xlsx,10-0670,18522-53,
vtwin_merged_xlsx,10-0671,18522-53,
vtwin_merged_xlsx,10-0681,18522-53,
vtwin_merged_xlsx,10-0886,18522-53,
oldbook_merged_xlsx,0929-0051,18522-53A,
vtwin_merged_xlsx,10-0504,18522-53A,
vtwin_merged_xlsx,10-0776,18522-53A,
vtwin_merged_xlsx,10-0313,18522-53S,
oldbook_merged_xlsx,DS-194342,18523-86,
fatbook_merged_xlsx,DS-194107,18523-86,
fatbook_merged_xlsx,DS-194342,18523-86,
vtwin_merged_xlsx,10-8373,18523-86A,
vtwin_merged_xlsx,10-8365,18523-86B,
vtwin_merged_xlsx,10-8277,18526-89A,
fatbook_merged_xlsx,DS-194347,18529-89,
oldbook_merged_xlsx,0929-0049,18534-29A,
vtwin_merged_xlsx,10-0520,18534-29A,
oldbook_merged_xlsx,DS-194029,18534-29A,
oldbook_merged_xlsx,DS-197020,18534-29A,
vtwin_merged_xlsx,10-2534,18534-83A,
fatbook_merged_xlsx,0929-0088,18535-99,
vtwin_merged_xlsx,10-0820,18538-99,
vtwin_merged_xlsx,10-0812,18538-99B,
oldbook_merged_xlsx,DS-194054,18540-83A,
oldbook_merged_xlsx,DS-194054,18542-83A,
wps_merged_xlsx,820-58015,18542-83A/18540-83A,HardDrive
vtwin_merged_xlsx,10-0777,18552-53,
vtwin_merged_xlsx,10-0778,18552-53,
vtwin_merged_xlsx,10-0517,18554-57,
vtwin_merged_xlsx,10-0542,18554-57,
oldbook_merged_xlsx,DS-193141,18555-36,
vtwin_merged_xlsx,10-0516,18555-36,
vtwin_merged_xlsx,10-0541,18555-36,
oldbook_merged_xlsx,DS-193142,18555-57,
vtwin_merged_xlsx,10-0519,18556-40,
oldbook_merged_xlsx,DS-189844,18570-38,
vtwin_merged_xlsx,10-0541,18570-38,
wps_merged_xlsx,830-1186,18570-38,Colony
oldbook_merged_xlsx,DS-193143,18570-38,
vtwin_merged_xlsx,10-0542,18570-38,
vtwin_merged_xlsx,10-7528,18600-48,
vtwin_merged_xlsx,10-7530,18600-48,
vtwin_merged_xlsx,10-0112,18600-66,
wps_merged_xlsx,820-58013,18600-66B/18610-66B,HardDrive
wps_merged_xlsx,820-58014,18600-66B/18610-66B,HardDrive
vtwin_merged_xlsx,10-0266,18605-30,
vtwin_merged_xlsx,10-0234,18606-30,
oldbook_merged_xlsx,DS-194034,18607-57,
vtwin_merged_xlsx,10-0182,18607-57,
vtwin_merged_xlsx,10-0522,18607-57,
vtwin_merged_xlsx,10-7528,18610-48,
vtwin_merged_xlsx,10-7530,18610-48,
vtwin_merged_xlsx,10-0113,18610-66,
vtwin_merged_xlsx,10-0369,18612-39,
oldbook_merged_xlsx,DS-173454,18632-36,
oldbook_merged_xlsx,0934-5076,18633-48,
oldbook_merged_xlsx,DS-173376,18633-48A/B/C/D,
oldbook_merged_xlsx,0934-1351,18633-48A/B/C/D,
oldbook_merged_xlsx,DS-174360,18633-48A/B/C/D,
wps_merged_xlsx,681-4467,18633-48C,James Gaskets
wps_merged_xlsx,68-9297,18633-48D,Cometic Gaskets
wps_merged_xlsx,681-4463,18633-48D,James Gaskets
oldbook_merged_xlsx,0934-3432,18633-48F,
oldbook_merged_xlsx,0934-3434,18633-48KF,
oldbook_merged_xlsx,0934-1352,18634-48A/B/C/D,
oldbook_merged_xlsx,0934-1645,18634-48A/B/C/D,
oldbook_merged_xlsx,0934-3433,18634-48A/B/C/D,
oldbook_merged_xlsx,DS-174370,18634-48A/B/C/D,
oldbook_merged_xlsx,DS-173377,18634-48A/B/C/D,
wps_merged_xlsx,68-9298,18634-48C,Cometic Gaskets
wps_merged_xlsx,681-4466,18634-48C,James Gaskets
wps_merged_xlsx,681-4462,18634-48C,James Gaskets
fatbook_merged_xlsx,0934-1335,18635-99,
wps_merged_xlsx,681-4120,18635-99,James Gaskets
fatbook_merged_xlsx,0934-2108,18635-99,
fatbook_merged_xlsx,0926-2803,18687-01,
wps_merged_xlsx,191-17028,18690-02,Kibble White
wps_merged_xlsx,191-17030,18691-02,Kibble White
wps_merged_xlsx,70-6222,2,Motion Pro
wps_merged_xlsx,820-50818,20597,HardDrive
fatbook_merged_xlsx,2130-0323,21300323,
wps_merged_xlsx,850-08301,2168-07,Namz
fatbook_merged_xlsx,0912-0942,21936-99,
fatbook_merged_xlsx,0912-0943,21937-99,
fatbook_merged_xlsx,0912-0944,21938-99,
fatbook_merged_xlsx,0912-0950,22000060,
fatbook_merged_xlsx,0912-0954,22000061,
fatbook_merged_xlsx,0910-5262,22097-99,
fatbook_merged_xlsx,0913-0016,22097-99,
vtwin_merged_xlsx,10-0121,22246-65,
wps_merged_xlsx,681-5351,22265-00Y,James Gaskets
oldbook_merged_xlsx,DS-750599,22582-52,
oldbook_merged_xlsx,DS-750598,22588-78,
fatbook_merged_xlsx,DS-750597,22589-83A,
oldbook_merged_xlsx,DS-750597,22589-83A/B,
fatbook_merged_xlsx,DS-750597,22589-83B,
oldbook_merged_xlsx,DS-194325,23485-54,
wps_merged_xlsx,275-01151,23557-83,SMP
vtwin_merged_xlsx,10-1521,23727-07A,
vtwin_merged_xlsx,10-1520,23728-07A,
vtwin_merged_xlsx,10-1290,23729-07A,
vtwin_merged_xlsx,10-1012,23736-57A,
vtwin_merged_xlsx,10-0386,23736-69R,
vtwin_merged_xlsx,10-1009,23900-57A,
vtwin_merged_xlsx,10-1130,23900-57A,
vtwin_merged_xlsx,10-1010,23900-75,
vtwin_merged_xlsx,10-1014,23900-75B,
wps_merged_xlsx,830-1157,23901-81,Colony
wps_merged_xlsx,830-1159,23902-81,Colony
vtwin_merged_xlsx,10-0373,23904-03B,
vtwin_merged_xlsx,10-1116,23905-00A,
vtwin_merged_xlsx,10-1117,23905-04A,
vtwin_merged_xlsx,10-1040,23905-89A,
vtwin_merged_xlsx,10-1000,23906-58,
vtwin_merged_xlsx,10-1008,23906-58,
vtwin_merged_xlsx,10-1129,23906-58,
vtwin_merged_xlsx,10-1001,23906-65A,
vtwin_merged_xlsx,10-1082,23906-65A,
vtwin_merged_xlsx,10-1048,23906-70,
vtwin_merged_xlsx,10-1045,23906-78B,
vtwin_merged_xlsx,10-0185,23906-78G,
vtwin_merged_xlsx,10-1523,23906-78G,
vtwin_merged_xlsx,10-0062,23906-90A,
vtwin_merged_xlsx,10-0064,23906-93B,
vtwin_merged_xlsx,10-1042,23906-93B,
vtwin_merged_xlsx,10-1033,23907-54,
vtwin_merged_xlsx,10-1034,23907-55A,
oldbook_merged_xlsx,DS-194190,23909-80,
vtwin_merged_xlsx,10-0416,23909-80,
vtwin_merged_xlsx,10-0440,23909-80,
vtwin_merged_xlsx,10-8318,23909-80,
vtwin_merged_xlsx,10-0370,23912-00D,
vtwin_merged_xlsx,10-0375,23912-07,
vtwin_merged_xlsx,10-1012,23916-57A,
vtwin_merged_xlsx,10-1030,23916-81,
vtwin_merged_xlsx,10-1005,23919-41,
vtwin_merged_xlsx,10-1601,23919-41,
vtwin_merged_xlsx,10-1006,23919-56,
oldbook_merged_xlsx,0924-0264,23928-87,
vtwin_merged_xlsx,10-1278,23928-87,
vtwin_merged_xlsx,10-1030,23936-81,
vtwin_merged_xlsx,10-1005,23940-41,
vtwin_merged_xlsx,10-1006,23940-41,
vtwin_merged_xlsx,10-1601,23940-41,
vtwin_merged_xlsx,10-1522,23955-06,
vtwin_merged_xlsx,10-0371,23957-99E,
vtwin_merged_xlsx,10-0127,23960-29,
vtwin_merged_xlsx,10-0365,23960-29,
vtwin_merged_xlsx,10-0132,23960-52,
vtwin_merged_xlsx,10-8371,23960-52,
oldbook_merged_xlsx,DS-194002,23960-54,
vtwin_merged_xlsx,10-0550,23960-54,
wps_merged_xlsx,820-58002,23960-54,HardDrive
vtwin_merged_xlsx,10-0552,23960-54,
vtwin_merged_xlsx,10-8359,23960-54,
vtwin_merged_xlsx,10-0383,23960-55R,
vtwin_merged_xlsx,10-0192,23960-80A,
vtwin_merged_xlsx,10-1210,23960-80A,
vtwin_merged_xlsx,10-8312,23960-80A,
vtwin_merged_xlsx,10-8361,23960-80A,
oldbook_merged_xlsx,DS-194006,23960-81,
oldbook_merged_xlsx,DS-194004,23961-41,
vtwin_merged_xlsx,10-0129,23961-41,
wps_merged_xlsx,820-58000,23961-41,HardDrive
vtwin_merged_xlsx,10-0134,23961-41,
vtwin_merged_xlsx,10-0135,23961-41,
vtwin_merged_xlsx,10-8356,23961-41,
oldbook_merged_xlsx,DS-194005,23961-80A,
vtwin_merged_xlsx,10-0130,23961-80A,
wps_merged_xlsx,820-58020,23961-80A,HardDrive
vtwin_merged_xlsx,10-1211,23961-80A,
vtwin_merged_xlsx,10-8357,23961-80A,
vtwin_merged_xlsx,10-0131,23962-40,
vtwin_merged_xlsx,10-8363,23962-40,
wps_merged_xlsx,830-1171,23966-36,Colony
wps_merged_xlsx,830-1152,23966-54A,Colony
oldbook_merged_xlsx,DS-194010,23966-78,
vtwin_merged_xlsx,10-0181,23966-78,
wps_merged_xlsx,830-1151,23967-41,Colony
wps_merged_xlsx,830-1156,23967-54A,Colony
vtwin_merged_xlsx,10-0183,23967-79,
wps_merged_xlsx,830-1158,23969-83,Colony
fatbook_merged_xlsx,0923-0467,23971-03/A,
vtwin_merged_xlsx,10-0372,23971-03B,
wps_merged_xlsx,830-1153,23971-41,Colony
wps_merged_xlsx,830-1154,23971-54,Colony
vtwin_merged_xlsx,10-1162,23972-21,
vtwin_merged_xlsx,10-1284,23972-36,
vtwin_merged_xlsx,10-1151,23972-57,
vtwin_merged_xlsx,10-1273,23972-57A,
vtwin_merged_xlsx,10-1164,23972-72,
vtwin_merged_xlsx,10-1168,23972-72,
vtwin_merged_xlsx,10-1285,23972-72A,
oldbook_merged_xlsx,DS-194042,23973-41,
vtwin_merged_xlsx,10-1163,23973-41,
vtwin_merged_xlsx,10-1286,23973-41,
vtwin_merged_xlsx,10-1215,23973-41A,
vtwin_merged_xlsx,10-0353,23974-87,
vtwin_merged_xlsx,10-8358,23975-87,
oldbook_merged_xlsx,DS-194310,23985-12,
fatbook_merged_xlsx,DS-194310,23985-12,
oldbook_merged_xlsx,DS-194300,23985-18,
fatbook_merged_xlsx,DS-194300,23985-18,
oldbook_merged_xlsx,DS-194325,23985-54,
vtwin_merged_xlsx,10-0437,24000-29,
vtwin_merged_xlsx,10-0420,24000-57,
vtwin_merged_xlsx,10-0590,24000-57,
vtwin_merged_xlsx,10-8319,24000-57,
oldbook_merged_xlsx,0922-0127,24000-75,
vtwin_merged_xlsx,10-0421,24000-75,
vtwin_merged_xlsx,10-8320,24000-75,
oldbook_merged_xlsx,0922-0128,24000-80,
vtwin_merged_xlsx,10-0434,24000-80,
vtwin_merged_xlsx,10-8321,24000-80,
oldbook_merged_xlsx,DS-194080,24001-30,
vtwin_merged_xlsx,10-0410,24001-30,
vtwin_merged_xlsx,10-0456,24001-30,
vtwin_merged_xlsx,10-0469,24001-30,
vtwin_merged_xlsx,10-8314,24001-30,
oldbook_merged_xlsx,0922-0129,24001-55,
vtwin_merged_xlsx,10-0411,24001-55,
oldbook_merged_xlsx,DS-194073,24001-56,
vtwin_merged_xlsx,10-0412,24001-56,
vtwin_merged_xlsx,10-8362,24001-56,
vtwin_merged_xlsx,10-0413,24001-65,
vtwin_merged_xlsx,10-8315,24001-65,
oldbook_merged_xlsx,0922-0132,24001-70,
vtwin_merged_xlsx,10-0414,24001-70,
vtwin_merged_xlsx,10-8322,24001-70,
oldbook_merged_xlsx,0922-0133,24001-72,
vtwin_merged_xlsx,10-0415,24001-72,
vtwin_merged_xlsx,10-0876,24001-72,
vtwin_merged_xlsx,10-8316,24001-72,
oldbook_merged_xlsx,0950-0885,24002-70,
vtwin_merged_xlsx,10-0427,24002-70,
oldbook_merged_xlsx,DS-195172,24002-70,
oldbook_merged_xlsx,DS-197034,24002-70,
oldbook_merged_xlsx,DS-189865,24003-30,
oldbook_merged_xlsx,DS-189864,24003-55,
fatbook_merged_xlsx,DS-189864,24003-55,
wps_merged_xlsx,830-1182,24003-55,Colony
oldbook_merged_xlsx,DS-194074,24003-55,
fatbook_merged_xlsx,DS-194074,24003-55,
fatbook_merged_xlsx,0921-0526,24004-03B,
vtwin_merged_xlsx,10-0406,24005-37,
vtwin_merged_xlsx,10-0433,24005-37,
vtwin_merged_xlsx,10-0449,24005-37,
vtwin_merged_xlsx,10-0404,24005-57,
vtwin_merged_xlsx,10-8330,24005-57,
vtwin_merged_xlsx,10-0390,24005-67R,
vtwin_merged_xlsx,10-0399,24005-80,
vtwin_merged_xlsx,10-8354,24005-80,
vtwin_merged_xlsx,10-0407,24006-37,
vtwin_merged_xlsx,10-8331,24006-37,
vtwin_merged_xlsx,10-0400,24006-39,
vtwin_merged_xlsx,10-0441,24006-39,
oldbook_merged_xlsx,DS-194141,24006-54A,
vtwin_merged_xlsx,10-0401,24006-54A,
vtwin_merged_xlsx,10-0422,24006-54A,
vtwin_merged_xlsx,10-8324,24006-54A,
oldbook_merged_xlsx,DS-194086,24006-58,
vtwin_merged_xlsx,10-0402,24006-58,
vtwin_merged_xlsx,10-0423,24006-58,
vtwin_merged_xlsx,10-8325,24006-58,
oldbook_merged_xlsx,DS-194087,24006-73,
vtwin_merged_xlsx,10-0403,24006-73,
vtwin_merged_xlsx,10-0875,24006-73,
vtwin_merged_xlsx,10-8326,24006-73,
oldbook_merged_xlsx,DS-194142,24006-80,
vtwin_merged_xlsx,10-0408,24006-80,
oldbook_merged_xlsx,DS-194191,24006-80,
vtwin_merged_xlsx,10-8328,24006-80,
oldbook_merged_xlsx,DS-194142,24006-83,
vtwin_merged_xlsx,10-0409,24006-83,
oldbook_merged_xlsx,DS-194191,24006-83,
vtwin_merged_xlsx,10-0439,24006-83,
vtwin_merged_xlsx,10-8328,24006-83,
vtwin_merged_xlsx,10-0432,24006-87,
vtwin_merged_xlsx,10-0889,24006-87,
vtwin_merged_xlsx,10-8329,24006-87,
oldbook_merged_xlsx,DS-194143,24007-39,
vtwin_merged_xlsx,10-8323,24007-39,
vtwin_merged_xlsx,10-0392,24007-69R,
fatbook_merged_xlsx,0950-0357,24008-03,
vtwin_merged_xlsx,10-0405,24008-75A,
vtwin_merged_xlsx,10-0431,24008-75A,
fatbook_merged_xlsx,0950-0228,24008-99,
fatbook_merged_xlsx,0950-0358,24009-06,
vtwin_merged_xlsx,10-2531,24009-77,
oldbook_merged_xlsx,DS194472,24010-54,
oldbook_merged_xlsx,DS194473,24010-54,
oldbook_merged_xlsx,DS194474,24010-54,
oldbook_merged_xlsx,DS194477,24010-54,
wps_merged_xlsx,830-1147,24015-36,Colony
oldbook_merged_xlsx,DS-198835,24016-80,
wps_merged_xlsx,830-1145,24016-80,Colony
wps_merged_xlsx,830-1141,24017-80,Colony
vtwin_merged_xlsx,10-0518,24020-51,
oldbook_merged_xlsx,DS-198838,24022-90,
wps_merged_xlsx,830-1139,24023-36,Colony
oldbook_merged_xlsx,DS-198839,24023-54,
wps_merged_xlsx,830-1150,24023-54,Colony
oldbook_merged_xlsx,0950-0359,24029-55,
vtwin_merged_xlsx,10-1160,24029-55,
vtwin_merged_xlsx,10-2509,24029-65,
oldbook_merged_xlsx,DS-196136,24032-70,
fatbook_merged_xlsx,DS-196136,24032-70,
vtwin_merged_xlsx,10-0428,24032-70,
vtwin_merged_xlsx,10-0442,24032-70,
oldbook_merged_xlsx,DS-196137,24033-70,
fatbook_merged_xlsx,DS-196137,24033-70,
vtwin_merged_xlsx,10-0443,24033-70,
oldbook_merged_xlsx,DS-196138,24034-70,
fatbook_merged_xlsx,DS-196138,24034-70,
vtwin_merged_xlsx,10-0444,24034-70,
vtwin_merged_xlsx,10-0445,24035-70,
vtwin_merged_xlsx,10-0446,24036-70,
vtwin_merged_xlsx,10-2513,24037-66,
oldbook_merged_xlsx,DS-196143,24037-70,
vtwin_merged_xlsx,10-0447,24037-70,
fatbook_merged_xlsx,0950-0230,24038-99,
fatbook_merged_xlsx,0950-0229,24039-01A,
fatbook_merged_xlsx,0950-0361,24039-03,
oldbook_merged_xlsx,0950-0883,24040-78,
oldbook_merged_xlsx,0950-0884,24041-78,
oldbook_merged_xlsx,DS-194247,24042-78,
oldbook_merged_xlsx,DS-194248,24042-78,
oldbook_merged_xlsx,DS-194249,24042-78,
oldbook_merged_xlsx,DS194483,24042-78,
oldbook_merged_xlsx,DS-194248,24043-78,
oldbook_merged_xlsx,DS-194249,24044-78,
oldbook_merged_xlsx,DS194483,24045-78,
oldbook_merged_xlsx,0950-0882,24046-78,
vtwin_merged_xlsx,10-1161,24060-26,
oldbook_merged_xlsx,1106-0189,24061-74,
vtwin_merged_xlsx,10-1153,24100-17,
vtwin_merged_xlsx,10-1300,24101-17,
vtwin_merged_xlsx,10-1301,24102-17,
vtwin_merged_xlsx,10-1302,24104-17,
vtwin_merged_xlsx,10-1303,24106-17,
vtwin_merged_xlsx,10-1304,24108-17,
vtwin_merged_xlsx,10-1305,24111-17,
vtwin_merged_xlsx,10-1306,24113-17,
vtwin_merged_xlsx,10-1307,24115-17,
vtwin_merged_xlsx,10-1308,24117-17,
vtwin_merged_xlsx,10-1309,24120-17,
vtwin_merged_xlsx,10-1310,24122-17,
oldbook_merged_xlsx,DS-194665,24275-57,
vtwin_merged_xlsx,10-0176,24275-57,
wps_merged_xlsx,820-58009,24275-57A,HardDrive
vtwin_merged_xlsx,10-0196,24275-80,
wps_merged_xlsx,820-58010,24275-80B,HardDrive
fatbook_merged_xlsx,DS-194664,24275-86A,
vtwin_merged_xlsx,10-0142,24275-86A,
wps_merged_xlsx,820-58011,24275-86B,HardDrive
vtwin_merged_xlsx,10-0186,24277-37,
vtwin_merged_xlsx,10-0265,24279-37,
oldbook_merged_xlsx,DS-194660,24281-41A,
vtwin_merged_xlsx,10-0173,24281-41A,
wps_merged_xlsx,820-58004,24281-41B,HardDrive
vtwin_merged_xlsx,10-0174,24281-74,
oldbook_merged_xlsx,DS-194661,24281-74A,
wps_merged_xlsx,820-58005,24281-74B,HardDrive
vtwin_merged_xlsx,10-0175,24281-80,
wps_merged_xlsx,820-58006,24281-80A,HardDrive
oldbook_merged_xlsx,DS-194662,24281-83,
vtwin_merged_xlsx,10-0188,24281-83,
wps_merged_xlsx,820-58007,24281-83A,HardDrive
fatbook_merged_xlsx,DS196274,24316-99,
vtwin_merged_xlsx,10-8557,24316-99,
oldbook_merged_xlsx,DS-198825,24331-36,
fatbook_merged_xlsx,DS-198825,24331-36,
vtwin_merged_xlsx,10-0760,24331-36,
vtwin_merged_xlsx,10-0763,24332-36,
oldbook_merged_xlsx,0922-0104,24334-36,
vtwin_merged_xlsx,10-0756,24334-36,
oldbook_merged_xlsx,DS-197065,24334-36,
vtwin_merged_xlsx,10-0759,24335-36,
oldbook_merged_xlsx,0923-0270,24341-52A,
oldbook_merged_xlsx,0923-0271,24345-36A,
vtwin_merged_xlsx,10-0809,24345-36A,
oldbook_merged_xlsx,DS-194014,24345-36A,
oldbook_merged_xlsx,0924-0170,24346-87A,
vtwin_merged_xlsx,10-2556,24346-87A,
oldbook_merged_xlsx,0923-0270,24352-52A,
fatbook_merged_xlsx,0924-0171,24354-87A,
vtwin_merged_xlsx,10-2557,24354-87A,
oldbook_merged_xlsx,0923-0271,24356-36A,
vtwin_merged_xlsx,10-0809,24356-36A,
oldbook_merged_xlsx,DS-194014,24356-36A,
oldbook_merged_xlsx,DS-194017,24362-54A,
fatbook_merged_xlsx,DS-194017,24362-54A,
oldbook_merged_xlsx,DS-194017,24364-54A,
fatbook_merged_xlsx,DS-194017,24364-54A,
oldbook_merged_xlsx,DS-194018,24366-71,
oldbook_merged_xlsx,DS-194018,24367-71,
vtwin_merged_xlsx,10-1200,24370-29,
vtwin_merged_xlsx,10-1201,24370-29,
vtwin_merged_xlsx,10-1202,24370-29,
vtwin_merged_xlsx,10-0140,24370-52B,
wps_merged_xlsx,820-58003,24370-52B,HardDrive
vtwin_merged_xlsx,10-2522,24385-40,
vtwin_merged_xlsx,10-0141,24385-40B,
wps_merged_xlsx,820-58001,24385-40B,HardDrive
vtwin_merged_xlsx,10-2570,24385-73,
fatbook_merged_xlsx,0934-5981,24400215,
wps_merged_xlsx,68-10214,24400215,Cometic Gaskets
fatbook_merged_xlsx,0935-0982,24400215,
wps_merged_xlsx,681-6116,24400215,James Gaskets
oldbook_merged_xlsx,DS-240090,24490-36,
vtwin_merged_xlsx,10-8176,24582-77A,
vtwin_merged_xlsx,10-8172,24582-88,
vtwin_merged_xlsx,10-8188,24582-88,
vtwin_merged_xlsx,10-0218,24585-39,
vtwin_merged_xlsx,10-0255,24585-39,
vtwin_merged_xlsx,10-0275,24585-54,
vtwin_merged_xlsx,10-0276,24585-54,
oldbook_merged_xlsx,DS-194236,24585-57,
vtwin_merged_xlsx,10-0200,24585-57,
vtwin_merged_xlsx,10-0252,24585-57,
vtwin_merged_xlsx,10-0254,24585-57,
vtwin_merged_xlsx,10-0203,24585-80,
vtwin_merged_xlsx,10-0219,24586-39,
vtwin_merged_xlsx,10-0220,24587-39,
vtwin_merged_xlsx,10-0256,24587-39,
vtwin_merged_xlsx,10-0224,24595-40,
vtwin_merged_xlsx,10-0225,24595-40,
vtwin_merged_xlsx,10-0257,24595-40,
vtwin_merged_xlsx,10-0258,24597-40,
oldbook_merged_xlsx,0950-0335,24599-40,
vtwin_merged_xlsx,10-0204,24599-40,
oldbook_merged_xlsx,DS-194090,24599-40,
vtwin_merged_xlsx,10-0240,24599-40,
vtwin_merged_xlsx,10-0293,24599-40,
vtwin_merged_xlsx,10-0212,24599-55,
vtwin_merged_xlsx,10-0243,24599-55,
vtwin_merged_xlsx,10-0214,24599-58A,
vtwin_merged_xlsx,10-0245,24599-58A,
vtwin_merged_xlsx,10-0278,24599-58A,
oldbook_merged_xlsx,DS-194100,24599-58B,
vtwin_merged_xlsx,10-0231,24599-58B,
vtwin_merged_xlsx,10-0232,24599-58B,
vtwin_merged_xlsx,10-0233,24599-58B,
vtwin_merged_xlsx,10-0249,24599-58B,
vtwin_merged_xlsx,10-0296,24599-58B,
oldbook_merged_xlsx,0924-0211,24599-93,
vtwin_merged_xlsx,10-0246,24600-58A,
oldbook_merged_xlsx,DS-197067,24600-58A/B,
vtwin_merged_xlsx,10-0205,24601-40,
vtwin_merged_xlsx,10-0241,24601-40,
vtwin_merged_xlsx,10-0244,24601-55,
vtwin_merged_xlsx,10-0206,24601-78,
vtwin_merged_xlsx,10-0207,24601-79,
fatbook_merged_xlsx,0924-0236,24604-00D,
fatbook_merged_xlsx,0925-0928,24605-07,
vtwin_merged_xlsx,10-0221,24610-39,
vtwin_merged_xlsx,10-0238,24610-39,
vtwin_merged_xlsx,10-0222,24611-39,
vtwin_merged_xlsx,10-0223,24612-39,
vtwin_merged_xlsx,10-0239,24612-39,
oldbook_merged_xlsx,DS-194098,24621-40,
vtwin_merged_xlsx,10-0208,24621-40,
vtwin_merged_xlsx,10-0235,24621-40,
vtwin_merged_xlsx,10-0279,24621-40,
vtwin_merged_xlsx,10-0209,24623-40,
fatbook_merged_xlsx,0924-0122,24623-99,
vtwin_merged_xlsx,10-1274,24626-87A,
vtwin_merged_xlsx,10-1275,24628-87A,
oldbook_merged_xlsx,0932-0074,24641-36,
vtwin_merged_xlsx,10-0703,24641-36,
oldbook_merged_xlsx,0924-0497,24641-87A,
vtwin_merged_xlsx,10-1276,24641-87A,
oldbook_merged_xlsx,0924-0495,24643-87A,
vtwin_merged_xlsx,10-1277,24643-87A,
fatbook_merged_xlsx,0924-0265,24647-87,
vtwin_merged_xlsx,10-1279,24647-87,
fatbook_merged_xlsx,0924-0499,24647-87,
oldbook_merged_xlsx,0924-0592,24648-77,
fatbook_merged_xlsx,0924-0592,24648-77,
oldbook_merged_xlsx,0950-0333,24650-55,
vtwin_merged_xlsx,10-2536,24650-55,
oldbook_merged_xlsx,0950-0345,24650-58,
vtwin_merged_xlsx,10-2533,24650-58,
fatbook_merged_xlsx,0924-0266,24650-87,
vtwin_merged_xlsx,10-1280,24650-87,
fatbook_merged_xlsx,0924-0501,24650-87,
oldbook_merged_xlsx,0950-0346,24651-58,
oldbook_merged_xlsx,0950-0347,24652-58,
vtwin_merged_xlsx,10-0755,24658-86,
fatbook_merged_xlsx,0924-0267,24658-87,
vtwin_merged_xlsx,10-1283,24658-87,
fatbook_merged_xlsx,0924-0268,24659-87,
vtwin_merged_xlsx,10-1281,24659-87,
fatbook_merged_xlsx,0924-0502,24659-87,
fatbook_merged_xlsx,0924-0269,24660-87,
vtwin_merged_xlsx,10-1282,24660-87,
fatbook_merged_xlsx,0924-0500,24660-87,
vtwin_merged_xlsx,10-1204,24670-37,
vtwin_merged_xlsx,10-1203,24671-37,
vtwin_merged_xlsx,10-1155,24690-40,
vtwin_merged_xlsx,10-1165,24691-39,
vtwin_merged_xlsx,10-1166,24692-39,
vtwin_merged_xlsx,10-1154,24692-54,
oldbook_merged_xlsx,0950-0363,24692-58,
vtwin_merged_xlsx,10-1157,24692-58,
vtwin_merged_xlsx,10-1156,24695-40,
oldbook_merged_xlsx,0950-0288,24703-54A/B,
oldbook_merged_xlsx,DS-194341,24703-54A/B,
oldbook_merged_xlsx,0924-0595,24729-52,
oldbook_merged_xlsx,0924-0270,24729-74,
fatbook_merged_xlsx,0924-0270,24729-74,
oldbook_merged_xlsx,0920-0123,24754-75A,
fatbook_merged_xlsx,0920-0123,24754-75A,
vtwin_merged_xlsx,10-0430,24775-39,
oldbook_merged_xlsx,DS174205,24776-40,
vtwin_merged_xlsx,10-0429,24776-40,
vtwin_merged_xlsx,10-1158,24779-40,
vtwin_merged_xlsx,10-1159,24781-36,
vtwin_merged_xlsx,10-0470,24781-54,
oldbook_merged_xlsx,DS-189924,24818-52,
oldbook_merged_xlsx,1012-0104,24912-48A,
oldbook_merged_xlsx,1012-0215,24912-52A,
oldbook_merged_xlsx,1012-0103,24918-58,
oldbook_merged_xlsx,1010-2029,24922-93,
fatbook_merged_xlsx,1010-2029,24922-93,
wps_merged_xlsx,681-5178,24931-39,James Gaskets
oldbook_merged_xlsx,0950-0362,24975-37,
oldbook_merged_xlsx,0950-0362,24978-57,
wps_merged_xlsx,68-9404,24978-57,Cometic Gaskets
wps_merged_xlsx,681-5626,24978-57,James Gaskets
oldbook_merged_xlsx,0950-0227,24981-66,
oldbook_merged_xlsx,2005-3001,24981-70,
oldbook_merged_xlsx,2005-3001,24982-70,
wps_merged_xlsx,830-1104,24982-70,Colony
fatbook_merged_xlsx,0950-0224,24983-00,
fatbook_merged_xlsx,2401-1124,24983-00,
wps_merged_xlsx,681-5163,24990-52,James Gaskets
vtwin_merged_xlsx,10-0558,25200-75,
vtwin_merged_xlsx,10-0558,25205-75,
vtwin_merged_xlsx,10-0563,25213-04,
vtwin_merged_xlsx,10-0554,25213-96B,
vtwin_merged_xlsx,10-0555,25213-96B,
vtwin_merged_xlsx,10-0065,25216-36,
vtwin_merged_xlsx,10-0066,25216-48,
vtwin_merged_xlsx,10-0067,25216-48,
vtwin_merged_xlsx,10-0068,25216-58,
vtwin_merged_xlsx,10-0077,25216-65,
vtwin_merged_xlsx,10-0079,25216-66,
vtwin_merged_xlsx,10-1940,25216-66,
vtwin_merged_xlsx,10-0110,25218-70,
oldbook_merged_xlsx,DS-194160,25220-82,
oldbook_merged_xlsx,0934-4668,25224-52A,
wps_merged_xlsx,681-5604,25224-52A,James Gaskets
oldbook_merged_xlsx,0934-4669,25224-52A,
wps_merged_xlsx,681-5603,25224-52A,James Gaskets
oldbook_merged_xlsx,0934-1606,25224-52A,
oldbook_merged_xlsx,DS-174050,25224-52A,
oldbook_merged_xlsx,DS-174422,25225-36A/B/C,
oldbook_merged_xlsx,0934-1184,25225-36A/B/C,
oldbook_merged_xlsx,2011-1499,25225-36A/B/C,
oldbook_merged_xlsx,DS-174510,25225-36A/B/C,
wps_merged_xlsx,681-4881,25225-36C,James Gaskets
wps_merged_xlsx,681-4880,25225-36C,James Gaskets
wps_merged_xlsx,681-4547,25225-70A,James Gaskets
wps_merged_xlsx,681-4546,25225-70A,James Gaskets
wps_merged_xlsx,681-4545,25225-70A,James Gaskets
oldbook_merged_xlsx,0934-1648,25225-70A/B/C,
oldbook_merged_xlsx,2011-2094,25225-70A/B/C,
oldbook_merged_xlsx,DS-174201,25225-70A/B/C,
oldbook_merged_xlsx,0934-1649,25225-70A/B/C,
oldbook_merged_xlsx,2011-1497,25225-70A/B/C,
oldbook_merged_xlsx,0934-1646,25225-93,
oldbook_merged_xlsx,0934-1647,25225-93,
oldbook_merged_xlsx,2011-1498,25225-93,
oldbook_merged_xlsx,2011-2093,25225-93,
oldbook_merged_xlsx,DS-174202,25225-93,
oldbook_merged_xlsx,DS-174386,25225-93,
wps_merged_xlsx,681-4543,25225-93B,James Gaskets
wps_merged_xlsx,681-4542,25225-93B,James Gaskets
wps_merged_xlsx,681-4541,25225-93B,James Gaskets
wps_merged_xlsx,681-4202,25244-99,James Gaskets
fatbook_merged_xlsx,2011-1500,25244-99A,
fatbook_merged_xlsx,2404-1023,25244-99A,
fatbook_merged_xlsx,DS-173228,25244-99A,
vtwin_merged_xlsx,10-0813,25247-99,
oldbook_merged_xlsx,0940-0301,25256-93A,
vtwin_merged_xlsx,10-0080,25256-93A,
oldbook_merged_xlsx,0940-0784,25256-93A,
vtwin_merged_xlsx,10-0286,25256-93A,
fatbook_merged_xlsx,DS-174347,25263-00,
fatbook_merged_xlsx,0934-6489,25263-00,
oldbook_merged_xlsx,0934-4682,25263-81,
wps_merged_xlsx,68-9332,25263-81,Cometic Gaskets
oldbook_merged_xlsx,DS-174075,25263-81,
wps_merged_xlsx,681-5602,25263-81,James Gaskets
fatbook_merged_xlsx,2011-1501,25263-86,
wps_merged_xlsx,681-5386,25263-86,James Gaskets
fatbook_merged_xlsx,DS-174367,25263-86,
wps_merged_xlsx,681-5385,25263-86,James Gaskets
fatbook_merged_xlsx,0934-6490,25263-86,
fatbook_merged_xlsx,0934-1185,25263-86,
wps_merged_xlsx,681-5383,25263-90,James Gaskets
wps_merged_xlsx,681-5382,25263-90,James Gaskets
fatbook_merged_xlsx,0934-6491,25263-90A/B,
fatbook_merged_xlsx,DS-174383,25263-90A/B,
fatbook_merged_xlsx,2011-1502,25263-90A/B,
fatbook_merged_xlsx,0934-0785,25263-90A/B,
fatbook_merged_xlsx,0934-1186,25263-90A/B,
wps_merged_xlsx,681-5380,25263-90C,James Gaskets
oldbook_merged_xlsx,0940-0785,25266-80A,
vtwin_merged_xlsx,10-0900,25267-99B,
oldbook_merged_xlsx,0940-0300,25268-84A,
vtwin_merged_xlsx,10-0040,25268-84A,
oldbook_merged_xlsx,0940-0785,25268-84A,
vtwin_merged_xlsx,10-0088,25268-84A,
oldbook_merged_xlsx,0940-0939,25268-84A,
vtwin_merged_xlsx,10-0111,25268-84A,
oldbook_merged_xlsx,0940-1423,25268-84A,
vtwin_merged_xlsx,10-0285,25268-84A,
oldbook_merged_xlsx,0950-0352,25275-36,
fatbook_merged_xlsx,0934-1854,25279-08,
oldbook_merged_xlsx,0950-0343,25279-36,
vtwin_merged_xlsx,10-7000,25284-08,
fatbook_merged_xlsx,0925-0950,25285-08,
vtwin_merged_xlsx,10-7001,25285-08,
oldbook_merged_xlsx,DS-194159,25313-50,
oldbook_merged_xlsx,DS-194243,25313-73,
oldbook_merged_xlsx,DS-194242,25313-77B/C,
oldbook_merged_xlsx,0950-0364,25320-79,
oldbook_merged_xlsx,DS-194160,25320-82,
fatbook_merged_xlsx,0921-0528,25344-99,
vtwin_merged_xlsx,10-0901,25344-99,
fatbook_merged_xlsx,0934-4628,25352-00,
fatbook_merged_xlsx,0934-5063,25353-00Y,
vtwin_merged_xlsx,10-0907,25355-06A,
fatbook_merged_xlsx,0934-4622,25377-03,
fatbook_merged_xlsx,0934-5064,25377-03A,
fatbook_merged_xlsx,0934-5065,25377-03A,
fatbook_merged_xlsx,0934-5059,25378-02,
fatbook_merged_xlsx,0934-5061,25378-02,
oldbook_merged_xlsx,DS-375650,25414-70,
wps_merged_xlsx,681-4873,25414-79A,James Gaskets
oldbook_merged_xlsx,DS-194454,25414-82,
wps_merged_xlsx,681-5033,25414-82,James Gaskets
fatbook_merged_xlsx,0934-4623,25416-06,
fatbook_merged_xlsx,0934-1607,25416-06,
fatbook_merged_xlsx,0934-5057,25416-14,
fatbook_merged_xlsx,0934-5379,25416-14,
fatbook_merged_xlsx,0934-5057,25416-16,
fatbook_merged_xlsx,0934-5060,25416-16,
oldbook_merged_xlsx,0934-4624,25416-70,
wps_merged_xlsx,681-4941,25416-70,James Gaskets
oldbook_merged_xlsx,2011-1496,25416-70,
wps_merged_xlsx,681-4622,25416-70,James Gaskets
oldbook_merged_xlsx,DS-174457,25416-70,
wps_merged_xlsx,681-4940,25416-70,James Gaskets
oldbook_merged_xlsx,DS-174790,25416-70,
oldbook_merged_xlsx,0935-0074,25416-70,
oldbook_merged_xlsx,0935-0077,25416-70,
oldbook_merged_xlsx,0935-0095,25416-79,
oldbook_merged_xlsx,0934-1228,25416-84,
wps_merged_xlsx,68-9442,25416-84,Cometic Gaskets
oldbook_merged_xlsx,DS-172019,25416-84,
wps_merged_xlsx,681-4621,25416-84,James Gaskets
oldbook_merged_xlsx,DS-173501,25416-84,
wps_merged_xlsx,681-4620,25416-84,James Gaskets
oldbook_merged_xlsx,DS-174345,25416-84,
oldbook_merged_xlsx,0935-0075,25416-85,
fatbook_merged_xlsx,0935-0160,25416-99,
wps_merged_xlsx,68-9662,25416-99,Cometic Gaskets
fatbook_merged_xlsx,0934-3435,25416-99,
fatbook_merged_xlsx,1105-0037,25416-99,
fatbook_merged_xlsx,1105-0038,25416-99,
fatbook_merged_xlsx,0935-0090,25416-99,
fatbook_merged_xlsx,0934-0289,25416-99,
wps_merged_xlsx,681-4267,25416-99A,James Gaskets
wps_merged_xlsx,681-4266,25416-99A,James Gaskets
fatbook_merged_xlsx,DS-173230,25416-99B,
wps_merged_xlsx,681-4269,25416-99B,James Gaskets
fatbook_merged_xlsx,0934-0788,25416-99C,
wps_merged_xlsx,681-4268,25416-99C,James Gaskets
wps_merged_xlsx,681-5430,25437-86,James Gaskets
fatbook_merged_xlsx,1132-0275,25448-84,
fatbook_merged_xlsx,1107-0105,25460-04,
fatbook_merged_xlsx,1107-0284,25460-06,
fatbook_merged_xlsx,1107-0538,25460-94,
fatbook_merged_xlsx,0935-0263,25463-94,
wps_merged_xlsx,681-5431,25463-94,James Gaskets
fatbook_merged_xlsx,DS-193622,25463-94A,
wps_merged_xlsx,68-9220,25463-94A,Cometic Gaskets
fatbook_merged_xlsx,0925-1607,25500013,
vtwin_merged_xlsx,10-8181,25522-36,
vtwin_merged_xlsx,10-8168,25523-56,
vtwin_merged_xlsx,10-8166,25523-70,
vtwin_merged_xlsx,10-8174,25523-70,
vtwin_merged_xlsx,10-8179,25523-77,
vtwin_merged_xlsx,10-8167,25523-77A,
vtwin_merged_xlsx,10-0814,25533-99A,
oldbook_merged_xlsx,DS-194163,25550-36,
oldbook_merged_xlsx,DS-193144,25550-57,
oldbook_merged_xlsx,DS-194193,25550-57,
oldbook_merged_xlsx,DS-194194,25550-57,
oldbook_merged_xlsx,DS-194195,25550-57,
oldbook_merged_xlsx,DS-194164,25551-36,
oldbook_merged_xlsx,DS-194172,25551-36,
oldbook_merged_xlsx,0925-0290,25551-58,
fatbook_merged_xlsx,0925-0290,25551-58,
oldbook_merged_xlsx,DS-194196,25551-58,
oldbook_merged_xlsx,DS-194197,25551-58,
oldbook_merged_xlsx,DS-194165,25552-36,
oldbook_merged_xlsx,DS-194166,25553-36,
oldbook_merged_xlsx,DS-194167,25554-36,
oldbook_merged_xlsx,DS-194168,25555-36,
oldbook_merged_xlsx,0925-0289,25555-48,
vtwin_merged_xlsx,10-1254,25555-84,
oldbook_merged_xlsx,DS-194169,25556-79,
vtwin_merged_xlsx,10-0902,25562-99,
vtwin_merged_xlsx,10-0920,25566-06,
oldbook_merged_xlsx,DS-194147,25581-36,
vtwin_merged_xlsx,10-0704,25581-36,
oldbook_merged_xlsx,DS-194172,25581-36,
oldbook_merged_xlsx,DS-194193,25581-36,
oldbook_merged_xlsx,DS-197068,25581-36,
oldbook_merged_xlsx,0924-0272,25581-70,
vtwin_merged_xlsx,10-0705,25581-70,
oldbook_merged_xlsx,0924-0503,25581-70,
oldbook_merged_xlsx,DS-194194,25581-70,
oldbook_merged_xlsx,DS-194195,25581-70,
oldbook_merged_xlsx,DS-194198,25581-70,
oldbook_merged_xlsx,DS-197069,25581-70,
oldbook_merged_xlsx,DS-194172,25582-36,
vtwin_merged_xlsx,10-0706,25582-36,
oldbook_merged_xlsx,DS-194180,25582-54,
vtwin_merged_xlsx,10-0707,25582-54,
oldbook_merged_xlsx,DS-194193,25582-54,
vtwin_merged_xlsx,10-2529,25582-54,
oldbook_merged_xlsx,DS-194194,25582-54,
oldbook_merged_xlsx,0924-0273,25582-73,
vtwin_merged_xlsx,10-0708,25582-73,
oldbook_merged_xlsx,0924-0274,25582-73,
vtwin_merged_xlsx,10-2529,25582-73,
oldbook_merged_xlsx,0924-0504,25582-73,
oldbook_merged_xlsx,DS-194180,25582-73,
oldbook_merged_xlsx,DS-194195,25582-73,
oldbook_merged_xlsx,0924-0275,25582-93,
vtwin_merged_xlsx,10-8536,25582-93,
oldbook_merged_xlsx,0924-0504,25582-93,
oldbook_merged_xlsx,DS-194123,25582-93,
oldbook_merged_xlsx,DS-194171,25586-37,
fatbook_merged_xlsx,DS-194171,25586-37,
vtwin_merged_xlsx,10-0709,25586-37,
oldbook_merged_xlsx,DS-194196,25586-37,
fatbook_merged_xlsx,DS-197070,25586-37,
vtwin_merged_xlsx,10-2540,25586-37,
oldbook_merged_xlsx,DS-194197,25586-37,
oldbook_merged_xlsx,DS-197070,25586-37,
vtwin_merged_xlsx,10-0731,25588-37,
oldbook_merged_xlsx,DS-194174,25588-57,
fatbook_merged_xlsx,DS-194174,25588-57,
vtwin_merged_xlsx,10-0710,25588-57,
oldbook_merged_xlsx,DS-194196,25588-57,
oldbook_merged_xlsx,DS-194197,25588-57,
vtwin_merged_xlsx,10-0711,25588-80,
vtwin_merged_xlsx,10-8538,25588-91,
vtwin_merged_xlsx,10-2507,25590-37,
vtwin_merged_xlsx,10-2512,25591-37,
vtwin_merged_xlsx,10-2503,25593-37,
oldbook_merged_xlsx,DS-194196,25593-57,
vtwin_merged_xlsx,10-0712,25593-57,
oldbook_merged_xlsx,DS-194231,25593-57,
oldbook_merged_xlsx,DS-194197,25593-74,
vtwin_merged_xlsx,10-0713,25593-74,
vtwin_merged_xlsx,10-0480,25593-99,
vtwin_merged_xlsx,10-8268,25594-75,
vtwin_merged_xlsx,10-2506,25595-37,
vtwin_merged_xlsx,10-8271,25595-52,
vtwin_merged_xlsx,10-0903,25595-99,
oldbook_merged_xlsx,DS-194172,25597-36,
vtwin_merged_xlsx,10-0714,25597-36,
oldbook_merged_xlsx,DS-194196,25597-57,
vtwin_merged_xlsx,10-0715,25597-57,
oldbook_merged_xlsx,DS-194197,25597-57,
oldbook_merged_xlsx,DS-195008,25597-57,
vtwin_merged_xlsx,10-2552,25598-91,
vtwin_merged_xlsx,10-2504,25599-37,
wps_merged_xlsx,681-6120,25600455,James Gaskets
vtwin_merged_xlsx,10-2495,25601-37A,
fatbook_merged_xlsx,0925-0955,25607-99,
vtwin_merged_xlsx,10-0481,25607-99,
fatbook_merged_xlsx,DS-199074,25609-99,
vtwin_merged_xlsx,10-0482,25609-99,
fatbook_merged_xlsx,0925-0956,25610-99,
vtwin_merged_xlsx,10-0483,25610-99,
fatbook_merged_xlsx,0925-1058,25673-06,
vtwin_merged_xlsx,10-0916,25673-06,
fatbook_merged_xlsx,0925-1204,25673-06,
vtwin_merged_xlsx,10-0904,25674-99,
fatbook_merged_xlsx,0925-0954,25675-06,
vtwin_merged_xlsx,10-0917,25675-06,
vtwin_merged_xlsx,10-0905,25675-99,
vtwin_merged_xlsx,10-0906,25676-99,
fatbook_merged_xlsx,0925-0953,25683-06,
vtwin_merged_xlsx,10-0915,25683-06,
fatbook_merged_xlsx,0934-5933,25700362,
wps_merged_xlsx,68-10172,25700362,Cometic Gaskets
fatbook_merged_xlsx,0934-5965,25700362,
wps_merged_xlsx,681-6104,25700362,James Gaskets
fatbook_merged_xlsx,0934-5874,25700370,
wps_merged_xlsx,68-10173,25700370,Cometic Gaskets
fatbook_merged_xlsx,0934-5934,25700370,
fatbook_merged_xlsx,0934-5968,25700370,
wps_merged_xlsx,681-6124,25700370-K,James Gaskets
wps_merged_xlsx,68-10179,25700372,Cometic Gaskets
wps_merged_xlsx,681-6105,25700372,James Gaskets
fatbook_merged_xlsx,0934-5941,25700372A/B,
fatbook_merged_xlsx,0934-5942,25700372A/B,
fatbook_merged_xlsx,0934-5966,25700372A/B,
fatbook_merged_xlsx,0934-5961,25700378,
wps_merged_xlsx,681-6119,25700378,James Gaskets
fatbook_merged_xlsx,0934-5962,25700378,
fatbook_merged_xlsx,0934-5972,25700378,
wps_merged_xlsx,681-6126,25700378-K,James Gaskets
fatbook_merged_xlsx,0940-1883,25700410,
fatbook_merged_xlsx,0940-1883,25700411,
fatbook_merged_xlsx,0934-5950,25700425,
wps_merged_xlsx,68-10183,25700425,Cometic Gaskets
fatbook_merged_xlsx,0935-0978,25700425,
wps_merged_xlsx,681-6106,25700425,James Gaskets
fatbook_merged_xlsx,0934-5935,25700433,
wps_merged_xlsx,68-10174,25700433,Cometic Gaskets
fatbook_merged_xlsx,0934-5967,25700433,
wps_merged_xlsx,681-6110,25700433,James Gaskets
fatbook_merged_xlsx,0934-5970,25700452,
wps_merged_xlsx,68-10215,25700452,Cometic Gaskets
fatbook_merged_xlsx,0934-5982,25700452,
wps_merged_xlsx,681-6117,25700452,James Gaskets
fatbook_merged_xlsx,0934-5971,25700453,
wps_merged_xlsx,68-10216,25700453,Cometic Gaskets
fatbook_merged_xlsx,0934-5983,25700453,
wps_merged_xlsx,681-6118,25700453,James Gaskets
fatbook_merged_xlsx,0934-5980,25700455,
wps_merged_xlsx,68-10211,25700455,Cometic Gaskets
fatbook_merged_xlsx,0935-0983,25700455,
fatbook_merged_xlsx,0934-6312,25700564,
fatbook_merged_xlsx,0934-6321,25700564,
fatbook_merged_xlsx,0934-6335,25700593,
wps_merged_xlsx,68-10243,25700593,Cometic Gaskets
fatbook_merged_xlsx,0934-5974,25700729,
wps_merged_xlsx,68-10217,25700729,Cometic Gaskets
wps_merged_xlsx,681-6122,25700729,James Gaskets
wps_merged_xlsx,68-10224,25700729,Cometic Gaskets
fatbook_merged_xlsx,0934-5975,25700730,
wps_merged_xlsx,681-6123,25700730,James Gaskets
wps_merged_xlsx,68-10178,25700731,Cometic Gaskets
wps_merged_xlsx,68-10302,25700731-19,Cometic Gaskets
wps_merged_xlsx,68-10196,25700746,Cometic Gaskets
fatbook_merged_xlsx,0940-1884,25700890,
fatbook_merged_xlsx,0934-7887,25700981,
wps_merged_xlsx,68-10248,25701007,Cometic Gaskets
fatbook_merged_xlsx,0934-6535,25701080,
fatbook_merged_xlsx,0934-7177,25701080,
fatbook_merged_xlsx,DS-199175,25716-99,
fatbook_merged_xlsx,0925-1059,25728-06,
vtwin_merged_xlsx,10-0914,25728-06,
fatbook_merged_xlsx,0925-0921,25729-06,
vtwin_merged_xlsx,10-0908,25729-06,
fatbook_merged_xlsx,0925-0951,25729-06,
vtwin_merged_xlsx,10-0909,25731-06,
fatbook_merged_xlsx,0925-0923,25734-06,
vtwin_merged_xlsx,10-0910,25734-06,
fatbook_merged_xlsx,0925-0924,25736-06,
vtwin_merged_xlsx,10-0911,25736-06,
fatbook_merged_xlsx,0925-0925,25737-06,
vtwin_merged_xlsx,10-0912,25737-06,
fatbook_merged_xlsx,0925-0926,25738-06,
vtwin_merged_xlsx,10-0913,25738-06,
oldbook_merged_xlsx,0925-1202,25785-30A,
vtwin_merged_xlsx,10-0716,25785-30A,
oldbook_merged_xlsx,DS-194172,25785-30A,
oldbook_merged_xlsx,DS-194192,25785-30A,
oldbook_merged_xlsx,DS-194193,25785-30A,
oldbook_merged_xlsx,DS-194234,25785-30A,
oldbook_merged_xlsx,DS-195007,25785-30A,
oldbook_merged_xlsx,DS-195008,25787-57,
vtwin_merged_xlsx,10-2499,25787-57,
vtwin_merged_xlsx,10-0805,25788-30,
vtwin_merged_xlsx,10-0806,25788-77,
oldbook_merged_xlsx,31-2039,25791-36,
vtwin_merged_xlsx,10-0801,25791-36,
oldbook_merged_xlsx,0925-1202,25791-36,
oldbook_merged_xlsx,DS-195007,25791-36,
vtwin_merged_xlsx,10-0803,25791-77,
vtwin_merged_xlsx,10-0807,25800-36,
vtwin_merged_xlsx,10-0808,25800-36B,
wps_merged_xlsx,681-6112,25800370,James Gaskets
oldbook_merged_xlsx,DS-188049,25810-15,
wps_merged_xlsx,681-5001,25811-11,James Gaskets
oldbook_merged_xlsx,31-2037,25856-36,
vtwin_merged_xlsx,10-0802,25856-36,
oldbook_merged_xlsx,DS-194234,25856-36,
vtwin_merged_xlsx,10-8178,25937-99B,
wps_merged_xlsx,68-9292,25PK,Cometic Gaskets
wps_merged_xlsx,68-9293,25PK,Cometic Gaskets
wps_merged_xlsx,820-58017,26035-99B,HardDrive
wps_merged_xlsx,820-58018,26037-06,HardDrive
oldbook_merged_xlsx,0935-0217,26072-90A,
wps_merged_xlsx,681-4665,26072-90A,James Gaskets
oldbook_merged_xlsx,DS-174549,26072-90A,
wps_merged_xlsx,681-4664,26072-90A,James Gaskets
oldbook_merged_xlsx,0934-4638,26072-90A,
oldbook_merged_xlsx,DS-174877,26072-90A,
fatbook_merged_xlsx,0934-1338,26072-99,
wps_merged_xlsx,681-4304,26072-99,James Gaskets
fatbook_merged_xlsx,0934-4810,26072-99,
wps_merged_xlsx,681-4305,26072-99,James Gaskets
fatbook_merged_xlsx,0934-4810,26072-99A,
fatbook_merged_xlsx,DS-174550,26072-99A,
oldbook_merged_xlsx,0934-3431,26077-93,
wps_merged_xlsx,681-4663,26077-93,James Gaskets
oldbook_merged_xlsx,0935-0218,26077-93,
fatbook_merged_xlsx,0934-1339,26077-99,
wps_merged_xlsx,681-4306,26077-99,James Gaskets
fatbook_merged_xlsx,0934-2877,26077-99,
fatbook_merged_xlsx,0934-4811,26077-99,
fatbook_merged_xlsx,0934-2877,26077-99A,
fatbook_merged_xlsx,DS-181201,2614,
oldbook_merged_xlsx,0932-0108,26190-73,
oldbook_merged_xlsx,0932-0104,26207-83,
oldbook_merged_xlsx,DS-194207,26207-83,
fatbook_merged_xlsx,0925-0300,26210-99,
fatbook_merged_xlsx,0925-0438,26210-99,
fatbook_merged_xlsx,0932-0233,26210-99,
fatbook_merged_xlsx,0950-0232,26210-99,
fatbook_merged_xlsx,0651-0066,26215-03,
oldbook_merged_xlsx,0935-0175,26227-58,
wps_merged_xlsx,68-9349,26227-58,Cometic Gaskets
oldbook_merged_xlsx,DS-194425,26227-58,
wps_merged_xlsx,681-4872,26227-58,James Gaskets
oldbook_merged_xlsx,0934-4724,26231-78,
wps_merged_xlsx,68-9715,26231-78,Cometic Gaskets
oldbook_merged_xlsx,DS-173516,26231-78,
wps_merged_xlsx,681-4870,26231-78,James Gaskets
oldbook_merged_xlsx,DS-174426,26231-78,
oldbook_merged_xlsx,0934-4697,26244-37,
wps_merged_xlsx,68-9397,26244-37,Cometic Gaskets
oldbook_merged_xlsx,0934-4695,26245-41,
wps_merged_xlsx,68-9393,26245-41,Cometic Gaskets
oldbook_merged_xlsx,DS-174480,26245-41,
wps_merged_xlsx,681-4865,26245-41,James Gaskets
oldbook_merged_xlsx,DS-174427,26246-68A,
wps_merged_xlsx,681-4861,26246-68A,James Gaskets
oldbook_merged_xlsx,0934-4693,26246-68A,
wps_merged_xlsx,681-4863,26246-68A,James Gaskets
oldbook_merged_xlsx,DS-174730,26246-68A,
wps_merged_xlsx,68-9391,26246-68D,Cometic Gaskets
oldbook_merged_xlsx,DS-174731,26255-41,
wps_merged_xlsx,681-5121,26255-41,James Gaskets
oldbook_merged_xlsx,0934-4692,26256-52,
wps_merged_xlsx,68-9390,26256-52,Cometic Gaskets
oldbook_merged_xlsx,DS-174880,26256-52,
wps_merged_xlsx,681-5579,26256-52,James Gaskets
oldbook_merged_xlsx,DS-174732,26257-41,
wps_merged_xlsx,681-5120,26257-41,James Gaskets
oldbook_merged_xlsx,0934-4696,26257-50A,
wps_merged_xlsx,68-9394,26257-50A,Cometic Gaskets
oldbook_merged_xlsx,DS-174690,26257-50A,
wps_merged_xlsx,681-4864,26257-50A,James Gaskets
oldbook_merged_xlsx,DS-174690,26257-80A,
oldbook_merged_xlsx,0934-4688,26258-52,
wps_merged_xlsx,68-9385,26258-52,Cometic Gaskets
wps_merged_xlsx,681-5577,26258-52,James Gaskets
wps_merged_xlsx,68-9389,26258-62,Cometic Gaskets
wps_merged_xlsx,681-5575,26258-62,James Gaskets
oldbook_merged_xlsx,DS-174428,26258-68B,
wps_merged_xlsx,681-4860,26258-68B,James Gaskets
oldbook_merged_xlsx,0934-4694,26258-68B,
wps_merged_xlsx,681-4862,26258-68B,James Gaskets
oldbook_merged_xlsx,DS-174720,26258-68B,
wps_merged_xlsx,68-9392,26258-68D,Cometic Gaskets
oldbook_merged_xlsx,0934-4690,26259-52,
wps_merged_xlsx,68-9388,26259-52,Cometic Gaskets
wps_merged_xlsx,681-5578,26259-52,James Gaskets
wps_merged_xlsx,681-5576,26259-52,James Gaskets
oldbook_merged_xlsx,0934-4689,26259-62,
wps_merged_xlsx,68-9386,26259-62,Cometic Gaskets
oldbook_merged_xlsx,0932-0206,26262-80,
oldbook_merged_xlsx,DS-194222,26262-80,
oldbook_merged_xlsx,0932-0056,26263-80,
wps_merged_xlsx,830-1102,26263-80,Colony
oldbook_merged_xlsx,0932-0057,26263-80,
oldbook_merged_xlsx,2401-0107,26263-80,
oldbook_merged_xlsx,DS-174429,26273-80B,
wps_merged_xlsx,68-9381,26273-80B,Cometic Gaskets
oldbook_merged_xlsx,0934-1362,26273-80B,
wps_merged_xlsx,681-4512,26273-80B,James Gaskets
oldbook_merged_xlsx,0934-1650,26273-80B,
wps_merged_xlsx,681-4514,26273-80B,James Gaskets
oldbook_merged_xlsx,DS-174826,26273-80B,
oldbook_merged_xlsx,0934-1361,26273-92,
wps_merged_xlsx,68-9383,26273-92,Cometic Gaskets
oldbook_merged_xlsx,0934-1651,26273-92,
wps_merged_xlsx,681-4510,26273-92,James Gaskets
oldbook_merged_xlsx,DS-174431,26273-92,
oldbook_merged_xlsx,0934-1363,26276-80A,
wps_merged_xlsx,68-9382,26276-80A,Cometic Gaskets
oldbook_merged_xlsx,0934-1652,26276-80A,
wps_merged_xlsx,681-4515,26276-80A,James Gaskets
oldbook_merged_xlsx,DS-174829,26276-80A,
wps_merged_xlsx,681-4513,26276-80A,James Gaskets
oldbook_merged_xlsx,DS-173464,26276-80A,
oldbook_merged_xlsx,0934-1364,26276-92,
wps_merged_xlsx,681-4511,26276-92,James Gaskets
oldbook_merged_xlsx,DS-174432,26276-92,
oldbook_merged_xlsx,0932-0201,26315-68A,
oldbook_merged_xlsx,DS-197039,26315-68A,
oldbook_merged_xlsx,0932-0202,26317-68A,
oldbook_merged_xlsx,DS-197040,26317-68A,
oldbook_merged_xlsx,0932-0200,26326-62A,
oldbook_merged_xlsx,DS-197050,26326-62A,
oldbook_merged_xlsx,0932-0205,26327-68,
oldbook_merged_xlsx,0932-0203,26328-74,
oldbook_merged_xlsx,DS-197051,26328-74,
oldbook_merged_xlsx,0711-0234,26338-68,
oldbook_merged_xlsx,DS-194349,26340-36,
wps_merged_xlsx,681-4866,26340-36,James Gaskets
oldbook_merged_xlsx,DS-194244,26345-73,
oldbook_merged_xlsx,DS-197037,26346-36,
oldbook_merged_xlsx,DS-197038,26346-69/70,
oldbook_merged_xlsx,0932-0204,26346-70,
oldbook_merged_xlsx,DS-197038,26346-70,
oldbook_merged_xlsx,DS-194206,26348-15,
wps_merged_xlsx,681-4521,26348-15,James Gaskets
oldbook_merged_xlsx,DS-174433,26348-36,
wps_merged_xlsx,681-4522,26348-36,James Gaskets
oldbook_merged_xlsx,DS-188051,26348-36,
oldbook_merged_xlsx,0932-0033,26349-54,
oldbook_merged_xlsx,0950-0808,26349-54,
oldbook_merged_xlsx,DS-194007,26349-73,
oldbook_merged_xlsx,DS-194007,26349-73A,
oldbook_merged_xlsx,DS-194245,26349-73A,
oldbook_merged_xlsx,0932-0034,26349-84,
oldbook_merged_xlsx,DS-194223,26363-41,
oldbook_merged_xlsx,0932-0052,26377-54,
oldbook_merged_xlsx,0932-0054,26377-68,
wps_merged_xlsx,820-2680,26381-92A,HardDrive
oldbook_merged_xlsx,0932-0075,26400-82,
fatbook_merged_xlsx,0925-0438,26400-82B,
oldbook_merged_xlsx,DS-194201,26431-76,
vtwin_merged_xlsx,10-0749,26431-76,
oldbook_merged_xlsx,DS-194202,26431-76,
oldbook_merged_xlsx,DS-173507,26432-76,
oldbook_merged_xlsx,0934-5009,26432-76A,
fatbook_merged_xlsx,DS-174330,26432-76A,
wps_merged_xlsx,68-9287,26432-76A,Cometic Gaskets
oldbook_merged_xlsx,0935-0152,26432-76A,
wps_merged_xlsx,681-4486,26432-76A,James Gaskets
oldbook_merged_xlsx,DS-174330,26432-76A,
wps_merged_xlsx,681-4487,26432-76A,James Gaskets
wps_merged_xlsx,681-4147,26432-99,James Gaskets
wps_merged_xlsx,681-4148,26432-99,James Gaskets
oldbook_merged_xlsx,DS-174323,26433-77,
fatbook_merged_xlsx,DS-174323,26433-77,
wps_merged_xlsx,681-5581,26433-77,James Gaskets
oldbook_merged_xlsx,0934-4703,26434-76A,
wps_merged_xlsx,68-9439,26434-76A,Cometic Gaskets
oldbook_merged_xlsx,DS-174820,26434-76A,
wps_merged_xlsx,68-9445,26434-76A,Cometic Gaskets
oldbook_merged_xlsx,DS-194201,26434-76A,
wps_merged_xlsx,681-5366,26434-76A,James Gaskets
oldbook_merged_xlsx,DS-194202,26434-76A,
fatbook_merged_xlsx,DS-174821,26434-91,
wps_merged_xlsx,681-5367,26434-91,James Gaskets
vtwin_merged_xlsx,10-0750,26489-75,
oldbook_merged_xlsx,0934-4698,26495-75,
fatbook_merged_xlsx,0935-0236,26495-75,
wps_merged_xlsx,68-9399,26495-75,Cometic Gaskets
oldbook_merged_xlsx,DS-174875,26495-75,
wps_merged_xlsx,681-5364,26495-75,James Gaskets
oldbook_merged_xlsx,DS-194202,26495-75,
wps_merged_xlsx,681-5363,26495-75,James Gaskets
wps_merged_xlsx,681-5362,26495-89,James Gaskets
wps_merged_xlsx,681-5361,26495-89,James Gaskets
wps_merged_xlsx,681-5360,26495-89,James Gaskets
fatbook_merged_xlsx,DS-174876,26495-89A/B,
fatbook_merged_xlsx,0935-0237,26495-89B,
oldbook_merged_xlsx,DS-194201,26497-75,
wps_merged_xlsx,68-10039,26500002,Cometic Gaskets
oldbook_merged_xlsx,2106-0135,26552-72,
oldbook_merged_xlsx,DS-272158,26552-72,
oldbook_merged_xlsx,2106-0125,26554-77,
fatbook_merged_xlsx,2106-0125,26554-77,
oldbook_merged_xlsx,DS-272159,26554-77,
fatbook_merged_xlsx,DS-272159,26554-77,
oldbook_merged_xlsx,2101-0005,26557-83,
fatbook_merged_xlsx,2101-0005,26557-83,
oldbook_merged_xlsx,2101-0256,26557-83,
fatbook_merged_xlsx,2101-0256,26557-83,
oldbook_merged_xlsx,2101-0004,26558-84,
fatbook_merged_xlsx,2101-0004,26558-84,
wps_merged_xlsx,275-01150,26558-84,SMP
oldbook_merged_xlsx,2101-0255,26558-84,
fatbook_merged_xlsx,2101-0255,26558-84,
oldbook_merged_xlsx,0711-0234,26561-81A,
oldbook_merged_xlsx,2106-0126,26561-84,
oldbook_merged_xlsx,2106-0398,26561-84,
oldbook_merged_xlsx,DS-272160,26561-84,
oldbook_merged_xlsx,0711-0234,26561-84A,
fatbook_merged_xlsx,2106-0057,26561-99,
wps_merged_xlsx,275-01001,26561-99,SMP
oldbook_merged_xlsx,2101-0006,26566-91,
fatbook_merged_xlsx,2101-0006,26566-91,
wps_merged_xlsx,275-01152,26566-91,SMP
oldbook_merged_xlsx,2101-0257,26566-91,
fatbook_merged_xlsx,2101-0257,26566-91,
fatbook_merged_xlsx,0934-0737,26638-00,
oldbook_merged_xlsx,0932-0074,26641-36,
oldbook_merged_xlsx,DS-194202,26797-75,
oldbook_merged_xlsx,0935-0167,26856-89,
fatbook_merged_xlsx,DS-174284,26856-89,
wps_merged_xlsx,68-9481,26856-89,Cometic Gaskets
wps_merged_xlsx,681-5276,26856-89,James Gaskets
fatbook_merged_xlsx,0935-0146,26858-99,
wps_merged_xlsx,68-9633,26858-99,Cometic Gaskets
fatbook_merged_xlsx,DS-173232,26858-99,
wps_merged_xlsx,681-4108,26858-99,James Gaskets
oldbook_merged_xlsx,1003-0457,26992-99,
fatbook_merged_xlsx,1050-0418,26993-06,
oldbook_merged_xlsx,1003-0313,26995-86A,
wps_merged_xlsx,681-4219,26995-86A,James Gaskets
oldbook_merged_xlsx,1003-0457,26995-86A,
wps_merged_xlsx,681-4562,26995-86A,James Gaskets
wps_merged_xlsx,681-4563,26995-86A,James Gaskets
wps_merged_xlsx,681-4564,26995-86A,James Gaskets
wps_merged_xlsx,68-9290,26995-86A/26992-99,Cometic Gaskets
fatbook_merged_xlsx,1003-0457,26995-86A/B,
fatbook_merged_xlsx,DS-174368,26995-86A/B,
fatbook_merged_xlsx,0935-0156,26995-86A/B,
fatbook_merged_xlsx,1050-0418,26995-86A/B,
fatbook_merged_xlsx,0934-0548,26995-86A/B,
fatbook_merged_xlsx,1003-0313,26995-86A/B,
oldbook_merged_xlsx,1003-0457,26995-86B,
oldbook_merged_xlsx,0934-0548,26995-86D,
fatbook_merged_xlsx,DS-173479,26995-97,
fatbook_merged_xlsx,0934-0549,26995-98,
fatbook_merged_xlsx,0651-0001,27000004,
oldbook_merged_xlsx,0934-0944,27002-57,
fatbook_merged_xlsx,0934-0944,27002-57,
oldbook_merged_xlsx,0935-0088,27002-66,
oldbook_merged_xlsx,0935-0173,27002-89,
fatbook_merged_xlsx,0935-0157,27002-89,
wps_merged_xlsx,68-9088,27002-89,Cometic Gaskets
fatbook_merged_xlsx,DS-174373,27002-89,
wps_merged_xlsx,681-4565,27002-89,James Gaskets
oldbook_merged_xlsx,DS-289089,27006-76,
wps_merged_xlsx,865-01035,27006-76,Cycle Pro
oldbook_merged_xlsx,DS-289099,27006-76,
wps_merged_xlsx,681-4777,27006-76T,James Gaskets
wps_merged_xlsx,865-01036,27006-88,Cycle Pro
fatbook_merged_xlsx,1050-0232,27009-86B,
wps_merged_xlsx,820-2694,27009-86B,HardDrive
fatbook_merged_xlsx,1050-0232,27010-86B,
wps_merged_xlsx,820-2695,27010-86B,HardDrive
oldbook_merged_xlsx,0935-0221,27023-71,
wps_merged_xlsx,68-9417,27023-71,Cometic Gaskets
oldbook_merged_xlsx,DS-174710,27023-71,
wps_merged_xlsx,681-4891,27023-71,James Gaskets
vtwin_merged_xlsx,10-0471,27039-40,
oldbook_merged_xlsx,2401-0432,27039-48,
vtwin_merged_xlsx,10-0472,27039-48,
oldbook_merged_xlsx,DS-288801,27040-88,
fatbook_merged_xlsx,DS-288801,27040-88,
oldbook_merged_xlsx,2401-0430,27052-40,
oldbook_merged_xlsx,2401-0431,27059-40,
oldbook_merged_xlsx,0934-4705,27060-55,
wps_merged_xlsx,68-9453,27060-55,Cometic Gaskets
oldbook_merged_xlsx,DS-174220,27060-55,
wps_merged_xlsx,681-4893,27060-55,James Gaskets
wps_merged_xlsx,681-4894,27060-55,James Gaskets
oldbook_merged_xlsx,0934-4717,27062-78,
wps_merged_xlsx,68-9608,27062-78,Cometic Gaskets
oldbook_merged_xlsx,0935-0082,27062-78,
wps_merged_xlsx,681-4890,27062-78,James Gaskets
oldbook_merged_xlsx,1003-0458,27062-78,
oldbook_merged_xlsx,DS-174822,27062-78,
oldbook_merged_xlsx,1013-0043,27063-57,
oldbook_merged_xlsx,1013-0044,27063-80,
wps_merged_xlsx,820-2686,27071-88T,HardDrive
oldbook_merged_xlsx,0934-4627,27077-78,
fatbook_merged_xlsx,0934-4627,27077-78,
wps_merged_xlsx,68-9425,27077-78,Cometic Gaskets
oldbook_merged_xlsx,0935-0222,27077-78,
fatbook_merged_xlsx,DS-173446,27077-78,
wps_merged_xlsx,681-4560,27077-78,James Gaskets
oldbook_merged_xlsx,DS-173446,27077-78,
wps_merged_xlsx,681-4561,27077-78,James Gaskets
oldbook_merged_xlsx,DS-174492,27077-78,
oldbook_merged_xlsx,DS-173446,27077-87,
wps_merged_xlsx,681-4597,27121-89,James Gaskets
oldbook_merged_xlsx,DS-289090,27132-71,
wps_merged_xlsx,681-4600,27157-89,James Gaskets
oldbook_merged_xlsx,1003-1931,27159-92,
fatbook_merged_xlsx,0934-6317,27200038,
wps_merged_xlsx,68-10247,27200038,Cometic Gaskets
fatbook_merged_xlsx,1009-0012,27219-95,
wps_merged_xlsx,275-01034,27219-95,SMP
fatbook_merged_xlsx,DS-289143,27219-95,
fatbook_merged_xlsx,1009-0083,27219-95,
oldbook_merged_xlsx,1009-0012,27219-95/A,
oldbook_merged_xlsx,1009-0083,27219-95/A,
oldbook_merged_xlsx,DS-289143,27219-95/A,
oldbook_merged_xlsx,DS-173482,27237-95,
fatbook_merged_xlsx,DS-173482,27237-95,
wps_merged_xlsx,681-4240,27237-95,James Gaskets
wps_merged_xlsx,681-4241,27244-95,James Gaskets
oldbook_merged_xlsx,1022-0211,27270-95,
fatbook_merged_xlsx,1022-0211,27270-95,
wps_merged_xlsx,275-01040,27270-95,SMP
oldbook_merged_xlsx,1050-0238,27270-95,
fatbook_merged_xlsx,1050-0238,27270-95,
oldbook_merged_xlsx,DS-289144,27270-95,
fatbook_merged_xlsx,DS-289144,27270-95,
oldbook_merged_xlsx,1022-0252,27271-95,
fatbook_merged_xlsx,1022-0252,27271-95,
vtwin_merged_xlsx,10-0742,27290-24,
fatbook_merged_xlsx,0935-0993,27300082,
wps_merged_xlsx,68-10204,27300082,Cometic Gaskets
fatbook_merged_xlsx,0935-0980,27300087,
wps_merged_xlsx,68-10203,27300087,Cometic Gaskets
fatbook_merged_xlsx,0935-0992,27300087,
wps_merged_xlsx,681-6113,27300087,James Gaskets
wps_merged_xlsx,865-01042,27311-76,Cycle Pro
oldbook_merged_xlsx,DS-289105,27311-76A,
fatbook_merged_xlsx,DS-289105,27311-76A,
wps_merged_xlsx,681-4592,27311-76A,James Gaskets
wps_merged_xlsx,681-4915,27312-76,James Gaskets
oldbook_merged_xlsx,DS-174337,27324-83,
fatbook_merged_xlsx,DS-174337,27324-83,
wps_merged_xlsx,681-4913,27324-83,James Gaskets
wps_merged_xlsx,681-5627,27326-71,James Gaskets
wps_merged_xlsx,681-4892,27336-76,James Gaskets
wps_merged_xlsx,865-01040,27337-76,Cycle Pro
wps_merged_xlsx,681-4916,27358-76,James Gaskets
oldbook_merged_xlsx,DS-193626,27360-76,
fatbook_merged_xlsx,DS-193626,27360-76,
wps_merged_xlsx,681-4591,27360-76,James Gaskets
oldbook_merged_xlsx,DS-174445,27361-76,
fatbook_merged_xlsx,DS-174445,27361-76,
wps_merged_xlsx,865-01039,27361-76,Cycle Pro
wps_merged_xlsx,681-4590,27361-76,James Gaskets
oldbook_merged_xlsx,1003-0257,27371-76A,
fatbook_merged_xlsx,1003-0257,27371-76A,
wps_merged_xlsx,681-4912,27374-57,James Gaskets
oldbook_merged_xlsx,2401-0505,27376-28,
wps_merged_xlsx,681-5166,27378-57,James Gaskets
wps_merged_xlsx,681-4594,27385-76,James Gaskets
oldbook_merged_xlsx,DS-173456,27391-36,
fatbook_merged_xlsx,1022-0116,27400004,
fatbook_merged_xlsx,1022-0229,27400015,
fatbook_merged_xlsx,1022-0230,27400015,
fatbook_merged_xlsx,1022-0275,27400015,
wps_merged_xlsx,681-5164,27402-33,James Gaskets
wps_merged_xlsx,681-4910,27403-71,James Gaskets
wps_merged_xlsx,681-4911,27404-71,James Gaskets
fatbook_merged_xlsx,0706-0236,27408-01,
fatbook_merged_xlsx,1009-0013,27408-01,
wps_merged_xlsx,681-5140,27410-57,James Gaskets
oldbook_merged_xlsx,DS-174490,27411-40,
wps_merged_xlsx,865-01290,27421-99C,Cycle Pro
oldbook_merged_xlsx,2401-0500,27431-41,
oldbook_merged_xlsx,2401-0501,27431-41B,
oldbook_merged_xlsx,2401-0504,27432-36,
fatbook_merged_xlsx,0935-0155,27444-00,
fatbook_merged_xlsx,0935-0119,27444-00,
fatbook_merged_xlsx,0935-0849,27444-00,
wps_merged_xlsx,68-9201,27444-00Y,Cometic Gaskets
wps_merged_xlsx,681-4330,27444-00Y,James Gaskets
wps_merged_xlsx,865-01290,27465-04,Cycle Pro
wps_merged_xlsx,820-2634,27483-07,HardDrive
wps_merged_xlsx,865-01290,27490-04,Cycle Pro
oldbook_merged_xlsx,DS-194172,275,
oldbook_merged_xlsx,DS-194193,275,
oldbook_merged_xlsx,DS-194194,275,
oldbook_merged_xlsx,DS-194195,275,
oldbook_merged_xlsx,DS-194196,275,
oldbook_merged_xlsx,DS-194197,275,
oldbook_merged_xlsx,DS196313,275,
fatbook_merged_xlsx,DS-174371,27577-88,
wps_merged_xlsx,681-4599,27577-88,James Gaskets
fatbook_merged_xlsx,DS-174283,27577-92,
wps_merged_xlsx,681-4598,27577-92,James Gaskets
wps_merged_xlsx,820-50921,27581-88,HardDrive
oldbook_merged_xlsx,1050-0288,27585-88,
fatbook_merged_xlsx,1050-0288,27585-88,
wps_merged_xlsx,865-01032,27585-88,Cycle Pro
oldbook_merged_xlsx,1050-0398,27585-88,
wps_merged_xlsx,820-50569,27594-76,HardDrive
wps_merged_xlsx,275-01038,27609-01,SMP
fatbook_merged_xlsx,1022-0077,27609-01A/B,
fatbook_merged_xlsx,DS289284,27609-01A/B,
fatbook_merged_xlsx,1022-0113,27609-01A/B,
fatbook_merged_xlsx,1022-0115,27617-08,
fatbook_merged_xlsx,1022-0112,27625-06,
oldbook_merged_xlsx,1022-0209,27628-01A,
fatbook_merged_xlsx,1022-0209,27628-01A,
wps_merged_xlsx,275-01037,27628-01A,SMP
fatbook_merged_xlsx,1022-0084,27628-01A,
fatbook_merged_xlsx,1022-0085,27628-01A,
wps_merged_xlsx,275-01030,27629-01,SMP
fatbook_merged_xlsx,1022-0076,27629-01A,
fatbook_merged_xlsx,1022-0123,27629-01A,
fatbook_merged_xlsx,2103-1002,27629-01A,
fatbook_merged_xlsx,1022-0253,27629-01A,
fatbook_merged_xlsx,0935-1302,2763501B,
oldbook_merged_xlsx,DS-174447,27646-71,
wps_merged_xlsx,681-5625,27646-71,James Gaskets
fatbook_merged_xlsx,1022-0114,27654-06,
fatbook_merged_xlsx,1022-0022,27658-06,
wps_merged_xlsx,275-01036,27658-06,SMP
fatbook_merged_xlsx,1022-0074,27658-06,
fatbook_merged_xlsx,1022-0122,27658-06,
fatbook_merged_xlsx,1022-0021,27659-06,
wps_merged_xlsx,275-01031,27659-06,SMP
fatbook_merged_xlsx,1022-0073,27659-06,
fatbook_merged_xlsx,1022-0121,27659-06,
fatbook_merged_xlsx,1022-0255,27659-06,
fatbook_merged_xlsx,1022-0119,27665-01A,
fatbook_merged_xlsx,1861-0978,27683-07,
wps_merged_xlsx,865-01001,27683-07,Cycle Pro
fatbook_merged_xlsx,1861-1409,27690-08,
fatbook_merged_xlsx,0706-0124,27693-07,
fatbook_merged_xlsx,1860-2513,27703-08,
wps_merged_xlsx,865-01002,27703-08,Cycle Pro
fatbook_merged_xlsx,1861-0979,27703-08,
fatbook_merged_xlsx,1022-0112,27709-06A,
fatbook_merged_xlsx,1022-0181,27709-06A,
fatbook_merged_xlsx,1861-0977,27719-07,
wps_merged_xlsx,865-01000,27719-07,Cycle Pro
fatbook_merged_xlsx,1860-2508,27729-10,
fatbook_merged_xlsx,1861-1404,27729-10,
fatbook_merged_xlsx,1022-0228,27796-08,
fatbook_merged_xlsx,1860-2507,27809-10,
fatbook_merged_xlsx,1861-1405,27809-10,
wps_merged_xlsx,865-01041,27886-78,Cycle Pro
oldbook_merged_xlsx,DS-174448,27889-78,
wps_merged_xlsx,681-4914,27889-78,James Gaskets
oldbook_merged_xlsx,DS-193628,27892-78,
wps_merged_xlsx,681-4917,27892-78,James Gaskets
wps_merged_xlsx,681-4243,27964-00,James Gaskets
fatbook_merged_xlsx,1022-0254,27975-01,
wps_merged_xlsx,820-50836,28780,HardDrive
wps_merged_xlsx,820-50835,28780CP,HardDrive
fatbook_merged_xlsx,0935-0996,29000108,
wps_merged_xlsx,68-10207,29000108,Cometic Gaskets
fatbook_merged_xlsx,0934-5936,29000149,
wps_merged_xlsx,681-6114,29000149,James Gaskets
fatbook_merged_xlsx,0934-5969,29000149,
wps_merged_xlsx,68-10176,29000149,Cometic Gaskets
oldbook_merged_xlsx,DS-289502,29036-41,
oldbook_merged_xlsx,E-2470,29036-41,
oldbook_merged_xlsx,DS-289500,29036-72,
oldbook_merged_xlsx,HD-20,29036-72,
oldbook_merged_xlsx,HD-2076,29036-72,
fatbook_merged_xlsx,DS-289505,29036-86,
fatbook_merged_xlsx,DS-289510,29036-88A/B,
fatbook_merged_xlsx,HD-1388,29036-88A/B,
wps_merged_xlsx,820-50654,29036-88B/29331-96,HardDrive
fatbook_merged_xlsx,1011-4210,29044-04,
fatbook_merged_xlsx,1011-1068,29044-04B,
wps_merged_xlsx,820-50666,29044-04B,HardDrive
oldbook_merged_xlsx,1011-4207,29055-89,
fatbook_merged_xlsx,HD-0600,29055-89,
wps_merged_xlsx,820-50656,29055-89,HardDrive
oldbook_merged_xlsx,1011-4218,29055-89,
oldbook_merged_xlsx,0934-4620,29058-77,
fatbook_merged_xlsx,0934-4620,29058-77,
wps_merged_xlsx,68-9300,29058-77,Cometic Gaskets
oldbook_merged_xlsx,DS-174715,29058-77,
fatbook_merged_xlsx,DS-174715,29058-77,
wps_merged_xlsx,681-4570,29058-77,James Gaskets
wps_merged_xlsx,681-4896,29058-77,James Gaskets
oldbook_merged_xlsx,DS-173443,29058-77A,
oldbook_merged_xlsx,0934-1394,29059-88,
fatbook_merged_xlsx,0934-4621,29059-88,
wps_merged_xlsx,681-4568,29059-88,James Gaskets
fatbook_merged_xlsx,DS-174335,29059-88,
wps_merged_xlsx,681-4569,29059-88,James Gaskets
fatbook_merged_xlsx,DS-173441,29059-88,
wps_merged_xlsx,681-4567,29059-88,James Gaskets
wps_merged_xlsx,68-9301,29059-88-A,Cometic Gaskets
fatbook_merged_xlsx,DS-173442,29059-88A,
fatbook_merged_xlsx,0934-1342,29062-95,
fatbook_merged_xlsx,DS-173235,29062-95B,
wps_merged_xlsx,681-4244,29062-95B,James Gaskets
oldbook_merged_xlsx,DS-289501,29086-73,
oldbook_merged_xlsx,HD-2075,29086-73,
oldbook_merged_xlsx,HD-2076,29086-73,
oldbook_merged_xlsx,HD-2076,29086-75,
oldbook_merged_xlsx,DS-173445,29095-95,
fatbook_merged_xlsx,DS-173445,29095-95,
wps_merged_xlsx,681-4571,29095-95,James Gaskets
fatbook_merged_xlsx,1011-1435,29191-08,
wps_merged_xlsx,820-50662,29191-08,HardDrive
fatbook_merged_xlsx,1011-2958,29191-08,
fatbook_merged_xlsx,1011-4199,29191-08,
fatbook_merged_xlsx,0504-0430,29200008A,
oldbook_merged_xlsx,0654-0028,29209-86,
wps_merged_xlsx,70-6247,29209-86,Motion Pro
oldbook_merged_xlsx,0654-0028,29210-86,
wps_merged_xlsx,70-6247,29210-86,Motion Pro
oldbook_merged_xlsx,0654-0026,29211-86,
wps_merged_xlsx,70-6205,29211-86,Motion Pro
oldbook_merged_xlsx,0654-0026,29213-79,
wps_merged_xlsx,70-6205,29213-79,Motion Pro
oldbook_merged_xlsx,DS-289034,29214-67A,
oldbook_merged_xlsx,0654-0027,29216-72,
wps_merged_xlsx,70-6244,29216-72,Motion Pro
oldbook_merged_xlsx,0654-0027,29219-78,
wps_merged_xlsx,70-6244,29219-78,Motion Pro
oldbook_merged_xlsx,0654-0028,29225-79,
wps_merged_xlsx,70-6247,29225-79,Motion Pro
oldbook_merged_xlsx,DS-289035,29228-80,
oldbook_merged_xlsx,0654-0025,29229-88,
wps_merged_xlsx,70-6204,29229-88/A,Motion Pro
fatbook_merged_xlsx,0654-0025,29229-88A/B/C/D,
oldbook_merged_xlsx,0654-0025,29236-90,
fatbook_merged_xlsx,0654-0025,29236-90,
wps_merged_xlsx,70-6204,29236-90,Motion Pro
fatbook_merged_xlsx,0654-0029,29238-92,
wps_merged_xlsx,70-6295,29238-92,Motion Pro
fatbook_merged_xlsx,0654-0048,29238-92,
fatbook_merged_xlsx,0654-0029,29238-92A,
fatbook_merged_xlsx,NU-3428,29239-96Y,
fatbook_merged_xlsx,0934-4619,29241-08,
wps_merged_xlsx,681-4211,29241-08,James Gaskets
fatbook_merged_xlsx,1010-0893,29241-08,
fatbook_merged_xlsx,1011-1410,29242-08,
oldbook_merged_xlsx,0934-1360,29242-83,
wps_merged_xlsx,68-9299,29242-83,Cometic Gaskets
oldbook_merged_xlsx,DS-174336,29242-83,
wps_merged_xlsx,681-4566,29242-83,James Gaskets
wps_merged_xlsx,820-50660,29244-08,HardDrive
fatbook_merged_xlsx,1011-0557,29244-99A/B/C/D,
oldbook_merged_xlsx,0935-0100,29250-55,
oldbook_merged_xlsx,DS-289104,29250-78,
oldbook_merged_xlsx,DS-289503,29255-78,
oldbook_merged_xlsx,DS-289506,29259-83A,
oldbook_merged_xlsx,DS-289507,29259-86,
wps_merged_xlsx,820-50657,29259-86T,HardDrive
oldbook_merged_xlsx,1011-4200,29259-91A,
wps_merged_xlsx,820-50653,29259-91A/29330-96,HardDrive
oldbook_merged_xlsx,DS-289508,29288-83,
oldbook_merged_xlsx,HD-1395,29291-95,
wps_merged_xlsx,820-50655,29291-95,HardDrive
oldbook_merged_xlsx,0934-1343,29313-95,
fatbook_merged_xlsx,DS-173444,29313-95,
wps_merged_xlsx,681-4217,29313-95,James Gaskets
oldbook_merged_xlsx,0934-2018,29313-95,
fatbook_merged_xlsx,1011-2898,29314-08,
fatbook_merged_xlsx,1011-3179,29314-08,
fatbook_merged_xlsx,1011-4203,29314-08,
oldbook_merged_xlsx,1011-3247,29325-95A,
oldbook_merged_xlsx,1011-2960,29330-96,
oldbook_merged_xlsx,1011-4200,29330-96,
oldbook_merged_xlsx,DS-289499,29330-96,
fatbook_merged_xlsx,1011-0532,29331-04,
wps_merged_xlsx,820-50658,29331-04,HardDrive
fatbook_merged_xlsx,1011-2959,29331-04,
fatbook_merged_xlsx,1011-4196,29331-04,
fatbook_merged_xlsx,1011-2961,29331-96,
fatbook_merged_xlsx,1011-4201,29331-96,
fatbook_merged_xlsx,DS-289510,29331-96,
fatbook_merged_xlsx,HD-1388,29331-96,
wps_merged_xlsx,681-4242,29368-99,James Gaskets
fatbook_merged_xlsx,1011-4213,29385-08,
wps_merged_xlsx,820-50661,29385-08,HardDrive
fatbook_merged_xlsx,1011-4224,29385-08,
vtwin_merged_xlsx,10-0295,294-36A,
fatbook_merged_xlsx,1011-3177,29400015,
fatbook_merged_xlsx,1011-3227,29400015,
fatbook_merged_xlsx,1011-4260,29400015,
fatbook_merged_xlsx,1011-1410,29400019,
fatbook_merged_xlsx,1011-1068,29400026,
fatbook_merged_xlsx,1011-2956,29400042,
fatbook_merged_xlsx,1011-4197,29400042,
fatbook_merged_xlsx,HD-1499,29400042,
fatbook_merged_xlsx,1011-3178,29400045,
wps_merged_xlsx,820-50651,29400045,HardDrive
fatbook_merged_xlsx,1011-3282,29400045,
fatbook_merged_xlsx,1011-3531,29400078,
wps_merged_xlsx,820-50650,29400129,HardDrive
fatbook_merged_xlsx,1011-3940,29400212,
wps_merged_xlsx,820-50664,29400212,HardDrive
fatbook_merged_xlsx,1011-3975,29400212,
fatbook_merged_xlsx,1011-4230,29400212,
fatbook_merged_xlsx,1011-4226,29400248,
fatbook_merged_xlsx,1011-4228,29400248,
fatbook_merged_xlsx,1011-4304,29400248,
fatbook_merged_xlsx,1011-4227,29400267,
fatbook_merged_xlsx,1011-4229,29400267,
fatbook_merged_xlsx,1011-4669,29400267,
fatbook_merged_xlsx,1011-4167,29400269,
fatbook_merged_xlsx,1011-4669,29400293,
fatbook_merged_xlsx,1011-4669,29400298,
fatbook_merged_xlsx,1011-4669,29400299,
fatbook_merged_xlsx,1011-4665,29400390,
fatbook_merged_xlsx,1011-4771,29400390,
fatbook_merged_xlsx,1011-0332,29437-01,
fatbook_merged_xlsx,1011-1345,29437-01,
fatbook_merged_xlsx,1011-4211,29437-01,
fatbook_merged_xlsx,1011-4222,29437-01A,
wps_merged_xlsx,820-50665,29442-99,HardDrive
fatbook_merged_xlsx,1011-4209,29442-99A,
fatbook_merged_xlsx,1011-2956,29461-99,
wps_merged_xlsx,820-50652,29461-99,HardDrive
fatbook_merged_xlsx,1011-4197,29461-99,
fatbook_merged_xlsx,HD-1499,29461-99,
fatbook_merged_xlsx,1011-4208,29462-99,
fatbook_merged_xlsx,1011-4219,29462-99,
fatbook_merged_xlsx,HD-8899,29462-99,
wps_merged_xlsx,681-4216,29463-99,James Gaskets
fatbook_merged_xlsx,1012-0242,29476-99,
fatbook_merged_xlsx,1012-0243,29502-08A,
oldbook_merged_xlsx,DS-242408,29533-55A,
oldbook_merged_xlsx,DS-242409,29534-55A,
oldbook_merged_xlsx,0934-4681,29550-55,
wps_merged_xlsx,68-9327,29550-55,Cometic Gaskets
wps_merged_xlsx,681-5561,29550-55,James Gaskets
wps_merged_xlsx,681-4213,29583-01,James Gaskets
fatbook_merged_xlsx,0934-0324,29583-01A,
wps_merged_xlsx,681-4212,29583-01A,James Gaskets
fatbook_merged_xlsx,0934-1617,29583-01A,
wps_merged_xlsx,681-5562,29603-48,James Gaskets
fatbook_merged_xlsx,1011-1289,29633-08,
wps_merged_xlsx,820-50659,29633-08,HardDrive
fatbook_merged_xlsx,1011-2957,29633-08,
oldbook_merged_xlsx,DS173538,29639-99,
fatbook_merged_xlsx,DS173538,29639-99,
wps_merged_xlsx,68-10007,29645-08,Cometic Gaskets
wps_merged_xlsx,681-4214,29645-08,James Gaskets
fatbook_merged_xlsx,1011-2674,29670-09,
wps_merged_xlsx,820-50663,29670-09,HardDrive
fatbook_merged_xlsx,2112-1313,29900026,
fatbook_merged_xlsx,2112-1848,29900026,
fatbook_merged_xlsx,2112-0330,29900029,
fatbook_merged_xlsx,2112-1206,29900033,
fatbook_merged_xlsx,2112-1314,29900038A,
fatbook_merged_xlsx,2112-1311,29900042A,
fatbook_merged_xlsx,2112-1405,29900058,
fatbook_merged_xlsx,2112-1313,29900068,
vtwin_merged_xlsx,10-8542,29908-82,
vtwin_merged_xlsx,10-8543,29908-82,
vtwin_merged_xlsx,10-8544,29909-82,
vtwin_merged_xlsx,10-8545,29910-82,
wps_merged_xlsx,681-5563,29911-82,James Gaskets
fatbook_merged_xlsx,2112-0453,29943-06,
fatbook_merged_xlsx,2112-0157,29951-99,
wps_merged_xlsx,273-1431,29951-99,Cycle Electric
fatbook_merged_xlsx,2112-0456,29951-99,
oldbook_merged_xlsx,DS-195208,29957-70,
oldbook_merged_xlsx,DS-195206,29957-81B,
vtwin_merged_xlsx,10-2550,29960-85,
vtwin_merged_xlsx,10-2549,29960-91,
vtwin_merged_xlsx,10-2558,29961-85,
oldbook_merged_xlsx,DS-195096,29965-70,
oldbook_merged_xlsx,DS-195097,29965-75,
oldbook_merged_xlsx,DS-195208,29965-75,
oldbook_merged_xlsx,152102,29965-75,
oldbook_merged_xlsx,2112-0155,29965-81A,
wps_merged_xlsx,273-1421,29965-81A,Cycle Electric
oldbook_merged_xlsx,152103,29965-81A,
oldbook_merged_xlsx,DS-195035,29965-81A,
oldbook_merged_xlsx,DS-195098,29965-81A,
oldbook_merged_xlsx,2112-0158,29967-84A,
fatbook_merged_xlsx,2112-0158,29967-84A,
wps_merged_xlsx,273-1424,29967-84A,Cycle Electric
oldbook_merged_xlsx,DS-195093,29967-84A,
fatbook_merged_xlsx,DS-195093,29967-84A,
wps_merged_xlsx,273-1429,29967-89,Cycle Electric
fatbook_merged_xlsx,DS-195039,29967-89/A/B,
fatbook_merged_xlsx,DS-195224,29967-89/A/B,
wps_merged_xlsx,273-1426,29970-88,Cycle Electric
oldbook_merged_xlsx,152107,29970-88C,
oldbook_merged_xlsx,DS-195092,29970-88C,
oldbook_merged_xlsx,2111-0176,29975-58A,
oldbook_merged_xlsx,DS-195105,29975-65A,
wps_merged_xlsx,26-20003,29975-65A,WPS Starter
wps_merged_xlsx,280-2001,29975-65A/29978-77A,All Balls Racing
oldbook_merged_xlsx,2112-0093,29981-95,
fatbook_merged_xlsx,2112-0093,29981-95,
fatbook_merged_xlsx,2112-0160,29987-02,
wps_merged_xlsx,273-1402,29987-02,Cycle Electric
fatbook_merged_xlsx,2112-0206,29987-02,
fatbook_merged_xlsx,2112-0330,29987-06/A/B,
fatbook_merged_xlsx,2112-0399,29987-06/A/B,
wps_merged_xlsx,273-1418,29987-06A,Cycle Electric
oldbook_merged_xlsx,152110,29987-97,
wps_merged_xlsx,273-1403,29987-97,Cycle Electric
oldbook_merged_xlsx,DS-195228,29987-97,
fatbook_merged_xlsx,2112-0159,29987-99,
wps_merged_xlsx,273-1404,29987-99,Cycle Electric
fatbook_merged_xlsx,2112-0455,29987-99,
wps_merged_xlsx,273-1401,29997-07,Cycle Electric
fatbook_merged_xlsx,2112-0457,29997-07A,
fatbook_merged_xlsx,2112-0847,29997-07A,
oldbook_merged_xlsx,2112-0092,29999-97,
fatbook_merged_xlsx,2112-0092,29999-97,
fatbook_merged_xlsx,41800011,2HH,
wps_merged_xlsx,274-0160,3,Accel
oldbook_merged_xlsx,2111-0190,30012-32,
wps_merged_xlsx,273-1405,30017-01,Cycle Electric
fatbook_merged_xlsx,2112-0094,30017-01/A,
fatbook_merged_xlsx,2112-0146,30017-01/A,
fatbook_merged_xlsx,2112-0397,30017-07,
wps_merged_xlsx,273-1413,30017-07,Cycle Electric
fatbook_merged_xlsx,2112-0398,30017-08,
wps_merged_xlsx,273-1415,30017-08,Cycle Electric
fatbook_merged_xlsx,2112-1515,30017-08,
fatbook_merged_xlsx,2112-1206,30041-08A,
oldbook_merged_xlsx,0934-4677,30143-30,
wps_merged_xlsx,68-9322,30143-30,Cometic Gaskets
oldbook_merged_xlsx,DS-173386,30143-30,
wps_merged_xlsx,681-5102,30143-30,James Gaskets
oldbook_merged_xlsx,0934-4675,30143-58,
wps_merged_xlsx,68-9321,30143-58,Cometic Gaskets
oldbook_merged_xlsx,0934-4676,30143-58,
wps_merged_xlsx,681-5101,30143-58,James Gaskets
oldbook_merged_xlsx,DS-174040,30143-58,
oldbook_merged_xlsx,DS-194490,30145-46A,
wps_merged_xlsx,681-5007,30145-46A,James Gaskets
vtwin_merged_xlsx,10-2553,30148-58A,
oldbook_merged_xlsx,192300,30426-58,
oldbook_merged_xlsx,DS-195099,30426-58,
oldbook_merged_xlsx,2111-0175,30475-66,
oldbook_merged_xlsx,DS-242406,30605-48,
fatbook_merged_xlsx,2112-1757,30734-04K,
fatbook_merged_xlsx,2112-1758,30734-08K,
oldbook_merged_xlsx,151301,30851-65A,
oldbook_merged_xlsx,DS-195086,30851-65A,
wps_merged_xlsx,681-5103,31015-30,James Gaskets
oldbook_merged_xlsx,2111-0179,31035-31,
oldbook_merged_xlsx,2111-0178,31067-63,
fatbook_merged_xlsx,2401-1125,3109,
oldbook_merged_xlsx,0934-1368,31320-80,
wps_merged_xlsx,681-4708,31320-80,James Gaskets
oldbook_merged_xlsx,DS-174441,31320-80,
oldbook_merged_xlsx,0934-1369,31321-80,
wps_merged_xlsx,681-4709,31321-80,James Gaskets
oldbook_merged_xlsx,DS-174442,31321-80,
oldbook_merged_xlsx,0935-0182,31341-80,
wps_merged_xlsx,681-4636,31341-80,James Gaskets
oldbook_merged_xlsx,DS-174486,31341-80,
wps_merged_xlsx,68-9509,31341-80-DL,Cometic Gaskets
wps_merged_xlsx,280-1009,31390-86,All Balls Racing
wps_merged_xlsx,26-20004,31390-86,WPS Starter
wps_merged_xlsx,280-1010,31390-91B,All Balls Racing
oldbook_merged_xlsx,2110-0361,31424-67,
oldbook_merged_xlsx,DS-242097,31424-67,
oldbook_merged_xlsx,DS-173471,31433-84,
wps_merged_xlsx,681-4626,31433-84,James Gaskets
oldbook_merged_xlsx,0935-0177,31433-84A,
wps_merged_xlsx,68-9363,31433-84A,Cometic Gaskets
oldbook_merged_xlsx,DS-174346,31433-84A,
wps_merged_xlsx,681-4627,31433-84A,James Gaskets
fatbook_merged_xlsx,0935-0127,31434-06,
oldbook_merged_xlsx,2110-0592,31441-65A,
wps_merged_xlsx,820-60300,31443-65,HardDrive
oldbook_merged_xlsx,2110-0240,31443-65A,
wps_merged_xlsx,279-2109,31443-65A,All Balls Racing
oldbook_merged_xlsx,2110-0369,31443-65A,
oldbook_merged_xlsx,DS-242117,31443-65A,
oldbook_merged_xlsx,DS-373608,31444-65A,
oldbook_merged_xlsx,2110-0234,31445-65A,
oldbook_merged_xlsx,DS-242098,31445-65A,
oldbook_merged_xlsx,0934-4721,31461-70,
wps_merged_xlsx,681-5674,31461-70,James Gaskets
oldbook_merged_xlsx,DS-174072,31461-70,
wps_merged_xlsx,280-1007,31463-88T,All Balls Racing
wps_merged_xlsx,26-20001,31463-88T,WPS Starter
oldbook_merged_xlsx,DS-195156,31465-65,
wps_merged_xlsx,681-5675,31471-67,James Gaskets
oldbook_merged_xlsx,0934-4679,31471-67A,
wps_merged_xlsx,68-9324,31471-67A,Cometic Gaskets
oldbook_merged_xlsx,DS-373608,31475-77,
oldbook_merged_xlsx,2401-0425,31478-65,
wps_merged_xlsx,681-4956,31478-65,James Gaskets
oldbook_merged_xlsx,0934-4683,31488-77,
wps_merged_xlsx,68-9333,31488-77,Cometic Gaskets
oldbook_merged_xlsx,DS-174071,31488-77,
wps_merged_xlsx,681-5673,31488-77,James Gaskets
wps_merged_xlsx,681-5672,31488-77,James Gaskets
fatbook_merged_xlsx,DS-174338,31488-81,
wps_merged_xlsx,68-9312,31488-81,Cometic Gaskets
wps_merged_xlsx,681-5472,31488-81,James Gaskets
wps_merged_xlsx,681-5471,31488-81,James Gaskets
oldbook_merged_xlsx,DS-174338,31488-81A/B/C,
oldbook_merged_xlsx,0934-4667,31488-81A/B/C,
fatbook_merged_xlsx,0935-0238,31488-81B,
oldbook_merged_xlsx,DS242281,31489-79A/B,
oldbook_merged_xlsx,2110-0370,31489-79A/B,
oldbook_merged_xlsx,2110-0449,31490-67,
oldbook_merged_xlsx,2110-0317,31493-67,
wps_merged_xlsx,681-4950,31497-65,James Gaskets
oldbook_merged_xlsx,2110-0450,31501-65,
oldbook_merged_xlsx,2110-0235,31503-65,
oldbook_merged_xlsx,2110-0236,31503-70,
oldbook_merged_xlsx,2110-0374,31504-91A,
fatbook_merged_xlsx,2110-0374,31504-91A,
wps_merged_xlsx,275-01093,31504-91A,SMP
oldbook_merged_xlsx,2110-0504,31504-91A,
fatbook_merged_xlsx,2110-0504,31504-91A,
wps_merged_xlsx,850-08624,31504-91A,Namz
oldbook_merged_xlsx,DS-325866,31504-91A,
fatbook_merged_xlsx,DS-325866,31504-91A,
oldbook_merged_xlsx,2110-0372,31506-79B,
fatbook_merged_xlsx,2110-0372,31506-79B,
wps_merged_xlsx,275-01091,31506-79B,SMP
oldbook_merged_xlsx,DS-325702,31506-79B,
fatbook_merged_xlsx,DS-325702,31506-79B,
fatbook_merged_xlsx,0913-1002,31511-01A,
wps_merged_xlsx,275-01095,31511-01A,SMP
fatbook_merged_xlsx,2110-0365,31511-01A,
wps_merged_xlsx,275-01094,31522-00,SMP
fatbook_merged_xlsx,2110-0373,31522-00B,
fatbook_merged_xlsx,DS-325849,31522-00B,
oldbook_merged_xlsx,2110-0237,31530-65,
oldbook_merged_xlsx,2110-0554,31535-66,
oldbook_merged_xlsx,2110-0451,31539-66,
oldbook_merged_xlsx,79-2103,31544-90,
wps_merged_xlsx,279-2103,31544-90,All Balls Racing
wps_merged_xlsx,280-1001,31553-90,All Balls Racing
wps_merged_xlsx,280-1003,31553-90,All Balls Racing
wps_merged_xlsx,26-20006,31553-90,WPS Starter
wps_merged_xlsx,280-1002,31553-94,All Balls Racing
wps_merged_xlsx,280-1004,31553-94,All Balls Racing
oldbook_merged_xlsx,2110-0010,31567-81,
fatbook_merged_xlsx,2110-0010,31567-81,
oldbook_merged_xlsx,2110-0367,31567-81,
fatbook_merged_xlsx,2110-0367,31567-81,
wps_merged_xlsx,280-1005,31570-73,All Balls Racing
wps_merged_xlsx,26-30011,31570-73,WPS Starter
oldbook_merged_xlsx,DS-195155,31572-73,
oldbook_merged_xlsx,DS-195154,31572-79,
oldbook_merged_xlsx,2110-0452,31576-73,
oldbook_merged_xlsx,DS-194144,31582-73,
fatbook_merged_xlsx,2110-0493,31586-07,
wps_merged_xlsx,275-01097,31586-07,SMP
fatbook_merged_xlsx,2110-0494,31586-07,
fatbook_merged_xlsx,2106-0605,31595-09,
oldbook_merged_xlsx,DS-195147,31596-85,
fatbook_merged_xlsx,DS-195147,31596-85,
fatbook_merged_xlsx,2102-0397,31600017,
fatbook_merged_xlsx,2102-0473,31600017,
fatbook_merged_xlsx,2102-0416,31600067,
fatbook_merged_xlsx,2102-0474,31600067,
fatbook_merged_xlsx,2106-0058,31601-04,
wps_merged_xlsx,275-01096,31601-04,SMP
fatbook_merged_xlsx,2110-0366,31601-04,
fatbook_merged_xlsx,79-1101,31603-91,
fatbook_merged_xlsx,2110-0981,31604-06,
oldbook_merged_xlsx,79-1101,31604-91,
fatbook_merged_xlsx,DS-196230,31604-91,
oldbook_merged_xlsx,DS-196230,31604-91,
oldbook_merged_xlsx,2102-0215,31609-65,
fatbook_merged_xlsx,2102-0215,31609-65,
oldbook_merged_xlsx,2102-0368,31609-65A,
oldbook_merged_xlsx,2102-0217,31609-80,
fatbook_merged_xlsx,2102-0217,31609-80,
oldbook_merged_xlsx,2102-0308,31609-80,
fatbook_merged_xlsx,2102-0276,31609-80,
fatbook_merged_xlsx,2102-0308,31609-80,
fatbook_merged_xlsx,2102-0277,3160965A,
oldbook_merged_xlsx,2102-0369,31614-83,
oldbook_merged_xlsx,2102-0228,31614-83A,
fatbook_merged_xlsx,2102-0228,31614-83A,
oldbook_merged_xlsx,2102-0275,31614-83A,
fatbook_merged_xlsx,2102-0275,31614-83A,
wps_merged_xlsx,280-1013,31618-06,All Balls Racing
wps_merged_xlsx,26-20013,31618-06,WPS Starter
fatbook_merged_xlsx,2110-0247,31618-06A,
wps_merged_xlsx,280-1014,31618-06A,All Balls Racing
fatbook_merged_xlsx,2110-0248,31621-06A,
fatbook_merged_xlsx,2110-0319,31632-06,
fatbook_merged_xlsx,2110-0319,31633-07,
wps_merged_xlsx,820-60304,31633-07,HardDrive
oldbook_merged_xlsx,2102-0332,31639-95,
fatbook_merged_xlsx,2102-0333,31639-99,
oldbook_merged_xlsx,2102-0367,31643-83,
fatbook_merged_xlsx,2102-0359,31646-98,
fatbook_merged_xlsx,2102-0141,31655-99,
fatbook_merged_xlsx,2102-0225,31655-99,
fatbook_merged_xlsx,7805-3031,31655-99,
fatbook_merged_xlsx,2102-0274,31656-07,
oldbook_merged_xlsx,79-2101,31663-90,
fatbook_merged_xlsx,2110-0115,31663-90,
wps_merged_xlsx,279-2101,31663-90,All Balls Racing
oldbook_merged_xlsx,2110-0115,31663-90,
fatbook_merged_xlsx,2110-0590,31663-90,
wps_merged_xlsx,820-60303,31663-90,HardDrive
oldbook_merged_xlsx,2110-0590,31663-90,
fatbook_merged_xlsx,2110-0591,31663-90,
wps_merged_xlsx,820-60302,31663-90,HardDrive
oldbook_merged_xlsx,2110-0591,31663-90,
fatbook_merged_xlsx,DS-196231,31663-90,
oldbook_merged_xlsx,DS-196231,31663-90,
wps_merged_xlsx,279-2104,31681-07,All Balls Racing
fatbook_merged_xlsx,2102-0357,31684-08,
fatbook_merged_xlsx,2102-0358,31684-11,
oldbook_merged_xlsx,0935-0285,31695-90,
fatbook_merged_xlsx,0935-0285,31695-90,
wps_merged_xlsx,681-4331,31695-90,James Gaskets
fatbook_merged_xlsx,2102-0278,31696-07A,
fatbook_merged_xlsx,2102-0283,31696-07A,
wps_merged_xlsx,26-20020,31717-01K,WPS Starter
oldbook_merged_xlsx,DS-325469,31724-65,
oldbook_merged_xlsx,DS-325469,31728-78,
fatbook_merged_xlsx,2102-0077,31740-04,
fatbook_merged_xlsx,2102-0216,31743-01,
fatbook_merged_xlsx,2102-0224,31743-01,
fatbook_merged_xlsx,2102-0244,31743-01,
fatbook_merged_xlsx,2102-0246,31743-01,
fatbook_merged_xlsx,2102-0077,31755-04,
fatbook_merged_xlsx,DS-373598,31783-00,
fatbook_merged_xlsx,1022-0200,32313-01,
wps_merged_xlsx,865-01094,32313-01,Cycle Pro
fatbook_merged_xlsx,1022-0200,32313-01A,
fatbook_merged_xlsx,2212-0798,32315-01,
wps_merged_xlsx,275-01033,32315-01,SMP
fatbook_merged_xlsx,55-1037,32316-99,
wps_merged_xlsx,275-01043,32316-99,SMP
fatbook_merged_xlsx,1022-0075,32316-99,
fatbook_merged_xlsx,1022-0124,32316-99,
fatbook_merged_xlsx,1050-0039,32316-99,
wps_merged_xlsx,865-01280,32319-07,Cycle Pro
fatbook_merged_xlsx,1022-0162,32319-07A,
oldbook_merged_xlsx,0807-0116,32400-80A,
fatbook_merged_xlsx,0807-0116,32400-80A,
wps_merged_xlsx,275-01070,32400-80A,SMP
oldbook_merged_xlsx,0807-3017,32400-80A,
oldbook_merged_xlsx,0807-0118,32400-94,
fatbook_merged_xlsx,0807-0118,32400-94,
wps_merged_xlsx,275-01072,32400-94,SMP
oldbook_merged_xlsx,0807-3019,32400-94,
fatbook_merged_xlsx,0807-3019,32400-94,
oldbook_merged_xlsx,2101-0234,32402-83,
fatbook_merged_xlsx,2101-0234,32402-83,
oldbook_merged_xlsx,2101-0332,32402-83,
fatbook_merged_xlsx,2101-0332,32402-83,
oldbook_merged_xlsx,0807-0117,32404-90,
wps_merged_xlsx,275-01071,32404-90,SMP
oldbook_merged_xlsx,0807-3018,32404-90,
fatbook_merged_xlsx,2112-0454,32413-92A,
fatbook_merged_xlsx,7805-0022,3242,
oldbook_merged_xlsx,DS189001,32424-95,
fatbook_merged_xlsx,DS189001,32424-95,
wps_merged_xlsx,275-01041,32424-95,SMP
fatbook_merged_xlsx,2120-0594,32435-00,
wps_merged_xlsx,850-08772,32435-00,Namz
fatbook_merged_xlsx,2120-0595,32435-01,
wps_merged_xlsx,850-08773,32435-01,Namz
fatbook_merged_xlsx,2120-1447,32435-97,
fatbook_merged_xlsx,2120-0818,32435-99,
wps_merged_xlsx,850-08771,32435-99,Namz
fatbook_merged_xlsx,55-1014,32446-99,
wps_merged_xlsx,275-01032,32446-99,SMP
fatbook_merged_xlsx,1050-0239,32446-99,
fatbook_merged_xlsx,2212-0861,32446-99,
fatbook_merged_xlsx,DS289285,32446-99,
oldbook_merged_xlsx,1022-0198,32447-95,
fatbook_merged_xlsx,2102-0334,32477-01A,
fatbook_merged_xlsx,2112-0334,32494-04,
fatbook_merged_xlsx,2112-0334,32494-04B,
wps_merged_xlsx,865-01080,32496-99,Cycle Pro
wps_merged_xlsx,865-01090,32497-99,Cycle Pro
fatbook_merged_xlsx,1022-0197,32497-99A,
oldbook_merged_xlsx,DS-189975,32511-36,
oldbook_merged_xlsx,0934-4685,32521-36,
wps_merged_xlsx,68-9337,32521-36,Cometic Gaskets
oldbook_merged_xlsx,DS-174436,32521-36,
wps_merged_xlsx,681-5002,32521-36,James Gaskets
wps_merged_xlsx,68-9325,32522-37,Cometic Gaskets
vtwin_merged_xlsx,10-0717,32525-36A,
vtwin_merged_xlsx,10-1269,32535-48,
vtwin_merged_xlsx,10-1270,32536-48,
vtwin_merged_xlsx,10-1271,32537-48,
vtwin_merged_xlsx,10-1272,32538-48,
oldbook_merged_xlsx,DS-242301,32577-70,
oldbook_merged_xlsx,0934-4678,32591-70,
wps_merged_xlsx,68-9323,32591-70,Cometic Gaskets
oldbook_merged_xlsx,DS-174240,32591-70,
wps_merged_xlsx,681-5671,32591-70,James Gaskets
wps_merged_xlsx,681-5670,32591-70,James Gaskets
oldbook_merged_xlsx,0934-1359,32591-80,
wps_merged_xlsx,68-9306,32591-80,Cometic Gaskets
oldbook_merged_xlsx,0934-4666,32591-80,
wps_merged_xlsx,681-4710,32591-80,James Gaskets
oldbook_merged_xlsx,DS-174435,32591-80,
wps_merged_xlsx,681-4711,32591-80,James Gaskets
oldbook_merged_xlsx,2401-0463,32601-78,
oldbook_merged_xlsx,2130-0047,32601-80,
fatbook_merged_xlsx,2401-0464,32601-80,
oldbook_merged_xlsx,2401-0464,32601-80,
oldbook_merged_xlsx,2130-0047,32606-82,
fatbook_merged_xlsx,2401-0464,32606-82,
oldbook_merged_xlsx,2401-0464,32606-82,
oldbook_merged_xlsx,2105-0117,32658-30,
oldbook_merged_xlsx,DS-242404,32661-70,
wps_merged_xlsx,275-01020,32661-70,SMP
oldbook_merged_xlsx,DS-242407,32661-70,
fatbook_merged_xlsx,1860-2509,32700005,
fatbook_merged_xlsx,1861-1406,32700005,
fatbook_merged_xlsx,1860-2506,32700006,
fatbook_merged_xlsx,1861-1407,32700006,
fatbook_merged_xlsx,2130-0331,32700015,
fatbook_merged_xlsx,2130-0317,32700017,
fatbook_merged_xlsx,1860-2510,32700026,
fatbook_merged_xlsx,1861-1408,32700026,
fatbook_merged_xlsx,2212-0798,32700028,
fatbook_merged_xlsx,1860-2512,32700046,
wps_merged_xlsx,865-01070,32700046,Cycle Pro
fatbook_merged_xlsx,1861-1466,32700046,
fatbook_merged_xlsx,1022-0261,32700048,
wps_merged_xlsx,865-01097,32700048,Cycle Pro
wps_merged_xlsx,68-10190,32700065,Cometic Gaskets
fatbook_merged_xlsx,1861-1467,32700083,
wps_merged_xlsx,865-01071,32700083,Cycle Pro
wps_merged_xlsx,865-01092,32707-00,Cycle Pro
fatbook_merged_xlsx,1022-0201,32707-00B/C,
fatbook_merged_xlsx,55-1051,32707-01B/C,
fatbook_merged_xlsx,1022-0202,32707-01B/C,
fatbook_merged_xlsx,1022-0274,32707-01B/C,
wps_merged_xlsx,865-01093,32707-01C,Cycle Pro
oldbook_merged_xlsx,2105-0118,32726-30,
oldbook_merged_xlsx,DS-242405,32726-30A,
wps_merged_xlsx,275-01022,32726-30A,SMP
wps_merged_xlsx,275-01023,32726-30A,SMP
wps_merged_xlsx,865-01081,32793-00,Cycle Pro
wps_merged_xlsx,865-01082,32794-00,Cycle Pro
wps_merged_xlsx,865-01091,32798-00,Cycle Pro
fatbook_merged_xlsx,1022-0203,32798-00A,
fatbook_merged_xlsx,1022-0203,32798-00B,
wps_merged_xlsx,865-01095,32798-04,Cycle Pro
fatbook_merged_xlsx,1022-0204,32798-04C,
wps_merged_xlsx,865-01096,32804-04,Cycle Pro
fatbook_merged_xlsx,1022-0199,32804-04B,
oldbook_merged_xlsx,0934-4678,32951-70,
oldbook_merged_xlsx,DS-173370,33030-41,
fatbook_merged_xlsx,0934-1618,33031-05,
fatbook_merged_xlsx,0934-1619,33031-06,
fatbook_merged_xlsx,0934-1620,33031-07,
fatbook_merged_xlsx,0934-5973,33031-17,
wps_merged_xlsx,681-6121,33031-17,James Gaskets
oldbook_merged_xlsx,DS-173418,33031-36,
oldbook_merged_xlsx,0934-0827,33031-70,
wps_merged_xlsx,68-9464,33031-70,Cometic Gaskets
oldbook_merged_xlsx,0934-0828,33031-80,
wps_merged_xlsx,68-9465,33031-80,Cometic Gaskets
oldbook_merged_xlsx,0934-0821,33031-82,
wps_merged_xlsx,68-9466,33031-82,Cometic Gaskets
oldbook_merged_xlsx,0934-0822,33031-85,
wps_merged_xlsx,68-9467,33031-85,Cometic Gaskets
oldbook_merged_xlsx,DS-173243,33031-85,
oldbook_merged_xlsx,0934-0823,33031-91,
wps_merged_xlsx,68-9468,33031-91,Cometic Gaskets
oldbook_merged_xlsx,DS-173371,33031-91,
oldbook_merged_xlsx,0934-0824,33031-93,
oldbook_merged_xlsx,DS-173372,33031-93,
fatbook_merged_xlsx,DS-173238,33031-99,
oldbook_merged_xlsx,0935-0204,33043-80,
wps_merged_xlsx,68-9497,33043-80,Cometic Gaskets
oldbook_merged_xlsx,DS-174894,33043-80,
wps_merged_xlsx,681-4690,33043-80,James Gaskets
oldbook_merged_xlsx,DS-241027,33055-78A,
wps_merged_xlsx,820-53008,33057-72,HardDrive
wps_merged_xlsx,820-53011,33068-54,HardDrive
oldbook_merged_xlsx,DS-174478,33076-37,
wps_merged_xlsx,68-9384,33076-37,Cometic Gaskets
wps_merged_xlsx,681-4988,33076-37,James Gaskets
wps_merged_xlsx,68-9374,33076-37/29603-48,Cometic Gaskets
oldbook_merged_xlsx,0950-0416,33082-16,
oldbook_merged_xlsx,DS-241006,33084-41,
oldbook_merged_xlsx,DS-241005,33085-36,
wps_merged_xlsx,820-53015,33085-36T,HardDrive
oldbook_merged_xlsx,1621-0461,33085-74,
fatbook_merged_xlsx,1621-0461,33085-74,
oldbook_merged_xlsx,2401-0678,33088-52,
oldbook_merged_xlsx,2401-0679,33088-71,
oldbook_merged_xlsx,DS-196008,33094-57,
oldbook_merged_xlsx,DS-196010,33096-54B,
oldbook_merged_xlsx,DS-196011,33096-54B,
oldbook_merged_xlsx,DS-196012,33096-54B,
vtwin_merged_xlsx,10-0718,33099-52A,
oldbook_merged_xlsx,DS-194124,33099-52A/B,
vtwin_merged_xlsx,10-2493,33101-32,
oldbook_merged_xlsx,1110-0044,33119-79A/B,
fatbook_merged_xlsx,1110-0044,33119-79A/B,
oldbook_merged_xlsx,DS194067,33119-79A/B,
oldbook_merged_xlsx,2404-0817,33119-79A/B,
oldbook_merged_xlsx,2110-0230,33125-89,
oldbook_merged_xlsx,2110-0231,33126-90,
wps_merged_xlsx,279-2105,33126-90/33126-93,All Balls Racing
oldbook_merged_xlsx,2110-0232,33126-93,
oldbook_merged_xlsx,2110-0229,33126-94,
fatbook_merged_xlsx,2110-0229,33126-94,
wps_merged_xlsx,279-2106,33126-94,All Balls Racing
fatbook_merged_xlsx,1620-1842,33130-07A,
oldbook_merged_xlsx,DS-190024,33152-59,
oldbook_merged_xlsx,1112-0038,33162-67,
oldbook_merged_xlsx,1112-0039,33163-65B,
oldbook_merged_xlsx,DS-241001,33175-16A,
oldbook_merged_xlsx,1601-0283,33177-79,
oldbook_merged_xlsx,1112-0042,33182-63A,
fatbook_merged_xlsx,1620-1841,33188-08,
oldbook_merged_xlsx,0935-0219,33196-79,
wps_merged_xlsx,681-4662,33196-79,James Gaskets
oldbook_merged_xlsx,DS-174827,33196-79,
vtwin_merged_xlsx,10-2494,33213-30,
oldbook_merged_xlsx,DS-240985,33213-31,
oldbook_merged_xlsx,DS-240985,33215-30,
oldbook_merged_xlsx,DS-197075,33288-37,
vtwin_merged_xlsx,10-0720,33288-37,
oldbook_merged_xlsx,DS-325382,33288-37,
oldbook_merged_xlsx,0934-1375,33295-36,
wps_merged_xlsx,681-4657,33295-36,James Gaskets
oldbook_merged_xlsx,DS-174755,33295-36,
wps_merged_xlsx,681-4656,33295-36,James Gaskets
oldbook_merged_xlsx,DS-174895,33295-36,
oldbook_merged_xlsx,0934-4637,33295-36,
oldbook_merged_xlsx,0950-0362,333,
oldbook_merged_xlsx,1132-0396,33318-85,
fatbook_merged_xlsx,1132-0396,33318-85,
wps_merged_xlsx,681-4631,33318-85,James Gaskets
oldbook_merged_xlsx,DS-194397,33318-85,
oldbook_merged_xlsx,DS-197052,33334-79,
oldbook_merged_xlsx,DS-197053,33334-85,
fatbook_merged_xlsx,DS-193155,33334-85,
oldbook_merged_xlsx,DS-194398,33335-79,
oldbook_merged_xlsx,DS-191087,33337-83,
oldbook_merged_xlsx,DS-191086,33338-83,
oldbook_merged_xlsx,0935-0278,33340-90,
wps_merged_xlsx,681-4637,33340-90,James Gaskets
oldbook_merged_xlsx,1106-0001,33344-94,
fatbook_merged_xlsx,1106-0001,33344-94,
oldbook_merged_xlsx,DS-194281,33344-94,
fatbook_merged_xlsx,DS-194281,33344-94,
oldbook_merged_xlsx,DS197062,33344-94,
fatbook_merged_xlsx,DS197062,33344-94,
wps_merged_xlsx,681-4632,33345-89,James Gaskets
oldbook_merged_xlsx,DS-196007,33348-57,
oldbook_merged_xlsx,DS-241028,33350-36,
oldbook_merged_xlsx,0950-0411,33362-52,
fatbook_merged_xlsx,1106-0047,33374-00,
oldbook_merged_xlsx,DS-194118,33379-57,
oldbook_merged_xlsx,DS-194119,33379-71A,
oldbook_merged_xlsx,2110-0363,33391-52,
oldbook_merged_xlsx,DS-194350,33393-50,
oldbook_merged_xlsx,0950-0415,33396-39,
oldbook_merged_xlsx,1112-0036,33429-39,
oldbook_merged_xlsx,DS-241029,33430-50,
oldbook_merged_xlsx,2110-0457,33430-59,
oldbook_merged_xlsx,DS-194118,33432-73,
oldbook_merged_xlsx,DS-194119,33432-73,
oldbook_merged_xlsx,1112-0068,33438-50,
vtwin_merged_xlsx,10-0721,33438-50,
oldbook_merged_xlsx,DS-194120,33438-50,
vtwin_merged_xlsx,10-2486,33438-50,
vtwin_merged_xlsx,10-0722,33442-57A,
vtwin_merged_xlsx,10-0723,33442-73,
oldbook_merged_xlsx,2110-0036,33445-89,
vtwin_merged_xlsx,10-8527,33445-89,
oldbook_merged_xlsx,2110-0453,33445-89,
oldbook_merged_xlsx,2110-0035,33445-94A,
fatbook_merged_xlsx,2110-0035,33445-94A,
vtwin_merged_xlsx,10-8548,33445-94A,
oldbook_merged_xlsx,2110-0038,33446-89,
vtwin_merged_xlsx,10-8528,33446-89,
oldbook_merged_xlsx,2110-0454,33446-94,
oldbook_merged_xlsx,2110-0037,33446-94A,
fatbook_merged_xlsx,2110-0454,33446-94A,
vtwin_merged_xlsx,10-8549,33446-94A,
fatbook_merged_xlsx,2110-0037,33446-94A,
fatbook_merged_xlsx,0711-0241,33525-07,
fatbook_merged_xlsx,0711-0243,33531-00,
fatbook_merged_xlsx,0711-0242,33531-07,
fatbook_merged_xlsx,1602-1500,33600088,
fatbook_merged_xlsx,1602-1504,33600091,
fatbook_merged_xlsx,1601-0576,33600132,
fatbook_merged_xlsx,1602-1583,33600132,
fatbook_merged_xlsx,1602-1509,33600141,
fatbook_merged_xlsx,1602-1536,33600143,
fatbook_merged_xlsx,1602-1505,33600179,
fatbook_merged_xlsx,1602-1506,33600179,
fatbook_merged_xlsx,1602-1501,33600188,
fatbook_merged_xlsx,1602-1510,33600233,
fatbook_merged_xlsx,1601-0577,33600318,
fatbook_merged_xlsx,1602-1584,33600318,
oldbook_merged_xlsx,DS-373592,33630-70,
oldbook_merged_xlsx,DS-530609,33630-90A,
vtwin_merged_xlsx,10-2502,33638-52,
vtwin_merged_xlsx,10-2511,33638-70,
oldbook_merged_xlsx,DS-273920,33660-74A,
oldbook_merged_xlsx,DS273916,33664-81,
fatbook_merged_xlsx,1601-0340,33668-07,
wps_merged_xlsx,820-54214,33668-07,HardDrive
oldbook_merged_xlsx,DS-530610,33668-90B,
fatbook_merged_xlsx,DS-530610,33668-90B,
oldbook_merged_xlsx,DS-530611,33708-94,
fatbook_merged_xlsx,DS-530611,33708-94,
vtwin_merged_xlsx,10-2561,33708-94,
oldbook_merged_xlsx,1601-0225,33709-82A,
fatbook_merged_xlsx,1601-0225,33709-82A,
wps_merged_xlsx,820-51762,33709-82A,HardDrive
oldbook_merged_xlsx,1602-0873,33709-82A,
fatbook_merged_xlsx,1602-0873,33709-82A,
vtwin_merged_xlsx,10-8529,33713-85A,
oldbook_merged_xlsx,1811-2122,33715-85,
oldbook_merged_xlsx,DS273130,33715-85,
oldbook_merged_xlsx,DS-325512,33728-82A,
oldbook_merged_xlsx,DS-194226,33729-82,
fatbook_merged_xlsx,DS-194226,33729-82,
fatbook_merged_xlsx,1601-0282,33789-03,
vtwin_merged_xlsx,10-1043,338-36,
oldbook_merged_xlsx,1811-2124,33849-97,
fatbook_merged_xlsx,1811-2124,33849-97,
oldbook_merged_xlsx,1601-0400,33878-51,
oldbook_merged_xlsx,DS-325372,33878-51,
oldbook_merged_xlsx,DS-325372,33879-36,
oldbook_merged_xlsx,DS-530612,33895-82,
oldbook_merged_xlsx,1602-1041,33895-82A/B,
fatbook_merged_xlsx,1602-1041,33895-82B/C,
fatbook_merged_xlsx,DS-530612,33895-82B/C,
fatbook_merged_xlsx,1110-0038,33895-82B/C,
fatbook_merged_xlsx,1602-1040,33895-82B/C,
vtwin_merged_xlsx,10-1043,339-36,
oldbook_merged_xlsx,2106-0130,33900-59,
fatbook_merged_xlsx,DS272203,33900-59,
oldbook_merged_xlsx,DS272203,33900-59,
wps_merged_xlsx,275-01081,33900-59C,SMP
fatbook_merged_xlsx,2106-0544,33900-99,
fatbook_merged_xlsx,2106-0546,33900-99,
fatbook_merged_xlsx,1602-1507,33900175,
fatbook_merged_xlsx,1602-1538,33900199A,
oldbook_merged_xlsx,2106-0132,33901-79,
wps_merged_xlsx,275-01083,33901-79,SMP
oldbook_merged_xlsx,DS272205,33901-79,
oldbook_merged_xlsx,2106-0133,33902-98,
fatbook_merged_xlsx,2106-0133,33902-98,
wps_merged_xlsx,275-01084,33902-98,SMP
oldbook_merged_xlsx,DS272206,33902-98,
fatbook_merged_xlsx,DS272206,33902-98,
fatbook_merged_xlsx,2106-0134,33904-00,
wps_merged_xlsx,275-01085,33904-00,SMP
fatbook_merged_xlsx,DS272207,33904-00,
fatbook_merged_xlsx,2106-0545,33926-06B,
fatbook_merged_xlsx,2106-0547,33926-06B,
oldbook_merged_xlsx,0924-0594,33961-52,
oldbook_merged_xlsx,0935-0833,34035-52,
wps_merged_xlsx,68-9370,34035-52,Cometic Gaskets
oldbook_merged_xlsx,DS-194440,34035-52,
wps_merged_xlsx,681-5640,34035-52,James Gaskets
oldbook_merged_xlsx,0935-0206,34036-36,
wps_merged_xlsx,68-9519,34036-36,Cometic Gaskets
oldbook_merged_xlsx,DS-174477,34036-36,
wps_merged_xlsx,681-4971,34036-36,James Gaskets
oldbook_merged_xlsx,0935-0207,34036-80,
wps_merged_xlsx,68-9510,34036-80,Cometic Gaskets
oldbook_merged_xlsx,DS-174454,34036-80,
wps_merged_xlsx,681-4689,34036-80,James Gaskets
vtwin_merged_xlsx,10-0724,34037-52,
vtwin_merged_xlsx,10-2483,34037-75,
oldbook_merged_xlsx,1106-0018,34040-52,
fatbook_merged_xlsx,1106-0018,34040-52,
oldbook_merged_xlsx,DS-194225,34063-84B,
fatbook_merged_xlsx,DS-194225,34063-84B,
oldbook_merged_xlsx,1106-0024,34069-71,
fatbook_merged_xlsx,1110-0049,34076-02A,
oldbook_merged_xlsx,1106-0049,34083-79,
oldbook_merged_xlsx,1106-0048,34087-79A,
oldbook_merged_xlsx,DS-194250,34088-87,
fatbook_merged_xlsx,DS-194250,34088-87,
fatbook_merged_xlsx,1120-0305,34091-06,
oldbook_merged_xlsx,1110-0018,34091-85,
fatbook_merged_xlsx,1110-0018,34091-85,
oldbook_merged_xlsx,DS-194053,34091-85,
fatbook_merged_xlsx,DS-194053,34091-85,
oldbook_merged_xlsx,DS-194214,34140-36,
oldbook_merged_xlsx,DS-194200,34158-36,
oldbook_merged_xlsx,DS-194210,34159-36,
oldbook_merged_xlsx,DS-193147,34165-36,
oldbook_merged_xlsx,DS-193146,34168-39,
oldbook_merged_xlsx,DS-193145,34168-52,
fatbook_merged_xlsx,DS-193145,34168-52,
oldbook_merged_xlsx,0950-0412,34180-33,
oldbook_merged_xlsx,DS-194251,34186-76,
oldbook_merged_xlsx,DS-194173,34191-79A/B/C/D/E,
fatbook_merged_xlsx,DS-194173,34191-79E,
oldbook_merged_xlsx,DS-194173,34193-79A/B/C/D/E,
fatbook_merged_xlsx,DS-194173,34193-79E,
oldbook_merged_xlsx,DS-194173,34195-79A/B/C/D/E,
fatbook_merged_xlsx,DS-194173,34195-79E,
fatbook_merged_xlsx,7808-1001,34291-52B,
oldbook_merged_xlsx,7808-1005,34295-84,
oldbook_merged_xlsx,7808-1002,34296-84,
oldbook_merged_xlsx,7808-1003,34297-84,
vtwin_merged_xlsx,10-2518,34427-38,
vtwin_merged_xlsx,10-2484,34428-52,
vtwin_merged_xlsx,10-0732,34430-36,
vtwin_merged_xlsx,10-2514,34432-38,
vtwin_merged_xlsx,10-0725,34435-52,
vtwin_merged_xlsx,10-0726,34498-52,
oldbook_merged_xlsx,0934-1376,34552-52,
wps_merged_xlsx,681-4976,34552-52,James Gaskets
oldbook_merged_xlsx,DS-174896,34552-52,
oldbook_merged_xlsx,DS-273921,34564-74B,
fatbook_merged_xlsx,DS-273921,34564-74B,
oldbook_merged_xlsx,1602-1048,34564-74TA,
fatbook_merged_xlsx,1602-1048,34564-74TA,
oldbook_merged_xlsx,DS-273921,34564-90A,
fatbook_merged_xlsx,DS-273921,34564-90A,
fatbook_merged_xlsx,1110-0037,34564-90B,
fatbook_merged_xlsx,1602-1039,34564-90B,
oldbook_merged_xlsx,0934-1377,34565-52,
wps_merged_xlsx,681-4977,34565-52,James Gaskets
oldbook_merged_xlsx,DS-174897,34565-52,
oldbook_merged_xlsx,DS-273915,34599-81,
oldbook_merged_xlsx,DS-273926,34606-54A,
oldbook_merged_xlsx,DS-273927,34606-75,
fatbook_merged_xlsx,1602-0956,34606-86,
fatbook_merged_xlsx,DS-273925,34606-86,
fatbook_merged_xlsx,1602-1042,34606-90,
fatbook_merged_xlsx,DS-273924,34606-90,
oldbook_merged_xlsx,DS-241050,34611-65,
fatbook_merged_xlsx,DS-241050,34611-65,
fatbook_merged_xlsx,DS-273924,34615-94,
fatbook_merged_xlsx,1602-0870,34621-06,
oldbook_merged_xlsx,1602-1409,34621-84,
oldbook_merged_xlsx,1602-0869,34621-90,
fatbook_merged_xlsx,1602-0869,34621-90,
oldbook_merged_xlsx,0935-0233,34624-77,
fatbook_merged_xlsx,0935-0233,34624-77,
wps_merged_xlsx,68-9401,34624-77,Cometic Gaskets
oldbook_merged_xlsx,DS-174365,34624-77,
fatbook_merged_xlsx,DS-174365,34624-77,
wps_merged_xlsx,681-5454,34624-77,James Gaskets
oldbook_merged_xlsx,1106-0086,34628-54A,
oldbook_merged_xlsx,1106-0087,34628-75,
fatbook_merged_xlsx,1110-0050,34628-86,
vtwin_merged_xlsx,10-2488,34632-84B,
oldbook_merged_xlsx,1601-0290,34655-79,
fatbook_merged_xlsx,1602-0137,34660-04A,
fatbook_merged_xlsx,1602-1049,34660-04A,
oldbook_merged_xlsx,DS-273930,34690-74A,
oldbook_merged_xlsx,DS-189937,34724-36,
oldbook_merged_xlsx,DS-193600,34742-71,
oldbook_merged_xlsx,DS-193809,34742-77A,
fatbook_merged_xlsx,1107-0106,34761-04A,
fatbook_merged_xlsx,0934-5070,34763-02,
vtwin_merged_xlsx,10-0394,348-30,
fatbook_merged_xlsx,1105-0250,34800025,
fatbook_merged_xlsx,1105-0251,34800031,
fatbook_merged_xlsx,0934-6336,34800044,
wps_merged_xlsx,68-10246,34800044,Cometic Gaskets
vtwin_merged_xlsx,10-0856,34822-08,
oldbook_merged_xlsx,0934-1378,34824-36,
wps_merged_xlsx,681-4970,34824-36,James Gaskets
oldbook_merged_xlsx,0934-4640,34824-36,
oldbook_merged_xlsx,DS-174890,34824-36,
oldbook_merged_xlsx,0934-1379,34824-79,
wps_merged_xlsx,681-4653,34824-79,James Gaskets
oldbook_merged_xlsx,DS-174831,34824-79,
vtwin_merged_xlsx,10-0748,34898-79,
fatbook_merged_xlsx,0934-1226,34901-07,
wps_merged_xlsx,681-4261,34901-07,James Gaskets
fatbook_merged_xlsx,0934-1340,34901-07,
wps_merged_xlsx,681-4260,34901-07,James Gaskets
fatbook_merged_xlsx,0934-1623,34901-07,
oldbook_merged_xlsx,DS-174958,34901-79,
wps_merged_xlsx,681-4932,34901-79,James Gaskets
wps_merged_xlsx,681-4612,34901-79,James Gaskets
wps_merged_xlsx,681-4611,34901-79,James Gaskets
oldbook_merged_xlsx,2011-1490,34901-79A,
oldbook_merged_xlsx,DS-174321,34901-79A,
oldbook_merged_xlsx,DS-174959,34901-79B,
oldbook_merged_xlsx,0934-4630,34901-94,
fatbook_merged_xlsx,0934-4630,34901-94,
wps_merged_xlsx,681-4264,34901-94,James Gaskets
fatbook_merged_xlsx,2011-1487,34901-94A,
oldbook_merged_xlsx,2011-1487,34901-94A/B/C,
oldbook_merged_xlsx,DS-174322,34901-94A/B/C,
fatbook_merged_xlsx,DS-174322,34901-94C,
oldbook_merged_xlsx,0934-1653,34902-79A,
wps_merged_xlsx,681-4623,34902-79A,James Gaskets
oldbook_merged_xlsx,DS-174348,34902-79A,
oldbook_merged_xlsx,DS-174349,34903-79,
wps_merged_xlsx,681-4624,34903-79,James Gaskets
fatbook_merged_xlsx,0934-4635,34904-00,
wps_merged_xlsx,68-9267,34904-00,Cometic Gaskets
fatbook_merged_xlsx,2011-1212,34904-00,
oldbook_merged_xlsx,0934-1380,34904-79,
wps_merged_xlsx,681-4652,34904-79,James Gaskets
oldbook_merged_xlsx,DS-173349,34904-79,
oldbook_merged_xlsx,0934-4634,34904-86,
fatbook_merged_xlsx,0934-4634,34904-86,
wps_merged_xlsx,681-4651,34904-86,James Gaskets
wps_merged_xlsx,681-4650,34904-86,James Gaskets
oldbook_merged_xlsx,DS-173343,34904-86A,
fatbook_merged_xlsx,DS-173343,34904-86A,
oldbook_merged_xlsx,0934-1381,34904-86B,
fatbook_merged_xlsx,0935-0220,34904-86C,
wps_merged_xlsx,681-4292,34904-86C,James Gaskets
wps_merged_xlsx,681-4293,34904-86C,James Gaskets
oldbook_merged_xlsx,0935-0089,34906-79,
wps_merged_xlsx,681-4935,34906-79,James Gaskets
oldbook_merged_xlsx,DS-174325,34906-79,
wps_merged_xlsx,681-4618,34906-79,James Gaskets
wps_merged_xlsx,681-4938,34906-79,James Gaskets
oldbook_merged_xlsx,2011-1493,34906-79A,
oldbook_merged_xlsx,DS-173478,34906-79A,
oldbook_merged_xlsx,DS-173535,34906-85,
fatbook_merged_xlsx,0935-0076,34906-85,
wps_merged_xlsx,681-4617,34906-85,James Gaskets
oldbook_merged_xlsx,DS-174350,34906-85,
fatbook_merged_xlsx,0934-4632,34906-85,
wps_merged_xlsx,681-4619,34906-85,James Gaskets
oldbook_merged_xlsx,0935-0076,34906-85,
fatbook_merged_xlsx,DS-173535,34906-85,
wps_merged_xlsx,681-4616,34906-85,James Gaskets
oldbook_merged_xlsx,2011-1494,34906-85A,
fatbook_merged_xlsx,2011-1494,34906-85A,
fatbook_merged_xlsx,DS-174350,34906-85D,
oldbook_merged_xlsx,0934-4632,34906-85F,
fatbook_merged_xlsx,1107-0278,34911-04,
fatbook_merged_xlsx,1107-0282,34911-81A,
fatbook_merged_xlsx,DS-325288,34911-81A,
fatbook_merged_xlsx,1107-0280,34911-91A,
fatbook_merged_xlsx,0934-1189,34917-06,
wps_merged_xlsx,68-9189,34917-06,Cometic Gaskets
fatbook_merged_xlsx,0934-1234,34917-06,
wps_merged_xlsx,681-4290,34917-06,James Gaskets
fatbook_merged_xlsx,0934-1190,34917-06,
wps_merged_xlsx,681-4291,34917-06,James Gaskets
oldbook_merged_xlsx,0934-4641,34917-90,
wps_merged_xlsx,681-4294,34917-90,James Gaskets
oldbook_merged_xlsx,DS-173193,34917-90,
wps_merged_xlsx,681-4295,34917-90,James Gaskets
oldbook_merged_xlsx,0934-1382,34917-90A,
oldbook_merged_xlsx,DS-174878,34917-90A,
fatbook_merged_xlsx,0934-1391,34917-99,
fatbook_merged_xlsx,0934-4642,34917-99,
fatbook_merged_xlsx,DS-173191,34917-99,
fatbook_merged_xlsx,0934-4633,34919-03,
oldbook_merged_xlsx,DS-194976,34920-71,
fatbook_merged_xlsx,1107-0279,34932-04,
fatbook_merged_xlsx,1107-0281,34932-96,
fatbook_merged_xlsx,0934-1883,34934-06,
wps_merged_xlsx,681-4271,34934-06,James Gaskets
fatbook_merged_xlsx,0935-0241,34934-06,
oldbook_merged_xlsx,0934-4670,34952-52,
wps_merged_xlsx,681-5639,34952-52,James Gaskets
oldbook_merged_xlsx,0934-4671,34952-52,
wps_merged_xlsx,681-5638,34952-52,James Gaskets
oldbook_merged_xlsx,DS-174130,34952-52,
oldbook_merged_xlsx,DS-174963,34952-52,
fatbook_merged_xlsx,0934-0288,34955-04,
wps_merged_xlsx,681-5421,34955-04,James Gaskets
fatbook_merged_xlsx,0934-0747,34955-04,
fatbook_merged_xlsx,0935-0249,34955-04,
oldbook_merged_xlsx,DS-174010,34955-67,
wps_merged_xlsx,681-5637,34955-67,James Gaskets
oldbook_merged_xlsx,0934-2113,34955-67,
wps_merged_xlsx,681-5635,34955-67,James Gaskets
oldbook_merged_xlsx,0934-2114,34955-67,
wps_merged_xlsx,681-5636,34955-67,James Gaskets
oldbook_merged_xlsx,0934-4672,34955-67,
oldbook_merged_xlsx,0934-4722,34955-67A,
wps_merged_xlsx,68-9703,34955-67A,Cometic Gaskets
oldbook_merged_xlsx,DS-174962,34955-67A,
oldbook_merged_xlsx,0934-2115,34955-75,
fatbook_merged_xlsx,2011-1491,34955-75,
wps_merged_xlsx,681-5426,34955-75,James Gaskets
oldbook_merged_xlsx,0934-2116,34955-75,
fatbook_merged_xlsx,DS-174015,34955-75,
wps_merged_xlsx,681-5427,34955-75,James Gaskets
oldbook_merged_xlsx,DS-174015,34955-75,
fatbook_merged_xlsx,0934-2116,34955-75,
wps_merged_xlsx,681-5428,34955-75,James Gaskets
oldbook_merged_xlsx,DS-174961,34955-75,
fatbook_merged_xlsx,0934-2115,34955-75,
wps_merged_xlsx,681-5429,34955-75,James Gaskets
fatbook_merged_xlsx,DS-174961,34955-75,
fatbook_merged_xlsx,0934-2117,34955-89,
wps_merged_xlsx,681-5425,34955-89,James Gaskets
fatbook_merged_xlsx,0934-2118,34955-89,
wps_merged_xlsx,681-5422,34955-89,James Gaskets
fatbook_merged_xlsx,DS-174960,34955-89,
wps_merged_xlsx,681-5423,34955-89,James Gaskets
wps_merged_xlsx,681-5424,34955-89,James Gaskets
fatbook_merged_xlsx,2011-1492,34955-89A,
fatbook_merged_xlsx,DS-174014,34955-89A,
fatbook_merged_xlsx,1106-0050,34977-00A,
fatbook_merged_xlsx,0934-0787,34986-04,
wps_merged_xlsx,68-9957,34986-04,Cometic Gaskets
fatbook_merged_xlsx,0935-0109,34986-04,
fatbook_merged_xlsx,0934-1856,34990-08,
wps_merged_xlsx,681-5420,34990-08,James Gaskets
fatbook_merged_xlsx,1203-0022,35000152,
oldbook_merged_xlsx,DS-188057,35021-89,
fatbook_merged_xlsx,DS-188057,35021-89,
oldbook_merged_xlsx,1106-0060,35025-79,
fatbook_merged_xlsx,1106-0060,35025-79,
oldbook_merged_xlsx,DS-199450,35026-79B,
oldbook_merged_xlsx,DS-199451,35027-79A,
oldbook_merged_xlsx,DS-199451,35027-79B,
oldbook_merged_xlsx,DS-199455,35028-79A,
oldbook_merged_xlsx,DS-199452,35029-79,
oldbook_merged_xlsx,DS-199454,35029-85,
oldbook_merged_xlsx,DS-199488,35029-85A,
oldbook_merged_xlsx,1106-0036,35029-91A,
oldbook_merged_xlsx,DS-199457,35029-91A,
fatbook_merged_xlsx,1106-0182,35030-89A,
fatbook_merged_xlsx,DS-199469,35034-89A,
oldbook_merged_xlsx,DS-199449,35036-84A,
fatbook_merged_xlsx,DS-199449,35036-84A,
oldbook_merged_xlsx,DS-199417,35039-65,
oldbook_merged_xlsx,DS-199418,35039-70B,
oldbook_merged_xlsx,1106-0057,35039-85,
oldbook_merged_xlsx,DS-199416,35040-50,
oldbook_merged_xlsx,1106-0061,35042-79,
oldbook_merged_xlsx,DS-199422,35042-85,
oldbook_merged_xlsx,DS-199424,35042-90,
oldbook_merged_xlsx,DS-199429,35042-91,
fatbook_merged_xlsx,DS-199429,35042-91,
oldbook_merged_xlsx,DS-199492,35042-91,
fatbook_merged_xlsx,DS-199492,35042-91,
oldbook_merged_xlsx,DS-199402,35044-56,
oldbook_merged_xlsx,DS-199419,35046-36,
oldbook_merged_xlsx,DS-199403,35046-71,
oldbook_merged_xlsx,1106-0089,35047-71A,
oldbook_merged_xlsx,0950-0417,35050-40,
wps_merged_xlsx,830-1155,35050-40,Colony
oldbook_merged_xlsx,0950-0418,35050-52,
wps_merged_xlsx,830-1163,35050-52,Colony
oldbook_merged_xlsx,1106-0009,35051-89,
fatbook_merged_xlsx,1106-0009,35051-89,
vtwin_merged_xlsx,10-0484,35052-99,
fatbook_merged_xlsx,0925-0437,35060-00,
oldbook_merged_xlsx,DS-199408,35065-65,
oldbook_merged_xlsx,DS-199409,35067-77/84,
oldbook_merged_xlsx,DS-196234,35070-77,
oldbook_merged_xlsx,DS-196235,35070-80,
oldbook_merged_xlsx,DS-196236,35070-82A,
oldbook_merged_xlsx,DS-196237,35070-84,
oldbook_merged_xlsx,DS-193149,35076-79,
fatbook_merged_xlsx,DS-193149,35076-79,
oldbook_merged_xlsx,DS-193148,35078-79,
fatbook_merged_xlsx,DS-193148,35078-79,
oldbook_merged_xlsx,DS-195163,35079-80,
fatbook_merged_xlsx,1106-0029,35087-99A,
oldbook_merged_xlsx,DS-194126,35094-65,
vtwin_merged_xlsx,10-0727,35094-65,
vtwin_merged_xlsx,10-2548,35094-65,
oldbook_merged_xlsx,DS-194282,35100-36,
oldbook_merged_xlsx,DS-195018,35105-52,
oldbook_merged_xlsx,1106-0043,35111-36,
oldbook_merged_xlsx,DS-194327,35113-52,
fatbook_merged_xlsx,0950-0222,35114-02,
fatbook_merged_xlsx,0950-0223,35115-99,
oldbook_merged_xlsx,DS-195016,35125-37,
oldbook_merged_xlsx,DS-188066,35129-36,
oldbook_merged_xlsx,DS-195162,35131-36,
oldbook_merged_xlsx,DS-194179,35131-80,
oldbook_merged_xlsx,DS-194181,35131-81,
oldbook_merged_xlsx,DS-194182,35131-82,
wps_merged_xlsx,681-4300,35147-03,James Gaskets
wps_merged_xlsx,681-4301,35147-03,James Gaskets
fatbook_merged_xlsx,0934-1625,35148-03,
wps_merged_xlsx,681-4298,35148-03,James Gaskets
wps_merged_xlsx,681-4299,35148-03,James Gaskets
oldbook_merged_xlsx,1106-0044,35150-52,
oldbook_merged_xlsx,7808-1032,35150-52,
oldbook_merged_xlsx,0935-0829,35151-52A,
wps_merged_xlsx,68-9366,35151-52A,Cometic Gaskets
oldbook_merged_xlsx,DS-194415,35151-52A,
wps_merged_xlsx,681-5560,35151-52A,James Gaskets
oldbook_merged_xlsx,0935-0234,35151-74,
wps_merged_xlsx,68-9353,35151-74,Cometic Gaskets
oldbook_merged_xlsx,DS-194461,35151-74,
wps_merged_xlsx,681-5350,35151-74,James Gaskets
fatbook_merged_xlsx,DS-194461,35151-74A,
fatbook_merged_xlsx,0935-0861,35151-74A,
wps_merged_xlsx,681-5686,35154-52,James Gaskets
oldbook_merged_xlsx,0934-4643,35169-52,
oldbook_merged_xlsx,7808-1033,35169-52,
oldbook_merged_xlsx,DS-196238,35171-37,
oldbook_merged_xlsx,2404-0110,35175-38,
wps_merged_xlsx,681-4975,35175-38,James Gaskets
oldbook_merged_xlsx,DS-173417,35175-38,
vtwin_merged_xlsx,10-0397,352-25,
oldbook_merged_xlsx,1212-0696,35203-36,
oldbook_merged_xlsx,DS-191082,35203-36,
oldbook_merged_xlsx,DS-191086,35203-80,
oldbook_merged_xlsx,1212-0729,35205-52A,
oldbook_merged_xlsx,1212-0733,35205-79A,
oldbook_merged_xlsx,1212-0738,35208-84,
oldbook_merged_xlsx,DS-194079,35211-36,
oldbook_merged_xlsx,DS-174458,35211-85,
fatbook_merged_xlsx,DS-174458,35211-85,
oldbook_merged_xlsx,1106-0083,35211-91,
fatbook_merged_xlsx,1106-0083,35211-91,
oldbook_merged_xlsx,1203-0009,35211-91,
fatbook_merged_xlsx,1203-0009,35211-91,
oldbook_merged_xlsx,2401-0435,35211-91A/B,
wps_merged_xlsx,830-1144,35211-91B,Colony
oldbook_merged_xlsx,1212-0697,35212-73,
oldbook_merged_xlsx,DS-191083,35212-73,
oldbook_merged_xlsx,DS-191087,35212-80,
oldbook_merged_xlsx,0935-0094,35216-36,
wps_merged_xlsx,681-4972,35216-36,James Gaskets
oldbook_merged_xlsx,0950-0413,35216-36,
oldbook_merged_xlsx,DS-174538,35230-39,
wps_merged_xlsx,681-4980,35230-39,James Gaskets
oldbook_merged_xlsx,0935-0208,35230-39,
wps_merged_xlsx,68-9523,35230-39DL,Cometic Gaskets
oldbook_merged_xlsx,DS-174892,35231-36,
wps_merged_xlsx,68-9411,35231-36,Cometic Gaskets
wps_merged_xlsx,681-4974,35231-36,James Gaskets
oldbook_merged_xlsx,DS-199434,35277-52A,
fatbook_merged_xlsx,DS-199434,35277-52A,
oldbook_merged_xlsx,DS-199431,35296-56,
fatbook_merged_xlsx,DS-199431,35296-56,
oldbook_merged_xlsx,DS-199431,35296-56A,
fatbook_merged_xlsx,DS-199431,35296-56A,
oldbook_merged_xlsx,DS-199433,35305-56,
fatbook_merged_xlsx,DS-199433,35305-56,
oldbook_merged_xlsx,DS-199426,35306-36,
oldbook_merged_xlsx,DS-199415,35306-59,
vtwin_merged_xlsx,10-2515,35316-41,
vtwin_merged_xlsx,10-2517,35320-41,
oldbook_merged_xlsx,DS-194252,35322-38,
vtwin_merged_xlsx,10-0728,35322-38,
vtwin_merged_xlsx,10-0738,35322-38,
vtwin_merged_xlsx,10-2523,35326-33,
oldbook_merged_xlsx,DS-188067,35337-36,
oldbook_merged_xlsx,DS-194324,35337-56,
oldbook_merged_xlsx,DS-194183,35349-52,
oldbook_merged_xlsx,DS-194326,35363-52,
oldbook_merged_xlsx,DS-194323,35364-56,
oldbook_merged_xlsx,DS-195164,35365-36,
oldbook_merged_xlsx,DS-195165,35365-36,
vtwin_merged_xlsx,10-1259,35404-74,
oldbook_merged_xlsx,DS-199425,35440-38,
vtwin_merged_xlsx,10-0395,355-30,
fatbook_merged_xlsx,0934-1235,35607-06,
wps_merged_xlsx,681-4314,35607-06,James Gaskets
fatbook_merged_xlsx,0934-2019,35607-06,
fatbook_merged_xlsx,0935-0128,35607-06,
oldbook_merged_xlsx,2404-0113,35607-73,
wps_merged_xlsx,681-4985,35607-73,James Gaskets
oldbook_merged_xlsx,2404-0114,35607-95,
fatbook_merged_xlsx,2404-0114,35607-95,
oldbook_merged_xlsx,DS-199401,35613-58,
oldbook_merged_xlsx,DS-199413,35614-65,
oldbook_merged_xlsx,DS-199414,35614-77,
oldbook_merged_xlsx,DS-199428,35614-80,
fatbook_merged_xlsx,1106-0059,35622-79A,
oldbook_merged_xlsx,1106-0059,35622-79A/B,
oldbook_merged_xlsx,DS-199456,35625-79A/B,
oldbook_merged_xlsx,DS-199453,35626-79A/B,
oldbook_merged_xlsx,DS-199456,35628-79A/B,
oldbook_merged_xlsx,DS-193154,35630-36,
fatbook_merged_xlsx,DS-199423,35632-79,
oldbook_merged_xlsx,DS-199423,35632-79A/B,
fatbook_merged_xlsx,1106-0066,35633-89,
fatbook_merged_xlsx,1106-0068,35640-89,
wps_merged_xlsx,681-4655,35652-79,James Gaskets
wps_merged_xlsx,681-4654,35652-79,James Gaskets
oldbook_merged_xlsx,0934-4636,35652-79A/B,
oldbook_merged_xlsx,DS-174133,35652-79A/B,
oldbook_merged_xlsx,0934-1383,35652-79A/B,
oldbook_merged_xlsx,DS-174131,35652-79A/B,
fatbook_merged_xlsx,0934-1390,35653-98,
wps_merged_xlsx,681-4307,35653-98,James Gaskets
fatbook_merged_xlsx,DS-173192,35653-98,
fatbook_merged_xlsx,0934-1193,35654-06,
wps_merged_xlsx,68-9187,35654-06,Cometic Gaskets
fatbook_merged_xlsx,0934-1232,35654-06,
wps_merged_xlsx,681-4302,35654-06,James Gaskets
fatbook_merged_xlsx,0934-1192,35654-06,
wps_merged_xlsx,681-4303,35654-06,James Gaskets
oldbook_merged_xlsx,DS-199420,35665-36A,
oldbook_merged_xlsx,DS-199439,35695-58,
fatbook_merged_xlsx,DS-199439,35695-58,
fatbook_merged_xlsx,DS-196035,3570,
oldbook_merged_xlsx,DS-199412,35700-36,
oldbook_merged_xlsx,DS-199427,35700-76,
oldbook_merged_xlsx,DS-199432,35709-54A,
oldbook_merged_xlsx,DS-199432,35709-54B,
oldbook_merged_xlsx,1106-0190,35717-74,
fatbook_merged_xlsx,DS-199430,35750-58,
fatbook_merged_xlsx,DS-199430,35750-58A,
oldbook_merged_xlsx,DS-199430,35750-58A/B,
oldbook_merged_xlsx,DS-199410,35751-36,
oldbook_merged_xlsx,DS-199435,35760-73,
fatbook_merged_xlsx,DS-199467,35771-89,
fatbook_merged_xlsx,1106-0062,35772-89,
fatbook_merged_xlsx,1106-0063,35773-89,
fatbook_merged_xlsx,1106-0065,35775-89,
vtwin_merged_xlsx,10-2516,35787-52,
oldbook_merged_xlsx,1106-0090,35787-72,
vtwin_merged_xlsx,10-0752,35787-72,
oldbook_merged_xlsx,DS-194135,35789-36,
vtwin_merged_xlsx,10-0729,35789-36,
vtwin_merged_xlsx,10-0734,35789-36,
oldbook_merged_xlsx,DS-194132,35791-36,
vtwin_merged_xlsx,10-0730,35791-36,
vtwin_merged_xlsx,10-0735,35791-36,
oldbook_merged_xlsx,0920-0088,358,
fatbook_merged_xlsx,0920-0088,358,
fatbook_merged_xlsx,DS-194321,35809-58,
oldbook_merged_xlsx,DS-188069,35810-36,
oldbook_merged_xlsx,DS-195161,35811-36,
oldbook_merged_xlsx,DS-195169,35812-36,
oldbook_merged_xlsx,DS-194184,35818-72,
oldbook_merged_xlsx,DS-194187,35840-52,
oldbook_merged_xlsx,DS-194188,35845-84,
oldbook_merged_xlsx,DS-196151,35850-84,
fatbook_merged_xlsx,DS-196151,35850-84,
vtwin_merged_xlsx,10-1212,35850-84,
oldbook_merged_xlsx,DS-196152,35851-84,
fatbook_merged_xlsx,DS-196152,35851-84,
vtwin_merged_xlsx,10-1213,35851-84,
oldbook_merged_xlsx,DS-196153,35852-84,
fatbook_merged_xlsx,DS-196153,35852-84,
vtwin_merged_xlsx,10-1214,35852-84,
oldbook_merged_xlsx,DS-194189,35865-86,
fatbook_merged_xlsx,DS-194189,35865-86,
oldbook_merged_xlsx,DS-195160,35875-36,
oldbook_merged_xlsx,DS-195170,35915-36,
oldbook_merged_xlsx,DS-195171,35917-36,
oldbook_merged_xlsx,DS-188084,35920-36,
fatbook_merged_xlsx,DS-360182,3594,
oldbook_merged_xlsx,0924-0593,35960-54,
fatbook_merged_xlsx,0924-0593,35960-54,
oldbook_merged_xlsx,0924-0594,35961-52,
fatbook_merged_xlsx,0924-0594,35961-52,
oldbook_merged_xlsx,DS-174899,36025-36,
wps_merged_xlsx,681-5190,36025-36,James Gaskets
vtwin_merged_xlsx,10-2547,36035-26,
vtwin_merged_xlsx,10-2490,36042-41,
oldbook_merged_xlsx,DS-196174,36045-76,
oldbook_merged_xlsx,DS-196173,36046-36,
oldbook_merged_xlsx,DS-196171,36048-36,
oldbook_merged_xlsx,DS-196172,36048-76A,
oldbook_merged_xlsx,DS-197037,36346-36,
fatbook_merged_xlsx,1120-0393,36500020,
wps_merged_xlsx,820-52350,36500020,HardDrive
fatbook_merged_xlsx,1120-0445,36500075A,
oldbook_merged_xlsx,2401-1320,3655A,
fatbook_merged_xlsx,2401-1320,3655A,
oldbook_merged_xlsx,2401-1321,3655A,
fatbook_merged_xlsx,2401-1321,3655A,
fatbook_merged_xlsx,DS-190490,3655A,
fatbook_merged_xlsx,1132-0883,36699-01K,
fatbook_merged_xlsx,0614-1145,36700012,
fatbook_merged_xlsx,0615-0272,36700013,
wps_merged_xlsx,820-55050,36700052,HardDrive
fatbook_merged_xlsx,0614-1140,36700057,
wps_merged_xlsx,820-55005,36700065,HardDrive
fatbook_merged_xlsx,0612-0394,36700094,
wps_merged_xlsx,820-55004,36700094,HardDrive
fatbook_merged_xlsx,0612-0423,36700129,
fatbook_merged_xlsx,0612-0424,36700130,
fatbook_merged_xlsx,0612-0473,36700130,
fatbook_merged_xlsx,0612-0426,36700131,
wps_merged_xlsx,820-55008,36700131,HardDrive
wps_merged_xlsx,820-55012,36700131,HardDrive
fatbook_merged_xlsx,0613-1877,36700133,
fatbook_merged_xlsx,0612-0425,36700147,
wps_merged_xlsx,820-55011,36700147,HardDrive
fatbook_merged_xlsx,0615-0333,36700200,
fatbook_merged_xlsx,0613-2100,36700249,
oldbook_merged_xlsx,1132-0699,36730-84,
fatbook_merged_xlsx,1132-0699,36730-84,
fatbook_merged_xlsx,1132-0700,36731-91,
oldbook_merged_xlsx,0652-0497,36753-87A,
wps_merged_xlsx,70-6144,36753-87A,Motion Pro
wps_merged_xlsx,70-660157,36753-87A,Motion Pro
wps_merged_xlsx,70-6143,36755-87A,Motion Pro
wps_merged_xlsx,70-660156,36755-87A,Motion Pro
oldbook_merged_xlsx,1132-1120,36785-84,
fatbook_merged_xlsx,1132-1120,36785-84,
fatbook_merged_xlsx,1132-1119,36785-91,
oldbook_merged_xlsx,1131-0292,36787-84,
fatbook_merged_xlsx,1131-0292,36787-84,
oldbook_merged_xlsx,1131-0444,36787-84,
fatbook_merged_xlsx,1131-0444,36787-84,
oldbook_merged_xlsx,1131-0447,36787-84,
fatbook_merged_xlsx,1131-0447,36787-84,
oldbook_merged_xlsx,1131-0479,36787-84,
fatbook_merged_xlsx,DS-223771,36787-84,
oldbook_merged_xlsx,DS-223771,36787-84,
oldbook_merged_xlsx,1131-0289,36788-84,
fatbook_merged_xlsx,1131-0289,36788-84,
oldbook_merged_xlsx,1131-0438,36788-84,
fatbook_merged_xlsx,1131-0438,36788-84,
oldbook_merged_xlsx,1131-0441,36788-84,
fatbook_merged_xlsx,1131-0441,36788-84,
oldbook_merged_xlsx,1131-0464,36788-84,
fatbook_merged_xlsx,DS-223773,36788-84,
oldbook_merged_xlsx,1131-0471,36788-84,
oldbook_merged_xlsx,DS-223773,36788-84,
fatbook_merged_xlsx,1132-1301,36790-04,
fatbook_merged_xlsx,1132-1121,36790-91,
oldbook_merged_xlsx,1132-0701,36793-84,
fatbook_merged_xlsx,1132-0701,36793-84,
oldbook_merged_xlsx,1132-0702,36794-84,
fatbook_merged_xlsx,1132-0702,36794-84,
oldbook_merged_xlsx,1132-0652,36799-84,
fatbook_merged_xlsx,1132-0652,36799-84,
fatbook_merged_xlsx,1132-0917,36799-91,
oldbook_merged_xlsx,0934-1384,36801-79,
wps_merged_xlsx,681-4661,36801-79,James Gaskets
oldbook_merged_xlsx,DS-174326,36801-79,
wps_merged_xlsx,681-4660,36801-79,James Gaskets
fatbook_merged_xlsx,0934-4626,36801-87,
wps_merged_xlsx,681-4659,36801-87,James Gaskets
fatbook_merged_xlsx,DS-174539,36801-87,
wps_merged_xlsx,681-4658,36801-87,James Gaskets
wps_merged_xlsx,68-9483,36801-87A,Cometic Gaskets
oldbook_merged_xlsx,0934-4625,36801-87A/B/C,
oldbook_merged_xlsx,0934-4626,36801-87A/B/C,
oldbook_merged_xlsx,DS-174539,36801-87A/B/C,
oldbook_merged_xlsx,0934-1385,36801-87A/B/C,
oldbook_merged_xlsx,DS-174372,36801-87A/B/C,
fatbook_merged_xlsx,DS-174372,36801-87B/C,
oldbook_merged_xlsx,0652-0118,36801-89,
fatbook_merged_xlsx,0652-0118,36801-89,
fatbook_merged_xlsx,0934-1195,36805-06,
wps_merged_xlsx,68-9188,36805-06,Cometic Gaskets
fatbook_merged_xlsx,0934-1233,36805-06,
wps_merged_xlsx,681-4296,36805-06,James Gaskets
fatbook_merged_xlsx,0934-1194,36805-06,
wps_merged_xlsx,681-4297,36805-06,James Gaskets
wps_merged_xlsx,681-4986,36821-68,James Gaskets
oldbook_merged_xlsx,2401-0538,36857-36,
vtwin_merged_xlsx,10-2508,36857-36,
wps_merged_xlsx,830-1170,369-36,Colony
oldbook_merged_xlsx,DS-240215,36916-36,
oldbook_merged_xlsx,DS-240213,36918-52,
oldbook_merged_xlsx,DS-241053,36956-65A,
fatbook_merged_xlsx,0652-3352,37000041A,
fatbook_merged_xlsx,0652-3360,37000041A,
fatbook_merged_xlsx,0652-3364,37000041A,
fatbook_merged_xlsx,0652-3426,37000041A,
wps_merged_xlsx,820-54719,37000072,HardDrive
fatbook_merged_xlsx,1132-1830,37000083,
fatbook_merged_xlsx,1132-1628,37000168,
fatbook_merged_xlsx,1132-1829,37000239,
fatbook_merged_xlsx,1131-3616,37000270A,
oldbook_merged_xlsx,2401-0121,3703A,
oldbook_merged_xlsx,1132-0599,37051-36,
fatbook_merged_xlsx,1105-0139,37065-06,
oldbook_merged_xlsx,7805-0015,37069-90,
fatbook_merged_xlsx,DS-192520,37069-90,
oldbook_merged_xlsx,DS-192520,37069-90,
fatbook_merged_xlsx,7805-0015,37069-90,
oldbook_merged_xlsx,1132-0602,37070-39B,
oldbook_merged_xlsx,1105-0146,37071-87,
fatbook_merged_xlsx,1105-0146,37071-87,
oldbook_merged_xlsx,DS-193860,37071-87,
fatbook_merged_xlsx,DS-193860,37071-87,
oldbook_merged_xlsx,1132-0601,37074-38A,
oldbook_merged_xlsx,1105-0146,37075-87,
fatbook_merged_xlsx,1105-0146,37075-87,
oldbook_merged_xlsx,DS-193860,37075-87,
fatbook_merged_xlsx,DS-193860,37075-87,
oldbook_merged_xlsx,DS-199209,37077-68,
oldbook_merged_xlsx,DS-223760,37077-68,
oldbook_merged_xlsx,1106-0183,37084-79,
oldbook_merged_xlsx,DS-192511,37088-79,
oldbook_merged_xlsx,DS-192512,37088-84,
oldbook_merged_xlsx,DS-192513,37088-85,
oldbook_merged_xlsx,DS-192515,37088-90,
oldbook_merged_xlsx,DS-192521,37089-79,
oldbook_merged_xlsx,DS-192522,37089-84,
oldbook_merged_xlsx,DS-192523,37090-79,
oldbook_merged_xlsx,DS-192524,37090-84A,
oldbook_merged_xlsx,DS-192525,37090-98,
fatbook_merged_xlsx,DS-192525,37090-98,
oldbook_merged_xlsx,DS-174825,37091-80,
wps_merged_xlsx,68-9496,37091-80,Cometic Gaskets
wps_merged_xlsx,681-4524,37091-80,James Gaskets
fatbook_merged_xlsx,1132-0569,37092-06,
oldbook_merged_xlsx,0935-0211,37101-84,
fatbook_merged_xlsx,DS-174366,37101-84,
wps_merged_xlsx,68-9354,37101-84,Cometic Gaskets
wps_merged_xlsx,681-4682,37101-84,James Gaskets
wps_merged_xlsx,681-4312,37101-84,James Gaskets
fatbook_merged_xlsx,0935-0372,37101-84B,
fatbook_merged_xlsx,0935-0376,37101-84B,
vtwin_merged_xlsx,10-0754,37102-84,
oldbook_merged_xlsx,DS-325519,37105-87A,
fatbook_merged_xlsx,DS-325519,37105-87A,
fatbook_merged_xlsx,0935-0110,37107-06,
wps_merged_xlsx,681-5455,37107-06,James Gaskets
fatbook_merged_xlsx,1105-0035,37116-06,
wps_merged_xlsx,820-50800,37116-06,HardDrive
wps_merged_xlsx,820-50801,37116-06,HardDrive
fatbook_merged_xlsx,0935-0372,37181-84B,
fatbook_merged_xlsx,1130-0415,37200023,
fatbook_merged_xlsx,1132-0718,37200024,
fatbook_merged_xlsx,1132-0754,37200024,
fatbook_merged_xlsx,0652-3368,37200033,
fatbook_merged_xlsx,0652-3372,37200033,
fatbook_merged_xlsx,0652-2085,37200083,
fatbook_merged_xlsx,0652-3369,37200083,
fatbook_merged_xlsx,0652-3373,37200083,
fatbook_merged_xlsx,1132-0730,37200113,
fatbook_merged_xlsx,1132-0766,37200113,
fatbook_merged_xlsx,1132-0767,37200113,
fatbook_merged_xlsx,1132-1060,37200128,
fatbook_merged_xlsx,1132-1111,37200128,
fatbook_merged_xlsx,1132-1025,37200129,
fatbook_merged_xlsx,1132-1076,37200129,
fatbook_merged_xlsx,1132-1592,37200129,
fatbook_merged_xlsx,1130-0416,37200131A,
fatbook_merged_xlsx,1132-1094,37200146,
fatbook_merged_xlsx,1132-1595,37200146,
fatbook_merged_xlsx,0652-3376,37200215,
fatbook_merged_xlsx,0652-3382,37200215,
fatbook_merged_xlsx,0652-3389,37200215,
fatbook_merged_xlsx,0652-3410,37200215,
fatbook_merged_xlsx,0652-2837,37200215/A,
fatbook_merged_xlsx,0652-2856,37200215/A,
fatbook_merged_xlsx,0652-2875,37200215/A,
fatbook_merged_xlsx,0652-3060,37200215/A,
fatbook_merged_xlsx,0652-3063,37200215/A,
fatbook_merged_xlsx,0652-3066,37200215/A,
fatbook_merged_xlsx,0652-3048,37200215A,
fatbook_merged_xlsx,0652-3051,37200215A,
fatbook_merged_xlsx,0652-3054,37200215A,
fatbook_merged_xlsx,0652-3057,37200215A,
fatbook_merged_xlsx,0652-3004,37200216,
fatbook_merged_xlsx,0652-3008,37200216,
fatbook_merged_xlsx,0652-3012,37200216,
fatbook_merged_xlsx,0652-3378,37200216,
fatbook_merged_xlsx,0652-3384,37200216,
fatbook_merged_xlsx,0652-3392,37200216,
fatbook_merged_xlsx,0652-2462,37200216A,
fatbook_merged_xlsx,0652-2475,37200216A,
fatbook_merged_xlsx,0652-2488,37200216A,
fatbook_merged_xlsx,0652-2501,37200216A,
fatbook_merged_xlsx,0652-3095,37200218,
fatbook_merged_xlsx,0652-3098,37200218,
fatbook_merged_xlsx,0652-3377,37200218,
fatbook_merged_xlsx,0652-3383,37200218,
fatbook_merged_xlsx,0652-3390,37200218,
fatbook_merged_xlsx,0652-3411,37200218,
fatbook_merged_xlsx,0652-3061,37200218/A,
fatbook_merged_xlsx,0652-3064,37200218/A,
fatbook_merged_xlsx,0652-3067,37200218/A,
fatbook_merged_xlsx,0652-3049,37200218A,
fatbook_merged_xlsx,0652-3052,37200218A,
fatbook_merged_xlsx,0652-3055,37200218A,
fatbook_merged_xlsx,0652-3058,37200218A,
fatbook_merged_xlsx,0652-3068,37200219,
fatbook_merged_xlsx,0652-3071,37200219,
fatbook_merged_xlsx,0652-3074,37200219,
fatbook_merged_xlsx,0652-3370,37200219,
fatbook_merged_xlsx,0652-3374,37200219,
fatbook_merged_xlsx,0652-3375,37200219,
fatbook_merged_xlsx,0652-3409,37200219,
fatbook_merged_xlsx,0652-3059,37200219/A,
fatbook_merged_xlsx,0652-3062,37200219/A,
fatbook_merged_xlsx,0652-3065,37200219/A,
fatbook_merged_xlsx,0652-3047,37200219A,
fatbook_merged_xlsx,0652-3050,37200219A,
fatbook_merged_xlsx,0652-3053,37200219A,
fatbook_merged_xlsx,0652-3056,37200219A,
fatbook_merged_xlsx,0652-2939,37200429,
fatbook_merged_xlsx,0652-3376,37200433,
fatbook_merged_xlsx,0652-3382,37200433,
fatbook_merged_xlsx,0652-3389,37200433,
fatbook_merged_xlsx,0652-3410,37200433,
fatbook_merged_xlsx,0652-2835,37200433/A,
fatbook_merged_xlsx,0652-2854,37200433/A,
fatbook_merged_xlsx,0652-2873,37200433/A,
fatbook_merged_xlsx,0652-2460,37200433A,
fatbook_merged_xlsx,0652-2473,37200433A,
fatbook_merged_xlsx,0652-2499,37200433A,
fatbook_merged_xlsx,0652-2984,37200437,
fatbook_merged_xlsx,0652-2985,37200437,
fatbook_merged_xlsx,0652-2986,37200437,
fatbook_merged_xlsx,0652-2987,37200437,
fatbook_merged_xlsx,0652-2988,37200437,
fatbook_merged_xlsx,0652-2989,37200437,
fatbook_merged_xlsx,0652-2990,37200437,
fatbook_merged_xlsx,0652-2991,37200437,
fatbook_merged_xlsx,37200561,37200437/,
fatbook_merged_xlsx,37200566,37200437/,
fatbook_merged_xlsx,0652-2505,37200439,
fatbook_merged_xlsx,0652-2841,37200439,
fatbook_merged_xlsx,0652-2860,37200439,
fatbook_merged_xlsx,0652-2879,37200439,
fatbook_merged_xlsx,0652-3300,37200439,
fatbook_merged_xlsx,0652-3323,37200439,
fatbook_merged_xlsx,0652-3340,37200439,
fatbook_merged_xlsx,0652-3419,37200439,
fatbook_merged_xlsx,0652-2466,37200439,
fatbook_merged_xlsx,0652-2479,37200439,
fatbook_merged_xlsx,0652-2464,37200440,
fatbook_merged_xlsx,0652-2477,37200440,
fatbook_merged_xlsx,0652-2490,37200440,
fatbook_merged_xlsx,0652-2503,37200440,
fatbook_merged_xlsx,0652-2839,37200440,
fatbook_merged_xlsx,0652-2858,37200440,
fatbook_merged_xlsx,0652-2877,37200440,
fatbook_merged_xlsx,0652-3422,37200440,
fatbook_merged_xlsx,0652-3427,37200440,
fatbook_merged_xlsx,0652-3428,37200440,
fatbook_merged_xlsx,0652-3429,37200440,
fatbook_merged_xlsx,0652-2781,37200441,
fatbook_merged_xlsx,0652-2787,37200441,
fatbook_merged_xlsx,0652-2793,37200441,
fatbook_merged_xlsx,0652-2799,37200441,
fatbook_merged_xlsx,0652-2848,37200441,
fatbook_merged_xlsx,0652-2867,37200441,
fatbook_merged_xlsx,0652-2886,37200441,
fatbook_merged_xlsx,0652-3430,37200441,
fatbook_merged_xlsx,0652-3436,37200441,
fatbook_merged_xlsx,0652-3447,37200441,
fatbook_merged_xlsx,0652-2940,37200458,
fatbook_merged_xlsx,0652-3077,37200545,
fatbook_merged_xlsx,0652-3080,37200545,
fatbook_merged_xlsx,0652-3083,37200545,
fatbook_merged_xlsx,0652-2466,37200560,
fatbook_merged_xlsx,0652-2479,37200560,
fatbook_merged_xlsx,0652-2492,37200560,
fatbook_merged_xlsx,0652-2505,37200560,
fatbook_merged_xlsx,0652-2841,37200560,
fatbook_merged_xlsx,0652-2860,37200560,
fatbook_merged_xlsx,0652-2879,37200560,
fatbook_merged_xlsx,0652-2992,37200560,
fatbook_merged_xlsx,0652-2996,37200560,
fatbook_merged_xlsx,0652-3000,37200560,
fatbook_merged_xlsx,0652-3300,37200560,
fatbook_merged_xlsx,0652-3323,37200560,
fatbook_merged_xlsx,0652-3340,37200560,
fatbook_merged_xlsx,0652-3419,37200560,
fatbook_merged_xlsx,0652-2464,37200561,
fatbook_merged_xlsx,0652-2477,37200561,
fatbook_merged_xlsx,0652-2490,37200561,
fatbook_merged_xlsx,0652-2503,37200561,
fatbook_merged_xlsx,0652-2839,37200561,
fatbook_merged_xlsx,0652-2858,37200561,
fatbook_merged_xlsx,0652-2877,37200561,
fatbook_merged_xlsx,0652-2992,37200561,
fatbook_merged_xlsx,0652-3000,37200561,
fatbook_merged_xlsx,0652-3089,37200561,
fatbook_merged_xlsx,0652-3092,37200561,
fatbook_merged_xlsx,0652-3422,37200561,
fatbook_merged_xlsx,0652-3427,37200561,
fatbook_merged_xlsx,0652-3429,37200561,
fatbook_merged_xlsx,0652-2787,37200566,
fatbook_merged_xlsx,0652-2799,37200566,
fatbook_merged_xlsx,0652-2867,37200566,
fatbook_merged_xlsx,0652-2886,37200566,
fatbook_merged_xlsx,0652-3077,37200566,
fatbook_merged_xlsx,0652-3080,37200566,
fatbook_merged_xlsx,0652-3430,37200566,
fatbook_merged_xlsx,0652-3436,37200566,
fatbook_merged_xlsx,0652-3447,37200566,
fatbook_merged_xlsx,0652-2989,37200571,
fatbook_merged_xlsx,0652-2990,37200571,
fatbook_merged_xlsx,0652-2991,37200571,
fatbook_merged_xlsx,0652-2984,37200574A,
fatbook_merged_xlsx,0652-2985,37200574A,
fatbook_merged_xlsx,0652-2986,37200574A,
fatbook_merged_xlsx,0652-2987,37200574A,
fatbook_merged_xlsx,0652-3147,37200574A,
fatbook_merged_xlsx,0652-3148,37200574A,
fatbook_merged_xlsx,0652-3149,37200574A,
fatbook_merged_xlsx,0652-3150,37200574A,
fatbook_merged_xlsx,0652-3196,37200574A,
fatbook_merged_xlsx,0652-3197,37200574A,
fatbook_merged_xlsx,0652-3198,37200574A,
fatbook_merged_xlsx,0652-3119,37200592,
fatbook_merged_xlsx,0652-3120,37200592,
fatbook_merged_xlsx,0652-3121,37200592,
fatbook_merged_xlsx,0652-3122,37200592,
fatbook_merged_xlsx,0652-3175,37200592,
fatbook_merged_xlsx,0652-3176,37200592,
fatbook_merged_xlsx,0652-3177,37200592,
fatbook_merged_xlsx,0617-0404,3720096B,
oldbook_merged_xlsx,DS-194975,37201-74,
oldbook_merged_xlsx,DS-194976,37202-71A,
fatbook_merged_xlsx,0652-3238,3720215,
oldbook_merged_xlsx,DS-194976,37203-71A,
oldbook_merged_xlsx,DS-192516,37285-41,
oldbook_merged_xlsx,DS-192517,37285-65,
oldbook_merged_xlsx,DS-192518,37285-70,
oldbook_merged_xlsx,DS-192519,37285-75A,
oldbook_merged_xlsx,DS-192500,37310-39,
oldbook_merged_xlsx,1132-0568,37312-75,
fatbook_merged_xlsx,1132-0568,37312-75,
oldbook_merged_xlsx,DS-192502,37312-75,
fatbook_merged_xlsx,DS-192502,37312-75,
oldbook_merged_xlsx,DS-192502,37313-80,
fatbook_merged_xlsx,DS-192502,37313-80,
oldbook_merged_xlsx,DS-174474,37337-36,
wps_merged_xlsx,681-5191,37337-36,James Gaskets
oldbook_merged_xlsx,0935-0827,37339-53,
wps_merged_xlsx,68-9364,37339-53,Cometic Gaskets
wps_merged_xlsx,681-5651,37339-53,James Gaskets
oldbook_merged_xlsx,DS-193159,37357-41,
oldbook_merged_xlsx,DS-193161,37361-41,
fatbook_merged_xlsx,2401-0122,3737,
oldbook_merged_xlsx,DS-193152,37436-36,
oldbook_merged_xlsx,DS-199440,37448-71,
oldbook_merged_xlsx,DS-199438,37448-79,
vtwin_merged_xlsx,10-0753,37458-41,
oldbook_merged_xlsx,DS-194287,37458-52,
vtwin_merged_xlsx,10-0751,37458-52,
fatbook_merged_xlsx,1106-0091,37495-91,
oldbook_merged_xlsx,DS-193158,37496-65,
oldbook_merged_xlsx,DS-193157,37496-84,
oldbook_merged_xlsx,DS-193156,37496-90,
wps_merged_xlsx,820-54717,37496-90,HardDrive
fatbook_merged_xlsx,DS-193156,37496-90A,
oldbook_merged_xlsx,2404-0111,37503-41,
wps_merged_xlsx,681-4951,37503-41,James Gaskets
oldbook_merged_xlsx,DS-194395,37503-41,
oldbook_merged_xlsx,DS-194360,37523-15,
oldbook_merged_xlsx,DS-194361,37523-85,
oldbook_merged_xlsx,1132-0704,37526-56A,
oldbook_merged_xlsx,1132-0705,37527-67,
wps_merged_xlsx,681-5652,37531-56,James Gaskets
oldbook_merged_xlsx,0935-0831,37531-56B,
wps_merged_xlsx,68-9368,37531-56B,Cometic Gaskets
oldbook_merged_xlsx,0950-0414,37533-52A,
vtwin_merged_xlsx,10-0764,37538-56,
oldbook_merged_xlsx,1131-0491,37549-41,
wps_merged_xlsx,810-4001,37549-41,Alto Clutches
oldbook_merged_xlsx,DS-194995,37549-41,
oldbook_merged_xlsx,DS-195009,37550-84A,
oldbook_merged_xlsx,DS-195002,37550-90A,
oldbook_merged_xlsx,DS-195000,37550-98,
fatbook_merged_xlsx,DS-195000,37550-98,
fatbook_merged_xlsx,1132-0698,37554-06,
fatbook_merged_xlsx,1132-0978,37554-06,
fatbook_merged_xlsx,1132-0944,37554-11,
oldbook_merged_xlsx,DS-194999,37566-58,
oldbook_merged_xlsx,1132-0621,37574-44,
oldbook_merged_xlsx,DS-193160,37581-47,
oldbook_merged_xlsx,1132-0622,37583-41,
oldbook_merged_xlsx,1132-0623,37585-41C,
wps_merged_xlsx,830-1105,3762M,Colony
fatbook_merged_xlsx,0617-0402,37700132,
oldbook_merged_xlsx,DS-196181,37702-70A,
oldbook_merged_xlsx,1132-1379,37707-84,
oldbook_merged_xlsx,DS195192,37707-90,
oldbook_merged_xlsx,DS195191,37707-94,
oldbook_merged_xlsx,DS195190,37707-98A,
fatbook_merged_xlsx,DS195190,37707-98A,
fatbook_merged_xlsx,DS-191090,37709-89,
fatbook_merged_xlsx,1201-0541,37710-07,
oldbook_merged_xlsx,1132-0197,37722-71,
oldbook_merged_xlsx,1132-0918,37722-71,
oldbook_merged_xlsx,0935-0834,37740-57,
wps_merged_xlsx,68-9371,37740-57,Cometic Gaskets
wps_merged_xlsx,681-5656,37740-57,James Gaskets
wps_merged_xlsx,681-5657,37741-67,James Gaskets
wps_merged_xlsx,681-5658,37741-67,James Gaskets
oldbook_merged_xlsx,DS-194450,37741-67A,
wps_merged_xlsx,68-9513,37741-67A,Cometic Gaskets
oldbook_merged_xlsx,0935-0212,37741-67A,
oldbook_merged_xlsx,DS-173426,37741-67A,
oldbook_merged_xlsx,DS-174456,37741-67A,
oldbook_merged_xlsx,0935-0213,37741-82,
wps_merged_xlsx,681-4675,37741-82,James Gaskets
oldbook_merged_xlsx,DS-174455,37741-82,
wps_merged_xlsx,681-4676,37741-82,James Gaskets
oldbook_merged_xlsx,DS-194468,37741-82,
oldbook_merged_xlsx,DS-194468,37741-82A,
wps_merged_xlsx,68-9514,37741-82DL,Cometic Gaskets
oldbook_merged_xlsx,DS-194119,37755-73,
oldbook_merged_xlsx,0934-4674,37762-52,
wps_merged_xlsx,68-9319,37762-52,Cometic Gaskets
oldbook_merged_xlsx,DS-174020,37762-52,
wps_merged_xlsx,681-5650,37762-52,James Gaskets
fatbook_merged_xlsx,1132-0697,37813-06,
fatbook_merged_xlsx,DS-190121,3782,
oldbook_merged_xlsx,1132-0572,37871-41,
oldbook_merged_xlsx,1131-0450,37871-84,
wps_merged_xlsx,810-4003,37871-84,Alto Clutches
oldbook_merged_xlsx,2004-0017,37871-90,
oldbook_merged_xlsx,1131-0454,37871-98,
fatbook_merged_xlsx,DS-223355,37871-98,
oldbook_merged_xlsx,DS-223355,37871-98,
oldbook_merged_xlsx,2401-0686,37880-71,
oldbook_merged_xlsx,DS-193601,37880-71,
oldbook_merged_xlsx,1132-0571,37901-84A,
oldbook_merged_xlsx,1132-0590,37902-82,
oldbook_merged_xlsx,DS-194977,37903-90,
fatbook_merged_xlsx,DS-194977,37903-90,
oldbook_merged_xlsx,DS-188073,37904-84,
oldbook_merged_xlsx,1132-0280,37904-90,
fatbook_merged_xlsx,1132-0280,37904-90,
fatbook_merged_xlsx,1132-0281,37905-00,
oldbook_merged_xlsx,1132-0284,37905-90,
fatbook_merged_xlsx,1132-0284,37905-90,
fatbook_merged_xlsx,1132-0919,37906-11,
oldbook_merged_xlsx,1132-0624,37906-84,
oldbook_merged_xlsx,1132-0285,37906-90,
fatbook_merged_xlsx,1132-0285,37906-90,
wps_merged_xlsx,22-53104,37906-90,All Balls Racing
oldbook_merged_xlsx,DS-188075,37907-84,
oldbook_merged_xlsx,1132-0282,37908-90,
fatbook_merged_xlsx,1132-0282,37908-90,
oldbook_merged_xlsx,1132-0283,37909-90,
fatbook_merged_xlsx,1132-0283,37909-90,
oldbook_merged_xlsx,1131-0280,37910-90,
oldbook_merged_xlsx,1131-0465,37910-90,
oldbook_merged_xlsx,1131-0472,37910-90,
oldbook_merged_xlsx,1131-0280,37911-90,
fatbook_merged_xlsx,1131-0280,37911-90,
oldbook_merged_xlsx,1131-0420,37911-90,
fatbook_merged_xlsx,1131-0420,37911-90,
oldbook_merged_xlsx,1131-0425,37911-90,
fatbook_merged_xlsx,1131-0425,37911-90,
oldbook_merged_xlsx,1131-0465,37911-90,
fatbook_merged_xlsx,DS-223734,37911-90,
oldbook_merged_xlsx,1131-0472,37911-90,
fatbook_merged_xlsx,DS-223737,37911-90,
oldbook_merged_xlsx,DS-223734,37911-90,
oldbook_merged_xlsx,DS-223737,37911-90,
oldbook_merged_xlsx,1132-0269,37912-91,
fatbook_merged_xlsx,1132-0269,37912-91,
oldbook_merged_xlsx,2012-1270,37912-91,
fatbook_merged_xlsx,2012-1270,37912-91,
oldbook_merged_xlsx,1132-1164,37912-98,
fatbook_merged_xlsx,1132-1164,37912-98,
oldbook_merged_xlsx,1131-0284,37913-90,
fatbook_merged_xlsx,1131-0285,37913-90,
oldbook_merged_xlsx,1131-0430,37913-90,
fatbook_merged_xlsx,1131-0430,37913-90,
oldbook_merged_xlsx,1131-0435,37913-90,
fatbook_merged_xlsx,1131-0435,37913-90,
oldbook_merged_xlsx,1131-0459,37913-90,
fatbook_merged_xlsx,DS-223747,37913-90,
oldbook_merged_xlsx,1131-0482,37913-90,
oldbook_merged_xlsx,DS-223747,37913-90,
oldbook_merged_xlsx,1131-0284,37913-98,
fatbook_merged_xlsx,1131-0284,37913-98,
oldbook_merged_xlsx,1131-0429,37913-98,
fatbook_merged_xlsx,1131-0429,37913-98,
oldbook_merged_xlsx,1131-0434,37913-98,
fatbook_merged_xlsx,1131-0434,37913-98,
oldbook_merged_xlsx,1131-0455,37913-98,
fatbook_merged_xlsx,DS-223354,37913-98,
oldbook_merged_xlsx,1131-0487,37913-98,
oldbook_merged_xlsx,DS-223354,37913-98,
oldbook_merged_xlsx,1131-0423,37930-41,
oldbook_merged_xlsx,1131-0428,37930-41,
oldbook_merged_xlsx,1131-0466,37930-41,
oldbook_merged_xlsx,1131-0473,37930-41,
oldbook_merged_xlsx,1131-0282,37930-68,
oldbook_merged_xlsx,1131-0422,37930-68,
oldbook_merged_xlsx,1131-0427,37930-68,
oldbook_merged_xlsx,1131-0467,37930-68,
oldbook_merged_xlsx,1131-0474,37930-68,
oldbook_merged_xlsx,DS-223735,37930-68,
oldbook_merged_xlsx,1131-0281,37930-84A,
oldbook_merged_xlsx,1131-0468,37930-84A,
oldbook_merged_xlsx,1131-0475,37930-84A,
oldbook_merged_xlsx,1131-0281,37931-84,
oldbook_merged_xlsx,1131-0421,37931-84,
oldbook_merged_xlsx,1131-0426,37931-84,
oldbook_merged_xlsx,1131-0468,37931-84,
oldbook_merged_xlsx,1131-0475,37931-84,
oldbook_merged_xlsx,DS-223731,37931-84,
oldbook_merged_xlsx,DS-223732,37931-84,
oldbook_merged_xlsx,1131-0419,37932-98,
fatbook_merged_xlsx,1131-0279,37932-98,
oldbook_merged_xlsx,1131-0424,37932-98,
fatbook_merged_xlsx,1131-0419,37932-98,
oldbook_merged_xlsx,1131-0477,37932-98,
fatbook_merged_xlsx,1131-0424,37932-98,
oldbook_merged_xlsx,1131-0478,37932-98,
fatbook_merged_xlsx,DS-223353,37932-98,
oldbook_merged_xlsx,DS-223353,37932-98,
fatbook_merged_xlsx,DS-223471,37932-98,
oldbook_merged_xlsx,DS-223471,37932-98,
oldbook_merged_xlsx,DS-223745,37945-41,
oldbook_merged_xlsx,1131-0287,37975-41,
oldbook_merged_xlsx,1131-0433,37975-41,
oldbook_merged_xlsx,1131-0437,37975-41,
oldbook_merged_xlsx,1131-0432,37975-41/81,
oldbook_merged_xlsx,1131-0437,37975-41/81,
oldbook_merged_xlsx,1131-0480,37975-41/81,
oldbook_merged_xlsx,1131-0481,37975-41/81,
oldbook_merged_xlsx,1131-0484,37975-41/81,
oldbook_merged_xlsx,1131-0488,37975-41/81,
oldbook_merged_xlsx,1131-0489,37975-41/81,
oldbook_merged_xlsx,1131-0490,37975-41/81,
oldbook_merged_xlsx,DS-223746,37975-84A,
oldbook_merged_xlsx,1131-0286,37975-84A,
oldbook_merged_xlsx,1131-0431,37975-84A,
oldbook_merged_xlsx,1131-0436,37975-84A,
oldbook_merged_xlsx,1131-0485,37975-84A,
oldbook_merged_xlsx,1131-0494,37975-84A,
oldbook_merged_xlsx,1131-0285,37975-90,
oldbook_merged_xlsx,1131-3503,37975-90,
wps_merged_xlsx,810-4169,37975-90/37977-90,Alto Clutches
oldbook_merged_xlsx,1131-0291,37985-52A,
oldbook_merged_xlsx,1131-0440,37985-52A,
oldbook_merged_xlsx,1131-0443,37985-52A,
oldbook_merged_xlsx,1131-0469,37985-52A/57,
oldbook_merged_xlsx,1131-0476,37985-52A/57,
oldbook_merged_xlsx,1131-0291,37985-57,
oldbook_merged_xlsx,1131-0290,37985-71,
oldbook_merged_xlsx,1131-0451,37985-71,
oldbook_merged_xlsx,1131-0470,37985-71,
oldbook_merged_xlsx,1131-0439,37985-71A,
oldbook_merged_xlsx,1131-0442,37985-71A,
oldbook_merged_xlsx,DS-223733,37985-71A,
oldbook_merged_xlsx,DS-223766,37985-71A,
oldbook_merged_xlsx,1131-0457,37987-71,
oldbook_merged_xlsx,1131-0532,37987-71,
oldbook_merged_xlsx,1131-0533,37987-71,
oldbook_merged_xlsx,DS-223756,37987-71,
oldbook_merged_xlsx,1131-0294,37992-52,
oldbook_merged_xlsx,1131-0446,37992-52,
oldbook_merged_xlsx,1131-0456,37992-52,
oldbook_merged_xlsx,1131-0486,37992-52,
oldbook_merged_xlsx,DS-223752,37992-52,
oldbook_merged_xlsx,1131-0293,37992-71,
oldbook_merged_xlsx,1131-0445,37992-71,
oldbook_merged_xlsx,1131-0448,37992-71,
oldbook_merged_xlsx,1131-0452,37992-71,
oldbook_merged_xlsx,1131-0458,37992-71,
oldbook_merged_xlsx,DS223772,37992-71,
oldbook_merged_xlsx,1132-0707,38005-74,
oldbook_merged_xlsx,1131-2180,38010-41,
wps_merged_xlsx,820-54718,38010-41,HardDrive
oldbook_merged_xlsx,1132-0573,38010-41,
oldbook_merged_xlsx,DS-223753,38016-57,
oldbook_merged_xlsx,1132-0708,38025-41,
oldbook_merged_xlsx,1131-1808,38075-41,
wps_merged_xlsx,191-27791,38075-41,Kibble White
wps_merged_xlsx,191-27790,38075-68,Kibble White
oldbook_merged_xlsx,DS-223754,38076-52,
oldbook_merged_xlsx,DS-223755,38076-52,
oldbook_merged_xlsx,DS-223759,38077-41,
oldbook_merged_xlsx,1131-1809,38079-72,
oldbook_merged_xlsx,1131-1809,38080-71,
fatbook_merged_xlsx,1741-5672,38152-11,
fatbook_merged_xlsx,1741-4873,38154-11,
fatbook_merged_xlsx,1741-4879,38154-11,
fatbook_merged_xlsx,1741-5515,38154-11,
fatbook_merged_xlsx,1741-5517,38154-11,
oldbook_merged_xlsx,1132-0709,38505-52,
wps_merged_xlsx,70-6004,38599-80A,Motion Pro
oldbook_merged_xlsx,0652-1029,38599-83A,
wps_merged_xlsx,70-6005,38599-83A,Motion Pro
oldbook_merged_xlsx,0652-1313,38599-83A,
wps_merged_xlsx,70-6123,38599-83A,Motion Pro
wps_merged_xlsx,70-660072,38599-83A,Motion Pro
oldbook_merged_xlsx,0652-0608,38599-88A,
oldbook_merged_xlsx,0652-0507,38600-89A,
fatbook_merged_xlsx,0652-0507,38600-89A,
oldbook_merged_xlsx,0652-0509,38600-89A,
fatbook_merged_xlsx,0652-0509,38600-89A,
oldbook_merged_xlsx,0652-0512,38600-89A,
fatbook_merged_xlsx,0652-0512,38600-89A,
oldbook_merged_xlsx,0652-1320,38600-89A,
fatbook_merged_xlsx,0652-0630,38600-89A,
fatbook_merged_xlsx,0652-1320,38600-89A,
oldbook_merged_xlsx,0652-1052,38601-89,
fatbook_merged_xlsx,0652-1052,38601-89,
wps_merged_xlsx,70-6145,38601-89,Motion Pro
oldbook_merged_xlsx,0652-1128,38601-89,
fatbook_merged_xlsx,0652-1128,38601-89,
wps_merged_xlsx,70-660158,38601-89,Motion Pro
oldbook_merged_xlsx,0652-1180,38601-89,
fatbook_merged_xlsx,0652-1180,38601-89,
oldbook_merged_xlsx,0652-0120,38602-92,
fatbook_merged_xlsx,0652-0120,38602-92,
wps_merged_xlsx,70-6164,38602-92,Motion Pro
oldbook_merged_xlsx,0652-0201,38602-92,
fatbook_merged_xlsx,0652-3281,38602-92,
wps_merged_xlsx,70-660170,38602-92,Motion Pro
oldbook_merged_xlsx,0652-0624,38602-92,
fatbook_merged_xlsx,0652-3308,38602-92,
oldbook_merged_xlsx,0652-1044,38602-92,
fatbook_merged_xlsx,0652-3331,38602-92,
oldbook_merged_xlsx,0652-1122,38602-92,
fatbook_merged_xlsx,0652-3418,38602-92,
oldbook_merged_xlsx,0652-1174,38602-92,
oldbook_merged_xlsx,0652-2385,38602-92,
oldbook_merged_xlsx,0652-0201,38604-90A,
fatbook_merged_xlsx,0652-0533,38604-90A,
oldbook_merged_xlsx,0652-0533,38604-90A,
fatbook_merged_xlsx,0652-0624,38604-90A,
oldbook_merged_xlsx,0652-0535,38604-90A,
oldbook_merged_xlsx,0652-0624,38604-90A,
oldbook_merged_xlsx,0652-0525,38605-86,
wps_merged_xlsx,70-6086,38605-86,Motion Pro
oldbook_merged_xlsx,0652-0527,38605-86,
wps_merged_xlsx,70-660252,38605-86,Motion Pro
oldbook_merged_xlsx,0652-0621,38605-86,
oldbook_merged_xlsx,0652-0119,38606-87A,
wps_merged_xlsx,70-6146,38606-87A,Motion Pro
oldbook_merged_xlsx,0652-0529,38606-87A,
wps_merged_xlsx,70-660159,38606-87A,Motion Pro
oldbook_merged_xlsx,0652-0613,38606-87A,
oldbook_merged_xlsx,0652-1019,38606-87A,
oldbook_merged_xlsx,0652-0118,38607-87,
fatbook_merged_xlsx,0652-0118,38607-87,
oldbook_merged_xlsx,0652-0190,38607-87A,
fatbook_merged_xlsx,0652-0190,38607-87A,
wps_merged_xlsx,70-6145,38607-87A,Motion Pro
oldbook_merged_xlsx,0652-0612,38607-87A,
fatbook_merged_xlsx,0652-0612,38607-87A,
wps_merged_xlsx,70-660158,38607-87A,Motion Pro
oldbook_merged_xlsx,0652-1006,38607-87A,
oldbook_merged_xlsx,0652-1116,38607-87A,
oldbook_merged_xlsx,0652-1168,38607-87A,
oldbook_merged_xlsx,DS-290702,38608-73,
oldbook_merged_xlsx,0615-0197,38608-82B,
oldbook_merged_xlsx,DS-290688,38608-96,
fatbook_merged_xlsx,DS-290688,38608-96,
fatbook_merged_xlsx,0652-1983,38616-00Y,
oldbook_merged_xlsx,0652-0540,38617-95,
oldbook_merged_xlsx,0652-0542,38617-95,
oldbook_merged_xlsx,0652-1130,38617-95,
oldbook_merged_xlsx,0652-0544,38618-52,
wps_merged_xlsx,70-6000,38618-52,Motion Pro
wps_merged_xlsx,70-6001,38618-68A/B,Motion Pro
wps_merged_xlsx,70-6120,38618-68A/B,Motion Pro
wps_merged_xlsx,70-660025,38618-68A/B,Motion Pro
oldbook_merged_xlsx,0652-1008,38618-68A/B/C,
oldbook_merged_xlsx,0652-1297,38618-68A/B/C,
oldbook_merged_xlsx,0652-1299,38618-68A/B/C,
oldbook_merged_xlsx,0652-1307,38619-57A,
wps_merged_xlsx,70-6002,38619-57A,Motion Pro
wps_merged_xlsx,70-6088,38619-71B,Motion Pro
wps_merged_xlsx,70-6107,38619-71B,Motion Pro
wps_merged_xlsx,70-660029,38619-71B,Motion Pro
oldbook_merged_xlsx,0652-1301,38619-71B/84,
oldbook_merged_xlsx,0652-1303,38619-71B/84,
oldbook_merged_xlsx,0652-1305,38619-72,
oldbook_merged_xlsx,0652-1027,38619-84,
wps_merged_xlsx,70-6088,38619-84,Motion Pro
wps_merged_xlsx,70-6107,38619-84,Motion Pro
fatbook_merged_xlsx,0652-0187,38619-86A,
wps_merged_xlsx,70-6137,38619-86A,Motion Pro
fatbook_merged_xlsx,0652-0464,38619-86A,
wps_merged_xlsx,70-660155,38619-86A,Motion Pro
fatbook_merged_xlsx,0652-0469,38619-86A,
fatbook_merged_xlsx,0652-1326,38619-86A,
fatbook_merged_xlsx,0652-3271,38619-86A,
fatbook_merged_xlsx,0652-3303,38619-86A,
fatbook_merged_xlsx,0652-3326,38619-86A,
fatbook_merged_xlsx,0652-0198,38620-96,
wps_merged_xlsx,70-6286,38620-96,Motion Pro
fatbook_merged_xlsx,0652-0471,38620-96,
wps_merged_xlsx,70-660287,38620-96,Motion Pro
fatbook_merged_xlsx,0652-0604,38620-96,
fatbook_merged_xlsx,0652-1062,38620-96,
fatbook_merged_xlsx,0652-1131,38620-96,
fatbook_merged_xlsx,0652-1183,38620-96,
fatbook_merged_xlsx,0652-0192,38621-86A,
wps_merged_xlsx,70-6147,38621-86A,Motion Pro
fatbook_merged_xlsx,0652-0475,38621-86A,
wps_merged_xlsx,70-6203,38621-86A,Motion Pro
fatbook_merged_xlsx,0652-0477,38621-86A,
wps_merged_xlsx,70-660160,38621-86A,Motion Pro
fatbook_merged_xlsx,0652-3275,38621-86A,
oldbook_merged_xlsx,DS-110223,38623-68,
wps_merged_xlsx,70-6106,38626-77B,Motion Pro
wps_merged_xlsx,70-6106,38626-84,Motion Pro
oldbook_merged_xlsx,2401-0529,38654-53,
fatbook_merged_xlsx,0652-0492,38656-96,
fatbook_merged_xlsx,0652-0493,38656-96,
oldbook_merged_xlsx,0652-0514,38661-00,
fatbook_merged_xlsx,0652-0514,38661-00,
wps_merged_xlsx,70-6164,38661-00,Motion Pro
oldbook_merged_xlsx,0652-0516,38661-00,
fatbook_merged_xlsx,0652-0516,38661-00,
oldbook_merged_xlsx,0652-1044,38661-00,
oldbook_merged_xlsx,0652-1122,38661-00,
oldbook_merged_xlsx,0652-1174,38661-00,
oldbook_merged_xlsx,0652-2385,38661-00,
fatbook_merged_xlsx,0652-1062,38662-00,
wps_merged_xlsx,70-6286,38662-00,Motion Pro
fatbook_merged_xlsx,0652-1131,38662-00,
fatbook_merged_xlsx,0652-1183,38662-00,
fatbook_merged_xlsx,0652-3271,38663-00,
wps_merged_xlsx,70-6137,38663-00,Motion Pro
fatbook_merged_xlsx,0652-3303,38663-00,
fatbook_merged_xlsx,0652-3326,38663-00,
fatbook_merged_xlsx,0652-3302,38664-00,
fatbook_merged_xlsx,0652-3325,38664-00,
fatbook_merged_xlsx,0652-2085,38664-07C,
fatbook_merged_xlsx,0652-3369,38664-07C,
fatbook_merged_xlsx,0652-3373,38664-07C,
oldbook_merged_xlsx,0652-1070,38665-00,
fatbook_merged_xlsx,0652-0122,38665-00,
wps_merged_xlsx,70-6327,38665-00,Motion Pro
fatbook_merged_xlsx,0652-1380,38665-00,
fatbook_merged_xlsx,0652-3289,38665-00,
fatbook_merged_xlsx,0652-3367,38665-07C,
fatbook_merged_xlsx,0652-3371,38665-07C,
oldbook_merged_xlsx,0652-0123,38666-00,
fatbook_merged_xlsx,0652-0123,38666-00,
wps_merged_xlsx,70-6329,38666-00,Motion Pro
oldbook_merged_xlsx,0652-0190,38666-00,
fatbook_merged_xlsx,0652-0518,38666-00,
oldbook_merged_xlsx,0652-0518,38666-00,
fatbook_merged_xlsx,0652-0520,38666-00,
oldbook_merged_xlsx,0652-0520,38666-00,
fatbook_merged_xlsx,0652-0523,38666-00,
oldbook_merged_xlsx,0652-0523,38666-00,
fatbook_merged_xlsx,0652-1323,38666-00,
oldbook_merged_xlsx,0652-0612,38666-00,
fatbook_merged_xlsx,0652-3285,38666-00,
oldbook_merged_xlsx,0652-1323,38666-00,
fatbook_merged_xlsx,0652-3312,38666-00,
fatbook_merged_xlsx,0652-3333,38666-00,
fatbook_merged_xlsx,0652-1222,38666-07,
fatbook_merged_xlsx,0652-0888,38666-07A/B/C,
fatbook_merged_xlsx,0652-3370,38666-07A/B/C,
fatbook_merged_xlsx,0652-3374,38666-07A/B/C,
fatbook_merged_xlsx,0652-3375,38666-07A/B/C,
fatbook_merged_xlsx,0652-3409,38666-07A/B/C,
oldbook_merged_xlsx,0652-1128,38667-00,
fatbook_merged_xlsx,0652-1052,38667-00,
oldbook_merged_xlsx,0652-1180,38667-00,
fatbook_merged_xlsx,0652-1128,38667-00,
fatbook_merged_xlsx,0652-1180,38667-00,
fatbook_merged_xlsx,0652-3295,38667-07,
fatbook_merged_xlsx,0652-3318,38667-07,
fatbook_merged_xlsx,0652-3335,38667-07,
fatbook_merged_xlsx,0652-0889,38667-07,
fatbook_merged_xlsx,0652-3301,38667-08,
fatbook_merged_xlsx,0652-3324,38667-08,
fatbook_merged_xlsx,0652-3341,38667-08,
fatbook_merged_xlsx,0652-1355,38667-08A,
fatbook_merged_xlsx,0652-1225,38667-08A,
fatbook_merged_xlsx,0652-1239,38667-08A,
fatbook_merged_xlsx,0652-1351,38667-08A,
fatbook_merged_xlsx,0615-0267,38671-04,
fatbook_merged_xlsx,0652-1278,38677-08A,
fatbook_merged_xlsx,0652-0631,38699-04,
wps_merged_xlsx,70-6369,38699-04,Motion Pro
fatbook_merged_xlsx,0652-1567,38699-04,
wps_merged_xlsx,70-660369,38699-04,Motion Pro
fatbook_merged_xlsx,0652-1572,38699-04,
fatbook_merged_xlsx,0652-3348,38699-04C,
fatbook_merged_xlsx,0652-3356,38699-04C,
fatbook_merged_xlsx,0615-0270,38700-08A,
fatbook_merged_xlsx,0652-1224,38702-05A,
fatbook_merged_xlsx,0652-3349,38702-05C,
fatbook_merged_xlsx,0652-3357,38702-05C,
fatbook_merged_xlsx,0652-3424,38702-05C,
fatbook_merged_xlsx,0617-0197,38738-08,
fatbook_merged_xlsx,0652-3368,38785-08A,
fatbook_merged_xlsx,0652-3372,38785-08A,
fatbook_merged_xlsx,0652-0888,38787-06A,
fatbook_merged_xlsx,0652-3370,38787-06A,
fatbook_merged_xlsx,0652-3374,38787-06A,
fatbook_merged_xlsx,0652-3375,38787-06A,
fatbook_merged_xlsx,0652-3376,38787-06A,
fatbook_merged_xlsx,0652-3382,38787-06A,
fatbook_merged_xlsx,0652-3389,38787-06A,
fatbook_merged_xlsx,0652-3409,38787-06A,
fatbook_merged_xlsx,0652-3410,38787-06A,
fatbook_merged_xlsx,0652-1277,38788-06C,
fatbook_merged_xlsx,0652-0444,38789-06A,
fatbook_merged_xlsx,0652-1340,38789-06A,
fatbook_merged_xlsx,0652-0887,38789-06A,
fatbook_merged_xlsx,0652-3377,38789-06A,
fatbook_merged_xlsx,0652-3383,38789-06A,
fatbook_merged_xlsx,0652-3390,38789-06A,
fatbook_merged_xlsx,0652-3376,38883-08A,
fatbook_merged_xlsx,0652-3382,38883-08A,
fatbook_merged_xlsx,0652-3389,38883-08A,
fatbook_merged_xlsx,0652-3410,38883-08A,
fatbook_merged_xlsx,1861-1518,3929,
fatbook_merged_xlsx,1120-0449,39929-06C,
fatbook_merged_xlsx,0950-0960,39954-99A,
vtwin_merged_xlsx,10-0485,39954-99A,
fatbook_merged_xlsx,0950-0961,39964-99A,
vtwin_merged_xlsx,10-0486,39964-99A,
vtwin_merged_xlsx,10-0487,39965-99,
oldbook_merged_xlsx,DS-192003,39966-80,
fatbook_merged_xlsx,DS-192003,39966-80,
fatbook_merged_xlsx,0925-1064,39968-06,
vtwin_merged_xlsx,10-0918,39968-06,
fatbook_merged_xlsx,0925-1066,39968-06,
fatbook_merged_xlsx,0925-1162,39968-06,
fatbook_merged_xlsx,0925-1065,39969-06,
vtwin_merged_xlsx,10-0919,39969-06,
fatbook_merged_xlsx,0925-1066,39969-06,
fatbook_merged_xlsx,0925-1162,39969-06,
fatbook_merged_xlsx,7805-0022,39970-91,
oldbook_merged_xlsx,DS-192004,39975-52B,
fatbook_merged_xlsx,1120-0079,39976-01,
fatbook_merged_xlsx,1120-0160,39976-01,
oldbook_merged_xlsx,DS-192002,39976-65A/B,
oldbook_merged_xlsx,DS-181201,39976-65A/B,
fatbook_merged_xlsx,DS-192002,39976-65B,
fatbook_merged_xlsx,DS-181201,39976-65B,
oldbook_merged_xlsx,DS-192001,39978-58,
oldbook_merged_xlsx,2401-0601,39985-52,
fatbook_merged_xlsx,1120-0160,39990-01,
oldbook_merged_xlsx,DS-181201,39990-65,
fatbook_merged_xlsx,DS-181201,39990-65,
oldbook_merged_xlsx,DS-181201,39993-65,
fatbook_merged_xlsx,DS-181201,39993-65,
oldbook_merged_xlsx,1120-0189,39996-65,
fatbook_merged_xlsx,DS-181201,39996-65,
oldbook_merged_xlsx,DS-181201,39996-65,
oldbook_merged_xlsx,DS-181201,39998-65,
fatbook_merged_xlsx,DS-181201,39998-65,
fatbook_merged_xlsx,1120-0160,39998-65A,
wps_merged_xlsx,70-6046,4,Motion Pro
wps_merged_xlsx,70-6044,4,Motion Pro
wps_merged_xlsx,70-6125,4,Motion Pro
wps_merged_xlsx,70-6056,4,Motion Pro
wps_merged_xlsx,70-6033,4,Motion Pro
fatbook_merged_xlsx,1204-0252,400000001,
fatbook_merged_xlsx,1204-0092,40000001,
fatbook_merged_xlsx,1204-0253,400000018,
fatbook_merged_xlsx,1204-0234,40000018,
oldbook_merged_xlsx,1204-0058,40001-85,
fatbook_merged_xlsx,1204-0263,40001-85,
oldbook_merged_xlsx,1204-0131,40001-85,
oldbook_merged_xlsx,DS-197002,40001-85,
oldbook_merged_xlsx,1204-0037,40003-79,
oldbook_merged_xlsx,1204-0126,40003-79,
oldbook_merged_xlsx,DS-197003,40003-79,
oldbook_merged_xlsx,DS-192092,40005-57,
wps_merged_xlsx,821-1504,40005-57A,Diamond Chain
oldbook_merged_xlsx,1120-0286,40005-57A/B,
fatbook_merged_xlsx,1120-0286,40005-57A/B,
fatbook_merged_xlsx,DS-192092,40005-57A/B,
wps_merged_xlsx,821-1500,40007-36A,Diamond Chain
oldbook_merged_xlsx,1120-0283,40007-36A/B,
fatbook_merged_xlsx,1120-0283,40007-36A/B,
oldbook_merged_xlsx,DS-192090,40007-36A/B,
fatbook_merged_xlsx,DS-192090,40007-36A/B,
oldbook_merged_xlsx,1204-0041,40012-90,
oldbook_merged_xlsx,1204-0129,40012-90,
oldbook_merged_xlsx,DS-197006,40012-90,
fatbook_merged_xlsx,1204-0051,40015-00,
wps_merged_xlsx,811-11011,40015-00,Carlisle
fatbook_merged_xlsx,1204-0257,40015-00,
oldbook_merged_xlsx,1204-0050,40015-90,
fatbook_merged_xlsx,1204-0050,40015-90,
oldbook_merged_xlsx,1204-0128,40015-90,
fatbook_merged_xlsx,1204-0128,40015-90,
oldbook_merged_xlsx,DS-197005,40015-90,
fatbook_merged_xlsx,1204-0262,40015-90,
fatbook_merged_xlsx,DS-197005,40015-90,
oldbook_merged_xlsx,1204-0043,40017-94,
fatbook_merged_xlsx,1204-0260,40017-94,
oldbook_merged_xlsx,1204-0127,40017-94,
oldbook_merged_xlsx,DS-197004,40017-94,
fatbook_merged_xlsx,1204-0042,40022-91,
fatbook_merged_xlsx,1204-0255,40022-91,
fatbook_merged_xlsx,DS-197008,40022-91,
oldbook_merged_xlsx,1204-0046,40023-86,
fatbook_merged_xlsx,1204-0261,40023-86,
oldbook_merged_xlsx,1204-0125,40023-86,
oldbook_merged_xlsx,DS-197001,40023-86,
fatbook_merged_xlsx,1204-0063,40024-04,
wps_merged_xlsx,811-11013,40024-04,Carlisle
fatbook_merged_xlsx,1204-0259,40024-04,
fatbook_merged_xlsx,1120-0407,40024-07,
fatbook_merged_xlsx,1204-0061,40024-07,
fatbook_merged_xlsx,1204-0249,40024-07,
fatbook_merged_xlsx,1204-0113,40024-09A,
fatbook_merged_xlsx,1204-0114,40024-09A,
fatbook_merged_xlsx,1204-0254,40024-09A,
oldbook_merged_xlsx,1204-0062,40024-97,
fatbook_merged_xlsx,1204-0062,40024-97,
oldbook_merged_xlsx,1204-0124,40024-97,
fatbook_merged_xlsx,1204-0124,40024-97,
oldbook_merged_xlsx,MBR-139,40024-97,
fatbook_merged_xlsx,1204-0264,40024-97,
fatbook_merged_xlsx,MBR-139,40024-97,
fatbook_merged_xlsx,2302-0001,40027-01,
fatbook_merged_xlsx,1120-0285,40036-06,
wps_merged_xlsx,820-51204,40036-06,HardDrive
wps_merged_xlsx,821-1503,40036-06,Diamond Chain
fatbook_merged_xlsx,1120-0284,40037-07,
wps_merged_xlsx,820-51203,40037-07,HardDrive
fatbook_merged_xlsx,1120-0410,40037-07,
wps_merged_xlsx,821-1502,40037-07,Diamond Chain
oldbook_merged_xlsx,DS-192094,40037-79,
oldbook_merged_xlsx,1120-0282,40037-79A,
fatbook_merged_xlsx,DS-192094,40037-79A,
wps_merged_xlsx,821-1501,40037-79A,Diamond Chain
fatbook_merged_xlsx,1120-0282,40037-79A,
fatbook_merged_xlsx,DS-197007,40038-91,
fatbook_merged_xlsx,1120-0352,40039-02C,
fatbook_merged_xlsx,1204-0132,40040-05,
fatbook_merged_xlsx,1204-0112,40046-07,
fatbook_merged_xlsx,1204-0246,40046-07,
fatbook_merged_xlsx,1204-0044,40048-07,
fatbook_merged_xlsx,1204-0256,40048-07,
fatbook_merged_xlsx,1204-0060,40056-07,
fatbook_merged_xlsx,1204-0248,40056-07,
fatbook_merged_xlsx,1204-0052,40058-07,
fatbook_merged_xlsx,1204-0247,40058-07,
fatbook_merged_xlsx,1204-0053,40073-07,
fatbook_merged_xlsx,1204-0251,40073-07,
fatbook_merged_xlsx,1204-0049,40074-07,
fatbook_merged_xlsx,1120-0435,40100076,
fatbook_merged_xlsx,1120-0287,40147-04,
wps_merged_xlsx,820-51212,40147-04,HardDrive
wps_merged_xlsx,821-1505,40147-04,Diamond Chain
oldbook_merged_xlsx,1203-0016,40210-85,
vtwin_merged_xlsx,10-0460,40240-89,
oldbook_merged_xlsx,1203-0015,40250-94,
fatbook_merged_xlsx,1203-0015,40250-94,
wps_merged_xlsx,820-51194,40250-94,HardDrive
oldbook_merged_xlsx,1203-0009,40251-92,
fatbook_merged_xlsx,1203-0009,40251-92,
oldbook_merged_xlsx,DS-360182,40251-92A,
fatbook_merged_xlsx,DS-360182,40251-92A,
vtwin_merged_xlsx,10-0467,40254-02,
oldbook_merged_xlsx,2401-0527,4026-35,
oldbook_merged_xlsx,1120-0270,40266-85,
wps_merged_xlsx,820-52635,40266-85,HardDrive
wps_merged_xlsx,820-52612,40267-85,HardDrive
oldbook_merged_xlsx,DS195197,40269-85,
fatbook_merged_xlsx,DS195197,40269-85,
wps_merged_xlsx,820-52629,40269-85A,HardDrive
oldbook_merged_xlsx,DS-191011,40275-70,
wps_merged_xlsx,820-52628,40275-70,HardDrive
oldbook_merged_xlsx,DS195198,40275-83,
fatbook_merged_xlsx,0213-0733,40278-08,
fatbook_merged_xlsx,0213-0649,40278-09,
fatbook_merged_xlsx,1201-0844,40278-09,
wps_merged_xlsx,820-52626,40280-70,HardDrive
wps_merged_xlsx,820-52627,40282-70,HardDrive
fatbook_merged_xlsx,1201-0003,40289-00,
fatbook_merged_xlsx,1120-0304,40296-06A,
wps_merged_xlsx,820-52615,40299-70,HardDrive
wps_merged_xlsx,820-52616,40299-83A,HardDrive
fatbook_merged_xlsx,1204-0055,40307-00,
fatbook_merged_xlsx,1204-0258,40307-00,
fatbook_merged_xlsx,MBR-135,40307-00,
oldbook_merged_xlsx,DS195196,40308-94,
fatbook_merged_xlsx,DS195196,40308-94,
wps_merged_xlsx,820-52630,40308-94,HardDrive
fatbook_merged_xlsx,1201-0542,40325-07,
fatbook_merged_xlsx,2112-0333,40356-07,
fatbook_merged_xlsx,1204-0060,40371-07,
fatbook_merged_xlsx,1204-0248,40371-07,
oldbook_merged_xlsx,1120-0269,40375-70,
wps_merged_xlsx,820-52632,40375-70,HardDrive
fatbook_merged_xlsx,1203-0017,40379-04,
fatbook_merged_xlsx,1203-0019,40380-04,
wps_merged_xlsx,820-52613,40384-83A,HardDrive
wps_merged_xlsx,820-52614,40384-91,HardDrive
oldbook_merged_xlsx,2017-3462,40392-70,
oldbook_merged_xlsx,2017-3461,40392-91,
fatbook_merged_xlsx,2017-3461,40392-91,
fatbook_merged_xlsx,1203-0018,40400-04,
fatbook_merged_xlsx,0214-2718,40437-01A,
fatbook_merged_xlsx,1203-0020,40505-95,
oldbook_merged_xlsx,DS-194253,40520-63,
fatbook_merged_xlsx,DS-194253,40520-63,
vtwin_merged_xlsx,10-0733,40520-63,
fatbook_merged_xlsx,1204-0059,40570-04,
fatbook_merged_xlsx,1204-0085,40571-04B,
fatbook_merged_xlsx,1120-0407,40591-07,
fatbook_merged_xlsx,1204-0061,40591-07,
fatbook_merged_xlsx,1204-0249,40591-07,
fatbook_merged_xlsx,1204-0047,40594-06,
fatbook_merged_xlsx,1741-2938,40612-09,
fatbook_merged_xlsx,1741-2939,40612-09,
fatbook_merged_xlsx,1741-4764,40612-09,
fatbook_merged_xlsx,1741-4922,40612-09,
fatbook_merged_xlsx,2130-0324,40615-08,
fatbook_merged_xlsx,2130-0327,40652-08,
fatbook_merged_xlsx,1204-0057,40655-06,
fatbook_merged_xlsx,1203-0021,40659-06,
fatbook_merged_xlsx,2130-0322,40680-12,
fatbook_merged_xlsx,2130-0328,40682-12,
fatbook_merged_xlsx,2130-0330,40716-11,
fatbook_merged_xlsx,0214-2738,40900451,
fatbook_merged_xlsx,0214-2737,40900453,
wps_merged_xlsx,820-32002,40908-06,HardDrive
fatbook_merged_xlsx,1701-0780,40908-08,
fatbook_merged_xlsx,1701-0781,40908-08,
oldbook_merged_xlsx,0203-0421,40908-81,
oldbook_merged_xlsx,0203-0666,40908-81,
fatbook_merged_xlsx,0214-2729,40909-00,
fatbook_merged_xlsx,0214-2728,40910-00,
fatbook_merged_xlsx,0214-2730,40910-00,
fatbook_merged_xlsx,DS190143,40910-00,
fatbook_merged_xlsx,DS190148,40910-00,
oldbook_merged_xlsx,DS-190031,40910-84A/B,
fatbook_merged_xlsx,DS-190072,40910-84A/B,
oldbook_merged_xlsx,DS-190076,40910-84A/B,
fatbook_merged_xlsx,DS-190078,40910-84A/B,
oldbook_merged_xlsx,DS-190072,40910-84A/B,
oldbook_merged_xlsx,DS-190078,40910-84A/B,
oldbook_merged_xlsx,DS-195071,40922-79,
wps_merged_xlsx,820-32007,40925-00,HardDrive
fatbook_merged_xlsx,7805-3044,40925-00A,
fatbook_merged_xlsx,0214-0877,40926-08,
wps_merged_xlsx,820-54130,40926-08,HardDrive
fatbook_merged_xlsx,2404-0368,40926-08,
fatbook_merged_xlsx,0214-0881,40927-08,
wps_merged_xlsx,820-54131,40927-08,HardDrive
fatbook_merged_xlsx,2404-0369,40927-08,
fatbook_merged_xlsx,0214-0883,40930-05,
fatbook_merged_xlsx,2401-0112,40930-05,
oldbook_merged_xlsx,DS-199458,40932-81,
fatbook_merged_xlsx,DS-199458,40932-81,
oldbook_merged_xlsx,1710-1064,40939-79A,
oldbook_merged_xlsx,1710-1063,40939-86A,
fatbook_merged_xlsx,1710-1063,40939-86A,
fatbook_merged_xlsx,1710-1906,40939-86A,
fatbook_merged_xlsx,0222-0159,40947-06,
fatbook_merged_xlsx,2404-0370,40947-08,
fatbook_merged_xlsx,0214-0878,40947-08A,
wps_merged_xlsx,820-54135,40947-08A,HardDrive
fatbook_merged_xlsx,2401-0417,40947-08A,
oldbook_merged_xlsx,0204-0370,40951-82,
oldbook_merged_xlsx,DS-325357,40954-81,
oldbook_merged_xlsx,DS-325359,40954-83,
oldbook_merged_xlsx,08813S,40956-82,
oldbook_merged_xlsx,08839DS,40957-87A,
fatbook_merged_xlsx,1741-1789,40971-00A,
fatbook_merged_xlsx,1741-2962,40971-00A,
fatbook_merged_xlsx,1741-3849,40971-08,
fatbook_merged_xlsx,1741-3850,40971-08,
fatbook_merged_xlsx,1741-6340,40971-09,
fatbook_merged_xlsx,1741-6341,40971-09,
oldbook_merged_xlsx,08847DS,40971-86A,
oldbook_merged_xlsx,0204-0371,40975-86A/B/C,
oldbook_merged_xlsx,0204-0571,40975-86A/B/C,
oldbook_merged_xlsx,0204-0372,40975-86A/B/C,
oldbook_merged_xlsx,0204-0573,40975-86A/B/C,
fatbook_merged_xlsx,0214-1972,40981-00,
oldbook_merged_xlsx,0203-0419,40981-40,
fatbook_merged_xlsx,2130-0329,40982-11,
oldbook_merged_xlsx,0203-0419,40982-40,
oldbook_merged_xlsx,0203-0420,40982-67,
fatbook_merged_xlsx,2130-0325,40985-11,
fatbook_merged_xlsx,2130-0326,40985-11,
oldbook_merged_xlsx,08810S,41033-82,
fatbook_merged_xlsx,2401-0539,41084-02,
fatbook_merged_xlsx,0222-0160,41084-02A,
fatbook_merged_xlsx,2401-0112,41084-02A,
fatbook_merged_xlsx,2130-0318,41100001,
fatbook_merged_xlsx,2130-0319,41100023,
fatbook_merged_xlsx,2130-0320,41100024,
fatbook_merged_xlsx,2130-0321,41100076,
fatbook_merged_xlsx,2130-0332,41100080,
fatbook_merged_xlsx,0214-1978,41139-02,
oldbook_merged_xlsx,DS-195401,41196-73,
oldbook_merged_xlsx,DS-195402,41196-83,
oldbook_merged_xlsx,DS-190666,41197-73,
oldbook_merged_xlsx,DS-190493,41198-73,
wps_merged_xlsx,681-5026,41210-55,James Gaskets
wps_merged_xlsx,22-51369,41210-55,All Balls Racing
fatbook_merged_xlsx,0214-0621,41229-08,
fatbook_merged_xlsx,0222-0161,41240-02,
fatbook_merged_xlsx,0214-0879,41242-08,
wps_merged_xlsx,820-54136,41242-08,HardDrive
fatbook_merged_xlsx,2401-0417,41242-08,
fatbook_merged_xlsx,2404-0371,41242-08,
vtwin_merged_xlsx,10-2498,413-30,
vtwin_merged_xlsx,10-0226,413-36,
fatbook_merged_xlsx,1720-0281,41300004,
fatbook_merged_xlsx,1720-0467,41300004,
fatbook_merged_xlsx,1721-1846,41300004,
fatbook_merged_xlsx,1721-1848,41300004,
fatbook_merged_xlsx,1721-1914,41300004,
fatbook_merged_xlsx,1721-1938,41300004,
fatbook_merged_xlsx,1721-1939,41300004,
fatbook_merged_xlsx,1721-1953,41300004,
fatbook_merged_xlsx,1721-2290,41300004,
fatbook_merged_xlsx,1721-2457,41300004,
fatbook_merged_xlsx,1721-3490,41300004,
wps_merged_xlsx,820-32014,41300006,HardDrive
wps_merged_xlsx,820-51285,41300009,HardDrive
wps_merged_xlsx,820-51264,41300019,HardDrive
fatbook_merged_xlsx,1720-0546,41300027,
fatbook_merged_xlsx,1721-1936,41300027,
fatbook_merged_xlsx,1721-2295,41300027,
fatbook_merged_xlsx,1721-2441,41300027,
fatbook_merged_xlsx,1720-0547,41300033,
fatbook_merged_xlsx,1721-1911,41300033,
fatbook_merged_xlsx,1721-1941,41300033,
fatbook_merged_xlsx,1721-2442,41300033,
fatbook_merged_xlsx,1721-1820,41300053,
fatbook_merged_xlsx,1721-1915,41300053,
fatbook_merged_xlsx,1721-1935,41300053,
fatbook_merged_xlsx,1721-2132,41300053,
fatbook_merged_xlsx,1721-2458,41300053,
fatbook_merged_xlsx,1721-3496,41300053,
fatbook_merged_xlsx,1722-0787,41300053,
fatbook_merged_xlsx,1722-0980,41300053,
fatbook_merged_xlsx,FA254HH,41300053,
wps_merged_xlsx,820-32016,41300054,HardDrive
fatbook_merged_xlsx,1720-0275,41300072,
fatbook_merged_xlsx,1720-0282,41300072,
fatbook_merged_xlsx,1721-1908,41300072,
fatbook_merged_xlsx,1721-1942,41300072,
fatbook_merged_xlsx,1721-1954,41300072,
fatbook_merged_xlsx,1721-2259,41300072,
fatbook_merged_xlsx,1721-2459,41300072,
fatbook_merged_xlsx,1701-0755,41300095,
fatbook_merged_xlsx,1701-0756,41300095,
fatbook_merged_xlsx,1701-0777,41300097,
fatbook_merged_xlsx,1701-0778,41300097,
fatbook_merged_xlsx,1720-0753,41300102,
fatbook_merged_xlsx,1720-0755,41300102,
fatbook_merged_xlsx,1720-0757,41300102,
fatbook_merged_xlsx,1721-0567,41300102,
fatbook_merged_xlsx,1721-2252,41300102,
fatbook_merged_xlsx,1721-2258,41300102,
fatbook_merged_xlsx,1721-2461,41300102,
fatbook_merged_xlsx,1721-3491,41300102,
fatbook_merged_xlsx,1722-0786,41300102,
fatbook_merged_xlsx,1722-0974,41300102,
fatbook_merged_xlsx,1721-0172,41300161,
fatbook_merged_xlsx,1721-1907,41300161,
fatbook_merged_xlsx,1721-2439,41300161,
fatbook_merged_xlsx,1721-2460,41300161,
fatbook_merged_xlsx,1721-3493,41300161,
fatbook_merged_xlsx,1720-0568,41300169,
fatbook_merged_xlsx,1721-0563,41300169,
fatbook_merged_xlsx,1721-2326,41300169,
fatbook_merged_xlsx,1721-2440,41300169,
fatbook_merged_xlsx,1721-2445,41300169,
fatbook_merged_xlsx,1721-2449,41300169,
fatbook_merged_xlsx,1721-2462,41300169,
fatbook_merged_xlsx,1721-3482,41300169,
fatbook_merged_xlsx,1722-0973,41300169,
fatbook_merged_xlsx,1720-0647,41300197,
fatbook_merged_xlsx,1720-0752,41300197,
fatbook_merged_xlsx,1720-0754,41300197,
fatbook_merged_xlsx,1720-0756,41300197,
fatbook_merged_xlsx,1721-2725,41300197,
fatbook_merged_xlsx,1721-2726,41300197,
fatbook_merged_xlsx,1721-2767,41300197,
fatbook_merged_xlsx,1721-2768,41300197,
fatbook_merged_xlsx,1721-2811,41300197,
fatbook_merged_xlsx,1721-3026,41300197,
fatbook_merged_xlsx,1721-3503,41300197,
fatbook_merged_xlsx,1721-1815,41300214,
fatbook_merged_xlsx,1721-1836,41300214,
fatbook_merged_xlsx,1721-2814,41300214,
fatbook_merged_xlsx,1721-1736,41300227,
fatbook_merged_xlsx,1721-3473,41300227,
fatbook_merged_xlsx,1721-3484,41300227,
fatbook_merged_xlsx,1721-3497,41300230,
fatbook_merged_xlsx,1721-3474,41300241,
fatbook_merged_xlsx,1721-3495,41300241,
fatbook_merged_xlsx,DP-622,41300241,
fatbook_merged_xlsx,1721-3378,41300267,
fatbook_merged_xlsx,1722-0968,41300267,
fatbook_merged_xlsx,0214-0871,41350-08,
wps_merged_xlsx,820-54132,41350-08,HardDrive
fatbook_merged_xlsx,2404-0372,41350-08,
fatbook_merged_xlsx,0214-0872,41359-08,
wps_merged_xlsx,820-54137,41359-08,HardDrive
fatbook_merged_xlsx,2404-0373,41359-08,
oldbook_merged_xlsx,DS-325049,4136-84A,
oldbook_merged_xlsx,DS-325410,4136-84A,
oldbook_merged_xlsx,DS-325390,41400-63,
oldbook_merged_xlsx,DS-325392,41400-67,
oldbook_merged_xlsx,DS-325344,41401-52,
oldbook_merged_xlsx,DS-325340,41470-30,
oldbook_merged_xlsx,DS-325339,41470-67,
oldbook_merged_xlsx,DS-325340,41470-70,
oldbook_merged_xlsx,DS-325337,41470-73,
oldbook_merged_xlsx,DS-325341,41470-78,
oldbook_merged_xlsx,DS-325348,41470-82,
oldbook_merged_xlsx,DS-325354,41470-86,
fatbook_merged_xlsx,DS-325354,41470-86,
oldbook_merged_xlsx,1210-0995,41485-30,
fatbook_merged_xlsx,1710-2403,41500017,
fatbook_merged_xlsx,1710-2404,41500017,
fatbook_merged_xlsx,1710-3309,41500017,
fatbook_merged_xlsx,2401-1623,41500018,
wps_merged_xlsx,830-1107,41500020,Colony
wps_merged_xlsx,820-51292,41500020,HardDrive
fatbook_merged_xlsx,1710-3048,41500022,
fatbook_merged_xlsx,1710-3049,41500022,
fatbook_merged_xlsx,1710-3066,41500031,
wps_merged_xlsx,820-51265,41500094,HardDrive
fatbook_merged_xlsx,1710-3066,41500151,
fatbook_merged_xlsx,1710-4519,41500157,
fatbook_merged_xlsx,1710-4520,41500157,
fatbook_merged_xlsx,1710-4521,41500157,
fatbook_merged_xlsx,0214-0870,41502-07,
fatbook_merged_xlsx,0214-0875,41504-07,
fatbook_merged_xlsx,0214-2716,41550-08,
oldbook_merged_xlsx,0214-0949,41552-58A,
oldbook_merged_xlsx,DS-195063,41570-77,
fatbook_merged_xlsx,DS-195063,41570-77,
oldbook_merged_xlsx,DS-195104,41570-77,
fatbook_merged_xlsx,DS-195104,41570-77,
oldbook_merged_xlsx,2401-0448,41576-36,
oldbook_merged_xlsx,DS-195062,41576-36,
oldbook_merged_xlsx,0214-0945,41584-85A,
fatbook_merged_xlsx,0214-0945,41584-86A,
fatbook_merged_xlsx,DS190147,41591-00,
oldbook_merged_xlsx,DS-190020,41591-90,
fatbook_merged_xlsx,DS-190022,41591-90,
oldbook_merged_xlsx,DS-190022,41591-90,
fatbook_merged_xlsx,DS-190090,41594-73,
fatbook_merged_xlsx,DS190146,41595-00,
fatbook_merged_xlsx,0222-0168,41595-00B,
oldbook_merged_xlsx,0222-0257,41596-63,
oldbook_merged_xlsx,0222-0247,41598-52,
vtwin_merged_xlsx,10-2519,416-30,
vtwin_merged_xlsx,10-0228,416-36,
oldbook_merged_xlsx,0222-0252,41600-58,
oldbook_merged_xlsx,0222-0248,41603-32,
oldbook_merged_xlsx,2401-0668,41670-73,
fatbook_merged_xlsx,1741-2926,41679-09,
fatbook_merged_xlsx,1741-5005,41679-09,
fatbook_merged_xlsx,1741-5008,41679-09,
fatbook_merged_xlsx,1741-5653,41679-09,
fatbook_merged_xlsx,1741-5654,41679-09,
fatbook_merged_xlsx,1741-5656,41679-09,
vtwin_merged_xlsx,10-0740,41685-37,
vtwin_merged_xlsx,10-2496,41685-37A,
fatbook_merged_xlsx,2404-0374,41694-08,
wps_merged_xlsx,820-54138,41694-08,HardDrive
fatbook_merged_xlsx,0214-0874,41695-07,
fatbook_merged_xlsx,0614-1139,41700004,
fatbook_merged_xlsx,1731-0188,41700028,
fatbook_merged_xlsx,1731-0420,41700084,
fatbook_merged_xlsx,1731-0417,41700087,
fatbook_merged_xlsx,1731-0418,41700088,
fatbook_merged_xlsx,1731-0604,41700095,
fatbook_merged_xlsx,1731-0419,41700097,
fatbook_merged_xlsx,1731-0604,41700102,
fatbook_merged_xlsx,0615-0276,41700104,
fatbook_merged_xlsx,0614-1136,41700235,
fatbook_merged_xlsx,0611-0105,41700237,
wps_merged_xlsx,820-55017,41700263C,HardDrive
fatbook_merged_xlsx,1731-0759,4170028,
fatbook_merged_xlsx,1731-0760,4170028,
fatbook_merged_xlsx,0611-0190,41700334,
fatbook_merged_xlsx,0611-0188,41700336,
fatbook_merged_xlsx,0611-0189,41700338,
wps_merged_xlsx,820-55019,41700440,HardDrive
fatbook_merged_xlsx,1731-0763,41700460,
fatbook_merged_xlsx,1731-0783,41700479,
wps_merged_xlsx,820-0552,41731-82,HardDrive
oldbook_merged_xlsx,DS-097014,41731-88,
fatbook_merged_xlsx,DS-097014,41731-88,
wps_merged_xlsx,820-0553,41731-88,HardDrive
oldbook_merged_xlsx,DS-097015,41733-88,
fatbook_merged_xlsx,DS-097015,41733-88,
fatbook_merged_xlsx,1742-0765,41736-04,
fatbook_merged_xlsx,1742-0771,41736-04,
fatbook_merged_xlsx,1742-0766,41737-04,
fatbook_merged_xlsx,1742-0772,41737-04,
fatbook_merged_xlsx,1742-0763,41739-84,
fatbook_merged_xlsx,1742-0768,41739-84,
oldbook_merged_xlsx,1742-0137,41739-84A,
oldbook_merged_xlsx,1730-0012,41740-58,
oldbook_merged_xlsx,1730-0013,41740-63,
oldbook_merged_xlsx,DS-324618,41744-58,
oldbook_merged_xlsx,DS-530602,41745-79,
fatbook_merged_xlsx,1742-0762,41747-82,
fatbook_merged_xlsx,1742-0767,41747-82,
oldbook_merged_xlsx,1742-0136,41747-82A,
fatbook_merged_xlsx,0222-0471,41748-08,
fatbook_merged_xlsx,1742-0764,41750-06,
fatbook_merged_xlsx,1742-0770,41750-06,
oldbook_merged_xlsx,1731-0205,41755-95,
oldbook_merged_xlsx,1731-0206,41755-97,
fatbook_merged_xlsx,7805-3043,41755-99A/B/C,
oldbook_merged_xlsx,DS-530625,41761-58,
oldbook_merged_xlsx,1731-0379,41761-78,
oldbook_merged_xlsx,DS-530626,41761-78,
oldbook_merged_xlsx,DS-195048,41762-58A,
fatbook_merged_xlsx,1731-0188,41763-08,
fatbook_merged_xlsx,1731-0759,41763-08,
fatbook_merged_xlsx,1731-0760,41763-08,
oldbook_merged_xlsx,DS-195052,41764-79,
fatbook_merged_xlsx,7805-3043,41767-05,
fatbook_merged_xlsx,1702-0708,41783-08,
oldbook_merged_xlsx,1710-1907,41789-92,
fatbook_merged_xlsx,1710-1907,41789-92,
oldbook_merged_xlsx,1710-3217,41789-92,
fatbook_merged_xlsx,1710-3070,41789-92,
oldbook_merged_xlsx,DS-325047,41789-92,
fatbook_merged_xlsx,1710-3217,41789-92,
oldbook_merged_xlsx,DS-325424,41789-92,
fatbook_merged_xlsx,DS-325739,41789-92,
oldbook_merged_xlsx,DS-325739,41789-92,
oldbook_merged_xlsx,1710-1908,41791-79A,
fatbook_merged_xlsx,1710-1908,41791-79A,
wps_merged_xlsx,820-51838,41791-79A,HardDrive
oldbook_merged_xlsx,1710-3070,41791-79A,
fatbook_merged_xlsx,1710-3218,41791-79A,
wps_merged_xlsx,820-51840,41791-79A,HardDrive
oldbook_merged_xlsx,1710-3218,41791-79A,
fatbook_merged_xlsx,DS-325734,41791-79A,
oldbook_merged_xlsx,DS-325411,41791-79A,
fatbook_merged_xlsx,1710-1611,41797-00,
wps_merged_xlsx,820-51850,41797-00,HardDrive
fatbook_merged_xlsx,1710-1904,41797-00,
wps_merged_xlsx,820-51853,41797-00,HardDrive
fatbook_merged_xlsx,1710-3215,41797-00,
fatbook_merged_xlsx,1710-3642,41797-00,
fatbook_merged_xlsx,DS325092,41797-00,
fatbook_merged_xlsx,1741-3775,41800008,
fatbook_merged_xlsx,1741-4924,41800009,
fatbook_merged_xlsx,544,41800009/,
fatbook_merged_xlsx,1741-4924,41800010,
fatbook_merged_xlsx,547,41800010/,
fatbook_merged_xlsx,1741-3988,41800011,
fatbook_merged_xlsx,1741-4831,41800011,
fatbook_merged_xlsx,1741-4832,41800011,
fatbook_merged_xlsx,1741-4833,41800011,
fatbook_merged_xlsx,1741-4834,41800011,
fatbook_merged_xlsx,1741-4838,41800011,
fatbook_merged_xlsx,1741-4839,41800011,
fatbook_merged_xlsx,1741-4989,41800011,
fatbook_merged_xlsx,1741-5269,41800011,
fatbook_merged_xlsx,1741-5638,41800011,
fatbook_merged_xlsx,1741-5639,41800011,
fatbook_merged_xlsx,1741-5640,41800011,
fatbook_merged_xlsx,1741-5641,41800011,
fatbook_merged_xlsx,1741-5645,41800011,
fatbook_merged_xlsx,1741-5646,41800011,
fatbook_merged_xlsx,1741-5647,41800011,
fatbook_merged_xlsx,1741-5648,41800011,
fatbook_merged_xlsx,1741-4084,41800012,
fatbook_merged_xlsx,1741-6334,41800012,
fatbook_merged_xlsx,1741-6335,41800012,
fatbook_merged_xlsx,1741-6678,41800012,
fatbook_merged_xlsx,1741-6679,41800012,
fatbook_merged_xlsx,1741-6680,41800012,
fatbook_merged_xlsx,1741-4873,41800021,
fatbook_merged_xlsx,1741-4879,41800021,
fatbook_merged_xlsx,1741-5517,41800021,
fatbook_merged_xlsx,1741-5526,41800021,
fatbook_merged_xlsx,1741-4824,41800143,
fatbook_merged_xlsx,1741-4826,41800143,
fatbook_merged_xlsx,1741-4827,41800143,
fatbook_merged_xlsx,1741-5287,41800143,
fatbook_merged_xlsx,1741-5634,41800143,
fatbook_merged_xlsx,1741-5628,41800145,
fatbook_merged_xlsx,1741-4824,41800150,
fatbook_merged_xlsx,1741-4826,41800150,
fatbook_merged_xlsx,1741-4827,41800150,
fatbook_merged_xlsx,1741-5634,41800150,
fatbook_merged_xlsx,1741-4824,41800151,
fatbook_merged_xlsx,1741-4826,41800151,
fatbook_merged_xlsx,1741-4827,41800151,
fatbook_merged_xlsx,1741-5329,41800151,
fatbook_merged_xlsx,1741-5634,41800151,
fatbook_merged_xlsx,1741-5636,41800151,
fatbook_merged_xlsx,1741-4751,41800160,
fatbook_merged_xlsx,1741-4753,41800160,
fatbook_merged_xlsx,1741-4754,41800160,
fatbook_merged_xlsx,1741-4755,41800160,
fatbook_merged_xlsx,1741-5552,41800160,
fatbook_merged_xlsx,1741-5371,41800166,
fatbook_merged_xlsx,1741-4751,41800171,
fatbook_merged_xlsx,1741-4752,41800171,
fatbook_merged_xlsx,1741-4753,41800171,
fatbook_merged_xlsx,1741-4754,41800171,
fatbook_merged_xlsx,1741-5385,41800171,
fatbook_merged_xlsx,1741-5551,41800171,
fatbook_merged_xlsx,1741-5552,41800171,
fatbook_merged_xlsx,1741-4751,41800172,
fatbook_merged_xlsx,1741-4753,41800172,
fatbook_merged_xlsx,1741-4754,41800172,
fatbook_merged_xlsx,1741-4755,41800172,
fatbook_merged_xlsx,1741-5609,41800174,
fatbook_merged_xlsx,1741-6339,41800175,
fatbook_merged_xlsx,543,41800194/,
fatbook_merged_xlsx,546,41800195/,
fatbook_merged_xlsx,1741-5672,41800217,
fatbook_merged_xlsx,1741-4790,41800295,
fatbook_merged_xlsx,1741-4791,41800295,
fatbook_merged_xlsx,1741-5600,41800295,
fatbook_merged_xlsx,1741-5601,41800295,
fatbook_merged_xlsx,1741-5602,41800295,
fatbook_merged_xlsx,1741-5754,41800299,
fatbook_merged_xlsx,1741-5759,41800299,
fatbook_merged_xlsx,1741-4854,41800300,
fatbook_merged_xlsx,1741-4856,41800300,
fatbook_merged_xlsx,1741-5658,41800300,
fatbook_merged_xlsx,1741-5660,41800300,
fatbook_merged_xlsx,1741-5661,41800300,
fatbook_merged_xlsx,1741-5662,41800300,
fatbook_merged_xlsx,1741-5764,41800300,
fatbook_merged_xlsx,1741-5770,41800300,
fatbook_merged_xlsx,1741-4853,41800302,
fatbook_merged_xlsx,1741-4854,41800302,
fatbook_merged_xlsx,1741-4856,41800302,
fatbook_merged_xlsx,1741-5659,41800302,
fatbook_merged_xlsx,1741-5660,41800302,
fatbook_merged_xlsx,1741-5661,41800302,
fatbook_merged_xlsx,1741-5662,41800302,
fatbook_merged_xlsx,1741-4762,41800305,
fatbook_merged_xlsx,1741-4920,41800305,
fatbook_merged_xlsx,1741-4762,41800307,
fatbook_merged_xlsx,1741-4920,41800307,
fatbook_merged_xlsx,1741-4504,41800314,
fatbook_merged_xlsx,1741-4831,41800314,
fatbook_merged_xlsx,1741-4832,41800314,
fatbook_merged_xlsx,1741-4833,41800314,
fatbook_merged_xlsx,1741-4834,41800314,
fatbook_merged_xlsx,1741-5638,41800314,
fatbook_merged_xlsx,1741-5639,41800314,
fatbook_merged_xlsx,1741-5640,41800314,
fatbook_merged_xlsx,1741-5641,41800314,
fatbook_merged_xlsx,1741-4924,41800315,
fatbook_merged_xlsx,542,41800315/,
fatbook_merged_xlsx,1741-4924,41800316,
fatbook_merged_xlsx,545,41800316/,
fatbook_merged_xlsx,1741-4853,41800319,
fatbook_merged_xlsx,1741-4854,41800319,
fatbook_merged_xlsx,1741-4856,41800319,
fatbook_merged_xlsx,1741-5659,41800319,
fatbook_merged_xlsx,1741-5660,41800319,
fatbook_merged_xlsx,1741-5661,41800319,
fatbook_merged_xlsx,1741-5662,41800319,
fatbook_merged_xlsx,1741-5776,41800319,
fatbook_merged_xlsx,1741-5782,41800319,
fatbook_merged_xlsx,1741-4853,41800320,
fatbook_merged_xlsx,1741-4854,41800320,
fatbook_merged_xlsx,1741-4856,41800320,
fatbook_merged_xlsx,1741-5659,41800320,
fatbook_merged_xlsx,1741-5660,41800320,
fatbook_merged_xlsx,1741-5661,41800320,
fatbook_merged_xlsx,1741-5662,41800320,
fatbook_merged_xlsx,1741-5776,41800320,
fatbook_merged_xlsx,1741-5782,41800320,
fatbook_merged_xlsx,1741-5609,41800340,
fatbook_merged_xlsx,1741-5610,41800340,
fatbook_merged_xlsx,1741-4831,41800510,
fatbook_merged_xlsx,1741-4833,41800510,
fatbook_merged_xlsx,1741-4834,41800510,
fatbook_merged_xlsx,1741-4989,41800510,
fatbook_merged_xlsx,1741-5638,41800510,
fatbook_merged_xlsx,1741-5640,41800510,
fatbook_merged_xlsx,1741-5641,41800510,
fatbook_merged_xlsx,1741-5643,41800510,
fatbook_merged_xlsx,1741-6336,41800541,
fatbook_merged_xlsx,1741-6337,41800541,
fatbook_merged_xlsx,1741-5845,41800566,
fatbook_merged_xlsx,1741-5851,41800566,
fatbook_merged_xlsx,1741-6346,41800598,
fatbook_merged_xlsx,1741-6347,41800598,
fatbook_merged_xlsx,1741-6676,41800598,
fatbook_merged_xlsx,1741-6677,41800598,
fatbook_merged_xlsx,1741-6348,41800599,
fatbook_merged_xlsx,1741-6349,41800599,
fatbook_merged_xlsx,1741-5800,41800601,
fatbook_merged_xlsx,1741-5806,41800601,
fatbook_merged_xlsx,1741-6342,41800602,
fatbook_merged_xlsx,1741-6343,41800602,
fatbook_merged_xlsx,1741-6344,41800603,
fatbook_merged_xlsx,1741-6345,41800603,
fatbook_merged_xlsx,1741-5684,41800604,
fatbook_merged_xlsx,1741-5724,41800605,
fatbook_merged_xlsx,1741-5788,41800605,
fatbook_merged_xlsx,1741-5794,41800605,
fatbook_merged_xlsx,1741-4751,41800606,
fatbook_merged_xlsx,1741-4753,41800606,
fatbook_merged_xlsx,1741-4754,41800606,
fatbook_merged_xlsx,1741-4755,41800606,
fatbook_merged_xlsx,1741-5552,41800606,
fatbook_merged_xlsx,1741-5842,41800606,
fatbook_merged_xlsx,1741-6350,41800607,
fatbook_merged_xlsx,1741-6351,41800607,
fatbook_merged_xlsx,1741-5843,41800614,
fatbook_merged_xlsx,1741-5844,41800617,
fatbook_merged_xlsx,1741-5788,41800618,
fatbook_merged_xlsx,1741-5794,41800618,
fatbook_merged_xlsx,1741-5724,41800620,
fatbook_merged_xlsx,1741-5788,41800620,
fatbook_merged_xlsx,1741-5794,41800620,
fatbook_merged_xlsx,1741-5693,41800631,
fatbook_merged_xlsx,1741-5841,41800631,
fatbook_merged_xlsx,1741-5871,41800631,
fatbook_merged_xlsx,1741-5872,41800631,
fatbook_merged_xlsx,1741-5873,41800631,
fatbook_merged_xlsx,1741-5874,41800631,
fatbook_merged_xlsx,1741-5875,41800631,
fatbook_merged_xlsx,1741-5877,41800631,
fatbook_merged_xlsx,1741-5878,41800631,
fatbook_merged_xlsx,1741-5879,41800631,
fatbook_merged_xlsx,1741-5892,41800687,
fatbook_merged_xlsx,1741-5893,41800687,
fatbook_merged_xlsx,1741-5895,41800687,
fatbook_merged_xlsx,1741-5898,41800687,
fatbook_merged_xlsx,1741-5899,41800687,
fatbook_merged_xlsx,1741-5882,41800688,
fatbook_merged_xlsx,1741-5883,41800688,
fatbook_merged_xlsx,1741-5884,41800688,
fatbook_merged_xlsx,1741-5812,41800741,
fatbook_merged_xlsx,1741-5877,41800741,
fatbook_merged_xlsx,17,41800741,
fatbook_merged_xlsx,1741-5879,41800741,
fatbook_merged_xlsx,1741-5682,41800742,
fatbook_merged_xlsx,1741-5684,41800742,
fatbook_merged_xlsx,1741-5812,41800742,
fatbook_merged_xlsx,1741-5628,41800762,
fatbook_merged_xlsx,1741-4746,41800763,
fatbook_merged_xlsx,1741-5544,41800763,
fatbook_merged_xlsx,1741-5547,41800763,
fatbook_merged_xlsx,1741-5837,41800763,
fatbook_merged_xlsx,1741-5839,41800763,
fatbook_merged_xlsx,1741-6658,41800896,
fatbook_merged_xlsx,1741-6663,41800896,
fatbook_merged_xlsx,1741-6668,41800896,
fatbook_merged_xlsx,1741-6658,41800897,
fatbook_merged_xlsx,1741-6663,41800897,
fatbook_merged_xlsx,1741-6668,41800897,
fatbook_merged_xlsx,1741-6659,41800898,
fatbook_merged_xlsx,1741-6664,41800898,
fatbook_merged_xlsx,1741-6669,41800898,
fatbook_merged_xlsx,1741-6659,41800899,
fatbook_merged_xlsx,1741-6664,41800899,
fatbook_merged_xlsx,1741-6669,41800899,
fatbook_merged_xlsx,1740-0013,41800913,
fatbook_merged_xlsx,1740-0014,41800913,
fatbook_merged_xlsx,1741-6504,41800913,
fatbook_merged_xlsx,1741-6505,41800913,
fatbook_merged_xlsx,1740-0011,41800916,
fatbook_merged_xlsx,1740-0012,41800916,
fatbook_merged_xlsx,1741-6502,41800916,
fatbook_merged_xlsx,1741-6503,41800916,
oldbook_merged_xlsx,1723-0424,41801-58A,
oldbook_merged_xlsx,DS-325386,41801-63,
fatbook_merged_xlsx,1741-6662,41801000,
fatbook_merged_xlsx,1741-6667,41801000,
fatbook_merged_xlsx,1741-6672,41801000,
fatbook_merged_xlsx,1741-6660,41801001,
fatbook_merged_xlsx,1741-6665,41801001,
fatbook_merged_xlsx,1741-6670,41801001,
fatbook_merged_xlsx,1741-6662,41801003,
fatbook_merged_xlsx,1741-6667,41801003,
fatbook_merged_xlsx,1741-6660,41801004,
fatbook_merged_xlsx,1741-6665,41801004,
fatbook_merged_xlsx,1741-6670,41801004,
fatbook_merged_xlsx,1741-6661,41801005,
fatbook_merged_xlsx,1741-6666,41801005,
oldbook_merged_xlsx,1731-0565,41804-84A,
wps_merged_xlsx,820-51827,41804-84A,HardDrive
oldbook_merged_xlsx,DS-325328,41805-38,
oldbook_merged_xlsx,1710-1909,41806-72B,
oldbook_merged_xlsx,DS-325408,41806-72B,
oldbook_merged_xlsx,DS-325736,41806-72B,
oldbook_merged_xlsx,DS-325408,41807-73,
oldbook_merged_xlsx,DS-325409,41807-74,
fatbook_merged_xlsx,1710-1061,41808-08A,
fatbook_merged_xlsx,1710-1612,41808-08A,
fatbook_merged_xlsx,1710-1902,41808-08A,
fatbook_merged_xlsx,1710-3213,41808-08A,
fatbook_merged_xlsx,1710-1061,41809-08A,
fatbook_merged_xlsx,1710-1612,41809-08A,
fatbook_merged_xlsx,1710-1902,41809-08A,
fatbook_merged_xlsx,1710-3212,41809-08A,
fatbook_merged_xlsx,1710-1613,41810-08A,
fatbook_merged_xlsx,1710-1905,41810-08A,
fatbook_merged_xlsx,1710-3216,41810-08A/B,
fatbook_merged_xlsx,1710-3641,41810-08A/B,
oldbook_merged_xlsx,1710-1909,41813-79,
oldbook_merged_xlsx,DS-325408,41813-79,
oldbook_merged_xlsx,DS-325736,41813-79,
oldbook_merged_xlsx,DS-325450,41814-76,
fatbook_merged_xlsx,0214-1973,41819-02,
fatbook_merged_xlsx,0214-1974,41819-02,
oldbook_merged_xlsx,0414-0412,41835-69,
fatbook_merged_xlsx,0510-0298,41836-84,
fatbook_merged_xlsx,DS-233679,41836-84,
fatbook_merged_xlsx,1720-0063,41852-06B,
fatbook_merged_xlsx,1720-0065,41852-06B,
fatbook_merged_xlsx,1720-0460,41852-06B,
fatbook_merged_xlsx,1720-0214,41852-08,
fatbook_merged_xlsx,1721-0680,41852-08,
fatbook_merged_xlsx,1721-0883,41852-08,
fatbook_merged_xlsx,1721-1366,41852-08,
fatbook_merged_xlsx,1721-1730,41852-08,
fatbook_merged_xlsx,1721-2483,41852-08,
fatbook_merged_xlsx,1721-3502,41852-08,
fatbook_merged_xlsx,1722-0790,41852-08,
fatbook_merged_xlsx,1722-0976,41852-08,
fatbook_merged_xlsx,1720-0303,41852-08A,
fatbook_merged_xlsx,1721-1774,41852-08A,
fatbook_merged_xlsx,1722-0766,41852-08A,
fatbook_merged_xlsx,1720-0063,41854-08,
fatbook_merged_xlsx,1720-0065,41854-08,
fatbook_merged_xlsx,1720-0214,41854-08,
fatbook_merged_xlsx,1720-0303,41854-08,
fatbook_merged_xlsx,1720-0460,41854-08,
fatbook_merged_xlsx,1721-0538,41854-08,
fatbook_merged_xlsx,1721-0680,41854-08,
fatbook_merged_xlsx,1721-0872,41854-08,
fatbook_merged_xlsx,1721-0883,41854-08,
fatbook_merged_xlsx,1721-1366,41854-08,
fatbook_merged_xlsx,1721-1426,41854-08,
fatbook_merged_xlsx,1721-1730,41854-08,
fatbook_merged_xlsx,1721-1773,41854-08,
fatbook_merged_xlsx,1721-2483,41854-08,
fatbook_merged_xlsx,1721-3489,41854-08,
fatbook_merged_xlsx,1722-0603,41854-08,
fatbook_merged_xlsx,1722-0766,41854-08,
fatbook_merged_xlsx,1722-0790,41854-08,
fatbook_merged_xlsx,1722-0976,41854-08,
fatbook_merged_xlsx,0222-0410,41858-08,
oldbook_merged_xlsx,2401-0677,41876-73,
fatbook_merged_xlsx,0222-0472,41900-08,
fatbook_merged_xlsx,0214-0876,41901-08,
fatbook_merged_xlsx,2401-0411,41901-08,
oldbook_merged_xlsx,1610-0357,41929-36,
wps_merged_xlsx,820-32012,42028-07,HardDrive
wps_merged_xlsx,820-32013,42028-07,HardDrive
fatbook_merged_xlsx,1720-0212,42029-07,
fatbook_merged_xlsx,1721-0092,42029-07,
fatbook_merged_xlsx,1721-0885,42029-07,
fatbook_merged_xlsx,1721-1364,42029-07,
fatbook_merged_xlsx,1721-1752,42029-07,
fatbook_merged_xlsx,1721-2481,42029-07,
fatbook_merged_xlsx,1721-3498,42029-07,
fatbook_merged_xlsx,1722-0774,42029-07,
fatbook_merged_xlsx,1722-0789,42029-07,
fatbook_merged_xlsx,1722-0981,42029-07,
wps_merged_xlsx,820-51263,42040-06,HardDrive
wps_merged_xlsx,820-55013,42117-08A,HardDrive
fatbook_merged_xlsx,1741-2924,42142-08,
fatbook_merged_xlsx,1741-2925,42142-08,
fatbook_merged_xlsx,1741-2900,42163-08,
fatbook_merged_xlsx,1741-2906,42163-08,
fatbook_merged_xlsx,1741-4790,42163-08,
fatbook_merged_xlsx,1741-4791,42163-08,
fatbook_merged_xlsx,1741-5599,42163-08,
fatbook_merged_xlsx,1741-5600,42163-08,
fatbook_merged_xlsx,1741-5601,42163-08,
fatbook_merged_xlsx,1120-0404,42200064A,
fatbook_merged_xlsx,1210-2753,42200212,
fatbook_merged_xlsx,1741-2944,42261-08A,
fatbook_merged_xlsx,1741-6352,42261-11A,
fatbook_merged_xlsx,1741-6353,42261-11A,
fatbook_merged_xlsx,1720-0070,42298-08,
fatbook_merged_xlsx,1720-0071,42298-08,
fatbook_merged_xlsx,1720-0218,42298-08,
fatbook_merged_xlsx,1720-0305,42298-08,
fatbook_merged_xlsx,1720-0462,42298-08,
fatbook_merged_xlsx,1721-0806,42298-08,
fatbook_merged_xlsx,1721-0812,42298-08,
fatbook_merged_xlsx,1721-0880,42298-08,
fatbook_merged_xlsx,1721-0932,42298-08,
fatbook_merged_xlsx,1721-1369,42298-08,
fatbook_merged_xlsx,1721-1429,42298-08,
fatbook_merged_xlsx,1721-1777,42298-08,
fatbook_merged_xlsx,1721-2486,42298-08,
fatbook_merged_xlsx,1721-3501,42298-08,
fatbook_merged_xlsx,1722-0768,42298-08,
fatbook_merged_xlsx,1722-0793,42298-08,
fatbook_merged_xlsx,1722-0982,42298-08,
oldbook_merged_xlsx,08802S,42300-73A,
oldbook_merged_xlsx,2401-0913,42301-87,
wps_merged_xlsx,830-1106,42301-87,Colony
fatbook_merged_xlsx,1741-2792,42303-08,
fatbook_merged_xlsx,1741-2798,42303-08,
fatbook_merged_xlsx,1741-4873,42303-08,
fatbook_merged_xlsx,1741-4874,42303-08,
fatbook_merged_xlsx,1741-4879,42303-08,
fatbook_merged_xlsx,1741-5517,42303-08,
fatbook_merged_xlsx,1741-5518,42303-08,
fatbook_merged_xlsx,1741-5521,42303-08,
fatbook_merged_xlsx,1741-5523,42303-08,
fatbook_merged_xlsx,1741-5526,42303-08,
oldbook_merged_xlsx,DS-097037,42309-70,
fatbook_merged_xlsx,DS-097037,42309-70,
fatbook_merged_xlsx,1721-1752,42310-08,
fatbook_merged_xlsx,1722-0774,42310-08,
oldbook_merged_xlsx,DS-097039,42311-58,
fatbook_merged_xlsx,DS-097039,42311-58,
fatbook_merged_xlsx,1741-4873,42314-05B,
fatbook_merged_xlsx,1741-4879,42314-05B,
fatbook_merged_xlsx,1741-5517,42314-05B,
fatbook_merged_xlsx,1741-5526,42314-05B,
fatbook_merged_xlsx,1741-4873,42314-08,
fatbook_merged_xlsx,1741-4879,42314-08,
fatbook_merged_xlsx,1741-5517,42314-08,
fatbook_merged_xlsx,1741-5526,42314-08,
fatbook_merged_xlsx,1741-4873,42317-06A,
fatbook_merged_xlsx,1741-4874,42317-06A,
fatbook_merged_xlsx,1741-4879,42317-06A,
fatbook_merged_xlsx,1741-5517,42317-06A,
fatbook_merged_xlsx,1741-5518,42317-06A,
fatbook_merged_xlsx,1741-5521,42317-06A,
fatbook_merged_xlsx,1741-5523,42317-06A,
fatbook_merged_xlsx,1741-5526,42317-06A,
oldbook_merged_xlsx,DS-097035,42318-51,
fatbook_merged_xlsx,DS-097035,42318-51,
oldbook_merged_xlsx,08915S,42328-73,
fatbook_merged_xlsx,1702-0120,42344-08,
fatbook_merged_xlsx,1702-0328,42345-08,
wps_merged_xlsx,820-51282,42345-08,HardDrive
oldbook_merged_xlsx,DS-195047,42374-77,
oldbook_merged_xlsx,DS-195042,42374-82A,
oldbook_merged_xlsx,DS-195046,42374-86,
oldbook_merged_xlsx,DS-195040,42382-82,
wps_merged_xlsx,865-01251,42382-87A,Cycle Pro
fatbook_merged_xlsx,DS-195059,42382-87A/B/C,
oldbook_merged_xlsx,DS-195059,42382-87A/B/C/D/E,
fatbook_merged_xlsx,FA251,42385-94Y,
fatbook_merged_xlsx,1721-0092,42386-04,
fatbook_merged_xlsx,1721-2481,42386-04,
fatbook_merged_xlsx,1722-0789,42386-04,
fatbook_merged_xlsx,1722-0981,42386-04,
fatbook_merged_xlsx,1720-0548,42386-84Y,
fatbook_merged_xlsx,1721-1452,42386-94Y,
fatbook_merged_xlsx,1720-0027,42386-98Y,
fatbook_merged_xlsx,1720-0049,42386-98Y,
fatbook_merged_xlsx,1720-0463,42386-98Y,
oldbook_merged_xlsx,DS-325364,42402-73A,
fatbook_merged_xlsx,1610-0611,42407-02,
fatbook_merged_xlsx,1610-0613,42407-08,
fatbook_merged_xlsx,DS-530603,42407-87B,
oldbook_merged_xlsx,DS-530604,42416-83/06,
oldbook_merged_xlsx,DS-530605,42431-87A,
vtwin_merged_xlsx,10-1256,42443-80A,
oldbook_merged_xlsx,1731-0121,42446-87A,
oldbook_merged_xlsx,DS-530627,42453-80A,
fatbook_merged_xlsx,1731-0145,42453-87,
oldbook_merged_xlsx,DS-530627,42454-80A,
oldbook_merged_xlsx,DS-174493,42455-80,
fatbook_merged_xlsx,1731-0542,42455-99,
oldbook_merged_xlsx,1610-0471,42460-80B,
oldbook_merged_xlsx,DS-530632,42467-87C,
oldbook_merged_xlsx,DS-530632,42468-87D,
fatbook_merged_xlsx,1731-0744,4247406,
fatbook_merged_xlsx,1731-0745,4247406,
fatbook_merged_xlsx,1610-0700,42515-00A,
fatbook_merged_xlsx,1731-0566,42521-04,
wps_merged_xlsx,820-51823,42521-04,HardDrive
wps_merged_xlsx,820-51824,42521-04,HardDrive
fatbook_merged_xlsx,1731-0567,42521-07,
wps_merged_xlsx,820-51825,42521-07,HardDrive
wps_merged_xlsx,820-51826,42521-07,HardDrive
fatbook_merged_xlsx,1741-4762,42552-11,
fatbook_merged_xlsx,1741-4920,42552-11,
fatbook_merged_xlsx,1610-0189,42597-00A,
fatbook_merged_xlsx,1602-1226,42642-00,
vtwin_merged_xlsx,10-8752,42642-00,
fatbook_merged_xlsx,1602-1226,42642-00A,
wps_merged_xlsx,820-2628,42712-04,HardDrive
fatbook_merged_xlsx,1741-1783,42728-06,
fatbook_merged_xlsx,1741-2574,42728-06,
fatbook_merged_xlsx,1741-4734,42728-06A,
fatbook_merged_xlsx,1741-4892,42728-06A,
fatbook_merged_xlsx,1741-2882,42728-08,
fatbook_merged_xlsx,1741-4874,42728-08,
fatbook_merged_xlsx,1741-5518,42728-08,
fatbook_merged_xlsx,1741-5521,42728-08,
fatbook_merged_xlsx,1741-5523,42728-08,
fatbook_merged_xlsx,1741-5526,42728-08,
fatbook_merged_xlsx,1721-0567,42739-08,
fatbook_merged_xlsx,1721-1778,42739-08,
fatbook_merged_xlsx,1721-2293,42739-08,
fatbook_merged_xlsx,1721-3491,42739-08,
fatbook_merged_xlsx,FA296HH,42739-08,
fatbook_merged_xlsx,SDP-127HH,42739-08,
fatbook_merged_xlsx,1741-2667,42740-10,
fatbook_merged_xlsx,1741-5526,42740-10,
fatbook_merged_xlsx,1731-0415,42803-07,
wps_merged_xlsx,820-32010,42803-07,HardDrive
fatbook_merged_xlsx,0614-1138,42806-04,
fatbook_merged_xlsx,0617-0195,42807-04,
fatbook_merged_xlsx,1731-0416,42809-07,
wps_merged_xlsx,820-32011,42809-07,HardDrive
fatbook_merged_xlsx,1731-0208,42809-07A,
fatbook_merged_xlsx,1731-0543,42810-04,
fatbook_merged_xlsx,1731-0544,42810-07A,
fatbook_merged_xlsx,0617-0210,42818-04,
fatbook_merged_xlsx,1702-0115,42822-04,
wps_merged_xlsx,820-32017,42822-04,HardDrive
fatbook_merged_xlsx,1702-0256,42822-04,
fatbook_merged_xlsx,1703-0084,42823-04,
wps_merged_xlsx,820-51287,42823-04,HardDrive
fatbook_merged_xlsx,1703-0085,42824-04,
wps_merged_xlsx,820-51288,42824-04,HardDrive
fatbook_merged_xlsx,1702-0707,42827-04,
fatbook_merged_xlsx,1702-0707,42828-04,
fatbook_merged_xlsx,1721-1751,42831-04,
fatbook_merged_xlsx,1720-0059,42831-04/A,
fatbook_merged_xlsx,1720-0211,42831-04/A,
fatbook_merged_xlsx,1720-0528,42831-04/A,
fatbook_merged_xlsx,1721-0006,42831-04/A,
fatbook_merged_xlsx,1721-0007,42831-04/A,
fatbook_merged_xlsx,1721-0091,42831-04/A,
fatbook_merged_xlsx,1721-0093,42831-04/A,
fatbook_merged_xlsx,1721-0884,42831-04/A,
fatbook_merged_xlsx,1721-1363,42831-04/A,
fatbook_merged_xlsx,1721-1423,42831-04/A,
fatbook_merged_xlsx,1721-2480,42831-04/A,
fatbook_merged_xlsx,1721-3486,42831-04/A,
fatbook_merged_xlsx,1722-0788,42831-04/A,
fatbook_merged_xlsx,1722-0975,42831-04/A,
fatbook_merged_xlsx,1720-0031,42831-04A,
fatbook_merged_xlsx,1702-0346,42832-04,
wps_merged_xlsx,820-51283,42832-04,HardDrive
fatbook_merged_xlsx,1702-0116,42834-04,
wps_merged_xlsx,820-32015,42834-04,HardDrive
fatbook_merged_xlsx,1721-1752,42836-04,
fatbook_merged_xlsx,1721-3498,42836-04,
fatbook_merged_xlsx,1722-0774,42836-04,
fatbook_merged_xlsx,1720-0020,42836-04,
fatbook_merged_xlsx,1720-0032,42836-04,
fatbook_merged_xlsx,1720-0212,42836-04,
fatbook_merged_xlsx,1721-0537,42836-04,
fatbook_merged_xlsx,1721-0885,42836-04,
fatbook_merged_xlsx,1721-1364,42836-04,
fatbook_merged_xlsx,1702-0345,42837-04,
wps_merged_xlsx,820-51284,42837-04,HardDrive
fatbook_merged_xlsx,1703-0083,42840-04,
fatbook_merged_xlsx,0617-0211,42845-07,
fatbook_merged_xlsx,1702-0154,42849-08,
fatbook_merged_xlsx,1721-0538,42850-06A/B,
fatbook_merged_xlsx,1721-0872,42850-06A/B,
fatbook_merged_xlsx,1721-1426,42850-06A/B,
fatbook_merged_xlsx,1722-0603,42850-06A/B,
fatbook_merged_xlsx,1720-0303,42850-06A/B,
fatbook_merged_xlsx,1721-0680,42850-06A/B,
fatbook_merged_xlsx,1721-1774,42850-06A/B,
fatbook_merged_xlsx,1721-2483,42850-06A/B,
fatbook_merged_xlsx,1722-0766,42850-06A/B,
fatbook_merged_xlsx,1720-0063,42850-06A/B,
fatbook_merged_xlsx,1720-0065,42850-06A/B,
fatbook_merged_xlsx,1720-0460,42850-06A/B,
fatbook_merged_xlsx,1720-0214,42850-06A/B,
fatbook_merged_xlsx,1721-0883,42850-06A/B,
fatbook_merged_xlsx,1721-1366,42850-06A/B,
fatbook_merged_xlsx,1721-3502,42850-06A/B,
fatbook_merged_xlsx,0611-0083,42857-06A,
fatbook_merged_xlsx,0614-1134,42859-06B,
fatbook_merged_xlsx,0617-0199,42860-06,
fatbook_merged_xlsx,1731-0209,42862-06B,
fatbook_merged_xlsx,1703-0082,42863-06,
wps_merged_xlsx,820-51289,42863-06,HardDrive
fatbook_merged_xlsx,1721-0538,42897-06/A,
fatbook_merged_xlsx,1721-0872,42897-06/A,
fatbook_merged_xlsx,1721-1426,42897-06/A,
fatbook_merged_xlsx,1722-0603,42897-06/A,
fatbook_merged_xlsx,1720-0214,42897-06A/08,
fatbook_merged_xlsx,1720-0303,42897-06A/08,
fatbook_merged_xlsx,1721-0680,42897-06A/08,
fatbook_merged_xlsx,1721-0883,42897-06A/08,
fatbook_merged_xlsx,1721-1366,42897-06A/08,
fatbook_merged_xlsx,1721-1730,42897-06A/08,
fatbook_merged_xlsx,1721-1773,42897-06A/08,
fatbook_merged_xlsx,1721-2483,42897-06A/08,
fatbook_merged_xlsx,1721-3489,42897-06A/08,
fatbook_merged_xlsx,1722-0766,42897-06A/08,
fatbook_merged_xlsx,1720-0063,42897-08,
fatbook_merged_xlsx,1720-0065,42897-08,
fatbook_merged_xlsx,1720-0460,42897-08,
fatbook_merged_xlsx,1721-0538,42897-08,
fatbook_merged_xlsx,1721-0872,42897-08,
fatbook_merged_xlsx,1721-1426,42897-08,
fatbook_merged_xlsx,1722-0603,42897-08,
fatbook_merged_xlsx,1741-4813,42927-12,
wps_merged_xlsx,820-52942,42932-08,HardDrive
fatbook_merged_xlsx,1702-0606,42932-08A,
fatbook_merged_xlsx,1731-0761,42932-08A,
fatbook_merged_xlsx,1741-4813,42935-12,
fatbook_merged_xlsx,1741-4813,42940-12,
oldbook_merged_xlsx,1720-0207,42957-86A,
oldbook_merged_xlsx,1721-1358,42957-86A,
oldbook_merged_xlsx,DS-325008,42957-86A,
fatbook_merged_xlsx,0214-2724,43000090,
fatbook_merged_xlsx,0214-2723,43000159,
fatbook_merged_xlsx,0214-1975,43000203,
oldbook_merged_xlsx,0203-0408,43005-86,
oldbook_merged_xlsx,0203-0665,43005-86,
oldbook_merged_xlsx,0210-0323,43007-40A,
fatbook_merged_xlsx,0210-0323,43007-40A,
oldbook_merged_xlsx,DS-380010,43018-73,
fatbook_merged_xlsx,DS-380010,43018-73,
fatbook_merged_xlsx,1701-0757,43027-08,
fatbook_merged_xlsx,1701-0758,43027-08,
oldbook_merged_xlsx,1721-0881,43063-83/A/B/C,
oldbook_merged_xlsx,1721-1398,43063-83/A/B/C,
oldbook_merged_xlsx,FA94,43063-83/A/B/C,
oldbook_merged_xlsx,FA94HH,43063-83/A/B/C,
fatbook_merged_xlsx,1721-0881,43063-83A/B/C/D,
fatbook_merged_xlsx,1721-1398,43063-83A/B/C/D,
fatbook_merged_xlsx,FA94,43063-83A/B/C/D,
fatbook_merged_xlsx,FA94HH,43063-83A/B/C/D,
oldbook_merged_xlsx,0210-0324,43085-81,
oldbook_merged_xlsx,0603-0555,4326A,
fatbook_merged_xlsx,0603-0555,4326A,
oldbook_merged_xlsx,DS-195414,43290-91,
fatbook_merged_xlsx,DS-195414,43290-91,
oldbook_merged_xlsx,DS-195413,43291-82,
fatbook_merged_xlsx,DS-195413,43291-82,
oldbook_merged_xlsx,DS-195412,43292-82,
fatbook_merged_xlsx,DS-195412,43292-82,
oldbook_merged_xlsx,DS-195411,43293-82,
fatbook_merged_xlsx,DS-195411,43293-82,
oldbook_merged_xlsx,DS-195410,43294-82,
fatbook_merged_xlsx,DS-195410,43294-82,
fatbook_merged_xlsx,1710-3629,43300338,
oldbook_merged_xlsx,DS-097031,43308-78,
fatbook_merged_xlsx,DS-097031,43308-78,
oldbook_merged_xlsx,0203-0413,43312-84,
oldbook_merged_xlsx,DS-380155,43341-78,
oldbook_merged_xlsx,0214-0946,43346-83A,
fatbook_merged_xlsx,0214-0946,43346-83A,
oldbook_merged_xlsx,08731DS,43349-84A,
oldbook_merged_xlsx,1741-4929,43349-96B,
fatbook_merged_xlsx,1741-4767,43349-96B,
oldbook_merged_xlsx,08731DS,43349-96B,
fatbook_merged_xlsx,1741-4768,43349-96B,
oldbook_merged_xlsx,1741-4767,43349-96B,
fatbook_merged_xlsx,1741-4769,43349-96B,
oldbook_merged_xlsx,1741-4768,43349-96B,
fatbook_merged_xlsx,1741-4770,43349-96B,
oldbook_merged_xlsx,1741-4769,43349-96B,
fatbook_merged_xlsx,1741-4925,43349-96B,
oldbook_merged_xlsx,1741-4770,43349-96B,
fatbook_merged_xlsx,1741-4926,43349-96B,
oldbook_merged_xlsx,1741-4925,43349-96B,
fatbook_merged_xlsx,1741-4927,43349-96B,
oldbook_merged_xlsx,1741-4926,43349-96B,
fatbook_merged_xlsx,1741-4929,43349-96B,
fatbook_merged_xlsx,1741-5085,43349-96B,
fatbook_merged_xlsx,1741-5087,43349-96B,
fatbook_merged_xlsx,1741-1794,43350-08,
fatbook_merged_xlsx,1741-2508,43350-08,
fatbook_merged_xlsx,1741-4780,43350-08,
fatbook_merged_xlsx,1741-5086,43350-08,
fatbook_merged_xlsx,1741-5089,43350-08,
fatbook_merged_xlsx,1741-5585,43350-08,
fatbook_merged_xlsx,1741-5588,43350-08,
fatbook_merged_xlsx,1741-5589,43350-08,
fatbook_merged_xlsx,1741-5591,43350-08,
fatbook_merged_xlsx,1741-5596,43350-08,
oldbook_merged_xlsx,1741-4772,43350-96C,
fatbook_merged_xlsx,1741-4772,43350-96C,
oldbook_merged_xlsx,1741-4773,43350-96C,
fatbook_merged_xlsx,1741-4773,43350-96C,
oldbook_merged_xlsx,1741-4775,43350-96C,
fatbook_merged_xlsx,1741-4775,43350-96C,
oldbook_merged_xlsx,1741-4930,43350-96C,
fatbook_merged_xlsx,1741-4930,43350-96C,
oldbook_merged_xlsx,1741-4931,43350-96C,
fatbook_merged_xlsx,1741-4931,43350-96C,
oldbook_merged_xlsx,1741-4932,43350-96C,
fatbook_merged_xlsx,1741-4932,43350-96C,
fatbook_merged_xlsx,DS190144,43358-00,
fatbook_merged_xlsx,0214-0882,43358-08,
wps_merged_xlsx,820-54133,43358-08,HardDrive
fatbook_merged_xlsx,2404-0375,43358-08,
oldbook_merged_xlsx,0213-0559,43359-84,
fatbook_merged_xlsx,0213-0559,43359-84,
fatbook_merged_xlsx,0222-0171,43360-00,
oldbook_merged_xlsx,0222-0409,43360-97,
fatbook_merged_xlsx,1741-4772,43374-04B,
fatbook_merged_xlsx,1741-4773,43374-04B,
fatbook_merged_xlsx,1741-4775,43374-04B,
fatbook_merged_xlsx,1741-4930,43374-04B,
fatbook_merged_xlsx,1741-4931,43374-04B,
fatbook_merged_xlsx,1741-4932,43374-04B,
oldbook_merged_xlsx,1720-0200,43395-80,
oldbook_merged_xlsx,1721-1392,43395-80,
oldbook_merged_xlsx,DP-908,43395-80,
oldbook_merged_xlsx,DS-325005,43395-80,
oldbook_merged_xlsx,FA72,43395-80,
oldbook_merged_xlsx,0203-0418,43403-81,
oldbook_merged_xlsx,DS-189702,43467-92,
fatbook_merged_xlsx,0222-0473,43517-00,
fatbook_merged_xlsx,DS190145,43520-00,
fatbook_merged_xlsx,0222-0172,43520-00A,
fatbook_merged_xlsx,DS190145,43521-00,
fatbook_merged_xlsx,0222-0173,43521-00A,
fatbook_merged_xlsx,0214-0880,43522-08,
wps_merged_xlsx,820-54134,43522-08,HardDrive
fatbook_merged_xlsx,2404-0376,43522-08,
oldbook_merged_xlsx,DS-245274,43533-41,
oldbook_merged_xlsx,0215-0426,43550-35,
oldbook_merged_xlsx,0213-0390,43552-39,
oldbook_merged_xlsx,0203-0412,43557-87,
oldbook_merged_xlsx,0203-0669,43557-87,
oldbook_merged_xlsx,0213-0392,43563-35,
oldbook_merged_xlsx,0213-0560,43564-35,
oldbook_merged_xlsx,2401-1323,43567-92,
fatbook_merged_xlsx,2401-0892,43567-92,
wps_merged_xlsx,830-1116,43567-92,Colony
oldbook_merged_xlsx,DS-189701,43567-92,
fatbook_merged_xlsx,2401-1323,43567-92,
wps_merged_xlsx,830-1117,43567-92,Colony
oldbook_merged_xlsx,DS-190466,43567-92,
fatbook_merged_xlsx,DS-189701,43567-92,
oldbook_merged_xlsx,DS190465,43567-92,
fatbook_merged_xlsx,DS-189702,43567-92,
fatbook_merged_xlsx,DS-190466,43567-92,
fatbook_merged_xlsx,DS190465,43567-92,
wps_merged_xlsx,681-5200,43570-35,James Gaskets
fatbook_merged_xlsx,0214-2719,43571-01A,
oldbook_merged_xlsx,DS-174512,43571-35,
wps_merged_xlsx,681-5201,43571-35,James Gaskets
wps_merged_xlsx,681-5202,43576-35,James Gaskets
oldbook_merged_xlsx,0215-0206,43577-67,
wps_merged_xlsx,22-51366,43577-67,All Balls Racing
oldbook_merged_xlsx,A25-1366,43577-67,
oldbook_merged_xlsx,DS-194015,43578-35,
oldbook_merged_xlsx,2401-1322,43587-92,
fatbook_merged_xlsx,2401-1322,43587-92,
oldbook_merged_xlsx,DS-195404,43605-78,
fatbook_merged_xlsx,DS-195404,43605-78,
oldbook_merged_xlsx,DS-195403,43606-78,
fatbook_merged_xlsx,DS-195403,43606-78,
fatbook_merged_xlsx,0222-0474,43608-00,
oldbook_merged_xlsx,DS-195406,43608-82,
fatbook_merged_xlsx,DS-195406,43608-82,
oldbook_merged_xlsx,DS-195407,43612-92,
fatbook_merged_xlsx,DS-195407,43612-92,
oldbook_merged_xlsx,DS-195408,43613-92,
fatbook_merged_xlsx,DS-195408,43613-92,
fatbook_merged_xlsx,DS190141,43617-00,
oldbook_merged_xlsx,DS-190070,43617-95,
fatbook_merged_xlsx,DS-190070,43617-95,
fatbook_merged_xlsx,2401-0110,43623-00,
fatbook_merged_xlsx,0222-0174,43624-00,
oldbook_merged_xlsx,DS-195421,43625-78,
fatbook_merged_xlsx,DS-195421,43625-78,
oldbook_merged_xlsx,0213-0561,43635-92,
fatbook_merged_xlsx,0214-2717,43642-01A,
oldbook_merged_xlsx,DS-195409,43650-82,
fatbook_merged_xlsx,DS-195409,43650-82,
fatbook_merged_xlsx,DS190146,43654-00,
fatbook_merged_xlsx,DS190147,43654-00,
fatbook_merged_xlsx,DS190148,43654-00,
fatbook_merged_xlsx,0222-0175,43654-00A,
fatbook_merged_xlsx,2401-0112,43654-00A,
oldbook_merged_xlsx,DS190140,43657-89,
oldbook_merged_xlsx,DS-380016,43662-80B,
fatbook_merged_xlsx,DS-380016,43662-80B,
oldbook_merged_xlsx,0222-0408,43668-82,
fatbook_merged_xlsx,0222-0408,43668-82,
oldbook_merged_xlsx,0203-0410,43671-84,
oldbook_merged_xlsx,0203-0673,43671-84,
oldbook_merged_xlsx,0203-0411,43671-84A,
oldbook_merged_xlsx,0203-0670,43671-84A,
oldbook_merged_xlsx,DS-190076,43674-95,
oldbook_merged_xlsx,DS190140,43674-95,
fatbook_merged_xlsx,2401-0110,43683-00,
fatbook_merged_xlsx,DS190138,43683-00,
fatbook_merged_xlsx,DS190141,43683-00,
fatbook_merged_xlsx,DS190142,43683-00,
fatbook_merged_xlsx,DS190143,43683-00,
oldbook_merged_xlsx,DS-190078,43683-97,
fatbook_merged_xlsx,DS-190078,43683-97,
oldbook_merged_xlsx,DS-190088,43683-97,
fatbook_merged_xlsx,2401-0111,43706-04,
fatbook_merged_xlsx,2401-0111,43757-04,
wps_merged_xlsx,820-55203,43840-01,HardDrive
wps_merged_xlsx,820-55205,43841-01,HardDrive
wps_merged_xlsx,820-55202,43857-00,HardDrive
wps_merged_xlsx,820-55200,43858-00,HardDrive
wps_merged_xlsx,820-55204,43859-00,HardDrive
oldbook_merged_xlsx,0214-0947,43875-73,
wps_merged_xlsx,820-51354,43895-87,HardDrive
wps_merged_xlsx,820-51355,43895-87,HardDrive
fatbook_merged_xlsx,0222-0475,43905-08,
oldbook_merged_xlsx,DS-530475,43945-79,
wps_merged_xlsx,865-01208,43945-79,Cycle Pro
oldbook_merged_xlsx,DS-325313,43946-79,
oldbook_merged_xlsx,1702-0121,43946-86,
fatbook_merged_xlsx,1702-0121,43946-86,
oldbook_merged_xlsx,DS-530475,43947-79,
oldbook_merged_xlsx,1720-0203,43957-80,
oldbook_merged_xlsx,1721-1395,43957-80,
oldbook_merged_xlsx,DS-325000,43957-80,
oldbook_merged_xlsx,FA79,43957-80,
fatbook_merged_xlsx,1721-1414,43957-86A/B/C/D,
fatbook_merged_xlsx,FA201,43957-86A/B/C/D,
fatbook_merged_xlsx,FA201HH,43957-86A/B/C/D,
fatbook_merged_xlsx,1721-1764,43957-86A/B/C/D,
fatbook_merged_xlsx,1721-1765,43957-86A/B/C/D,
fatbook_merged_xlsx,1721-2471,43957-86A/B/C/D,
fatbook_merged_xlsx,1722-0756,43957-86A/B/C/D,
fatbook_merged_xlsx,DP-904,43957-86A/B/C/D,
fatbook_merged_xlsx,1720-0025,43957-86A/B/C/D,
oldbook_merged_xlsx,1721-1414,43957-86A/B/C/D/E,
oldbook_merged_xlsx,FA201HH,43957-86A/B/C/D/E,
oldbook_merged_xlsx,1721-1764,43957-86A/B/C/D/E,
oldbook_merged_xlsx,1721-2471,43957-86A/B/C/D/E,
oldbook_merged_xlsx,DP-904,43957-86A/B/C/D/E,
oldbook_merged_xlsx,1720-0207,43957-86A/B/C/D/E,
oldbook_merged_xlsx,1721-1358,43957-86A/B/C/D/E,
oldbook_merged_xlsx,DS-325008,43957-86A/B/C/D/E,
oldbook_merged_xlsx,1720-0025,43957-86A/B/C/D/E,
oldbook_merged_xlsx,1721-1765,43957-86A/B/D/C/E,
wps_merged_xlsx,820-51281,43959-86,HardDrive
fatbook_merged_xlsx,1720-0207,43967-86A/B/C/D,
fatbook_merged_xlsx,1721-1358,43967-86A/B/C/D,
fatbook_merged_xlsx,DS-325008,43967-86A/B/C/D,
oldbook_merged_xlsx,1721-1392,43995-80,
oldbook_merged_xlsx,FA72,43995-80,
oldbook_merged_xlsx,1720-0195,44005-78,
oldbook_merged_xlsx,1721-1373,44005-78,
oldbook_merged_xlsx,1721-1755,44005-78,
oldbook_merged_xlsx,1722-0749,44005-78,
oldbook_merged_xlsx,DP-906,44005-78,
oldbook_merged_xlsx,DS-325002,44005-78,
oldbook_merged_xlsx,1702-0253,44007-80,
wps_merged_xlsx,865-01206,44007-80,Cycle Pro
oldbook_merged_xlsx,DS-530479,44007-80,
fatbook_merged_xlsx,1203-4401,44016-00A,
wps_merged_xlsx,820-32006,44016-00D/44441-00D,HardDrive
wps_merged_xlsx,820-32008,44017-00,HardDrive
wps_merged_xlsx,820-32003,44017-06,HardDrive
oldbook_merged_xlsx,1702-0122,44020-83,
fatbook_merged_xlsx,1702-0122,44020-83,
oldbook_merged_xlsx,DS-530471,44022-83,
fatbook_merged_xlsx,DS-530471,44022-83,
wps_merged_xlsx,820-32005,44023-00,HardDrive
fatbook_merged_xlsx,1701-0759,44023-08,
fatbook_merged_xlsx,1701-0760,44023-08,
oldbook_merged_xlsx,1201-1609,44032-77,
oldbook_merged_xlsx,1720-0199,44032-77,
oldbook_merged_xlsx,DP-907,44032-77,
oldbook_merged_xlsx,1721-1391,44032-77/79,
oldbook_merged_xlsx,FA71,44032-77/79,
oldbook_merged_xlsx,1201-1609,44032-79,
oldbook_merged_xlsx,1720-0199,44032-79,
oldbook_merged_xlsx,1721-1756,44032-79,
oldbook_merged_xlsx,1722-0750,44032-79,
oldbook_merged_xlsx,DP-907,44032-79,
oldbook_merged_xlsx,1721-1756,44032-79/77,
oldbook_merged_xlsx,1722-0750,44032-79/77,
oldbook_merged_xlsx,DS-530473,44045-87,
fatbook_merged_xlsx,DS-530473,44045-87,
wps_merged_xlsx,865-01205,44045-87,Cycle Pro
wps_merged_xlsx,820-32004,44046-00,HardDrive
fatbook_merged_xlsx,1203-4404,44046-00A/D,
fatbook_merged_xlsx,1701-0753,44046-08,
wps_merged_xlsx,820-32000,44046-08,HardDrive
fatbook_merged_xlsx,1701-0754,44046-08,
oldbook_merged_xlsx,DS-530471,44047-83,
fatbook_merged_xlsx,DS-530471,44047-83,
wps_merged_xlsx,865-01202,44047-83,Cycle Pro
oldbook_merged_xlsx,DS-290580,44050-87,
fatbook_merged_xlsx,DS-290580,44050-87,
fatbook_merged_xlsx,DP-900,44063-83A/B/C,
fatbook_merged_xlsx,RDP900,44063-83A/B/C,
fatbook_merged_xlsx,SDP-900HH,44063-83A/B/C,
fatbook_merged_xlsx,1721-1760,44063-83A/B/C,
fatbook_merged_xlsx,1721-1761,44063-83A/B/C,
fatbook_merged_xlsx,1722-0752,44063-83A/B/C,
fatbook_merged_xlsx,1720-0204,44063-83A/B/C,
fatbook_merged_xlsx,1721-1355,44063-83A/B/C,
fatbook_merged_xlsx,1721-1398,44063-83A/B/C,
fatbook_merged_xlsx,1721-2469,44063-83A/B/C,
fatbook_merged_xlsx,DS-325007,44063-83A/B/C,
fatbook_merged_xlsx,FA94,44063-83A/B/C,
fatbook_merged_xlsx,FA94HH,44063-83A/B/C,
fatbook_merged_xlsx,1720-0023,44063-83A/B/C,
fatbook_merged_xlsx,1720-0054,44063-83A/B/C,
fatbook_merged_xlsx,1720-0516,44063-83A/B/C,
oldbook_merged_xlsx,DP-900,44063-83A/B/C/D,
oldbook_merged_xlsx,DS-325007,44063-83A/B/C/D,
oldbook_merged_xlsx,RDP900,44063-83A/B/C/D,
oldbook_merged_xlsx,SDP-900HH,44063-83A/B/C/D,
oldbook_merged_xlsx,1721-1760,44063-83A/B/C/D,
oldbook_merged_xlsx,1721-1761,44063-83A/B/C/D,
oldbook_merged_xlsx,1722-0752,44063-83A/B/C/D,
oldbook_merged_xlsx,1721-2469,44063-83A/B/C/D,
oldbook_merged_xlsx,1720-0204,44063-83A/B/C/D,
oldbook_merged_xlsx,1721-1355,44063-83A/B/C/D,
oldbook_merged_xlsx,FA94,44063-83A/B/C/D,
oldbook_merged_xlsx,1720-0023,44063-83A/B/C/D,
oldbook_merged_xlsx,1720-0054,44063-83A/B/C/D,
oldbook_merged_xlsx,1720-0516,44063-83A/B/C/D,
oldbook_merged_xlsx,DS-290580,44076-86A,
fatbook_merged_xlsx,DS-290580,44076-86A,
fatbook_merged_xlsx,1701-0762,44080-00,
wps_merged_xlsx,820-32009,44080-02,HardDrive
fatbook_merged_xlsx,1701-0761,44080-08,
fatbook_merged_xlsx,1720-0018,44082-00A/B/C/D,
fatbook_merged_xlsx,1720-0213,44082-00A/B/C/D,
fatbook_merged_xlsx,1721-0465,44082-00A/B/C/D,
fatbook_merged_xlsx,1721-0870,44082-00A/B/C/D,
fatbook_merged_xlsx,1721-0882,44082-00A/B/C/D,
fatbook_merged_xlsx,1721-1365,44082-00A/B/C/D,
fatbook_merged_xlsx,1721-1425,44082-00A/B/C/D,
fatbook_merged_xlsx,1720-0022,44082-00A/B/C/D,
fatbook_merged_xlsx,1720-0052,44082-00A/B/C/D,
fatbook_merged_xlsx,1720-0459,44082-00A/B/C/D,
fatbook_merged_xlsx,1721-1772,44082-00A/B/C/D,
fatbook_merged_xlsx,1721-2437,44082-00A/B/C/D,
fatbook_merged_xlsx,1722-0758,44082-00A/B/C/D,
fatbook_merged_xlsx,1722-0759,44082-00A/B/C/D,
fatbook_merged_xlsx,1721-0544,44082-00A/B/C/D,
fatbook_merged_xlsx,1721-1729,44082-00A/B/C/D,
fatbook_merged_xlsx,1721-2482,44082-00A/B/C/D,
fatbook_merged_xlsx,1721-3499,44082-00A/B/C/D,
fatbook_merged_xlsx,1721-3706,44082-00A/B/C/D,
fatbook_merged_xlsx,1722-0791,44082-00A/B/C/D,
fatbook_merged_xlsx,1721-2479,44082-00A/B/C/D,
fatbook_merged_xlsx,DP-918,44082-00A/B/C/D,
fatbook_merged_xlsx,SDP-918HH,44082-00A/B/C/D,
fatbook_merged_xlsx,1721-3488,44082-00A/B/C/D,
fatbook_merged_xlsx,1720-0068,44082-08,
fatbook_merged_xlsx,1720-0069,44082-08,
fatbook_merged_xlsx,1720-0217,44082-08,
fatbook_merged_xlsx,1720-0304,44082-08,
fatbook_merged_xlsx,1721-0805,44082-08,
fatbook_merged_xlsx,1721-0811,44082-08,
fatbook_merged_xlsx,1721-0879,44082-08,
fatbook_merged_xlsx,1721-0931,44082-08,
fatbook_merged_xlsx,1721-1428,44082-08,
fatbook_merged_xlsx,1721-1434,44082-08,
fatbook_merged_xlsx,1721-1776,44082-08,
fatbook_merged_xlsx,1721-2485,44082-08,
fatbook_merged_xlsx,1721-3487,44082-08,
fatbook_merged_xlsx,1722-0767,44082-08,
fatbook_merged_xlsx,1722-0792,44082-08,
fatbook_merged_xlsx,1722-0978,44082-08,
oldbook_merged_xlsx,DS-325311,44109-72A,
oldbook_merged_xlsx,DS-325312,44118-80,
oldbook_merged_xlsx,DS-324613,44124-72,
oldbook_merged_xlsx,1702-0254,44127-72A,
wps_merged_xlsx,865-01207,44127-72A,Cycle Pro
oldbook_merged_xlsx,DS-530476,44127-72A,
oldbook_merged_xlsx,DS-325314,44129-73,
oldbook_merged_xlsx,1702-0254,44133-72,
oldbook_merged_xlsx,DS-530476,44133-72,
oldbook_merged_xlsx,DS-530479,44133-72,
oldbook_merged_xlsx,1720-0195,44135-74,
oldbook_merged_xlsx,1721-1373,44135-74,
oldbook_merged_xlsx,1721-1755,44135-74,
oldbook_merged_xlsx,1722-0749,44135-74,
oldbook_merged_xlsx,DP-906,44135-74,
oldbook_merged_xlsx,DS-325001,44135-74,
oldbook_merged_xlsx,DS-325002,44135-74,
fatbook_merged_xlsx,1710-1610,44136-00,
fatbook_merged_xlsx,1710-1901,44136-00,
fatbook_merged_xlsx,1710-3635,44136-00,
fatbook_merged_xlsx,DS325091,44136-00,
oldbook_merged_xlsx,1710-1903,44136-84A,
fatbook_merged_xlsx,1710-1903,44136-84A,
wps_merged_xlsx,820-51836,44136-84A,HardDrive
oldbook_merged_xlsx,1710-3069,44136-84A,
fatbook_merged_xlsx,1710-3069,44136-84A,
wps_merged_xlsx,820-51841,44136-84A,HardDrive
oldbook_merged_xlsx,1710-3214,44136-84A,
fatbook_merged_xlsx,1710-3214,44136-84A,
oldbook_merged_xlsx,DS-325738,44136-84A,
fatbook_merged_xlsx,DS-325738,44136-84A,
oldbook_merged_xlsx,1710-1903,44136-92,
fatbook_merged_xlsx,1710-1903,44136-92,
oldbook_merged_xlsx,1710-3069,44136-92,
fatbook_merged_xlsx,1710-3069,44136-92,
oldbook_merged_xlsx,1710-3214,44136-92,
fatbook_merged_xlsx,1710-3214,44136-92,
oldbook_merged_xlsx,DS-325738,44136-92,
fatbook_merged_xlsx,1710-3636,44136-92,
fatbook_merged_xlsx,DS-325738,44136-92,
oldbook_merged_xlsx,1710-1910,44137-77A,
oldbook_merged_xlsx,DS-325407,44137-77A,
oldbook_merged_xlsx,DS-325737,44137-77A,
oldbook_merged_xlsx,1702-0252,44151-77,
wps_merged_xlsx,865-01201,44151-77,Cycle Pro
oldbook_merged_xlsx,DS-530477,44151-77,
wps_merged_xlsx,865-01203,44152-77,Cycle Pro
oldbook_merged_xlsx,1702-0252,44153-77,
oldbook_merged_xlsx,DS-530477,44153-77,
oldbook_merged_xlsx,DS-325363,44154-73,
fatbook_merged_xlsx,1710-1610,44156-00,
wps_merged_xlsx,820-51848,44156-00,HardDrive
fatbook_merged_xlsx,1710-1901,44156-00,
wps_merged_xlsx,820-51849,44156-00,HardDrive
fatbook_merged_xlsx,1710-3211,44156-00,
wps_merged_xlsx,820-51851,44156-00,HardDrive
fatbook_merged_xlsx,1710-3635,44156-00,
wps_merged_xlsx,820-51852,44156-00,HardDrive
fatbook_merged_xlsx,1710-3643,44156-00,
fatbook_merged_xlsx,DS325091,44156-00,
oldbook_merged_xlsx,DS-325315,44157-77,
fatbook_merged_xlsx,1702-0740,44178-04,
oldbook_merged_xlsx,SB1428,44179-58,
fatbook_merged_xlsx,SB1428,44179-58,
vtwin_merged_xlsx,10-0736,44180-30,
vtwin_merged_xlsx,10-0737,44180-36,
fatbook_merged_xlsx,1702-0739,44184-04,
oldbook_merged_xlsx,DS-324617,44192-77,
oldbook_merged_xlsx,DS-324617,44193-77,
oldbook_merged_xlsx,DS-325493,44207-87,
oldbook_merged_xlsx,DS-530472,44208-82,
fatbook_merged_xlsx,DS-530472,44208-82,
wps_merged_xlsx,865-01204,44208-82,Cycle Pro
oldbook_merged_xlsx,1720-0202,44209-82,
fatbook_merged_xlsx,DP-901,44209-82,
oldbook_merged_xlsx,1721-1354,44209-82,
fatbook_merged_xlsx,DS-325006,44209-82,
oldbook_merged_xlsx,1721-1757,44209-82,
oldbook_merged_xlsx,1721-2470,44209-82,
oldbook_merged_xlsx,1722-0754,44209-82,
oldbook_merged_xlsx,DP-901,44209-82,
oldbook_merged_xlsx,DS-325006,44209-82,
oldbook_merged_xlsx,1721-1392,44209-82A,
oldbook_merged_xlsx,1721-1757,44209-82A,
oldbook_merged_xlsx,1722-0754,44209-82A,
oldbook_merged_xlsx,FA72,44209-82A,
oldbook_merged_xlsx,1721-2472,44209-87A/B/C,
fatbook_merged_xlsx,1720-0206,44209-87A/B/C,
oldbook_merged_xlsx,1722-0757,44209-87A/B/C,
fatbook_merged_xlsx,1721-2472,44209-87A/B/C,
oldbook_merged_xlsx,DP-905,44209-87A/B/C,
fatbook_merged_xlsx,DP-905,44209-87A/B/C,
oldbook_merged_xlsx,FA200HH,44209-87A/B/C,
fatbook_merged_xlsx,1721-0847,44209-87A/B/C,
oldbook_merged_xlsx,1720-0024,44209-87A/B/C,
fatbook_merged_xlsx,1721-1413,44209-87A/B/C,
oldbook_merged_xlsx,1720-0056,44209-87A/B/C,
fatbook_merged_xlsx,FA200,44209-87A/B/C,
oldbook_merged_xlsx,1720-0074,44209-87A/B/C,
fatbook_merged_xlsx,1720-0024,44209-87A/B/C,
oldbook_merged_xlsx,1720-0206,44209-87A/B/C,
fatbook_merged_xlsx,1720-0056,44209-87A/B/C,
oldbook_merged_xlsx,1721-1357,44209-87A/B/C,
fatbook_merged_xlsx,1721-1766,44209-87A/B/C,
oldbook_merged_xlsx,1721-1769,44209-87A/B/C,
oldbook_merged_xlsx,DS-325009,44209-87A/B/C,
oldbook_merged_xlsx,1721-0847,44209-87A/B/C,
oldbook_merged_xlsx,1721-1413,44209-87A/B/C,
fatbook_merged_xlsx,1720-0206,44213-87,
fatbook_merged_xlsx,1721-1766,44213-87,
fatbook_merged_xlsx,1721-2472,44213-87,
fatbook_merged_xlsx,1722-0757,44213-87,
fatbook_merged_xlsx,DP-905,44213-87,
oldbook_merged_xlsx,1720-0206,44213-87A/B/C,
oldbook_merged_xlsx,1721-0847,44213-87A/B/C,
oldbook_merged_xlsx,1721-1357,44213-87A/B/C,
oldbook_merged_xlsx,1721-1413,44213-87A/B/C,
oldbook_merged_xlsx,1721-1769,44213-87A/B/C,
oldbook_merged_xlsx,1721-2472,44213-87A/B/C,
oldbook_merged_xlsx,1722-0757,44213-87A/B/C,
oldbook_merged_xlsx,DS-325009,44213-87A/B/C,
oldbook_merged_xlsx,FA200HH,44213-87A/B/C,
oldbook_merged_xlsx,DS-325009,44213-87A/B?C,
oldbook_merged_xlsx,DS-325310,44275-74,
oldbook_merged_xlsx,1702-0251,44277-74,
wps_merged_xlsx,865-01200,44277-74,Cycle Pro
oldbook_merged_xlsx,DS-530478,44277-74,
oldbook_merged_xlsx,1702-0251,44278-74,
oldbook_merged_xlsx,DS-530478,44278-74,
oldbook_merged_xlsx,1720-0014,44281-74,
oldbook_merged_xlsx,1720-0196,44281-74,
oldbook_merged_xlsx,DS-325003,44281-74,
wps_merged_xlsx,820-55206,44296-04,HardDrive
wps_merged_xlsx,820-55207,44296-04,HardDrive
oldbook_merged_xlsx,DS-097030,44310-77,
fatbook_merged_xlsx,DS-097030,44310-77,
oldbook_merged_xlsx,DS-097032,44311-80,
fatbook_merged_xlsx,DS-097032,44311-80,
fatbook_merged_xlsx,1702-0324,44313-00,
fatbook_merged_xlsx,DS-530480,44313-00,
fatbook_merged_xlsx,1702-0324,44313-01,
fatbook_merged_xlsx,DS-530480,44313-01,
fatbook_merged_xlsx,1702-0119,44313-08,
fatbook_merged_xlsx,1702-0326,44314-00,
wps_merged_xlsx,820-51290,44314-00,HardDrive
fatbook_merged_xlsx,1702-0127,44315-00,
wps_merged_xlsx,865-01210,44315-00,Cycle Pro
fatbook_merged_xlsx,1702-0255,44315-00,
wps_merged_xlsx,865-01209,44328-00,Cycle Pro
oldbook_merged_xlsx,DS-324616,44331-73,
wps_merged_xlsx,820-51280,44337-00,HardDrive
wps_merged_xlsx,820-51286,44337-08,HardDrive
oldbook_merged_xlsx,08756DS,44350-96,
oldbook_merged_xlsx,08756DS,44350-96A,
fatbook_merged_xlsx,1703-0081,44351-00,
wps_merged_xlsx,820-51291,44351-00,HardDrive
oldbook_merged_xlsx,DS-325342,44401-49B,
wps_merged_xlsx,820-55201,44432-04,HardDrive
oldbook_merged_xlsx,DS-325396,44432-54A,
fatbook_merged_xlsx,2401-0117,4453,
fatbook_merged_xlsx,1731-0467,44551-08,
fatbook_merged_xlsx,1710-3155,44553-06A,
wps_merged_xlsx,820-51262,44553-06A,HardDrive
fatbook_merged_xlsx,1710-3156,44553-06A,
fatbook_merged_xlsx,1710-3638,44553-06A,
fatbook_merged_xlsx,1204-2735,44793-01,
fatbook_merged_xlsx,1741-4879,44794-01A,
fatbook_merged_xlsx,1741-4874,44794-06A,
fatbook_merged_xlsx,1741-5518,44794-06A,
fatbook_merged_xlsx,1741-5521,44794-06A,
fatbook_merged_xlsx,1741-5523,44794-06A,
fatbook_merged_xlsx,1204-2752,44800-00A,
fatbook_merged_xlsx,1741-2960,44800-00A,
fatbook_merged_xlsx,1204-2736,44801-00A,
fatbook_merged_xlsx,1741-2948,44801-00A,
oldbook_merged_xlsx,1204-2743,44802-99B,
oldbook_merged_xlsx,1741-2949,44802-99B,
fatbook_merged_xlsx,1204-2744,44803-00A,
fatbook_merged_xlsx,1741-2950,44803-00A,
oldbook_merged_xlsx,1204-2745,44803-99B,
oldbook_merged_xlsx,1741-2953,44803-99B,
oldbook_merged_xlsx,1204-2746,44813-00A,
fatbook_merged_xlsx,1204-2746,44813-00A,
oldbook_merged_xlsx,1741-2544,44813-00A,
fatbook_merged_xlsx,1741-2544,44813-00A,
oldbook_merged_xlsx,DS-373579,45004-85,
fatbook_merged_xlsx,DS-373579,45004-85,
oldbook_merged_xlsx,1731-0469,45004-96,
fatbook_merged_xlsx,1731-0469,45004-96,
oldbook_merged_xlsx,1731-0468,45005-05,
fatbook_merged_xlsx,1731-0468,45005-05,
oldbook_merged_xlsx,1731-0468,45005-96,
fatbook_merged_xlsx,1731-0468,45005-96,
oldbook_merged_xlsx,DS-195045,45006-87A,
wps_merged_xlsx,820-50606,45006-87A,HardDrive
wps_merged_xlsx,820-50601,45006-96,HardDrive
oldbook_merged_xlsx,DS-195032,45006-96A/B/C,
fatbook_merged_xlsx,DS-195032,45006-96A/B/C,
oldbook_merged_xlsx,DS-290708,45010-73,
oldbook_merged_xlsx,DS-174940,45012-72,
oldbook_merged_xlsx,0610-0503,45013-82,
oldbook_merged_xlsx,0614-1143,45015-96,
oldbook_merged_xlsx,DS-273903,45016-72,
oldbook_merged_xlsx,0614-1137,45016-96,
fatbook_merged_xlsx,0614-1137,45016-96,
fatbook_merged_xlsx,0614-1143,45017-93,
oldbook_merged_xlsx,0613-0817,45021-86,
fatbook_merged_xlsx,0613-0817,45021-86,
oldbook_merged_xlsx,DS-273904,45024-65A,
oldbook_merged_xlsx,DS-273897,45031-65,
oldbook_merged_xlsx,0611-0057,45031-72,
oldbook_merged_xlsx,0613-0797,45032-82,
fatbook_merged_xlsx,DS-273891,45032-82,
oldbook_merged_xlsx,DS-273891,45032-82,
fatbook_merged_xlsx,DS-273898,45032-82,
oldbook_merged_xlsx,DS-273898,45032-82,
oldbook_merged_xlsx,0612-0344,45036-68,
oldbook_merged_xlsx,0612-0342,45036-82,
oldbook_merged_xlsx,0612-0343,45036-88,
fatbook_merged_xlsx,0612-0343,45036-88,
oldbook_merged_xlsx,0612-0344,45039-68,
oldbook_merged_xlsx,DS-240246,45039-68,
oldbook_merged_xlsx,0617-0059,45042-82,
fatbook_merged_xlsx,0617-0059,45042-82,
oldbook_merged_xlsx,1731-0468,45042-96,
fatbook_merged_xlsx,1731-0468,45042-96,
fatbook_merged_xlsx,1731-0542,45042-99,
fatbook_merged_xlsx,1731-0542,45057-99,
oldbook_merged_xlsx,DS-195049,45063-72,
oldbook_merged_xlsx,DS-195041,45063-82,
oldbook_merged_xlsx,DS-195043,45072-87,
fatbook_merged_xlsx,DS-195043,45072-87,
wps_merged_xlsx,865-01250,45072-87,Cycle Pro
wps_merged_xlsx,865-01252,45072-96,Cycle Pro
wps_merged_xlsx,820-50603,45072-96,HardDrive
oldbook_merged_xlsx,DS-195033,45072-96A/B/C,
fatbook_merged_xlsx,DS-195033,45072-96A/B/C,
fatbook_merged_xlsx,0614-1141,45080-08A,
oldbook_merged_xlsx,DS-110225,45092-66,
fatbook_merged_xlsx,DS-110225,45092-66,
wps_merged_xlsx,820-50865,45095-85,HardDrive
oldbook_merged_xlsx,08749DS,45111-89,
fatbook_merged_xlsx,1741-2586,45112-06,
fatbook_merged_xlsx,1741-2894,45112-08,
fatbook_merged_xlsx,1741-4879,45112-08,
fatbook_merged_xlsx,1741-5526,45112-08,
oldbook_merged_xlsx,08728DS,45112-84A,
oldbook_merged_xlsx,1741-4734,45112-96A,
fatbook_merged_xlsx,1741-4734,45112-96A,
oldbook_merged_xlsx,1741-4892,45112-96A,
fatbook_merged_xlsx,1741-4892,45112-96A,
fatbook_merged_xlsx,1741-4874,45119-00B,
fatbook_merged_xlsx,1741-5518,45119-00B,
fatbook_merged_xlsx,1741-5521,45119-00B,
fatbook_merged_xlsx,1741-5523,45119-00B,
oldbook_merged_xlsx,08703S,45121-77,
oldbook_merged_xlsx,08753DS,45121-96,
oldbook_merged_xlsx,1741-4731,45121-96A,
fatbook_merged_xlsx,1741-5531,45121-96A,
oldbook_merged_xlsx,1741-4889,45121-96A,
oldbook_merged_xlsx,1741-5531,45121-96A,
oldbook_merged_xlsx,1741-5535,45121-96A,
oldbook_merged_xlsx,08711S,45123-77,
wps_merged_xlsx,681-5677,45125-52,James Gaskets
oldbook_merged_xlsx,08711S,45125-81,
fatbook_merged_xlsx,1741-0211,45133-04,
fatbook_merged_xlsx,1741-2954,45133-04,
fatbook_merged_xlsx,0615-0274,45138-08A,
fatbook_merged_xlsx,1731-0542,45149-99C,
oldbook_merged_xlsx,08803S,45151-78,
oldbook_merged_xlsx,08814S,45156-84,
oldbook_merged_xlsx,2401-0524,45159-50,
oldbook_merged_xlsx,1730-0023,45162-41,
oldbook_merged_xlsx,1730-0024,45172-28,
oldbook_merged_xlsx,1741-4874,45199-08,
fatbook_merged_xlsx,1741-2780,45199-08,
fatbook_merged_xlsx,1741-2786,45199-08,
fatbook_merged_xlsx,1741-4874,45199-08,
fatbook_merged_xlsx,1741-5518,45199-08,
fatbook_merged_xlsx,1741-5521,45199-08,
fatbook_merged_xlsx,1741-5523,45199-08,
oldbook_merged_xlsx,1741-4874,45199-99B,
fatbook_merged_xlsx,1741-4874,45199-99B,
fatbook_merged_xlsx,1741-5518,45199-99B,
fatbook_merged_xlsx,1741-5521,45199-99B,
fatbook_merged_xlsx,1741-5523,45199-99B,
fatbook_merged_xlsx,1204-2753,45201-97B,
fatbook_merged_xlsx,1204-2737,45202-00A,
fatbook_merged_xlsx,1741-2556,45202-00A,
oldbook_merged_xlsx,1204-2738,45202-97B,
oldbook_merged_xlsx,1741-2550,45202-97B,
fatbook_merged_xlsx,1204-2754,45203-97B,
oldbook_merged_xlsx,1204-2739,45205-97B,
oldbook_merged_xlsx,1204-2740,45206-97B,
fatbook_merged_xlsx,1204-2740,45206-97B,
oldbook_merged_xlsx,1741-2580,45206-97B,
fatbook_merged_xlsx,1741-2580,45206-97B,
oldbook_merged_xlsx,1204-2741,45207-97B,
fatbook_merged_xlsx,1204-2741,45207-97B,
oldbook_merged_xlsx,1741-2562,45207-97B,
fatbook_merged_xlsx,1741-2562,45207-97B,
oldbook_merged_xlsx,1204-2749,45209-97B,
fatbook_merged_xlsx,1204-2749,45209-97B,
oldbook_merged_xlsx,1204-2750,45210-97B,
oldbook_merged_xlsx,1741-2520,45212-97B,
fatbook_merged_xlsx,1204-2756,45212-97B,
fatbook_merged_xlsx,1741-2520,45212-97B,
oldbook_merged_xlsx,1741-4731,45250-08,
fatbook_merged_xlsx,1741-5531,45250-08,
oldbook_merged_xlsx,1741-4889,45250-08,
fatbook_merged_xlsx,1741-5535,45250-08,
oldbook_merged_xlsx,1741-5531,45250-08,
oldbook_merged_xlsx,1741-5535,45250-08,
oldbook_merged_xlsx,1741-4731,45250-98B,
fatbook_merged_xlsx,1741-5531,45250-98B,
oldbook_merged_xlsx,1741-4889,45250-98B,
fatbook_merged_xlsx,1741-5535,45250-98B,
oldbook_merged_xlsx,1741-5531,45250-98B,
oldbook_merged_xlsx,1741-5535,45250-98B,
fatbook_merged_xlsx,1204-2742,45287-99C,
fatbook_merged_xlsx,1741-4873,45291-00A,
fatbook_merged_xlsx,1741-4879,45291-00A,
fatbook_merged_xlsx,1741-5515,45291-00A,
fatbook_merged_xlsx,1741-5517,45291-00A,
fatbook_merged_xlsx,1741-5531,45291-06,
fatbook_merged_xlsx,1741-5535,45291-06,
fatbook_merged_xlsx,1741-2912,45291-08,
fatbook_merged_xlsx,1741-2918,45291-08,
fatbook_merged_xlsx,1741-5531,45291-08,
fatbook_merged_xlsx,1741-5535,45291-08,
oldbook_merged_xlsx,08745DS,45303-89B,
fatbook_merged_xlsx,0614-1144,45356-07,
fatbook_merged_xlsx,0935-0252,45359-00,
wps_merged_xlsx,681-4182,45359-00,James Gaskets
fatbook_merged_xlsx,0935-0377,45359-00,
oldbook_merged_xlsx,0404-0334,45360-90,
fatbook_merged_xlsx,0404-0334,45360-90,
oldbook_merged_xlsx,DS-221471,45360-90,
fatbook_merged_xlsx,DS-221471,45360-90,
oldbook_merged_xlsx,0405-0331,45375-87,
fatbook_merged_xlsx,0405-0331,45375-87,
oldbook_merged_xlsx,0407-0292,45377-87,
fatbook_merged_xlsx,0407-0292,45377-87,
oldbook_merged_xlsx,0407-0057,45378-87,
fatbook_merged_xlsx,0407-0057,45378-87,
wps_merged_xlsx,681-4720,45378-87,James Gaskets
oldbook_merged_xlsx,0407-0667,45378-87,
fatbook_merged_xlsx,0407-0667,45378-87,
oldbook_merged_xlsx,5249,45378-87,
fatbook_merged_xlsx,5249,45378-87,
oldbook_merged_xlsx,7249,45378-87,
fatbook_merged_xlsx,7249,45378-87,
oldbook_merged_xlsx,DS-194453,45378-87,
fatbook_merged_xlsx,DS-194453,45378-87,
fatbook_merged_xlsx,1131-0278,45380-02,
oldbook_merged_xlsx,0405-0332,45385-83,
oldbook_merged_xlsx,0407-0546,45387-83,
fatbook_merged_xlsx,DS-194452,45387-83,
wps_merged_xlsx,681-5008,45387-83,James Gaskets
oldbook_merged_xlsx,DS-194452,45387-83,
fatbook_merged_xlsx,0407-0293,45398-96,
oldbook_merged_xlsx,5209,45400-75,
fatbook_merged_xlsx,5209,45400-75,
wps_merged_xlsx,681-5010,45400-75,James Gaskets
oldbook_merged_xlsx,7209,45400-75,
fatbook_merged_xlsx,7209,45400-75,
oldbook_merged_xlsx,DS-174540,45400-75,
oldbook_merged_xlsx,0407-0671,45401-87,
fatbook_merged_xlsx,0406-0026,45401-87,
wps_merged_xlsx,681-4727,45401-87,James Gaskets
oldbook_merged_xlsx,DS-173344,45401-87,
fatbook_merged_xlsx,0407-0560,45401-87,
oldbook_merged_xlsx,0406-0026,45401-87,
fatbook_merged_xlsx,0407-0597,45401-87,
oldbook_merged_xlsx,0407-0560,45401-87,
fatbook_merged_xlsx,0407-0671,45401-87,
fatbook_merged_xlsx,DS-173344,45401-87,
wps_merged_xlsx,681-5019,45403-75,James Gaskets
oldbook_merged_xlsx,DS-240350,45404-75,
fatbook_merged_xlsx,DS-240350,45404-75,
wps_merged_xlsx,820-50307,45404-75,HardDrive
oldbook_merged_xlsx,0419-0003,45405-75,
oldbook_merged_xlsx,2401-0851,45405-75A,
fatbook_merged_xlsx,0419-0003,45405-75A,
oldbook_merged_xlsx,DS-222051,45405-75A,
fatbook_merged_xlsx,2401-0851,45405-75A,
oldbook_merged_xlsx,DS-193634,45406-75,
fatbook_merged_xlsx,DS-193634,45406-75,
wps_merged_xlsx,681-5020,45406-75,James Gaskets
oldbook_merged_xlsx,DS-221200,45407-73,
oldbook_merged_xlsx,DS-221200,45407-75,
oldbook_merged_xlsx,DS-221420,45407-83,
oldbook_merged_xlsx,0405-0329,45408-75,
fatbook_merged_xlsx,1741-0870,45409-04,
oldbook_merged_xlsx,DS222125,45413-84,
fatbook_merged_xlsx,DS222125,45413-84,
oldbook_merged_xlsx,DS222126,45416-84,
fatbook_merged_xlsx,DS222126,45416-84,
oldbook_merged_xlsx,DS-220111,45417-00,
fatbook_merged_xlsx,0404-0333,45417-00,
fatbook_merged_xlsx,0404-0550,45417-00,
fatbook_merged_xlsx,DS-220111,45417-00,
oldbook_merged_xlsx,DS-221235,45417-80,
oldbook_merged_xlsx,DS-221427,45417-84,
oldbook_merged_xlsx,DS-222044,45418-84,
oldbook_merged_xlsx,DS-222775,45419-80,
fatbook_merged_xlsx,DS-222775,45419-80,
oldbook_merged_xlsx,DS-240341,45420-80,
fatbook_merged_xlsx,DS-240341,45420-80,
oldbook_merged_xlsx,DS-273965,45423-92/96,
fatbook_merged_xlsx,DS-273965,45423-92/96,
oldbook_merged_xlsx,1741-0868,45441-03,
fatbook_merged_xlsx,1741-0868,45441-03,
oldbook_merged_xlsx,1741-2514,45441-03,
fatbook_merged_xlsx,1741-2514,45441-03,
oldbook_merged_xlsx,DS-174459,45443-86,
wps_merged_xlsx,681-4726,45443-86,James Gaskets
oldbook_merged_xlsx,0602-0114,45444-88,
fatbook_merged_xlsx,0602-0114,45444-88,
fatbook_merged_xlsx,1741-4746,45449-04C,
fatbook_merged_xlsx,1741-5544,45449-04C,
fatbook_merged_xlsx,1741-5547,45449-04C,
wps_merged_xlsx,820-50303,45451-07,HardDrive
oldbook_merged_xlsx,DS-222028,45461-87,
fatbook_merged_xlsx,DS-222028,45461-87,
oldbook_merged_xlsx,DS-222029,45465-87,
fatbook_merged_xlsx,DS-222029,45465-87,
wps_merged_xlsx,681-4221,45465-99,James Gaskets
fatbook_merged_xlsx,1741-2532,45489-04,
fatbook_merged_xlsx,1741-0875,45496-04,
fatbook_merged_xlsx,1741-2526,45496-04,
fatbook_merged_xlsx,1741-0876,45499-04,
fatbook_merged_xlsx,1741-2961,45499-04,
wps_merged_xlsx,820-52316,45500113,HardDrive
fatbook_merged_xlsx,0404-0588,45500295,
fatbook_merged_xlsx,0404-0611,45500295,
fatbook_merged_xlsx,0404-0698,45500295,
fatbook_merged_xlsx,0404-0585,45500341,
fatbook_merged_xlsx,0404-0596,45500341,
fatbook_merged_xlsx,0404-0608,45500341,
fatbook_merged_xlsx,0404-0618,45500341,
fatbook_merged_xlsx,0404-0697,45500341,
fatbook_merged_xlsx,0404-0579,45500376,
fatbook_merged_xlsx,0404-0591,45500376,
fatbook_merged_xlsx,0404-0602,45500376,
fatbook_merged_xlsx,0404-0614,45500376,
fatbook_merged_xlsx,0404-0693,45500376,
fatbook_merged_xlsx,0405-1208,45500396,
fatbook_merged_xlsx,0404-0674,45500424,
fatbook_merged_xlsx,0404-0582,45500460,
fatbook_merged_xlsx,0404-0694,45500460,
fatbook_merged_xlsx,0404-0685,45500594,
fatbook_merged_xlsx,0404-0686,45500594,
fatbook_merged_xlsx,0404-0691,45500594,
fatbook_merged_xlsx,0404-0692,45500594,
fatbook_merged_xlsx,0404-0685,45500595,
fatbook_merged_xlsx,0404-0686,45500595,
fatbook_merged_xlsx,0404-0691,45500595,
fatbook_merged_xlsx,0404-0692,45500595,
fatbook_merged_xlsx,0404-0687,45500845,
fatbook_merged_xlsx,0404-0688,45500845,
fatbook_merged_xlsx,0404-0689,45500845,
fatbook_merged_xlsx,0404-0690,45500845,
fatbook_merged_xlsx,0404-0687,45500846,
fatbook_merged_xlsx,0404-0688,45500846,
fatbook_merged_xlsx,0404-0689,45500846,
fatbook_merged_xlsx,0404-0690,45500846,
oldbook_merged_xlsx,DS-310180,45515-58A,
oldbook_merged_xlsx,08900S,45521-74A,
fatbook_merged_xlsx,1741-5672,45555-11,
oldbook_merged_xlsx,DS-174460,45583-83,
wps_merged_xlsx,681-4730,45583-83,James Gaskets
oldbook_merged_xlsx,0404-0305,45596-87,
fatbook_merged_xlsx,0404-0305,45596-87,
fatbook_merged_xlsx,0411-0116,45600003,
wps_merged_xlsx,820-52370,45600022,HardDrive
wps_merged_xlsx,820-52371,45600023,HardDrive
fatbook_merged_xlsx,0411-0118,45600054,
oldbook_merged_xlsx,DS-221205,45644-77,
oldbook_merged_xlsx,1913-3001,45670-80,
fatbook_merged_xlsx,1913-3001,45670-80,
wps_merged_xlsx,830-1129,45670-80,Colony
fatbook_merged_xlsx,0410-0294,45700009,
oldbook_merged_xlsx,DS-222158,45717-63,
fatbook_merged_xlsx,DS-222158,45717-63,
fatbook_merged_xlsx,DS-193009,45718-60,
oldbook_merged_xlsx,0410-0160,45718-71,
fatbook_merged_xlsx,DS-193619,45718-71,
fatbook_merged_xlsx,0410-0295,45727-08,
oldbook_merged_xlsx,DS-173348,45733-48,
fatbook_merged_xlsx,DS-173348,45733-48,
wps_merged_xlsx,681-4723,45733-48,James Gaskets
oldbook_merged_xlsx,DS-222787,45754-60,
wps_merged_xlsx,681-5683,45780-52,James Gaskets
oldbook_merged_xlsx,2401-0393,45790-80,
fatbook_merged_xlsx,2401-0393,45790-80,
oldbook_merged_xlsx,2401-0394,45790-80,
fatbook_merged_xlsx,2401-0394,45790-80,
fatbook_merged_xlsx,0411-0116,45800023,
fatbook_merged_xlsx,0411-0118,45800055,
fatbook_merged_xlsx,0615-0268,45801-04,
fatbook_merged_xlsx,0414-0385,45803-97,
fatbook_merged_xlsx,0711-0244,45806-07,
fatbook_merged_xlsx,0711-0032,45808-02,
oldbook_merged_xlsx,DS-324615,45821-75,
oldbook_merged_xlsx,DS-324614,45822-75,
oldbook_merged_xlsx,DS-221425,45827-84,
fatbook_merged_xlsx,1741-4867,45829-11,
fatbook_merged_xlsx,1741-5672,45829-11,
fatbook_merged_xlsx,1741-5673,45829-11,
oldbook_merged_xlsx,DS-245276,45830-48,
fatbook_merged_xlsx,1741-4867,45831-11,
fatbook_merged_xlsx,1741-5672,45831-11,
fatbook_merged_xlsx,1741-5673,45831-11,
oldbook_merged_xlsx,DS-222773,45834-77,
oldbook_merged_xlsx,0405-0330,45837-77,
oldbook_merged_xlsx,DS-222774,45838-77,
fatbook_merged_xlsx,DS-222774,45838-77,
oldbook_merged_xlsx,0404-0307,45839-84,
fatbook_merged_xlsx,0404-0307,45839-84,
wps_merged_xlsx,830-1164,45839-84,Colony
oldbook_merged_xlsx,DS-189815,45840-48,
oldbook_merged_xlsx,0404-0308,45841-84,
fatbook_merged_xlsx,0404-0308,45841-84,
wps_merged_xlsx,830-1165,45841-84,Colony
oldbook_merged_xlsx,0935-0132,45842-77A,
fatbook_merged_xlsx,0935-0132,45842-77A,
wps_merged_xlsx,681-4722,45842-77A,James Gaskets
oldbook_merged_xlsx,0407-0583,45843-77,
fatbook_merged_xlsx,5227,45843-77,
wps_merged_xlsx,681-5009,45843-77,James Gaskets
oldbook_merged_xlsx,5227,45843-77,
fatbook_merged_xlsx,7227,45843-77,
oldbook_merged_xlsx,7227,45843-77,
oldbook_merged_xlsx,DS-173420,45843-77,
wps_merged_xlsx,681-5021,45844-77,James Gaskets
oldbook_merged_xlsx,DS-173347,45845-77,
fatbook_merged_xlsx,DS-173347,45845-77,
wps_merged_xlsx,681-4724,45845-77,James Gaskets
oldbook_merged_xlsx,0407-0664,45846-84,
wps_merged_xlsx,681-4718,45846-84,James Gaskets
oldbook_merged_xlsx,0407-0665,45846-84,
oldbook_merged_xlsx,DS-173422,45846-84,
oldbook_merged_xlsx,0404-0304,45847-84,
fatbook_merged_xlsx,0407-0294,45849-00,
wps_merged_xlsx,681-5017,45850-48,James Gaskets
oldbook_merged_xlsx,DS-194495,45852-48,
wps_merged_xlsx,681-5012,45852-48,James Gaskets
oldbook_merged_xlsx,0405-0485,45853-83,
oldbook_merged_xlsx,0414-0399,45855-77,
fatbook_merged_xlsx,0414-0399,45855-77,
oldbook_merged_xlsx,2401-0392,45858-77,
fatbook_merged_xlsx,2401-0392,45858-77,
wps_merged_xlsx,681-4729,45865-84,James Gaskets
oldbook_merged_xlsx,DS-222031,45866-84,
fatbook_merged_xlsx,DS-222031,45866-84,
oldbook_merged_xlsx,DS-173345,45875-84,
fatbook_merged_xlsx,0407-0058,45875-84,
wps_merged_xlsx,681-4719,45875-84,James Gaskets
oldbook_merged_xlsx,0407-0058,45875-84,
fatbook_merged_xlsx,0407-0566,45875-84,
oldbook_merged_xlsx,0407-0566,45875-84,
fatbook_merged_xlsx,0407-0599,45875-84,
oldbook_merged_xlsx,0407-0599,45875-84,
fatbook_merged_xlsx,0407-0668,45875-84,
fatbook_merged_xlsx,DS-173345,45875-84,
oldbook_merged_xlsx,DS-220109,45890-97,
fatbook_merged_xlsx,0404-0331,45890-97,
fatbook_merged_xlsx,0404-0548,45890-97,
fatbook_merged_xlsx,DS-220109,45890-97,
oldbook_merged_xlsx,0407-0296,45905-87,
fatbook_merged_xlsx,0407-0296,45905-87,
wps_merged_xlsx,681-4721,45905-87,James Gaskets
wps_merged_xlsx,681-5013,45908-80,James Gaskets
oldbook_merged_xlsx,0407-0144,45927-73,
wps_merged_xlsx,681-5011,45927-73,James Gaskets
oldbook_merged_xlsx,0407-0582,45927-73,
oldbook_merged_xlsx,7201,45927-73,
oldbook_merged_xlsx,DS-194457,45927-73,
oldbook_merged_xlsx,DS-220115,45930-00,
fatbook_merged_xlsx,0404-0332,45930-00,
fatbook_merged_xlsx,DS-220115,45930-00,
oldbook_merged_xlsx,0405-0487,45931-86,
oldbook_merged_xlsx,0405-0294,45933-86,
fatbook_merged_xlsx,0405-0294,45933-86,
oldbook_merged_xlsx,DS-222030,45940-84,
fatbook_merged_xlsx,DS-222030,45940-84,
oldbook_merged_xlsx,0411-0044,45964-86,
fatbook_merged_xlsx,0411-0044,45964-86,
wps_merged_xlsx,820-52372,45964-86,HardDrive
oldbook_merged_xlsx,0411-0144,45964-86,
fatbook_merged_xlsx,0411-0144,45964-86,
oldbook_merged_xlsx,DS-222898,45964-86,
fatbook_merged_xlsx,DS-222898,45964-86,
oldbook_merged_xlsx,DS-222911,45964-86,
fatbook_merged_xlsx,DS-222911,45964-86,
wps_merged_xlsx,820-52373,45964-89,HardDrive
wps_merged_xlsx,681-5682,45968-59,James Gaskets
oldbook_merged_xlsx,DS-174463,45975-71,
wps_merged_xlsx,681-5681,45975-71,James Gaskets
oldbook_merged_xlsx,DS-174464,45982-73,
wps_merged_xlsx,681-5015,45982-73,James Gaskets
wps_merged_xlsx,820-50308,45983-73,HardDrive
oldbook_merged_xlsx,DS-174465,45984-87,
fatbook_merged_xlsx,DS-174465,45984-87,
wps_merged_xlsx,681-4725,45984-87,James Gaskets
wps_merged_xlsx,681-5018,45986-73,James Gaskets
fatbook_merged_xlsx,1131-0278,45992-03,
wps_merged_xlsx,681-5016,45992-73,James Gaskets
oldbook_merged_xlsx,DS-222785,45993-73,
fatbook_merged_xlsx,DS-222785,45993-73,
wps_merged_xlsx,830-1199,45996-87,Colony
oldbook_merged_xlsx,DS-189814,45998-73,
fatbook_merged_xlsx,DS-189814,45998-73,
wps_merged_xlsx,820-50304,46001-54,HardDrive
oldbook_merged_xlsx,DS-219995,46002-87,
fatbook_merged_xlsx,DS-219995,46002-87,
fatbook_merged_xlsx,1741-0872,46011-01,
fatbook_merged_xlsx,1741-2538,46011-01,
oldbook_merged_xlsx,0405-0326,46051-49A,
fatbook_merged_xlsx,0404-0315,46080-01,
fatbook_merged_xlsx,0404-0675,46080-01,
oldbook_merged_xlsx,DS-174467,46111-48,
wps_merged_xlsx,681-5022,46111-48,James Gaskets
wps_merged_xlsx,681-5023,46125-48,James Gaskets
wps_merged_xlsx,681-4339,46175-00,James Gaskets
fatbook_merged_xlsx,0613-0189,46243-01,
fatbook_merged_xlsx,1720-0064,46271-06,
fatbook_merged_xlsx,1721-0657,46271-06,
fatbook_merged_xlsx,1721-2484,46271-06,
fatbook_merged_xlsx,1720-0217,46363-11,
fatbook_merged_xlsx,1720-0304,46363-11,
fatbook_merged_xlsx,1721-0811,46363-11,
fatbook_merged_xlsx,1721-0931,46363-11,
fatbook_merged_xlsx,1721-1434,46363-11,
fatbook_merged_xlsx,1721-1776,46363-11,
fatbook_merged_xlsx,1721-2485,46363-11,
fatbook_merged_xlsx,1721-3487,46363-11,
fatbook_merged_xlsx,1722-0767,46363-11,
fatbook_merged_xlsx,1741-4746,46400-04C,
fatbook_merged_xlsx,1741-4752,46400-04C,
fatbook_merged_xlsx,1741-4753,46400-04C,
fatbook_merged_xlsx,1741-4754,46400-04C,
fatbook_merged_xlsx,1741-4755,46400-04C,
fatbook_merged_xlsx,1741-5544,46400-04C,
fatbook_merged_xlsx,1741-5547,46400-04C,
fatbook_merged_xlsx,1741-5551,46400-04C,
fatbook_merged_xlsx,1741-5552,46400-04C,
fatbook_merged_xlsx,1741-4752,46417-10A,
fatbook_merged_xlsx,1741-4753,46417-10A,
fatbook_merged_xlsx,1741-4754,46417-10A,
fatbook_merged_xlsx,1741-4755,46417-10A,
fatbook_merged_xlsx,1741-5551,46417-10A,
fatbook_merged_xlsx,1741-5552,46417-10A,
fatbook_merged_xlsx,1741-4746,46449-04C,
fatbook_merged_xlsx,1741-5544,46449-04C,
fatbook_merged_xlsx,1741-5547,46449-04C,
fatbook_merged_xlsx,1731-0541,46457-05B,
fatbook_merged_xlsx,1731-0190,46463-08,
oldbook_merged_xlsx,DS-194201,46489-75,
wps_merged_xlsx,681-4334,46508-01,James Gaskets
oldbook_merged_xlsx,0407-0670,46512-01,
fatbook_merged_xlsx,0407-0190,46512-01,
wps_merged_xlsx,681-4337,46512-01,James Gaskets
fatbook_merged_xlsx,0407-0670,46512-01,
fatbook_merged_xlsx,0407-0604,46512-01A,
wps_merged_xlsx,681-4340,46513-01,James Gaskets
fatbook_merged_xlsx,0935-0133,46513-01A,
oldbook_merged_xlsx,0407-0669,46514-01,
wps_merged_xlsx,681-4338,46514-01,James Gaskets
fatbook_merged_xlsx,0407-0191,46514-01A,
fatbook_merged_xlsx,0407-0192,46514-01A,
fatbook_merged_xlsx,0407-0669,46514-01A,
fatbook_merged_xlsx,0407-0044,46514-01A,
fatbook_merged_xlsx,0407-0579,46514-01A,
fatbook_merged_xlsx,7261,46514-01A,
fatbook_merged_xlsx,0404-0306,46515-01,
wps_merged_xlsx,681-4335,46515-01,James Gaskets
fatbook_merged_xlsx,0404-0674,46515-01,
fatbook_merged_xlsx,0404-0314,46516-01,
fatbook_merged_xlsx,0404-0034,46605-06,
wps_merged_xlsx,820-52309,46605-06,HardDrive
fatbook_merged_xlsx,0404-0338,46605-06,
fatbook_merged_xlsx,0404-0539,46605-06,
fatbook_merged_xlsx,0404-0541,46605-06,
fatbook_merged_xlsx,0404-0543,46605-06,
fatbook_merged_xlsx,0404-0552,46605-06,
fatbook_merged_xlsx,2404-0547,46614-06,
fatbook_merged_xlsx,0419-0002,46615-06,
wps_merged_xlsx,681-4336,46615-06,James Gaskets
fatbook_merged_xlsx,0926-3300,46615-06,
fatbook_merged_xlsx,0404-0035,46617-06,
wps_merged_xlsx,820-52310,46617-06,HardDrive
fatbook_merged_xlsx,0404-0339,46617-06,
fatbook_merged_xlsx,0404-0540,46617-06,
fatbook_merged_xlsx,0404-0542,46617-06,
fatbook_merged_xlsx,0404-0553,46617-06,
fatbook_merged_xlsx,1741-4752,46680-11,
fatbook_merged_xlsx,1741-4753,46680-11,
fatbook_merged_xlsx,1741-4754,46680-11,
fatbook_merged_xlsx,1741-4755,46680-11,
fatbook_merged_xlsx,1741-5551,46680-11,
fatbook_merged_xlsx,1741-5552,46680-11,
fatbook_merged_xlsx,1710-3157,46717-10,
fatbook_merged_xlsx,1710-3158,46717-10,
fatbook_merged_xlsx,1721-1368,46721-06,
fatbook_merged_xlsx,1721-1427,46721-06,
fatbook_merged_xlsx,1721-2452,46721-06,
fatbook_merged_xlsx,1721-3500,46721-06,
fatbook_merged_xlsx,1722-0159,46721-06,
fatbook_merged_xlsx,1722-0760,46721-06,
fatbook_merged_xlsx,1722-0761,46721-06,
fatbook_merged_xlsx,1720-0216,46721-06,
fatbook_merged_xlsx,1721-0745,46721-06,
oldbook_merged_xlsx,0502-0194,47082-81,
fatbook_merged_xlsx,0502-0194,47082-81,
oldbook_merged_xlsx,1913-3004,47094-58,
vtwin_merged_xlsx,10-2497,47094-58,
oldbook_merged_xlsx,DS-253484,47116-77,
oldbook_merged_xlsx,DS-253484,47117-77,
oldbook_merged_xlsx,DS-243601,47159-79T,
fatbook_merged_xlsx,DS-243601,47159-79T,
oldbook_merged_xlsx,0933-0105,47226-90A,
fatbook_merged_xlsx,0933-0105,47226-90A,
oldbook_merged_xlsx,0933-0105,47226-93,
fatbook_merged_xlsx,0933-0105,47226-93,
oldbook_merged_xlsx,0933-0105,47226-99,
fatbook_merged_xlsx,0933-0105,47226-99,
fatbook_merged_xlsx,DS-190123,4729,
oldbook_merged_xlsx,2401-0491,4730-30A,
fatbook_merged_xlsx,2401-0491,4730-30A,
oldbook_merged_xlsx,1302-0304,47492-89A,
fatbook_merged_xlsx,1302-0304,47492-89A,
oldbook_merged_xlsx,1302-0293,47510-58,
oldbook_merged_xlsx,1302-0294,47511-52,
oldbook_merged_xlsx,1302-0297,47512-74,
oldbook_merged_xlsx,1302-0250,47513-58,
oldbook_merged_xlsx,1302-0298,47514-52,
oldbook_merged_xlsx,1302-0299,47514-74,
oldbook_merged_xlsx,DS-195400,47517-58,
oldbook_merged_xlsx,1302-0302,47518-52,
oldbook_merged_xlsx,1302-0295,47519-52,
oldbook_merged_xlsx,0935-0096,47519-58,
wps_merged_xlsx,681-5025,47519-58,James Gaskets
oldbook_merged_xlsx,DS-173428,47519-58,
oldbook_merged_xlsx,DS-194463,47519-58,
oldbook_merged_xlsx,DS-194459,47519-72,
wps_merged_xlsx,681-5680,47519-72,James Gaskets
oldbook_merged_xlsx,0935-0097,47519-72,
wps_merged_xlsx,681-5679,47519-72,James Gaskets
wps_merged_xlsx,22-51001,47519-72,All Balls Racing
oldbook_merged_xlsx,DS-173427,47519-83,
fatbook_merged_xlsx,DS-173427,47519-83,
oldbook_merged_xlsx,DS-194463,47519-83A,
fatbook_merged_xlsx,DS-194463,47519-83A,
wps_merged_xlsx,681-4712,47519-83A,James Gaskets
oldbook_merged_xlsx,0935-0098,47519-83A,
wps_merged_xlsx,681-4713,47519-83A,James Gaskets
wps_merged_xlsx,681-5685,47519-83A,James Gaskets
wps_merged_xlsx,22-51002,47519-83A,All Balls Racing
oldbook_merged_xlsx,0502-0196,47521-74,
oldbook_merged_xlsx,1302-0251,47525-52,
oldbook_merged_xlsx,1302-0633,47538-79,
fatbook_merged_xlsx,1302-0633,47538-79,
oldbook_merged_xlsx,DS-193710,47554-73,
fatbook_merged_xlsx,DS-193710,47554-73,
oldbook_merged_xlsx,DS-195063,47554-73,
fatbook_merged_xlsx,DS-195063,47554-73,
oldbook_merged_xlsx,1302-0633,47556-81,
fatbook_merged_xlsx,1302-0633,47556-81,
oldbook_merged_xlsx,0933-0053,47564-86B,
fatbook_merged_xlsx,0933-0053,47564-86B,
oldbook_merged_xlsx,0933-0102,47564-90,
fatbook_merged_xlsx,0933-0103,47564-99,
fatbook_merged_xlsx,0214-0589,47577-00,
wps_merged_xlsx,820-52351,47577-00,HardDrive
oldbook_merged_xlsx,2401-0194,47577-86,
oldbook_merged_xlsx,DS-190020,47577-86,
oldbook_merged_xlsx,DS-195085,47577-86,
oldbook_merged_xlsx,DS-190020,47577-94,
oldbook_merged_xlsx,DS-195085,47577-94,
fatbook_merged_xlsx,2401-0109,47579-00,
oldbook_merged_xlsx,DS-190136,47579-86,
vtwin_merged_xlsx,10-1288,47583-36,
oldbook_merged_xlsx,0933-0101,47583-90A/B,
fatbook_merged_xlsx,0933-0101,47583-90B,
fatbook_merged_xlsx,0933-0134,47584-09,
fatbook_merged_xlsx,0309-2250,47610-00,
fatbook_merged_xlsx,1302-0693,47610-08,
oldbook_merged_xlsx,DS-243621,47698-86B,
vtwin_merged_xlsx,10-0741,47755-31,
vtwin_merged_xlsx,10-2505,47757-52,
oldbook_merged_xlsx,1510-0316,48035-09,
fatbook_merged_xlsx,1510-0316,48035-09,
fatbook_merged_xlsx,0309-2250,48048-00,
fatbook_merged_xlsx,0309-2250,48049-00,
fatbook_merged_xlsx,2106-0576,48154-05A,
oldbook_merged_xlsx,1510-0314,48220-10,
fatbook_merged_xlsx,1510-0314,48220-10,
fatbook_merged_xlsx,1510-0319,48221-10,
oldbook_merged_xlsx,1510-0315,48223-10,
fatbook_merged_xlsx,1510-0315,48223-10,
oldbook_merged_xlsx,1510-0317,48225-10,
fatbook_merged_xlsx,1510-0317,48225-10,
oldbook_merged_xlsx,22-1032,48300-60,
fatbook_merged_xlsx,22-1032,48300-60,
oldbook_merged_xlsx,0410-0091,48300-60,
fatbook_merged_xlsx,0410-0091,48300-60,
oldbook_merged_xlsx,0410-0267,48300-60,
fatbook_merged_xlsx,0410-0267,48300-60,
oldbook_merged_xlsx,DS-222855,48300-60,
fatbook_merged_xlsx,DS-222855,48300-60,
fatbook_merged_xlsx,0410-0324,48307-06,
oldbook_merged_xlsx,22-1032,48315-60,
fatbook_merged_xlsx,22-1032,48315-60,
oldbook_merged_xlsx,0410-0225,48315-60,
fatbook_merged_xlsx,0410-0225,48315-60,
oldbook_merged_xlsx,0410-0267,48315-60,
fatbook_merged_xlsx,0410-0267,48315-60,
oldbook_merged_xlsx,DS-222860,48315-60,
fatbook_merged_xlsx,DS-222860,48315-60,
fatbook_merged_xlsx,0410-0325,48324-00,
fatbook_merged_xlsx,DS-222776,48330-48A,
oldbook_merged_xlsx,DS-222776,48330-48A/B/C,
oldbook_merged_xlsx,DS-222777,48332-48A/B/C,
fatbook_merged_xlsx,DS-222777,48332-48A/B/C,
wps_merged_xlsx,830-1168,48332-48B,Colony
oldbook_merged_xlsx,DS-222961,48361-80,
fatbook_merged_xlsx,DS-222961,48361-80,
fatbook_merged_xlsx,DS-222961,48365-48A,
oldbook_merged_xlsx,DS-222961,48365-48A/B/C,
fatbook_merged_xlsx,0933-0054,48463-04,
fatbook_merged_xlsx,0933-0055,48492-04,
wps_merged_xlsx,820-52313,48745-08,HardDrive
fatbook_merged_xlsx,1702-0708,4890,
fatbook_merged_xlsx,1741-4873,48980-10,
fatbook_merged_xlsx,1741-4879,48980-10,
fatbook_merged_xlsx,1741-5515,48980-10,
fatbook_merged_xlsx,1741-5517,48980-10,
fatbook_merged_xlsx,0530-1685,49000191,
oldbook_merged_xlsx,DS-190027,49016-72C,
oldbook_merged_xlsx,DS-190026,49040-79,
oldbook_merged_xlsx,DS-190028,49137-67B,
fatbook_merged_xlsx,1620-2507,49165-02,
fatbook_merged_xlsx,1620-2507,49178-02,
fatbook_merged_xlsx,3501-0602,49194-85,
fatbook_merged_xlsx,3501-1973,49194-85,
fatbook_merged_xlsx,3501-0603,49206-04,
fatbook_merged_xlsx,3501-1974,49206-04,
fatbook_merged_xlsx,3501-0612,49206-09A,
fatbook_merged_xlsx,3501-0603,49207-04,
fatbook_merged_xlsx,3501-1974,49207-04,
fatbook_merged_xlsx,1620-0759,49249-06,
fatbook_merged_xlsx,1621-0726,49279-06,
fatbook_merged_xlsx,1621-0727,49349-07,
oldbook_merged_xlsx,0510-0194,49704-90B,
fatbook_merged_xlsx,0510-0194,49704-90B,
oldbook_merged_xlsx,0510-0212,49704-90B,
fatbook_merged_xlsx,0510-0212,49704-90B,
fatbook_merged_xlsx,0510-0181,49704-90F/G,
fatbook_merged_xlsx,0510-0210,49704-90F/G,
fatbook_merged_xlsx,0510-0184,49725-07,
fatbook_merged_xlsx,0510-0302,49725-07,
fatbook_merged_xlsx,0510-0659,49725-07A,
fatbook_merged_xlsx,0510-0660,49725-07A,
fatbook_merged_xlsx,0510-0268,50000025BHP,
fatbook_merged_xlsx,0510-0281,50000025BHP,
fatbook_merged_xlsx,0510-0520,50000146,
fatbook_merged_xlsx,0510-0522,50000146,
fatbook_merged_xlsx,0510-0216,50000149,
fatbook_merged_xlsx,0510-0524,50000152,
fatbook_merged_xlsx,0510-0526,50000152,
fatbook_merged_xlsx,0510-0532,50000156,
fatbook_merged_xlsx,0510-0534,50000156,
fatbook_merged_xlsx,0510-0528,50000185,
fatbook_merged_xlsx,0510-0530,50000185,
fatbook_merged_xlsx,0510-0297,50005-85A,
fatbook_merged_xlsx,DS-233678,50005-85A,
fatbook_merged_xlsx,0510-0260,50006-89,
fatbook_merged_xlsx,0510-0262,50006-89,
oldbook_merged_xlsx,DS-240201,50014-74,
oldbook_merged_xlsx,DS-240004,50018-85,
oldbook_merged_xlsx,DS-240212,50018-85,
oldbook_merged_xlsx,DS-240210,50028-74,
oldbook_merged_xlsx,DS-240205,50028-74A,
oldbook_merged_xlsx,DS-240043,50031-84A,
oldbook_merged_xlsx,DS-240205,50036-36,
oldbook_merged_xlsx,DS-233676,50041-80A,
fatbook_merged_xlsx,0510-0206,50054-01,
oldbook_merged_xlsx,0510-0335,50054-90,
fatbook_merged_xlsx,0510-0335,50054-90,
oldbook_merged_xlsx,DS-240015,50055-90,
fatbook_merged_xlsx,DS-240015,50055-90,
fatbook_merged_xlsx,0510-0182,50057-02,
fatbook_merged_xlsx,0510-0300,50057-02,
fatbook_merged_xlsx,0510-0183,50057-91,
fatbook_merged_xlsx,0510-0301,50057-91,
oldbook_merged_xlsx,0510-0334,50059-85,
fatbook_merged_xlsx,0510-0334,50059-85,
oldbook_merged_xlsx,DS-240044,50061-36E,
fatbook_merged_xlsx,DS-240003,50072-92,
fatbook_merged_xlsx,0510-0179,50075-07A,
oldbook_merged_xlsx,0510-0270,50075-83,
fatbook_merged_xlsx,0510-0270,50075-83,
oldbook_merged_xlsx,0510-0395,50075-83,
fatbook_merged_xlsx,0510-0395,50075-83,
oldbook_merged_xlsx,0510-0270,50075-91A,
fatbook_merged_xlsx,0510-0270,50075-91A,
oldbook_merged_xlsx,0510-0395,50075-91A,
fatbook_merged_xlsx,0510-0180,50087-07,
oldbook_merged_xlsx,DS-240055,50087-89A,
wps_merged_xlsx,681-4639,50100-70,James Gaskets
fatbook_merged_xlsx,0510-0303,50112-99,
fatbook_merged_xlsx,0510-0268,50185-04A/B/C,
fatbook_merged_xlsx,0510-0281,50185-04A/B/C,
fatbook_merged_xlsx,1620-0705,50203-04,
fatbook_merged_xlsx,1620-0760,50210-06,
fatbook_merged_xlsx,0510-0223,50245-07,
fatbook_merged_xlsx,0510-0207,50245-99A,
oldbook_merged_xlsx,1510-1076,50300054A,
fatbook_merged_xlsx,1510-1076,50300054A,
oldbook_merged_xlsx,3515-0232,50300054A,
fatbook_merged_xlsx,3515-0232,50300054A,
oldbook_merged_xlsx,1510-1076,50300058A,
fatbook_merged_xlsx,3515-0232,50300058A,
oldbook_merged_xlsx,3515-0232,50300058A,
fatbook_merged_xlsx,3515-0264,50300133,
fatbook_merged_xlsx,1621-0513,50459-06,
fatbook_merged_xlsx,1621-0512,50460-06,
oldbook_merged_xlsx,1621-0393,50500042,
fatbook_merged_xlsx,1621-0393,50500042,
wps_merged_xlsx,820-55261,50500167,HardDrive
wps_merged_xlsx,820-55263,50500168,HardDrive
fatbook_merged_xlsx,1620-1318,50500270,
fatbook_merged_xlsx,1621-0785,50500403A,
fatbook_merged_xlsx,1620-1843,50500628,
fatbook_merged_xlsx,1621-0857,50500629,
fatbook_merged_xlsx,1622-0571,50500693,
fatbook_merged_xlsx,1621-1052,50500695,
fatbook_merged_xlsx,1620-1785,50500769,
fatbook_merged_xlsx,1620-1784,50500771,
wps_merged_xlsx,820-0537,50500837,HardDrive
fatbook_merged_xlsx,1621-1002,50501113,
fatbook_merged_xlsx,1621-1007,50501118,
fatbook_merged_xlsx,1620-1844,50501135,
fatbook_merged_xlsx,1622-0572,50501640,
fatbook_merged_xlsx,1621-1003,5051114,
fatbook_merged_xlsx,1621-1005,5051117,
wps_merged_xlsx,820-51101,50599-89T,HardDrive
fatbook_merged_xlsx,1610-0692,50600067,
fatbook_merged_xlsx,1610-0693,50600244,
oldbook_merged_xlsx,DS-254400,50603-40,
oldbook_merged_xlsx,DS-254410,50603-74A,
fatbook_merged_xlsx,1621-0464,50606-06,
oldbook_merged_xlsx,1621-0465,50606-86A,
fatbook_merged_xlsx,1621-0465,50606-86A,
oldbook_merged_xlsx,DS-252990,50610-86T,
fatbook_merged_xlsx,DS-252990,50610-86T,
oldbook_merged_xlsx,1621-0462,50614-06,
fatbook_merged_xlsx,1621-0462,50614-06,
oldbook_merged_xlsx,DS-254401,50614-40,
fatbook_merged_xlsx,DS-254401,50614-40,
oldbook_merged_xlsx,DS-254409,50614-66,
oldbook_merged_xlsx,DS-254402,50614-91,
fatbook_merged_xlsx,DS-254402,50614-91,
oldbook_merged_xlsx,DS-254402,5061491,
oldbook_merged_xlsx,DS-253006,50620-74,
oldbook_merged_xlsx,DS-254411,50621-79A,
fatbook_merged_xlsx,DS-254411,50621-79A,
wps_merged_xlsx,820-51100,50621-79A,HardDrive
wps_merged_xlsx,820-51102,50631-04,HardDrive
oldbook_merged_xlsx,2401-0850,50635-82,
fatbook_merged_xlsx,2401-0850,50635-82,
oldbook_merged_xlsx,DS-241061,50646-82,
fatbook_merged_xlsx,2401-0850,50674-05,
wps_merged_xlsx,820-55600,50700008,HardDrive
fatbook_merged_xlsx,1622-0574,50700060,
fatbook_merged_xlsx,1622-0573,50700061,
oldbook_merged_xlsx,1621-0395,50789-99B,
fatbook_merged_xlsx,1621-0395,50789-99B,
wps_merged_xlsx,820-55260,50829-07A,HardDrive
wps_merged_xlsx,820-55262,50830-07A,HardDrive
oldbook_merged_xlsx,DS-253483,50900-72,
fatbook_merged_xlsx,DS-253483,50900-72,
oldbook_merged_xlsx,DS-253005,50912-72,
fatbook_merged_xlsx,DS-253005,50912-72,
oldbook_merged_xlsx,1621-0461,50933-86,
fatbook_merged_xlsx,1621-0461,50933-86,
oldbook_merged_xlsx,DS-241065,50939-52,
fatbook_merged_xlsx,DS-241065,50939-52,
oldbook_merged_xlsx,DS-241060,50940-52,
fatbook_merged_xlsx,DS-241060,50940-52,
oldbook_merged_xlsx,1611-2123,50957-02,
fatbook_merged_xlsx,1611-2123,50957-02,
oldbook_merged_xlsx,DS-530613,50989-86,
oldbook_merged_xlsx,DS-530614,50990-86B,
fatbook_merged_xlsx,0214-1977,510,
oldbook_merged_xlsx,DS190149,511,
fatbook_merged_xlsx,DS190149,511,
oldbook_merged_xlsx,1610-0471,515,
wps_merged_xlsx,820-50879,51590-96,HardDrive
oldbook_merged_xlsx,2401-0531,51674-25,
vtwin_merged_xlsx,10-2500,51925-37,
vtwin_merged_xlsx,10-2501,51925-65,
vtwin_merged_xlsx,10-2564,51952-52,
fatbook_merged_xlsx,2404-0545,5207,
fatbook_merged_xlsx,2404-0543,5210,
vtwin_merged_xlsx,10-2563,52105-52,
oldbook_merged_xlsx,DS-490017,52107-86,
fatbook_merged_xlsx,DS-490017,52107-86,
wps_merged_xlsx,820-2254,52300376,HardDrive
wps_merged_xlsx,820-2253,52300378,HardDrive
wps_merged_xlsx,820-2255,52300379,HardDrive
fatbook_merged_xlsx,1505-0006,52400090,
fatbook_merged_xlsx,1620-2505,52740-02,
oldbook_merged_xlsx,3515-0230,53000063,
fatbook_merged_xlsx,3515-0230,53000063,
oldbook_merged_xlsx,3515-0231,53000063,
fatbook_merged_xlsx,3515-0231,53000063,
oldbook_merged_xlsx,3515-0235,53000063,
fatbook_merged_xlsx,3515-0235,53000063,
oldbook_merged_xlsx,1510-1077,5300063,
fatbook_merged_xlsx,1510-1077,5300063,
fatbook_merged_xlsx,1510-1112,53000834,
oldbook_merged_xlsx,1621-0392,53070-00A,
fatbook_merged_xlsx,1621-0392,53070-00A,
oldbook_merged_xlsx,1501-0404,53123-96,
fatbook_merged_xlsx,1501-0404,53123-96,
oldbook_merged_xlsx,0602-0067,53156-86,
fatbook_merged_xlsx,0602-0067,53156-86,
fatbook_merged_xlsx,0510-0336,53176-08,
fatbook_merged_xlsx,0651-0171,53237-99A,
fatbook_merged_xlsx,0651-0181,53237-99A,
oldbook_merged_xlsx,0651-0154,53355-92,
fatbook_merged_xlsx,0650-0289,53400-96,
fatbook_merged_xlsx,0650-0326,53400-96,
fatbook_merged_xlsx,3516-0225,53415-06,
wps_merged_xlsx,820-0389,53437-79A,HardDrive
wps_merged_xlsx,820-0390,53437-79A,HardDrive
oldbook_merged_xlsx,1510-1078,53665-87,
fatbook_merged_xlsx,1510-0163,53665-87,
oldbook_merged_xlsx,3515-0231,53665-87,
fatbook_merged_xlsx,1510-1078,53665-87,
oldbook_merged_xlsx,3515-0235,53665-87,
fatbook_merged_xlsx,3515-0231,53665-87,
fatbook_merged_xlsx,3515-0235,53665-87,
oldbook_merged_xlsx,1501-0486,53683-96,
fatbook_merged_xlsx,1501-0486,53683-96,
oldbook_merged_xlsx,1501-0487,53684-96A,
fatbook_merged_xlsx,1501-0487,53684-96A,
oldbook_merged_xlsx,1501-0488,53685-96,
fatbook_merged_xlsx,1501-0488,53685-96,
fatbook_merged_xlsx,1501-0489,53697-06,
oldbook_merged_xlsx,2106-0407,53710-93,
fatbook_merged_xlsx,3501-0867,53710-93,
oldbook_merged_xlsx,3501-0867,53710-93,
fatbook_merged_xlsx,3501-1083,53710-93,
oldbook_merged_xlsx,3501-1083,53710-93,
fatbook_merged_xlsx,2020-0412,53820-00,
fatbook_merged_xlsx,2020-0411,53859-02A,
fatbook_merged_xlsx,1501-0490,53942-04,
fatbook_merged_xlsx,1501-0491,53943-04,
fatbook_merged_xlsx,2020-0410,53959-06,
fatbook_merged_xlsx,1501-0507,53967-06,
fatbook_merged_xlsx,DS-181201,5444,
oldbook_merged_xlsx,DS-310176,54515-56B,
oldbook_merged_xlsx,DS-310181,54515-67,
oldbook_merged_xlsx,DS-310182,54515-73,
oldbook_merged_xlsx,DS-310177,54515-75,
oldbook_merged_xlsx,DS-310178,54516-72,
oldbook_merged_xlsx,1313-0049,54517-58,
oldbook_merged_xlsx,1313-0050,54517-65,
oldbook_merged_xlsx,DS-310185,54517-67,
oldbook_merged_xlsx,DS-310186,54543-65,
oldbook_merged_xlsx,DS-310188,54543-65,
oldbook_merged_xlsx,DS-310187,54544-65,
oldbook_merged_xlsx,DS-310040,54704-52,
oldbook_merged_xlsx,DS-310011,54704-65,
oldbook_merged_xlsx,DS-310040,54705-52,
oldbook_merged_xlsx,DS-310012,54707-88A,
fatbook_merged_xlsx,0650-0605,55785-11,
fatbook_merged_xlsx,0650-1392,55785-11,
fatbook_merged_xlsx,0650-1775,55785-11,
fatbook_merged_xlsx,0651-0373,55786-11,
fatbook_merged_xlsx,0651-0720,55786-11,
fatbook_merged_xlsx,0651-0915,55786-11,
oldbook_merged_xlsx,0601-0814,55919-82,
oldbook_merged_xlsx,0601-0818,55933-97,
wps_merged_xlsx,820-0828,56000039,HardDrive
wps_merged_xlsx,820-0829,56000042,HardDrive
fatbook_merged_xlsx,1803-3306,56033-00,
oldbook_merged_xlsx,1803-7506,56057-00,
fatbook_merged_xlsx,1803-7506,56057-00,
oldbook_merged_xlsx,DS-272333,56073-83,
fatbook_merged_xlsx,DS-272333,56073-83,
oldbook_merged_xlsx,0601-0802,56081-82,
oldbook_merged_xlsx,0601-0815,56082-83,
fatbook_merged_xlsx,0650-0002,56100056,
fatbook_merged_xlsx,0650-0740,56100056,
oldbook_merged_xlsx,0104,56104-94,
fatbook_merged_xlsx,0104,56104-94,
oldbook_merged_xlsx,DS-222054,56105-84,
oldbook_merged_xlsx,DS-222053,56137-84A,
oldbook_merged_xlsx,DS-222055,56153-73,
oldbook_merged_xlsx,DS-290575,56158-49,
oldbook_merged_xlsx,0602-0067,56158-73,
fatbook_merged_xlsx,0602-0067,56158-73,
oldbook_merged_xlsx,DS-222054,56158-73,
oldbook_merged_xlsx,DS-222055,56158-73,
oldbook_merged_xlsx,DS-222053,56159-73,
oldbook_merged_xlsx,DS-222054,56159-73,
oldbook_merged_xlsx,DS-222055,56159-73,
oldbook_merged_xlsx,DS-222053,56161-83A,
fatbook_merged_xlsx,DS-290573,56161-83A,
oldbook_merged_xlsx,DS-290573,56161-83A,
oldbook_merged_xlsx,DS-223955,56208-03,
fatbook_merged_xlsx,0650-0002,56208-03,
fatbook_merged_xlsx,DS-223955,56208-03,
oldbook_merged_xlsx,0632-0599,56216-53,
oldbook_merged_xlsx,0632-0545,56220-81B,
oldbook_merged_xlsx,DS-243128,56220-81B,
wps_merged_xlsx,70-6362,56237-99,Motion Pro
wps_merged_xlsx,70-660362,56237-99,Motion Pro
oldbook_merged_xlsx,0651-0171,56237-99A,
fatbook_merged_xlsx,DS-223544,56237-99A,
oldbook_merged_xlsx,0651-0181,56237-99A,
fatbook_merged_xlsx,0651-0010,56237-99A,
fatbook_merged_xlsx,0651-0171,56237-99A,
fatbook_merged_xlsx,0651-0181,56237-99A,
fatbook_merged_xlsx,0651-0364,56237-99A,
fatbook_merged_xlsx,0651-0404,56237-99A,
fatbook_merged_xlsx,0651-0422,56237-99A,
fatbook_merged_xlsx,0651-0905,56237-99A,
oldbook_merged_xlsx,2401-0465,56276-31,
oldbook_merged_xlsx,2401-0466,56276-31,
oldbook_merged_xlsx,2401-0465,56278-10,
oldbook_merged_xlsx,2401-0466,56278-10,
oldbook_merged_xlsx,2401-0465,56283-31,
fatbook_merged_xlsx,0650-0300,56293-03,
fatbook_merged_xlsx,0650-0337,56293-03,
fatbook_merged_xlsx,0651-0172,56293-03,
fatbook_merged_xlsx,0651-0182,56293-03,
fatbook_merged_xlsx,0651-0187,56293-03,
wps_merged_xlsx,70-6055,56302-74,Motion Pro
wps_merged_xlsx,70-6151,56305-88,Motion Pro
wps_merged_xlsx,70-660186,56305-88,Motion Pro
oldbook_merged_xlsx,0651-0119,56305-90,
wps_merged_xlsx,70-6246,56305-90,Motion Pro
oldbook_merged_xlsx,0651-0156,56305-90,
wps_merged_xlsx,70-660265,56305-90,Motion Pro
oldbook_merged_xlsx,DS-3410,56305-90,
oldbook_merged_xlsx,0651-0102,56305-96,
fatbook_merged_xlsx,0651-0102,56305-96,
wps_merged_xlsx,70-62971,56305-96,Motion Pro
oldbook_merged_xlsx,0651-0139,56305-96,
fatbook_merged_xlsx,0651-0139,56305-96,
wps_merged_xlsx,70-660299,56305-96,Motion Pro
oldbook_merged_xlsx,0651-0397,56305-96,
fatbook_merged_xlsx,0651-0397,56305-96,
oldbook_merged_xlsx,DS-3420,56305-96,
fatbook_merged_xlsx,DS-3420,56305-96,
wps_merged_xlsx,70-6150,56306-88,Motion Pro
wps_merged_xlsx,70-660182,56306-88,Motion Pro
oldbook_merged_xlsx,0650-0318,56306-90,
wps_merged_xlsx,70-6245,56306-90,Motion Pro
oldbook_merged_xlsx,0650-0355,56306-90,
wps_merged_xlsx,70-660264,56306-90,Motion Pro
oldbook_merged_xlsx,DS-3310,56306-90,
oldbook_merged_xlsx,DS-223897,56306-90,
oldbook_merged_xlsx,0650-0294,56306-96,
fatbook_merged_xlsx,0650-0294,56306-96,
wps_merged_xlsx,70-62961,56306-96,Motion Pro
oldbook_merged_xlsx,0650-0331,56306-96,
fatbook_merged_xlsx,0650-0331,56306-96,
wps_merged_xlsx,70-660298,56306-96,Motion Pro
oldbook_merged_xlsx,0650-0701,56306-96,
fatbook_merged_xlsx,0650-0701,56306-96,
oldbook_merged_xlsx,DS-3320,56306-96,
fatbook_merged_xlsx,DS-3320,56306-96,
oldbook_merged_xlsx,DS-224014,56306-96,
fatbook_merged_xlsx,DS-224014,56306-96,
fatbook_merged_xlsx,0650-0351,56308-86,
wps_merged_xlsx,70-6092,56308-86,Motion Pro
fatbook_merged_xlsx,0650-0310,56308-88,
wps_merged_xlsx,70-6138,56308-88,Motion Pro
fatbook_merged_xlsx,0650-0347,56308-88,
wps_merged_xlsx,70-660181,56308-88,Motion Pro
fatbook_merged_xlsx,0651-0114,56308-88,
fatbook_merged_xlsx,0651-0151,56308-88,
fatbook_merged_xlsx,DS-3304,56308-88,
fatbook_merged_xlsx,DS-223872,56308-88,
fatbook_merged_xlsx,DS-224033,56308-88,
fatbook_merged_xlsx,0650-0291,56308-96,
wps_merged_xlsx,70-6282,56308-96,Motion Pro
fatbook_merged_xlsx,0650-0328,56308-96,
wps_merged_xlsx,70-660283,56308-96,Motion Pro
fatbook_merged_xlsx,DS-3314,56308-96,
fatbook_merged_xlsx,0651-0153,56309-86,
wps_merged_xlsx,70-6090,56309-86,Motion Pro
fatbook_merged_xlsx,0651-0114,56309-88,
wps_merged_xlsx,70-6139,56309-88,Motion Pro
fatbook_merged_xlsx,0651-0151,56309-88,
wps_merged_xlsx,70-660185,56309-88,Motion Pro
fatbook_merged_xlsx,DS-3404,56309-88,
fatbook_merged_xlsx,DS-223905,56309-88,
fatbook_merged_xlsx,DS-224039,56309-88,
fatbook_merged_xlsx,0651-0098,56309-96,
wps_merged_xlsx,70-6284,56309-96,Motion Pro
fatbook_merged_xlsx,0651-0135,56309-96,
fatbook_merged_xlsx,0651-0392,56309-96,
fatbook_merged_xlsx,DS-3413,56309-96,
fatbook_merged_xlsx,DS-3414,56309-96,
fatbook_merged_xlsx,DS223407,56309-96,
oldbook_merged_xlsx,0650-0309,56313-76,
wps_merged_xlsx,70-6031,56313-76,Motion Pro
oldbook_merged_xlsx,0650-0346,56313-76,
oldbook_merged_xlsx,DS-3303,56313-76,
oldbook_merged_xlsx,DS-223878,56313-76,
oldbook_merged_xlsx,DS-224043,56313-76,
wps_merged_xlsx,70-6055,56314-78,Motion Pro
wps_merged_xlsx,70-6097,56316-80,Motion Pro
oldbook_merged_xlsx,0650-0595,56323-01,
fatbook_merged_xlsx,0650-0595,56323-01,
oldbook_merged_xlsx,0651-0324,56323-81A/B/C,
oldbook_merged_xlsx,DS-223901,56323-81A/B/C,
oldbook_merged_xlsx,0651-0118,56323-81A/B/C,
oldbook_merged_xlsx,0651-0155,56323-81A/B/C,
oldbook_merged_xlsx,DS-3401,56323-81A/B/C,
oldbook_merged_xlsx,DS-223985,56323-81A/B/C,
wps_merged_xlsx,70-6007,56323-81C,Motion Pro
wps_merged_xlsx,70-660068,56323-81C,Motion Pro
oldbook_merged_xlsx,0651-0123,56323-90,
oldbook_merged_xlsx,0651-0160,56323-90,
oldbook_merged_xlsx,DS-3406,56323-90,
wps_merged_xlsx,70-6008,56324-81A,Motion Pro
wps_merged_xlsx,70-660070,56324-81A,Motion Pro
oldbook_merged_xlsx,0650-0581,56324-81A/B/C,
oldbook_merged_xlsx,0650-0307,56324-81A/B/C,
oldbook_merged_xlsx,0650-0344,56324-81A/B/C,
oldbook_merged_xlsx,DS-3301,56324-81A/B/C,
oldbook_merged_xlsx,DS-223868,56324-81A/B/C,
oldbook_merged_xlsx,DS-223987,56324-81A/B/C,
oldbook_merged_xlsx,DS-223919,56324-96,
fatbook_merged_xlsx,DS-223919,56324-96,
oldbook_merged_xlsx,DS-224009,56324-96,
oldbook_merged_xlsx,0650-0500,56327-03,
fatbook_merged_xlsx,0650-0500,56327-03,
fatbook_merged_xlsx,0650-0916,56327-03,
oldbook_merged_xlsx,0650-0313,56327-81A/B,
oldbook_merged_xlsx,0650-0350,56327-81A/B,
oldbook_merged_xlsx,0651-0326,56327-81A/B,
oldbook_merged_xlsx,DS-3307,56327-81A/B,
oldbook_merged_xlsx,DS-223915,56327-81A/B,
oldbook_merged_xlsx,DS-223989,56327-81A/B,
oldbook_merged_xlsx,DS-223995,56327-81A/B,
wps_merged_xlsx,70-6060,56327-81B,Motion Pro
wps_merged_xlsx,70-660179,56327-81B,Motion Pro
oldbook_merged_xlsx,0650-0312,56327-90,
wps_merged_xlsx,70-6195,56327-90,Motion Pro
oldbook_merged_xlsx,0650-0349,56327-90,
wps_merged_xlsx,70-660212,56327-90,Motion Pro
oldbook_merged_xlsx,DS-3306,56327-90,
oldbook_merged_xlsx,DS-223876,56327-90,
oldbook_merged_xlsx,DS-223991,56327-90,
oldbook_merged_xlsx,0650-0188,56327-96,
fatbook_merged_xlsx,0650-0188,56327-96,
wps_merged_xlsx,70-6278,56327-96,Motion Pro
oldbook_merged_xlsx,0650-0406,56327-96,
fatbook_merged_xlsx,0650-0406,56327-96,
wps_merged_xlsx,70-660280,56327-96,Motion Pro
oldbook_merged_xlsx,0650-0413,56327-96,
fatbook_merged_xlsx,0650-0413,56327-96,
oldbook_merged_xlsx,0650-0597,56327-96,
fatbook_merged_xlsx,0650-0597,56327-96,
oldbook_merged_xlsx,0650-0705,56327-96,
fatbook_merged_xlsx,0650-0705,56327-96,
oldbook_merged_xlsx,0650-1040,56327-96,
fatbook_merged_xlsx,0650-1040,56327-96,
oldbook_merged_xlsx,DS-3316,56327-96,
fatbook_merged_xlsx,DS-3316,56327-96,
oldbook_merged_xlsx,DS-223879,56327-96,
fatbook_merged_xlsx,DS-223879,56327-96,
oldbook_merged_xlsx,DS-223993,56327-96,
fatbook_merged_xlsx,DS-223993,56327-96,
wps_merged_xlsx,70-6061,56328-81A,Motion Pro
wps_merged_xlsx,70-660183,56328-81A,Motion Pro
oldbook_merged_xlsx,0650-0583,56328-81A/B,
oldbook_merged_xlsx,0651-0126,56328-81A/B,
oldbook_merged_xlsx,0651-0163,56328-81A/B,
oldbook_merged_xlsx,DS-3407,56328-81A/B,
oldbook_merged_xlsx,DS-223883,56328-81A/B,
oldbook_merged_xlsx,DS-223989,56328-81A/B,
oldbook_merged_xlsx,DS-223995,56328-81A/B,
oldbook_merged_xlsx,0651-0123,56328-90,
wps_merged_xlsx,70-6197,56328-90,Motion Pro
oldbook_merged_xlsx,0651-0160,56328-90,
wps_merged_xlsx,70-660218,56328-90,Motion Pro
oldbook_merged_xlsx,0651-0335,56328-90,
oldbook_merged_xlsx,DS-3406,56328-90,
oldbook_merged_xlsx,DS-223909,56328-90,
oldbook_merged_xlsx,0651-0237,56328-96,
fatbook_merged_xlsx,0651-0237,56328-96,
wps_merged_xlsx,70-6279,56328-96,Motion Pro
oldbook_merged_xlsx,0651-0244,56328-96,
fatbook_merged_xlsx,0651-0343,56328-96,
wps_merged_xlsx,70-660281,56328-96,Motion Pro
oldbook_merged_xlsx,0651-0395,56328-96,
wps_merged_xlsx,70-6096,56331-81,Motion Pro
wps_merged_xlsx,70-6095,56332-81,Motion Pro
wps_merged_xlsx,70-6098,56333-83,Motion Pro
oldbook_merged_xlsx,0650-0311,56336-83,
wps_merged_xlsx,70-6074,56336-83,Motion Pro
oldbook_merged_xlsx,0650-0348,56336-83,
wps_merged_xlsx,70-660180,56336-83,Motion Pro
oldbook_merged_xlsx,DS-223891,56336-83,
oldbook_merged_xlsx,0651-0120,56337-83,
wps_merged_xlsx,70-6075,56337-83,Motion Pro
oldbook_merged_xlsx,0651-0157,56337-83,
wps_merged_xlsx,70-660184,56337-83,Motion Pro
oldbook_merged_xlsx,0651-0063,56342-01,
fatbook_merged_xlsx,0651-0063,56342-01,
oldbook_merged_xlsx,0651-0340,56342-01,
fatbook_merged_xlsx,0651-0099,56342-01,
fatbook_merged_xlsx,0651-0136,56342-01,
fatbook_merged_xlsx,0651-0197,56342-01,
fatbook_merged_xlsx,0651-0299,56342-01,
fatbook_merged_xlsx,0651-0340,56342-01,
fatbook_merged_xlsx,0651-0401,56342-01,
fatbook_merged_xlsx,0651-0419,56342-01,
fatbook_merged_xlsx,0651-0564,56342-01,
fatbook_merged_xlsx,0651-0862,56342-01,
fatbook_merged_xlsx,0651-0864,56342-01,
fatbook_merged_xlsx,0651-0904,56342-01,
fatbook_merged_xlsx,DS-223593,56342-01,
fatbook_merged_xlsx,DS-223599,56342-01,
fatbook_merged_xlsx,DS3425,56342-01,
oldbook_merged_xlsx,DS-223923,56342-88,
wps_merged_xlsx,70-6075,56342-88,Motion Pro
wps_merged_xlsx,70-660184,56342-88,Motion Pro
oldbook_merged_xlsx,0651-0056,56342-90,
fatbook_merged_xlsx,0651-0099,56342-90,
wps_merged_xlsx,70-6196,56342-90,Motion Pro
oldbook_merged_xlsx,0651-0099,56342-90,
fatbook_merged_xlsx,0651-0136,56342-90,
wps_merged_xlsx,70-660215,56342-90,Motion Pro
oldbook_merged_xlsx,0651-0115,56342-90,
fatbook_merged_xlsx,0651-0401,56342-90,
oldbook_merged_xlsx,0651-0136,56342-90,
fatbook_merged_xlsx,0651-0419,56342-90,
oldbook_merged_xlsx,0651-0152,56342-90,
fatbook_merged_xlsx,0651-0904,56342-90,
oldbook_merged_xlsx,0651-0401,56342-90,
fatbook_merged_xlsx,DS3425,56342-90,
oldbook_merged_xlsx,0651-0419,56342-90,
oldbook_merged_xlsx,0651-0904,56342-90,
oldbook_merged_xlsx,DS-3402,56342-90,
oldbook_merged_xlsx,DS-223917,56342-90,
oldbook_merged_xlsx,DS-224007,56342-90,
oldbook_merged_xlsx,DS3425,56342-90,
oldbook_merged_xlsx,0651-0058,56342-96,
fatbook_merged_xlsx,0651-0058,56342-96,
wps_merged_xlsx,70-6267,56342-96,Motion Pro
oldbook_merged_xlsx,0651-0099,56342-96,
fatbook_merged_xlsx,0651-0099,56342-96,
wps_merged_xlsx,70-660271,56342-96,Motion Pro
oldbook_merged_xlsx,0651-0136,56342-96,
fatbook_merged_xlsx,0651-0136,56342-96,
oldbook_merged_xlsx,0651-0401,56342-96,
fatbook_merged_xlsx,0651-0401,56342-96,
oldbook_merged_xlsx,0651-0419,56342-96,
fatbook_merged_xlsx,0651-0419,56342-96,
oldbook_merged_xlsx,0651-0904,56342-96,
fatbook_merged_xlsx,0651-0904,56342-96,
oldbook_merged_xlsx,DS-224009,56342-96,
fatbook_merged_xlsx,DS-224009,56342-96,
oldbook_merged_xlsx,DS3425,56342-96,
fatbook_merged_xlsx,DS3425,56342-96,
oldbook_merged_xlsx,0650-0189,56343-01,
fatbook_merged_xlsx,0650-0189,56343-01,
fatbook_merged_xlsx,0650-0292,56343-01,
fatbook_merged_xlsx,0650-0329,56343-01,
fatbook_merged_xlsx,0650-0506,56343-01,
fatbook_merged_xlsx,0650-0710,56343-01,
fatbook_merged_xlsx,0650-0725,56343-01,
fatbook_merged_xlsx,0650-0922,56343-01,
fatbook_merged_xlsx,0650-1647,56343-01,
fatbook_merged_xlsx,0650-1767,56343-01,
fatbook_merged_xlsx,DS-223590,56343-01,
fatbook_merged_xlsx,DS-223596,56343-01,
fatbook_merged_xlsx,DS3325,56343-01,
oldbook_merged_xlsx,DS-223893,56343-88,
wps_merged_xlsx,70-6074,56343-88,Motion Pro
oldbook_merged_xlsx,DS-224011,56343-88,
wps_merged_xlsx,70-660180,56343-88,Motion Pro
oldbook_merged_xlsx,0650-0183,56343-90,
wps_merged_xlsx,70-6194,56343-90,Motion Pro
oldbook_merged_xlsx,0650-0308,56343-90,
wps_merged_xlsx,70-660209,56343-90,Motion Pro
oldbook_merged_xlsx,0650-0345,56343-90,
oldbook_merged_xlsx,0650-0589,56343-90,
oldbook_merged_xlsx,DS-3302,56343-90,
oldbook_merged_xlsx,DS-223887,56343-90,
oldbook_merged_xlsx,DS-224013,56343-90,
oldbook_merged_xlsx,0650-0185,56343-96,
fatbook_merged_xlsx,0650-0185,56343-96,
wps_merged_xlsx,70-6266,56343-96,Motion Pro
oldbook_merged_xlsx,DS-223889,56343-96,
fatbook_merged_xlsx,DS-223889,56343-96,
wps_merged_xlsx,70-660270,56343-96,Motion Pro
oldbook_merged_xlsx,0651-0505,56351-90,
oldbook_merged_xlsx,0651-0061,56351-96,
fatbook_merged_xlsx,0651-0061,56351-96,
oldbook_merged_xlsx,0651-0238,56351-96,
fatbook_merged_xlsx,0651-0237,56351-96,
oldbook_merged_xlsx,0651-0558,56351-96,
fatbook_merged_xlsx,0651-0244,56351-96,
oldbook_merged_xlsx,0651-0607,56351-96,
fatbook_merged_xlsx,0651-0343,56351-96,
oldbook_merged_xlsx,DS-223911,56351-96,
fatbook_merged_xlsx,0651-0558,56351-96,
fatbook_merged_xlsx,0651-0607,56351-96,
fatbook_merged_xlsx,DS-223911,56351-96,
oldbook_merged_xlsx,0651-0117,56355-92,
wps_merged_xlsx,70-6258,56355-92,Motion Pro
oldbook_merged_xlsx,0651-0154,56355-92,
wps_merged_xlsx,70-660260,56355-92,Motion Pro
oldbook_merged_xlsx,0651-0338,56355-92,
oldbook_merged_xlsx,DS-3409,56355-92,
oldbook_merged_xlsx,0651-0101,56355-96,
wps_merged_xlsx,70-6275,56355-96,Motion Pro
oldbook_merged_xlsx,0651-0138,56355-96,
wps_merged_xlsx,70-660277,56355-96,Motion Pro
oldbook_merged_xlsx,0651-0197,56355-96,
oldbook_merged_xlsx,0651-0342,56355-96,
oldbook_merged_xlsx,0651-0862,56355-96,
oldbook_merged_xlsx,0651-0903,56355-96,
oldbook_merged_xlsx,0651-0302,56355-96A,
fatbook_merged_xlsx,0651-0101,56355-96A,
oldbook_merged_xlsx,0651-0567,56355-96A,
fatbook_merged_xlsx,0651-0138,56355-96A,
fatbook_merged_xlsx,0651-0197,56355-96A,
fatbook_merged_xlsx,0651-0342,56355-96A,
fatbook_merged_xlsx,0651-0862,56355-96A,
fatbook_merged_xlsx,0651-0909,56355-96A,
fatbook_merged_xlsx,0651-0302,56355-96A,
fatbook_merged_xlsx,0651-0567,56355-96A,
fatbook_merged_xlsx,0651-0588,56355-96A,
oldbook_merged_xlsx,0650-0315,56356-92,
wps_merged_xlsx,70-6257,56356-92,Motion Pro
oldbook_merged_xlsx,0650-0352,56356-92,
wps_merged_xlsx,70-660259,56356-92,Motion Pro
oldbook_merged_xlsx,0650-0593,56356-92,
oldbook_merged_xlsx,DS-3309,56356-92,
oldbook_merged_xlsx,0650-0596,56356-96,
wps_merged_xlsx,70-62741,56356-96,Motion Pro
oldbook_merged_xlsx,0650-0710,56356-96,
wps_merged_xlsx,70-660276,56356-96,Motion Pro
oldbook_merged_xlsx,0650-0725,56356-96,
oldbook_merged_xlsx,0650-1643,56356-96,
oldbook_merged_xlsx,0650-1647,56356-96,
oldbook_merged_xlsx,0650-1765,56356-96,
oldbook_merged_xlsx,0650-1767,56356-96,
oldbook_merged_xlsx,DS3325,56356-96,
oldbook_merged_xlsx,0650-0187,56356-96,
oldbook_merged_xlsx,0650-0292,56356-96,
oldbook_merged_xlsx,0650-0295,56356-96,
oldbook_merged_xlsx,0650-0329,56356-96,
oldbook_merged_xlsx,0650-0509,56356-96A,
fatbook_merged_xlsx,0650-0187,56356-96A,
oldbook_merged_xlsx,0650-0925,56356-96A,
fatbook_merged_xlsx,0650-0292,56356-96A,
fatbook_merged_xlsx,0650-0295,56356-96A,
fatbook_merged_xlsx,0650-0329,56356-96A,
fatbook_merged_xlsx,0650-0332,56356-96A,
fatbook_merged_xlsx,0650-0596,56356-96A,
fatbook_merged_xlsx,0650-0710,56356-96A,
fatbook_merged_xlsx,0650-0725,56356-96A,
fatbook_merged_xlsx,0650-1643,56356-96A,
fatbook_merged_xlsx,0650-1647,56356-96A,
fatbook_merged_xlsx,0650-1765,56356-96A,
fatbook_merged_xlsx,0650-1767,56356-96A,
fatbook_merged_xlsx,DS3325,56356-96A,
fatbook_merged_xlsx,0650-0509,56356-96A,
fatbook_merged_xlsx,0650-0925,56356-96A,
fatbook_merged_xlsx,0650-0951,56356-96A,
fatbook_merged_xlsx,0650-0576,56357-02,
wps_merged_xlsx,70-660350,56357-02,Motion Pro
fatbook_merged_xlsx,0650-0834,56357-02,
fatbook_merged_xlsx,0650-0838,56357-02,
oldbook_merged_xlsx,0650-0301,56357-96,
fatbook_merged_xlsx,0650-0301,56357-96,
oldbook_merged_xlsx,0650-0338,56357-96,
fatbook_merged_xlsx,0650-0338,56357-96,
oldbook_merged_xlsx,0650-0709,56357-96,
fatbook_merged_xlsx,0650-0709,56357-96,
oldbook_merged_xlsx,0650-0916,56357-96,
fatbook_merged_xlsx,DS-3323,56357-96,
oldbook_merged_xlsx,DS-3323,56357-96,
fatbook_merged_xlsx,DS-223885,56357-96,
oldbook_merged_xlsx,DS-223885,56357-96,
fatbook_merged_xlsx,0651-0015,56358-02,
wps_merged_xlsx,70-6364,56358-02,Motion Pro
fatbook_merged_xlsx,0651-0168,56358-02,
wps_merged_xlsx,70-660364,56358-02,Motion Pro
fatbook_merged_xlsx,0651-0178,56358-02,
fatbook_merged_xlsx,0651-0406,56358-02,
fatbook_merged_xlsx,0651-0424,56358-02,
fatbook_merged_xlsx,DS-223477,56358-02,
oldbook_merged_xlsx,0651-0169,56358-96,
fatbook_merged_xlsx,0651-0169,56358-96,
wps_merged_xlsx,70-6363,56358-96,Motion Pro
oldbook_merged_xlsx,0651-0179,56358-96,
fatbook_merged_xlsx,0651-0179,56358-96,
oldbook_merged_xlsx,0651-0506,56358-96,
fatbook_merged_xlsx,0651-0506,56358-96,
oldbook_merged_xlsx,0651-0607,56358-96,
fatbook_merged_xlsx,0651-0607,56358-96,
oldbook_merged_xlsx,DS3427,56358-96,
fatbook_merged_xlsx,DS3427,56358-96,
oldbook_merged_xlsx,0651-0169,56359-96,
oldbook_merged_xlsx,0651-0179,56359-96,
fatbook_merged_xlsx,DS-223578,56360-02,
fatbook_merged_xlsx,DS-223541,56362-02,
fatbook_merged_xlsx,DS-223572,56362-02,
fatbook_merged_xlsx,0650-0518,56365-01,
fatbook_merged_xlsx,0650-0934,56365-01,
fatbook_merged_xlsx,DS-223495,56365-01,
fatbook_merged_xlsx,DS-223536,56365-01,
fatbook_merged_xlsx,0650-0290,56365-01,
fatbook_merged_xlsx,0651-0095,56367-01,
fatbook_merged_xlsx,0651-0132,56367-01,
fatbook_merged_xlsx,0651-0308,56367-01,
fatbook_merged_xlsx,0651-0573,56367-01,
fatbook_merged_xlsx,DS-223535,56367-01,
fatbook_merged_xlsx,DS-223537,56367-01,
oldbook_merged_xlsx,0651-0240,56368-96,
fatbook_merged_xlsx,0651-0240,56368-96,
wps_merged_xlsx,70-660301,56368-96,Motion Pro
oldbook_merged_xlsx,0651-0247,56368-96,
fatbook_merged_xlsx,0651-0247,56368-96,
oldbook_merged_xlsx,0651-0399,56368-96,
fatbook_merged_xlsx,0651-0399,56368-96,
oldbook_merged_xlsx,0651-0417,56368-96,
fatbook_merged_xlsx,0651-0417,56368-96,
oldbook_merged_xlsx,DS-3422,56368-96,
fatbook_merged_xlsx,DS-3422,56368-96,
oldbook_merged_xlsx,0651-0240,56369-96,
fatbook_merged_xlsx,0651-0240,56369-96,
oldbook_merged_xlsx,0651-0247,56369-96,
fatbook_merged_xlsx,0651-0247,56369-96,
oldbook_merged_xlsx,0651-0124,56375-94,
wps_merged_xlsx,70-6254,56375-94,Motion Pro
oldbook_merged_xlsx,0651-0161,56375-94,
wps_merged_xlsx,70-660256,56375-94,Motion Pro
oldbook_merged_xlsx,0651-0337,56375-94,
oldbook_merged_xlsx,DS-3411,56375-94,
oldbook_merged_xlsx,0651-0348,56375-96,
fatbook_merged_xlsx,0651-0348,56375-96,
oldbook_merged_xlsx,0651-0398,56375-96,
fatbook_merged_xlsx,0651-0398,56375-96,
oldbook_merged_xlsx,0651-0416,56375-96,
fatbook_merged_xlsx,0651-0416,56375-96,
oldbook_merged_xlsx,DS-3421,56375-96,
fatbook_merged_xlsx,DS-3421,56375-96,
oldbook_merged_xlsx,DS-223913,56375-96,
fatbook_merged_xlsx,DS-223913,56375-96,
oldbook_merged_xlsx,DS-223957,56375-96,
fatbook_merged_xlsx,DS-223957,56375-96,
fatbook_merged_xlsx,0650-0299,56376-02,
wps_merged_xlsx,70-6302,56376-02,Motion Pro
fatbook_merged_xlsx,0650-0336,56376-02,
wps_merged_xlsx,70-660304,56376-02,Motion Pro
fatbook_merged_xlsx,0650-0567,56376-02,
fatbook_merged_xlsx,0650-0707,56376-02,
fatbook_merged_xlsx,0650-0722,56376-02,
fatbook_merged_xlsx,0650-1766,56376-02,
fatbook_merged_xlsx,DS-3321,56376-02,
fatbook_merged_xlsx,DS-223538,56376-02,
fatbook_merged_xlsx,DS-223569,56376-02,
oldbook_merged_xlsx,0650-0319,56376-94,
wps_merged_xlsx,70-6253,56376-94,Motion Pro
oldbook_merged_xlsx,0650-0356,56376-94,
wps_merged_xlsx,70-660255,56376-94,Motion Pro
oldbook_merged_xlsx,0650-0592,56376-94,
oldbook_merged_xlsx,DS-3311,56376-94,
oldbook_merged_xlsx,0650-0567,56376-96,
fatbook_merged_xlsx,0650-0567,56376-96,
oldbook_merged_xlsx,0650-1138,56376-96,
fatbook_merged_xlsx,0650-0707,56376-96,
fatbook_merged_xlsx,0650-0722,56376-96,
fatbook_merged_xlsx,0650-1138,56376-96,
fatbook_merged_xlsx,DS-3321,56376-96,
oldbook_merged_xlsx,DS-223881,56379-96,
fatbook_merged_xlsx,DS-223881,56379-96,
wps_merged_xlsx,70-660300,56379-96,Motion Pro
oldbook_merged_xlsx,DS-223959,56379-96,
fatbook_merged_xlsx,DS-223959,56379-96,
oldbook_merged_xlsx,0650-0407,56379-97,
fatbook_merged_xlsx,0650-0407,56379-97,
oldbook_merged_xlsx,0650-0414,56379-97,
fatbook_merged_xlsx,0650-0414,56379-97,
oldbook_merged_xlsx,0650-0708,56379-97,
fatbook_merged_xlsx,0650-0708,56379-97,
oldbook_merged_xlsx,DS-3322,56379-97,
fatbook_merged_xlsx,DS-3322,56379-97,
fatbook_merged_xlsx,0650-0293,56381-96,
wps_merged_xlsx,70-6288,56381-96,Motion Pro
fatbook_merged_xlsx,0650-0330,56381-96,
wps_merged_xlsx,70-660289,56381-96,Motion Pro
fatbook_merged_xlsx,0650-0704,56381-96,
fatbook_merged_xlsx,DS-3315,56381-96,
fatbook_merged_xlsx,0651-0100,56382-96,
wps_merged_xlsx,70-660291,56382-96,Motion Pro
fatbook_merged_xlsx,0651-0137,56382-96,
wps_merged_xlsx,70-6290,56382-96,Motion Pro
fatbook_merged_xlsx,0651-0394,56382-96,
fatbook_merged_xlsx,DS-3415,56382-96,
oldbook_merged_xlsx,0651-0146,56387-96,
fatbook_merged_xlsx,0651-0146,56387-96,
oldbook_merged_xlsx,0651-0400,56387-96,
fatbook_merged_xlsx,0651-0400,56387-96,
oldbook_merged_xlsx,DS-3423,56387-96,
fatbook_merged_xlsx,DS-3423,56387-96,
fatbook_merged_xlsx,0650-0112,56389-02,
fatbook_merged_xlsx,0650-0408,56389-02,
fatbook_merged_xlsx,0650-0415,56389-02,
oldbook_merged_xlsx,DS-223865,56389-74,
wps_merged_xlsx,70-6055,56389-74,Motion Pro
fatbook_merged_xlsx,0651-0017,56390-02,
fatbook_merged_xlsx,0651-0173,56390-02,
fatbook_merged_xlsx,0651-0183,56390-02,
fatbook_merged_xlsx,0651-0407,56390-02,
fatbook_merged_xlsx,0651-0425,56390-02,
oldbook_merged_xlsx,DS-243139,56394-74,
fatbook_merged_xlsx,DS-243139,56394-74,
oldbook_merged_xlsx,0632-0545,56395-81,
oldbook_merged_xlsx,DS-243128,56395-81,
fatbook_merged_xlsx,0632-0001,56396-74A/B/C,
oldbook_merged_xlsx,0632-0001,56396-74A/C,
oldbook_merged_xlsx,DS-243139,56397-74A,
fatbook_merged_xlsx,DS-243139,56397-74A/B/C,
oldbook_merged_xlsx,2401-0469,56400-53,
fatbook_merged_xlsx,0650-0702,56400-96,
fatbook_merged_xlsx,0650-0716,56400-96,
fatbook_merged_xlsx,0650-0937,56400-96,
fatbook_merged_xlsx,DS-3313,56400-96,
fatbook_merged_xlsx,DS223416,56400-96,
fatbook_merged_xlsx,DS223417,56400-96,
fatbook_merged_xlsx,0650-0289,56400-96,
fatbook_merged_xlsx,0651-0097,56401-96,
fatbook_merged_xlsx,0651-0134,56401-96,
fatbook_merged_xlsx,0651-0392,56401-96,
fatbook_merged_xlsx,0651-0576,56401-96,
fatbook_merged_xlsx,DS-3413,56401-96,
fatbook_merged_xlsx,DS223418,56401-96,
fatbook_merged_xlsx,0651-0099,56408-01,
fatbook_merged_xlsx,0651-0136,56408-01,
fatbook_merged_xlsx,0651-0401,56408-01,
fatbook_merged_xlsx,0651-0419,56408-01,
fatbook_merged_xlsx,DS3425,56408-01,
fatbook_merged_xlsx,0651-0001,56415-01,
fatbook_merged_xlsx,0651-0096,56415-06,
fatbook_merged_xlsx,0651-0099,56415-06,
fatbook_merged_xlsx,0651-0133,56415-06,
fatbook_merged_xlsx,0651-0136,56415-06,
fatbook_merged_xlsx,0650-0292,56421-06,
fatbook_merged_xlsx,0650-0329,56421-06,
oldbook_merged_xlsx,0650-0286,56432-98,
fatbook_merged_xlsx,0650-0189,56432-98,
oldbook_merged_xlsx,0650-0323,56432-98,
fatbook_merged_xlsx,0650-0286,56432-98,
oldbook_merged_xlsx,0650-0711,56432-98,
fatbook_merged_xlsx,0650-0323,56432-98,
oldbook_merged_xlsx,DS-224083,56432-98,
fatbook_merged_xlsx,0650-0711,56432-98,
fatbook_merged_xlsx,DS-224083,56432-98,
fatbook_merged_xlsx,DS3326,56432-98,
oldbook_merged_xlsx,0651-0094,56433-98,
fatbook_merged_xlsx,0651-0063,56433-98,
oldbook_merged_xlsx,0651-0131,56433-98,
fatbook_merged_xlsx,0651-0094,56433-98,
oldbook_merged_xlsx,0651-0402,56433-98,
fatbook_merged_xlsx,0651-0131,56433-98,
oldbook_merged_xlsx,DS3426,56433-98,
fatbook_merged_xlsx,0651-0402,56433-98,
fatbook_merged_xlsx,DS3426,56433-98,
fatbook_merged_xlsx,0650-0710,56434-01,
fatbook_merged_xlsx,0650-0725,56434-01,
fatbook_merged_xlsx,DS3325,56434-01,
fatbook_merged_xlsx,0651-0491,56435-00,
fatbook_merged_xlsx,0651-0513,56435-00,
fatbook_merged_xlsx,0650-0833,56436-00,
fatbook_merged_xlsx,0650-0845,56436-00,
wps_merged_xlsx,820-2608,56454-00,HardDrive
wps_merged_xlsx,820-2603,56466-86A,HardDrive
wps_merged_xlsx,820-2610,56481-03,HardDrive
fatbook_merged_xlsx,0651-0169,56485-00B,
fatbook_merged_xlsx,0651-0179,56485-00B,
fatbook_merged_xlsx,DS3427,56485-00B,
wps_merged_xlsx,820-2609,56495-02,HardDrive
oldbook_merged_xlsx,DS-243127,56500-79,
wps_merged_xlsx,70-6055,56502-74,Motion Pro
oldbook_merged_xlsx,DS-223069,56508-76,
fatbook_merged_xlsx,DS-223069,56508-76,
oldbook_merged_xlsx,0650-0299,56523-02,
fatbook_merged_xlsx,0650-0299,56523-02,
wps_merged_xlsx,70-6302,56523-02,Motion Pro
oldbook_merged_xlsx,0650-0336,56523-02,
fatbook_merged_xlsx,0650-0336,56523-02,
wps_merged_xlsx,70-660304,56523-02,Motion Pro
oldbook_merged_xlsx,0650-0707,56523-02,
oldbook_merged_xlsx,0650-0722,56523-02,
oldbook_merged_xlsx,0650-1766,56523-02,
oldbook_merged_xlsx,DS-3321,56523-02,
fatbook_merged_xlsx,0651-0012,56525-02,
fatbook_merged_xlsx,0651-0167,56525-02,
fatbook_merged_xlsx,0651-0177,56525-02,
fatbook_merged_xlsx,0651-0424,56525-02,
fatbook_merged_xlsx,0650-0298,56526-02,
fatbook_merged_xlsx,0650-0335,56526-02,
fatbook_merged_xlsx,0650-0360,56526-02,
fatbook_merged_xlsx,0650-0712,56526-02,
fatbook_merged_xlsx,0650-0727,56526-02,
fatbook_merged_xlsx,0651-0172,56554-04,
fatbook_merged_xlsx,0651-0182,56554-04,
fatbook_merged_xlsx,0651-0187,56554-04,
fatbook_merged_xlsx,0651-0369,56554-04,
fatbook_merged_xlsx,0650-0300,56555-04,
fatbook_merged_xlsx,0650-0337,56555-04,
fatbook_merged_xlsx,0650-0361,56555-04,
fatbook_merged_xlsx,0650-0580,56555-04,
oldbook_merged_xlsx,0651-0060,56555-96,
fatbook_merged_xlsx,0651-0060,56555-96,
oldbook_merged_xlsx,0601-0812,56569-86,
fatbook_merged_xlsx,0650-0192,56593-04,
fatbook_merged_xlsx,0650-0324,56593-04,
fatbook_merged_xlsx,0650-0942,56594-04,
fatbook_merged_xlsx,0651-0067,56594-04,
fatbook_merged_xlsx,0651-0130,56594-04,
fatbook_merged_xlsx,0650-0002,56633-06,
fatbook_merged_xlsx,0650-0288,56633-06,
fatbook_merged_xlsx,0650-0325,56633-06,
fatbook_merged_xlsx,0650-0740,56633-06,
fatbook_merged_xlsx,0651-0001,56634-06,
fatbook_merged_xlsx,0651-0096,56634-06,
fatbook_merged_xlsx,0651-0133,56634-06,
fatbook_merged_xlsx,0651-0864,56634-06,
fatbook_merged_xlsx,0650-1039,56637-08,
wps_merged_xlsx,820-2619,56802-06,HardDrive
fatbook_merged_xlsx,0650-0602,56884-07,
fatbook_merged_xlsx,0650-0603,56884-07,
fatbook_merged_xlsx,0650-0604,56884-07,
fatbook_merged_xlsx,0650-0849,56884-07,
fatbook_merged_xlsx,0650-0953,56884-07,
fatbook_merged_xlsx,0650-1137,56884-07,
fatbook_merged_xlsx,0650-1391,56884-07,
fatbook_merged_xlsx,0651-0370,56885-07,
fatbook_merged_xlsx,0651-0371,56885-07,
fatbook_merged_xlsx,0651-0372,56885-07,
fatbook_merged_xlsx,0651-0712,56885-07,
fatbook_merged_xlsx,0651-0719,56885-07,
fatbook_merged_xlsx,0651-0104,56934-07A,
fatbook_merged_xlsx,0651-0141,56934-07A,
fatbook_merged_xlsx,0651-0197,56934-07A,
fatbook_merged_xlsx,0651-0198,56934-07A,
fatbook_merged_xlsx,0651-0435,56934-07A,
fatbook_merged_xlsx,0651-0462,56934-07A,
fatbook_merged_xlsx,0651-0862,56934-07A,
fatbook_merged_xlsx,0651-0909,56934-07A,
fatbook_merged_xlsx,0650-0296,56939-07A,
fatbook_merged_xlsx,0650-0333,56939-07A,
fatbook_merged_xlsx,0650-0401,56939-07A,
fatbook_merged_xlsx,0650-0738,56939-07A,
fatbook_merged_xlsx,0650-0757,56939-07A,
fatbook_merged_xlsx,0650-1643,56939-07A,
fatbook_merged_xlsx,0650-1647,56939-07A,
fatbook_merged_xlsx,0650-1765,56939-07A,
fatbook_merged_xlsx,0650-1772,56939-07A,
fatbook_merged_xlsx,0650-0835,56984-07,
fatbook_merged_xlsx,2330-0260,57000017,
fatbook_merged_xlsx,1132-0658,5707,
wps_merged_xlsx,830-1198,5710,Colony
fatbook_merged_xlsx,1202-0123,57100226,
fatbook_merged_xlsx,2330-0261,57100227,
vtwin_merged_xlsx,10-2491,57215-75,
fatbook_merged_xlsx,0701-0974,57300065,
fatbook_merged_xlsx,0701-0973,57300291,
fatbook_merged_xlsx,0603-0555,5736,
wps_merged_xlsx,830-1134,5775,Colony
oldbook_merged_xlsx,DS-280266,57852-02A,
wps_merged_xlsx,820-55282,57852-02A,HardDrive
oldbook_merged_xlsx,DS-710316,57996-60,
fatbook_merged_xlsx,0504-0322,58002-09A,
oldbook_merged_xlsx,DS-710325,58020-49B,
fatbook_merged_xlsx,0504-0323,58022-07A,
oldbook_merged_xlsx,2001-0371,58082-02A,
fatbook_merged_xlsx,2001-0371,58082-02A,
wps_merged_xlsx,820-55281,58082-02A,HardDrive
oldbook_merged_xlsx,DS-280266,58082-87,
oldbook_merged_xlsx,2330-0028,58208-96A,
fatbook_merged_xlsx,2330-0028,58208-96A,
oldbook_merged_xlsx,2330-0115,58236-96,
fatbook_merged_xlsx,2330-0115,58236-96,
wps_merged_xlsx,820-0388,58383-89,HardDrive
wps_merged_xlsx,820-0387,58384-89,HardDrive
vtwin_merged_xlsx,10-1939,584-37,
oldbook_merged_xlsx,2330-0102,58478-96B,
fatbook_merged_xlsx,2330-0102,58478-96B,
wps_merged_xlsx,820-52354,58478-96B,HardDrive
oldbook_merged_xlsx,2330-0268,58478-96B,
fatbook_merged_xlsx,2330-0268,58478-96B,
fatbook_merged_xlsx,2330-0268,58479-96B,
oldbook_merged_xlsx,2404-0815,58709-86,
fatbook_merged_xlsx,2404-0815,58709-86,
fatbook_merged_xlsx,0650-0604,58884-07,
fatbook_merged_xlsx,1401-0620,58900009,
fatbook_merged_xlsx,1401-0583,58900021,
fatbook_merged_xlsx,1401-0581,58900032,
oldbook_merged_xlsx,2330-0183,58938-96B,
fatbook_merged_xlsx,2330-0183,58938-96B/C,
fatbook_merged_xlsx,2330-0238,58938-96B/C,
oldbook_merged_xlsx,2330-0238,58938-96C,
wps_merged_xlsx,820-52353,58938-96C,HardDrive
fatbook_merged_xlsx,2330-0238,58939-96B/C,
oldbook_merged_xlsx,2330-0238,58939-96C,
oldbook_merged_xlsx,DS-393488,59000-58,
oldbook_merged_xlsx,DS-393488,59000-81,
oldbook_merged_xlsx,DS-380038,59007-73B,
fatbook_merged_xlsx,DS-380031,59007-73B,
fatbook_merged_xlsx,1401-0317,59045-00,
oldbook_merged_xlsx,1401-0595,59045-00B,
fatbook_merged_xlsx,1401-0595,59045-00B,
fatbook_merged_xlsx,1401-0323,59045-98,
fatbook_merged_xlsx,1401-0318,59093-00B,
oldbook_merged_xlsx,1401-0324,59093-87,
fatbook_merged_xlsx,1401-0324,59093-87,
oldbook_merged_xlsx,DS-393488,59100-82,
oldbook_merged_xlsx,DS-393488,59101-79A,
fatbook_merged_xlsx,1401-0619,59139-00A,
oldbook_merged_xlsx,DS-380058,59144-87A,
oldbook_merged_xlsx,1410-0124,59166-80,
fatbook_merged_xlsx,1410-0124,59166-80,
oldbook_merged_xlsx,DS-393493,59176-88,
oldbook_merged_xlsx,1401-0191,59176-96A,
fatbook_merged_xlsx,1401-0191,59176-96A,
oldbook_merged_xlsx,2040-0589,59180-80,
oldbook_merged_xlsx,DS-719933,59180-80,
wps_merged_xlsx,681-4706,59181-80,James Gaskets
fatbook_merged_xlsx,1411-0043,59430-08,
fatbook_merged_xlsx,1411-0044,59434-08,
fatbook_merged_xlsx,1401-0633,59495-08BEO,
fatbook_merged_xlsx,1401-0630,59579-06,
fatbook_merged_xlsx,1401-0629,59579-09,
oldbook_merged_xlsx,DS-380068,59596-89,
oldbook_merged_xlsx,DS-393489,59604-65A,
oldbook_merged_xlsx,1401-0325,59611-73A,
oldbook_merged_xlsx,DS-193810,59626-84,
fatbook_merged_xlsx,DS-193810,59626-84,
wps_merged_xlsx,820-2675,59626-84,HardDrive
fatbook_merged_xlsx,1401-0668,59634-06,
oldbook_merged_xlsx,1401-0327,59634-81A,
oldbook_merged_xlsx,DS-719932,59658-79,
fatbook_merged_xlsx,2040-0583,59672-09,
wps_merged_xlsx,820-0401,59672-09,HardDrive
wps_merged_xlsx,820-0402,59672-09,HardDrive
oldbook_merged_xlsx,2040-0580,59672-99,
fatbook_merged_xlsx,2040-0580,59672-99,
wps_merged_xlsx,820-0393,59672-99,HardDrive
wps_merged_xlsx,820-0394,59672-99,HardDrive
fatbook_merged_xlsx,1401-0272,59673-04,
oldbook_merged_xlsx,1401-0326,59674-79A,
oldbook_merged_xlsx,1401-0330,59674-81A,
fatbook_merged_xlsx,1401-0330,59674-81A,
fatbook_merged_xlsx,1401-0331,59674-94A,
fatbook_merged_xlsx,1401-0334,59674-99,
fatbook_merged_xlsx,2040-0582,59683-03,
wps_merged_xlsx,820-0399,59683-03,HardDrive
wps_merged_xlsx,820-0400,59683-03,HardDrive
fatbook_merged_xlsx,1401-0332,59756-97,
oldbook_merged_xlsx,DS-490045,59768-97,
fatbook_merged_xlsx,DS-490045,59768-97,
fatbook_merged_xlsx,1401-0272,59847-04,
fatbook_merged_xlsx,1401-0626,59847-04,
fatbook_merged_xlsx,1401-0627,59865-07,
fatbook_merged_xlsx,1401-0628,59865-10,
fatbook_merged_xlsx,1925-6789,59876-00,
fatbook_merged_xlsx,1925-6989,59896-94,
fatbook_merged_xlsx,1925-6989,59897-94,
fatbook_merged_xlsx,1411-0020,59902-04,
fatbook_merged_xlsx,1411-0020,59903-04,
fatbook_merged_xlsx,1401-0256,59914-06,
oldbook_merged_xlsx,DS-380064,59914-86A,
oldbook_merged_xlsx,DS-393492,59924-80A,
fatbook_merged_xlsx,DS-393492,59924-80A,
oldbook_merged_xlsx,DS-264053,59932-58,
oldbook_merged_xlsx,DS-264053,59932-77,
oldbook_merged_xlsx,DS-264072,59950-81,
fatbook_merged_xlsx,DS-264072,59950-81,
oldbook_merged_xlsx,DS-264072,59951-81,
fatbook_merged_xlsx,DS-264072,59951-81,
fatbook_merged_xlsx,1411-0017,59954-03,
fatbook_merged_xlsx,1411-0017,59955-03,
oldbook_merged_xlsx,DS-264049,59964-03,
fatbook_merged_xlsx,1411-0016,59964-03,
fatbook_merged_xlsx,1411-0016,59969-03,
oldbook_merged_xlsx,DS-264049,59969-86,
oldbook_merged_xlsx,DS-193810,59983-75,
fatbook_merged_xlsx,DS-193810,59983-75,
wps_merged_xlsx,820-2676,59995-55A,HardDrive
wps_merged_xlsx,274-0162,5R6A,Accel
wps_merged_xlsx,274-0164,5R6A,Accel
wps_merged_xlsx,70-6163,6,Motion Pro
wps_merged_xlsx,70-660169,6,Motion Pro
wps_merged_xlsx,70-660223,6,Motion Pro
wps_merged_xlsx,70-6164,6,Motion Pro
wps_merged_xlsx,70-660170,6,Motion Pro
wps_merged_xlsx,70-6251,6,Motion Pro
wps_merged_xlsx,70-660262,6,Motion Pro
wps_merged_xlsx,70-6165,6,Motion Pro
wps_merged_xlsx,70-660171,6,Motion Pro
wps_merged_xlsx,70-6222,6,Motion Pro
wps_merged_xlsx,70-6064,6,Motion Pro
wps_merged_xlsx,70-6063,6,Motion Pro
wps_merged_xlsx,70-6127,6,Motion Pro
wps_merged_xlsx,70-660026,6,Motion Pro
wps_merged_xlsx,70-6067,6,Motion Pro
wps_merged_xlsx,70-6126,6,Motion Pro
wps_merged_xlsx,70-6236,6,Motion Pro
wps_merged_xlsx,70-6161,6,Motion Pro
wps_merged_xlsx,70-660167,6,Motion Pro
wps_merged_xlsx,70-660371,6,Motion Pro
wps_merged_xlsx,70-6178,6,Motion Pro
wps_merged_xlsx,70-660192,6,Motion Pro
wps_merged_xlsx,70-6175,6,Motion Pro
wps_merged_xlsx,70-660189,6,Motion Pro
wps_merged_xlsx,70-6057,6,Motion Pro
wps_merged_xlsx,70-6056,6,Motion Pro
wps_merged_xlsx,70-6059,6,Motion Pro
wps_merged_xlsx,70-660069,6,Motion Pro
wps_merged_xlsx,70-6058,6,Motion Pro
wps_merged_xlsx,70-660071,6,Motion Pro
wps_merged_xlsx,70-6173,6,Motion Pro
wps_merged_xlsx,70-660187,6,Motion Pro
wps_merged_xlsx,70-6211,6,Motion Pro
wps_merged_xlsx,70-660213,6,Motion Pro
wps_merged_xlsx,70-660379,6,Motion Pro
wps_merged_xlsx,70-660376,6,Motion Pro
wps_merged_xlsx,70-660378,6,Motion Pro
wps_merged_xlsx,70-6176,6,Motion Pro
wps_merged_xlsx,70-660190,6,Motion Pro
wps_merged_xlsx,70-6217,6,Motion Pro
wps_merged_xlsx,70-660219,6,Motion Pro
wps_merged_xlsx,70-6174,6,Motion Pro
wps_merged_xlsx,70-660188,6,Motion Pro
wps_merged_xlsx,70-6177,6,Motion Pro
wps_merged_xlsx,70-660191,6,Motion Pro
wps_merged_xlsx,70-6214,6,Motion Pro
wps_merged_xlsx,70-660216,6,Motion Pro
wps_merged_xlsx,70-6269,6,Motion Pro
wps_merged_xlsx,70-660273,6,Motion Pro
wps_merged_xlsx,70-6208,6,Motion Pro
wps_merged_xlsx,70-660210,6,Motion Pro
wps_merged_xlsx,70-6268,6,Motion Pro
wps_merged_xlsx,70-660272,6,Motion Pro
wps_merged_xlsx,70-660370,6,Motion Pro
wps_merged_xlsx,70-660372,6,Motion Pro
fatbook_merged_xlsx,DS-194280,6003,
wps_merged_xlsx,68-9498,6007,Cometic Gaskets
wps_merged_xlsx,681-4691,6007,James Gaskets
wps_merged_xlsx,681-4728,6007,James Gaskets
fatbook_merged_xlsx,1401-0622,60139-06,
fatbook_merged_xlsx,1401-0623,60141-06,
wps_merged_xlsx,820-2618,60161-06,HardDrive
fatbook_merged_xlsx,1411-0040,60203-06,
fatbook_merged_xlsx,1411-0040,60204-06,
fatbook_merged_xlsx,1401-0625,60214-08,
fatbook_merged_xlsx,1202-0010,60293-00,
oldbook_merged_xlsx,1902-0174,60293-90A,
fatbook_merged_xlsx,1902-0174,60293-90A,
oldbook_merged_xlsx,DS-325201,60295-87,
fatbook_merged_xlsx,1202-0010,60297-00,
oldbook_merged_xlsx,DS-325201,60297-87,
oldbook_merged_xlsx,DS-325179,60302-63,
oldbook_merged_xlsx,DS-325181,60302-73,
oldbook_merged_xlsx,DS-325171,60308-67,
oldbook_merged_xlsx,DS-325171,60308-72,
fatbook_merged_xlsx,0710-0284,60328-98/A/B,
oldbook_merged_xlsx,1107-0340,60328-98B,
fatbook_merged_xlsx,0710-0268,60328-98B,
fatbook_merged_xlsx,1107-0340,60328-98B,
wps_merged_xlsx,681-5474,6033,James Gaskets
fatbook_merged_xlsx,1902-0175,60337-00,
fatbook_merged_xlsx,1202-0010,60339-00,
oldbook_merged_xlsx,DS-325171,60344-72,
oldbook_merged_xlsx,0920-0141,60348-65A/B,
oldbook_merged_xlsx,1105-0091,60348-65A/B,
fatbook_merged_xlsx,0920-0141,60348-65B,
fatbook_merged_xlsx,1105-0091,60348-65B,
fatbook_merged_xlsx,1202-0070,60362-00,
fatbook_merged_xlsx,1202-0076,60362-07A,
oldbook_merged_xlsx,DS-325206,60362-86,
oldbook_merged_xlsx,DS-325206,60366-89,
fatbook_merged_xlsx,1202-0012,60367-04,
fatbook_merged_xlsx,DS-325205,60381-91,
oldbook_merged_xlsx,DS-325176,60388-82,
oldbook_merged_xlsx,DS-325120,60389-97A,
oldbook_merged_xlsx,1107-0339,60391-04,
fatbook_merged_xlsx,1107-0339,60391-04,
oldbook_merged_xlsx,1902-5123,60399-90A,
fatbook_merged_xlsx,1902-5123,60399-90A,
fatbook_merged_xlsx,1202-0088,60408-09,
fatbook_merged_xlsx,1202-0066,60413-04,
fatbook_merged_xlsx,1202-0069,60452-07A,
fatbook_merged_xlsx,1202-0072,60489-06A,
oldbook_merged_xlsx,1202-0089,60491-02A,
fatbook_merged_xlsx,1202-0089,60491-02A,
oldbook_merged_xlsx,1107-0189,60505-36,
oldbook_merged_xlsx,1107-0193,60505-36,
oldbook_merged_xlsx,1107-0190,60505-55,
oldbook_merged_xlsx,DS-195157,60516-65,
oldbook_merged_xlsx,0934-2119,60518-65,
wps_merged_xlsx,681-5031,60518-65,James Gaskets
oldbook_merged_xlsx,0935-0092,60518-65,
wps_merged_xlsx,681-4954,60518-65,James Gaskets
oldbook_merged_xlsx,DS-174440,60518-65,
oldbook_merged_xlsx,0934-0951,60518-65,
fatbook_merged_xlsx,1902-7607,60533-00,
oldbook_merged_xlsx,DS-325204,60533-86,
oldbook_merged_xlsx,DS325199,60537-89,
oldbook_merged_xlsx,0934-1722,60538,
wps_merged_xlsx,681-4931,60538-81,James Gaskets
wps_merged_xlsx,681-4930,60538-81,James Gaskets
oldbook_merged_xlsx,0934-4629,60538-81A/B/C/D/E,
oldbook_merged_xlsx,2011-1489,60538-81A/B/C/D/E,
oldbook_merged_xlsx,DS-174352,60538-81A/B/C/D/E,
oldbook_merged_xlsx,2011-1488,60539-89,
wps_merged_xlsx,681-4610,60539-89,James Gaskets
oldbook_merged_xlsx,DS-174382,60539-89,
oldbook_merged_xlsx,0934-4631,60539-94,
fatbook_merged_xlsx,0934-4631,60539-94,
wps_merged_xlsx,681-4265,60539-94,James Gaskets
oldbook_merged_xlsx,DS-174308,60539-94,
fatbook_merged_xlsx,DS-174308,60539-94,
fatbook_merged_xlsx,0934-4808,60539-99,
oldbook_merged_xlsx,DS-174344,60540-36,
wps_merged_xlsx,681-5175,60540-36,James Gaskets
oldbook_merged_xlsx,DS-173394,60540-65,
wps_merged_xlsx,681-4934,60540-65,James Gaskets
wps_merged_xlsx,681-4933,60540-65,James Gaskets
oldbook_merged_xlsx,0934-0727,60540-65A,
fatbook_merged_xlsx,0934-1196,60547-06,
wps_merged_xlsx,681-4263,60547-06,James Gaskets
fatbook_merged_xlsx,0934-1205,60547-06,
wps_merged_xlsx,681-4262,60547-06,James Gaskets
fatbook_merged_xlsx,0934-1626,60547-06F,
oldbook_merged_xlsx,1107-0195,60555-36,
oldbook_merged_xlsx,1107-0197,60557-36,
oldbook_merged_xlsx,0934-1371,60559-80,
wps_merged_xlsx,681-4707,60559-80,James Gaskets
oldbook_merged_xlsx,DS-174443,60559-80,
oldbook_merged_xlsx,0934-1712,60565-36,
wps_merged_xlsx,681-5176,60565-36,James Gaskets
oldbook_merged_xlsx,DS-174780,60565-36,
oldbook_merged_xlsx,0934-1365,60567-36,
wps_merged_xlsx,681-5177,60567-36,James Gaskets
oldbook_merged_xlsx,0934-4680,60567-36,
oldbook_merged_xlsx,DS-174380,60567-36,
fatbook_merged_xlsx,DS-174430,60567-65,
wps_merged_xlsx,681-4937,60567-65,James Gaskets
wps_merged_xlsx,681-4614,60567-65,James Gaskets
wps_merged_xlsx,681-4936,60567-65,James Gaskets
oldbook_merged_xlsx,DS-174430,60567-65A/B/C,
oldbook_merged_xlsx,2011-1495,60567-65A/B/C,
oldbook_merged_xlsx,DS-174305,60567-65A/B/C,
oldbook_merged_xlsx,DS-173477,60567-65A/B/C,
fatbook_merged_xlsx,2011-1495,60567-65B,
fatbook_merged_xlsx,DS-174305,60567-65B,
fatbook_merged_xlsx,DS-173477,60567-65C,
oldbook_merged_xlsx,0934-2120,60567-90,
fatbook_merged_xlsx,DS-173476,60567-90,
wps_merged_xlsx,681-4615,60567-90,James Gaskets
oldbook_merged_xlsx,DS-173476,60567-90,
fatbook_merged_xlsx,0934-2120,60567-90,
wps_merged_xlsx,681-4939,60567-90,James Gaskets
oldbook_merged_xlsx,7808-1027,60567-90,
fatbook_merged_xlsx,7808-1027,60567-90,
wps_merged_xlsx,681-4613,60567-90,James Gaskets
oldbook_merged_xlsx,0934-1627,60567-90,
wps_merged_xlsx,681-4638,6057,James Gaskets
oldbook_merged_xlsx,1107-0196,60572-36,
oldbook_merged_xlsx,1107-0198,60573-36,
vtwin_merged_xlsx,10-0743,60593-74,
fatbook_merged_xlsx,1202-0063,60609-07,
fatbook_merged_xlsx,1202-0063,60615-07,
oldbook_merged_xlsx,1107-0187,60620-36,
oldbook_merged_xlsx,1107-0191,60620-36,
oldbook_merged_xlsx,1107-0188,60620-55,
oldbook_merged_xlsx,1107-0192,60620-55,
oldbook_merged_xlsx,0934-1366,60629-55,
wps_merged_xlsx,681-5179,60629-55,James Gaskets
oldbook_merged_xlsx,DS-174324,60629-55,
oldbook_merged_xlsx,0934-1554,60629-65,
wps_merged_xlsx,681-4943,60629-65,James Gaskets
fatbook_merged_xlsx,1202-0108,60633-08,
oldbook_merged_xlsx,0935-0184,60641-74,
wps_merged_xlsx,68-9525,60641-74,Cometic Gaskets
oldbook_merged_xlsx,DS-194462,60641-74,
wps_merged_xlsx,681-4946,60641-74,James Gaskets
oldbook_merged_xlsx,1107-0389,60642-85,
oldbook_merged_xlsx,0935-0183,60645-65,
wps_merged_xlsx,68-9702,60645-65,Cometic Gaskets
oldbook_merged_xlsx,0935-0242,60645-65,
wps_merged_xlsx,681-5032,60645-65,James Gaskets
oldbook_merged_xlsx,DS-174230,60645-65,
wps_merged_xlsx,681-4955,60645-65,James Gaskets
oldbook_merged_xlsx,1107-0047,60668-99,
oldbook_merged_xlsx,1107-0390,60670-85A,
fatbook_merged_xlsx,1107-0390,60670-85A,
oldbook_merged_xlsx,DS-188082,60678-85,
fatbook_merged_xlsx,1132-0005,60678-85,
fatbook_merged_xlsx,DS-188082,60678-85,
oldbook_merged_xlsx,1107-0362,60713-99,
fatbook_merged_xlsx,1107-0325,60764-06,
wps_merged_xlsx,820-2631,60764-06,HardDrive
fatbook_merged_xlsx,1107-0324,60782-06,
wps_merged_xlsx,820-2629,60782-06,HardDrive
fatbook_merged_xlsx,1202-0063,60867-08,
fatbook_merged_xlsx,1401-0632,60955-11,
fatbook_merged_xlsx,0707-0029,61001-01,
fatbook_merged_xlsx,0707-0012,61011-04A,
fatbook_merged_xlsx,0706-0237,61015-04A,
oldbook_merged_xlsx,0701-0762,61023-93,
fatbook_merged_xlsx,0701-0762,61023-93,
wps_merged_xlsx,820-52213,61023-93,HardDrive
fatbook_merged_xlsx,0935-1303,6103004A,
oldbook_merged_xlsx,DS-390130,61102-73,
fatbook_merged_xlsx,DS-390135,61102-83A,
oldbook_merged_xlsx,DS-390193,61103-36,
oldbook_merged_xlsx,DS-390194,61103-65,
oldbook_merged_xlsx,DS-390131,61103-73,
fatbook_merged_xlsx,DS-390136,61103-83B,
fatbook_merged_xlsx,DS-390282,61103-83B,
oldbook_merged_xlsx,DS-174515,61109-85A/B/C/D,
wps_merged_xlsx,681-4595,61109-85C,James Gaskets
fatbook_merged_xlsx,DS-174515,61109-85C/D,
oldbook_merged_xlsx,DS-174516,61111-77,
wps_merged_xlsx,681-5004,61111-77,James Gaskets
oldbook_merged_xlsx,DS-174517,61114-48,
wps_merged_xlsx,681-5005,61114-48,James Gaskets
oldbook_merged_xlsx,DS-174518,61116-65,
wps_merged_xlsx,681-5003,61116-65,James Gaskets
oldbook_merged_xlsx,2404-1028,61135-47,
oldbook_merged_xlsx,2404-1030,61135-52,
oldbook_merged_xlsx,2404-1029,61135-52A,
fatbook_merged_xlsx,DS-173500,6114,
wps_merged_xlsx,68-9400,6114,Cometic Gaskets
oldbook_merged_xlsx,DS-173505,61192-88,
wps_merged_xlsx,681-4596,61192-88,James Gaskets
fatbook_merged_xlsx,0706-0438,61200052,
fatbook_merged_xlsx,0707-0076,61200058,
fatbook_merged_xlsx,0706-0365,61208-10,
wps_merged_xlsx,820-52206,61211-67,HardDrive
oldbook_merged_xlsx,DS-391238,61211-84A,
oldbook_merged_xlsx,DS-391236,61213-83,
wps_merged_xlsx,820-52208,61213-83,HardDrive
wps_merged_xlsx,820-52205,61218-67A,HardDrive
oldbook_merged_xlsx,DS-391237,61218-85,
wps_merged_xlsx,820-52207,61219-83,HardDrive
oldbook_merged_xlsx,DS-391236,61229-83,
fatbook_merged_xlsx,DS-390281,61272-92A,
oldbook_merged_xlsx,0703-0821,61274-92,
fatbook_merged_xlsx,0703-0821,61274-92/B,
oldbook_merged_xlsx,0701-0663,61326-95,
fatbook_merged_xlsx,0701-0663,61326-95,
wps_merged_xlsx,681-4601,61326-95,James Gaskets
oldbook_merged_xlsx,DS-173458,61326-95,
fatbook_merged_xlsx,DS-173458,61326-95,
oldbook_merged_xlsx,0707-0013,61343-95,
fatbook_merged_xlsx,0707-0013,61343-95,
fatbook_merged_xlsx,0701-0764,61348-04,
fatbook_merged_xlsx,0701-0765,61348-07,
oldbook_merged_xlsx,0701-0762,61348-96A,
fatbook_merged_xlsx,0701-0762,61348-96A,
wps_merged_xlsx,820-52214,61348-96A,HardDrive
fatbook_merged_xlsx,0701-0732,61381-02,
fatbook_merged_xlsx,0701-0733,61402-02,
fatbook_merged_xlsx,0701-0665,61402-08,
fatbook_merged_xlsx,0701-0765,61405-07,
fatbook_merged_xlsx,0706-0230,61408-00A,
oldbook_merged_xlsx,DS-373648,61411-82,
wps_merged_xlsx,681-4867,6156,James Gaskets
oldbook_merged_xlsx,DS-373661,61647-77,
fatbook_merged_xlsx,0707-0044,61959-00,
wps_merged_xlsx,811-11005,62-0938,Carlisle
wps_merged_xlsx,811-11004,62-0941,Carlisle
wps_merged_xlsx,811-11004,62-0941,Carlisle
wps_merged_xlsx,811-11006,62-0942,Carlisle
wps_merged_xlsx,811-11003,62-0943,Carlisle
wps_merged_xlsx,811-11009,62-0944,Carlisle
wps_merged_xlsx,811-11010,62-0945,Carlisle
wps_merged_xlsx,811-11007,62-0964,Carlisle
wps_merged_xlsx,811-11012,62-1172,Carlisle
wps_merged_xlsx,811-11008,62-1178,Carlisle
oldbook_merged_xlsx,DS-390205,62033-41,
wps_merged_xlsx,681-5165,62085-40,James Gaskets
fatbook_merged_xlsx,0510-0222,62123-07,
oldbook_merged_xlsx,DS-240008,62123-66,
wps_merged_xlsx,820-52253,62125-55B,HardDrive
fatbook_merged_xlsx,DS-243846,62127-84A,
oldbook_merged_xlsx,DS-390218,62166-81,
fatbook_merged_xlsx,DS-390218,62166-81,
oldbook_merged_xlsx,DS-390219,62167-81,
fatbook_merged_xlsx,DS-390219,62167-81,
oldbook_merged_xlsx,DS-390218,62168-81,
fatbook_merged_xlsx,DS-390218,62168-81,
wps_merged_xlsx,681-4245,62172-02,James Gaskets
wps_merged_xlsx,681-4593,62172-75,James Gaskets
fatbook_merged_xlsx,0706-0233,62189-01A,
fatbook_merged_xlsx,0706-0234,62189-08,
fatbook_merged_xlsx,0706-0235,62194-04B,
oldbook_merged_xlsx,1610-0471,6220W,
fatbook_merged_xlsx,0706-0231,62228-03,
fatbook_merged_xlsx,0706-0232,62228-08A/B/C,
fatbook_merged_xlsx,0707-0077,62229-08B,
wps_merged_xlsx,681-5161,62270-32,James Gaskets
fatbook_merged_xlsx,3501-1154,6229W,
fatbook_merged_xlsx,0706-0122,62349-04F,
fatbook_merged_xlsx,0706-0229,62357-00,
oldbook_merged_xlsx,DS-173513,62360-50,
wps_merged_xlsx,681-5162,62360-50,James Gaskets
fatbook_merged_xlsx,1105-0269,62372-09,
fatbook_merged_xlsx,1009-0014,62373-01,
fatbook_merged_xlsx,1009-0025,62373-01,
fatbook_merged_xlsx,0935-1181,62400205,
wps_merged_xlsx,68-10305,62400205,Cometic Gaskets
oldbook_merged_xlsx,0934-1386,62423-90,
wps_merged_xlsx,68-9489,62423-90,Cometic Gaskets
oldbook_merged_xlsx,DS-174879,62423-90A,
wps_merged_xlsx,681-4667,62423-90A,James Gaskets
oldbook_merged_xlsx,0934-4639,62423-93,
oldbook_merged_xlsx,0934-1387,62432-93,
wps_merged_xlsx,681-4666,62432-93,James Gaskets
oldbook_merged_xlsx,DS-174520,62432-93A/B,
fatbook_merged_xlsx,DS-174520,62432-93A/B,
fatbook_merged_xlsx,0710-0163,62475-83,
oldbook_merged_xlsx,DS-310108,62483-81,
oldbook_merged_xlsx,0710-0162,62491-95,
fatbook_merged_xlsx,0710-0161,62492-00,
fatbook_merged_xlsx,0710-0161,62492-01A,
oldbook_merged_xlsx,DS-310109,62498-89,
oldbook_merged_xlsx,0710-0084,62563-65,
fatbook_merged_xlsx,0710-0084,62563-65,
wps_merged_xlsx,820-2690,62563-65,HardDrive
oldbook_merged_xlsx,DS-350145-PK,62563-65,
fatbook_merged_xlsx,DS-350145-P,62563-65,
wps_merged_xlsx,820-2691,62563-65,HardDrive
fatbook_merged_xlsx,2113-0774,62569-94,
wps_merged_xlsx,820-2643,62595-82A,HardDrive
oldbook_merged_xlsx,0710-0002,62607-93,
wps_merged_xlsx,681-5583,62617-52,James Gaskets
wps_merged_xlsx,681-5123,62628-36,James Gaskets
wps_merged_xlsx,681-5676,62628-52,James Gaskets
wps_merged_xlsx,681-4874,62628-66,James Gaskets
wps_merged_xlsx,820-26351,62635-79T,HardDrive
wps_merged_xlsx,820-2646,62636-96,HardDrive
oldbook_merged_xlsx,0710-0002,62640-93,
wps_merged_xlsx,820-2644,62644-84T,HardDrive
wps_merged_xlsx,820-2655,62667-87T,HardDrive
oldbook_merged_xlsx,0935-0214,62672-90,
fatbook_merged_xlsx,DS-174384,62672-90,
wps_merged_xlsx,68-9485,62672-90,Cometic Gaskets
wps_merged_xlsx,681-4518,62672-90,James Gaskets
oldbook_merged_xlsx,DS-174385,62673-90,
wps_merged_xlsx,681-4519,62673-90,James Gaskets
oldbook_merged_xlsx,0710-0001,62685-95A,
fatbook_merged_xlsx,PH6017,62700045,
wps_merged_xlsx,68-10244,62700212,Cometic Gaskets
fatbook_merged_xlsx,0712-0648,62700280,
fatbook_merged_xlsx,0712-0678,62700280,
fatbook_merged_xlsx,0712-0640,62700296,
fatbook_merged_xlsx,0712-0641,62700296,
fatbook_merged_xlsx,0712-0642,62700296,
fatbook_merged_xlsx,0712-0643,62700296,
fatbook_merged_xlsx,0712-0640,62700297,
fatbook_merged_xlsx,0712-0641,62700297,
fatbook_merged_xlsx,0712-0642,62700297,
fatbook_merged_xlsx,0712-0643,62700297,
oldbook_merged_xlsx,0935-0216,62702-52,
wps_merged_xlsx,68-9403,62702-52,Cometic Gaskets
oldbook_merged_xlsx,DS-174815,62702-52,
oldbook_merged_xlsx,DS-310255,62704-84,
oldbook_merged_xlsx,DS-310255,62707-84,
wps_merged_xlsx,68-10245,62800053,Cometic Gaskets
wps_merged_xlsx,820-2636,62809-06,HardDrive
fatbook_merged_xlsx,0705-0055,62842-00,
fatbook_merged_xlsx,0710-0089,62845-00A,
wps_merged_xlsx,820-2635,62845-00A,HardDrive
fatbook_merged_xlsx,0706-0123,62900-01D,
fatbook_merged_xlsx,0706-0121,62905-08,
fatbook_merged_xlsx,1009-0217,62908-08,
oldbook_merged_xlsx,0950-0537,63511-38,
oldbook_merged_xlsx,0950-0538,63511-58,
oldbook_merged_xlsx,0711-0233,63523-92,
oldbook_merged_xlsx,0711-0223,63525-92,
fatbook_merged_xlsx,0711-0223,63525-92,
wps_merged_xlsx,681-4525,63525-92,James Gaskets
oldbook_merged_xlsx,DS-174524,63525-92,
fatbook_merged_xlsx,0711-0227,63525-92,
oldbook_merged_xlsx,0711-0227,63528-92,
wps_merged_xlsx,68-10011,63528-92,Cometic Gaskets
oldbook_merged_xlsx,DS-174992,63528-92,
wps_merged_xlsx,681-4526,63528-92,James Gaskets
oldbook_merged_xlsx,DS-174525,63529-50,
wps_merged_xlsx,681-5126,63529-50,James Gaskets
oldbook_merged_xlsx,0935-0828,63529-57,
wps_merged_xlsx,68-9365,63529-57,Cometic Gaskets
oldbook_merged_xlsx,DS-174310,63529-57,
wps_merged_xlsx,681-4871,63529-57,James Gaskets
oldbook_merged_xlsx,2401-1120,63533-41,
fatbook_merged_xlsx,2401-1120,63533-41,
oldbook_merged_xlsx,2404-1027,63578-52,
fatbook_merged_xlsx,2404-1027,63578-52,
fatbook_merged_xlsx,0711-0245,63628-00,
fatbook_merged_xlsx,0711-0213,63632-00,
fatbook_merged_xlsx,0712-0435,63731-99,
wps_merged_xlsx,550-0171,63731-99,Hiflo Oil Filters
fatbook_merged_xlsx,0712-0436,63731-99,
wps_merged_xlsx,56-0171,63731-99,K&N
fatbook_merged_xlsx,0712-0008,63731-99A,
fatbook_merged_xlsx,0712-0011,63731-99A,
fatbook_merged_xlsx,0712-0021,63731-99A,
fatbook_merged_xlsx,0712-0369,63731-99A,
fatbook_merged_xlsx,0712-0494,63731-99A,
fatbook_merged_xlsx,0712-0495,63731-99A,
fatbook_merged_xlsx,0712-0540,63731-99A,
fatbook_merged_xlsx,0712-0541,63731-99A,
fatbook_merged_xlsx,DS-275108,63731-99A,
fatbook_merged_xlsx,DS-275109,63731-99A,
fatbook_merged_xlsx,DS-275188,63731-99A,
fatbook_merged_xlsx,HF171B,63731-99A,
fatbook_merged_xlsx,HF171C,63731-99A,
fatbook_merged_xlsx,KN-171B,63731-99A,
fatbook_merged_xlsx,KN-171C,63731-99A,
fatbook_merged_xlsx,PH6022,63731-99A,
wps_merged_xlsx,681-4868,6377,James Gaskets
oldbook_merged_xlsx,10-82400,63781-72,
oldbook_merged_xlsx,10-82410,63781-72,
oldbook_merged_xlsx,HF172C,63782-80,
oldbook_merged_xlsx,KN-172C,63782-80,
oldbook_merged_xlsx,10-07700,63782-80,
oldbook_merged_xlsx,0712-0018,63782-80A,
oldbook_merged_xlsx,0712-0132,63782-80A,
oldbook_merged_xlsx,0712-0599,63782-80A,
oldbook_merged_xlsx,DS275205,63782-80A,
oldbook_merged_xlsx,DS275206,63782-80A,
fatbook_merged_xlsx,0711-0214,63783-00,
fatbook_merged_xlsx,0712-0022,63793-01K,
fatbook_merged_xlsx,0712-0448,63793-01K,
fatbook_merged_xlsx,0712-0601,63793-01K,
fatbook_merged_xlsx,0712-0602,63793-01K,
fatbook_merged_xlsx,2005-1400,63793-01K,
fatbook_merged_xlsx,KN-174C,63793-01K,
oldbook_merged_xlsx,10-82400,63796-77A,
fatbook_merged_xlsx,0712-0004,63796-77A,
oldbook_merged_xlsx,10-82410,63796-77A,
fatbook_merged_xlsx,0712-0009,63796-77A,
oldbook_merged_xlsx,0712-0009,63796-77A,
fatbook_merged_xlsx,0712-0019,63796-77A,
oldbook_merged_xlsx,0712-0019,63796-77A,
fatbook_merged_xlsx,0712-0477,63796-77A,
oldbook_merged_xlsx,0712-0477,63796-77A,
fatbook_merged_xlsx,0712-0478,63796-77A,
oldbook_merged_xlsx,0712-0478,63796-77A,
fatbook_merged_xlsx,0712-0538,63796-77A,
oldbook_merged_xlsx,DS275203,63796-77A,
fatbook_merged_xlsx,0712-0539,63796-77A,
oldbook_merged_xlsx,DS275204,63796-77A,
fatbook_merged_xlsx,0712-0595,63796-77A,
oldbook_merged_xlsx,HF170B,63796-77A,
fatbook_merged_xlsx,0712-0596,63796-77A,
oldbook_merged_xlsx,HF170C,63796-77A,
fatbook_merged_xlsx,DS-275126,63796-77A,
oldbook_merged_xlsx,KN-170,63796-77A,
fatbook_merged_xlsx,DS275203,63796-77A,
oldbook_merged_xlsx,KN-170C,63796-77A,
fatbook_merged_xlsx,DS275204,63796-77A,
fatbook_merged_xlsx,HF170B,63796-77A,
fatbook_merged_xlsx,HF170C,63796-77A,
fatbook_merged_xlsx,KN-170,63796-77A,
fatbook_merged_xlsx,KN-170C,63796-77A,
fatbook_merged_xlsx,HF171B,63798-99A,
fatbook_merged_xlsx,HF171C,63798-99A,
fatbook_merged_xlsx,KN-171B,63798-99A,
fatbook_merged_xlsx,KN-171C,63798-99A,
fatbook_merged_xlsx,PH6022,63798-99A,
fatbook_merged_xlsx,0712-0008,63798-99A,
fatbook_merged_xlsx,0712-0011,63798-99A,
fatbook_merged_xlsx,0712-0435,63798-99A,
fatbook_merged_xlsx,0712-0436,63798-99A,
fatbook_merged_xlsx,0712-0494,63798-99A,
fatbook_merged_xlsx,0712-0495,63798-99A,
fatbook_merged_xlsx,0712-0540,63798-99A,
fatbook_merged_xlsx,0712-0541,63798-99A,
fatbook_merged_xlsx,0712-0597,63798-99A,
fatbook_merged_xlsx,0712-0598,63798-99A,
fatbook_merged_xlsx,DS-275108,63798-99A,
fatbook_merged_xlsx,DS-275109,63798-99A,
fatbook_merged_xlsx,DS-275188,63798-99A,
fatbook_merged_xlsx,0712-0597,6379899A,
fatbook_merged_xlsx,0712-0598,6379899A,
oldbook_merged_xlsx,10-82400,63805-80A,
fatbook_merged_xlsx,0712-0004,63805-80A,
wps_merged_xlsx,550-0170,63805-80A,Hiflo Oil Filters
oldbook_merged_xlsx,10-82410,63805-80A,
fatbook_merged_xlsx,0712-0009,63805-80A,
wps_merged_xlsx,56-0170,63805-80A,K&N
oldbook_merged_xlsx,0712-0009,63805-80A,
fatbook_merged_xlsx,0712-0019,63805-80A,
oldbook_merged_xlsx,0712-0019,63805-80A,
fatbook_merged_xlsx,0712-0477,63805-80A,
oldbook_merged_xlsx,0712-0477,63805-80A,
fatbook_merged_xlsx,0712-0478,63805-80A,
oldbook_merged_xlsx,0712-0478,63805-80A,
fatbook_merged_xlsx,0712-0538,63805-80A,
oldbook_merged_xlsx,DS275203,63805-80A,
fatbook_merged_xlsx,0712-0539,63805-80A,
oldbook_merged_xlsx,DS275204,63805-80A,
fatbook_merged_xlsx,0712-0595,63805-80A,
oldbook_merged_xlsx,HF170B,63805-80A,
fatbook_merged_xlsx,0712-0596,63805-80A,
oldbook_merged_xlsx,HF170C,63805-80A,
fatbook_merged_xlsx,DS-275126,63805-80A,
oldbook_merged_xlsx,KN-170,63805-80A,
fatbook_merged_xlsx,DS275203,63805-80A,
oldbook_merged_xlsx,KN-170C,63805-80A,
fatbook_merged_xlsx,DS275204,63805-80A,
fatbook_merged_xlsx,HF170B,63805-80A,
fatbook_merged_xlsx,HF170C,63805-80A,
fatbook_merged_xlsx,KN-170,63805-80A,
fatbook_merged_xlsx,KN-170C,63805-80A,
fatbook_merged_xlsx,0712-0044,63806-00Y,
fatbook_merged_xlsx,PH4967,63806-00Y,
oldbook_merged_xlsx,10-82400,63806-83,
fatbook_merged_xlsx,0712-0004,63806-83,
oldbook_merged_xlsx,10-82410,63806-83,
fatbook_merged_xlsx,0712-0009,63806-83,
oldbook_merged_xlsx,0712-0009,63806-83,
fatbook_merged_xlsx,0712-0019,63806-83,
oldbook_merged_xlsx,0712-0019,63806-83,
fatbook_merged_xlsx,0712-0538,63806-83,
oldbook_merged_xlsx,DS275203,63806-83,
fatbook_merged_xlsx,0712-0539,63806-83,
oldbook_merged_xlsx,DS275204,63806-83,
fatbook_merged_xlsx,DS-275126,63806-83,
fatbook_merged_xlsx,DS275203,63806-83,
fatbook_merged_xlsx,DS275204,63806-83,
fatbook_merged_xlsx,0712-0045,6380600Y,
wps_merged_xlsx,681-5125,63809-48,James Gaskets
oldbook_merged_xlsx,0712-0018,63810-80,
oldbook_merged_xlsx,0712-0132,63810-80,
oldbook_merged_xlsx,0712-0599,63810-80,
oldbook_merged_xlsx,DS275205,63810-80,
oldbook_merged_xlsx,DS275206,63810-80,
oldbook_merged_xlsx,10-07700,63810-80A,
oldbook_merged_xlsx,10-07800,63810-80A,
oldbook_merged_xlsx,HF172C,63810-80A,
oldbook_merged_xlsx,KN-172C,63810-80A,
oldbook_merged_xlsx,10-82420,63812-90,
oldbook_merged_xlsx,10-82430,63812-90,
oldbook_merged_xlsx,HF173C,63812-90,
oldbook_merged_xlsx,KN-173C,63812-90,
oldbook_merged_xlsx,10-82420,63813-90,
oldbook_merged_xlsx,10-82430,63813-90,
oldbook_merged_xlsx,0712-0012,63813-90,
oldbook_merged_xlsx,0712-0023,63813-90,
oldbook_merged_xlsx,0712-0600,63813-90,
oldbook_merged_xlsx,DS-275118,63813-90,
oldbook_merged_xlsx,DS-275119,63813-90,
oldbook_merged_xlsx,HF173C,63813-90,
oldbook_merged_xlsx,KN-173C,63813-90,
fatbook_merged_xlsx,0934-1333,63815-99,
wps_merged_xlsx,68-9679,63815-99,Cometic Gaskets
fatbook_merged_xlsx,DS-173248,63815-99,
oldbook_merged_xlsx,0712-0409,63840-48A,
oldbook_merged_xlsx,DS275202,63840-48A,
oldbook_merged_xlsx,10-28300,63840-53,
wps_merged_xlsx,550-0178,63840-53,Hiflo Oil Filters
oldbook_merged_xlsx,0712-0459,63840-53,
oldbook_merged_xlsx,DS275201,63840-53,
wps_merged_xlsx,681-5124,63848-48,James Gaskets
oldbook_merged_xlsx,0935-0169,63858-49,
fatbook_merged_xlsx,DS-174332,63858-49,
wps_merged_xlsx,68-9286,63858-49,Cometic Gaskets
oldbook_merged_xlsx,DS-174332,63858-49,
wps_merged_xlsx,681-4450,63858-49,James Gaskets
wps_merged_xlsx,681-4628,63859-95,James Gaskets
oldbook_merged_xlsx,0934-1405,63859-95A,
fatbook_merged_xlsx,0934-1197,63869-06,
wps_merged_xlsx,681-4272,63869-06,James Gaskets
fatbook_merged_xlsx,0934-2020,63869-06,
wps_merged_xlsx,681-4875,63879-53,James Gaskets
oldbook_merged_xlsx,DS-181201,6400BH,
fatbook_merged_xlsx,DS-181201,6400BH,
fatbook_merged_xlsx,DS-174355,6410,
oldbook_merged_xlsx,DS-373655,64205-40,
oldbook_merged_xlsx,DS373701,64206-89,
oldbook_merged_xlsx,0927-0025,6466W,
fatbook_merged_xlsx,DS-194043,6506,
vtwin_merged_xlsx,10-1150,6506,
oldbook_merged_xlsx,0922-0110,6506A,
vtwin_merged_xlsx,10-1167,6508,
fatbook_merged_xlsx,0926-3302,65109-01,
fatbook_merged_xlsx,0934-1239,65109-01,
oldbook_merged_xlsx,1860-0667,65296-95A,
fatbook_merged_xlsx,1860-0667,65296-95A,
oldbook_merged_xlsx,DS-209923,65318-58A,
wps_merged_xlsx,68-9719,65324-83,Cometic Gaskets
wps_merged_xlsx,68-9288,65324-83A,Cometic Gaskets
wps_merged_xlsx,681-4227,65324-83A,James Gaskets
wps_merged_xlsx,681-4226,65324-83A,James Gaskets
wps_merged_xlsx,681-4228,65324-83A,James Gaskets
oldbook_merged_xlsx,0934-2556,65324-83A/B,
fatbook_merged_xlsx,0934-2556,65324-83A/B,
oldbook_merged_xlsx,DS-174742,65324-83A/B,
fatbook_merged_xlsx,DS-174742,65324-83A/B,
oldbook_merged_xlsx,0934-1337,65324-83A/B,
fatbook_merged_xlsx,0934-1337,65324-83A/B,
oldbook_merged_xlsx,0934-1556,65324-83A/B,
fatbook_merged_xlsx,DS-174735,65324-83A/B,
oldbook_merged_xlsx,DS-174735,65324-83A/B,
fatbook_merged_xlsx,0934-1882,65324-83A/B,
oldbook_merged_xlsx,0934-1882,65324-83A/B,
fatbook_merged_xlsx,0934-5077,65324-83A/B,
oldbook_merged_xlsx,0934-5077,65324-83A/B,
wps_merged_xlsx,68-9247,65324-83X,Cometic Gaskets
oldbook_merged_xlsx,1861-0458,65325-83,
fatbook_merged_xlsx,1861-0458,65325-83,
oldbook_merged_xlsx,DS-203109,65325-83,
fatbook_merged_xlsx,DS-203109,65325-83,
wps_merged_xlsx,681-4225,65325-83A,James Gaskets
fatbook_merged_xlsx,DS223419,65401-96,
oldbook_merged_xlsx,DS-209933,65459-95,
fatbook_merged_xlsx,0214-0888,6551,
oldbook_merged_xlsx,DS-209940,65599-80A,
fatbook_merged_xlsx,DS-209940,65599-80A,
fatbook_merged_xlsx,DS-280271,65610-74C,
oldbook_merged_xlsx,1861-0998,65619-98,
fatbook_merged_xlsx,1861-0998,65619-98,
oldbook_merged_xlsx,1861-1208,65670-82B,
oldbook_merged_xlsx,0932-0050,657,
oldbook_merged_xlsx,0932-0051,657,
oldbook_merged_xlsx,DS-203083,65702-86,
oldbook_merged_xlsx,DS-174354,65721-85,
wps_merged_xlsx,681-4575,65721-85,James Gaskets
oldbook_merged_xlsx,DS-203018,65722-85,
oldbook_merged_xlsx,1861-1517,65723-85,
fatbook_merged_xlsx,1861-1517,65723-85,
oldbook_merged_xlsx,1861-1518,65723-85,
fatbook_merged_xlsx,1861-1518,65723-85,
oldbook_merged_xlsx,1861-0808,65724-85,
wps_merged_xlsx,820-2641,65724-85,HardDrive
oldbook_merged_xlsx,1861-1518,65724-85,
fatbook_merged_xlsx,1861-1518,65724-85A,
oldbook_merged_xlsx,DS-203083,65732-86,
oldbook_merged_xlsx,0934-2557,65781-82,
fatbook_merged_xlsx,0934-2557,65781-82,
wps_merged_xlsx,681-4574,65781-82,James Gaskets
oldbook_merged_xlsx,DS-174741,65781-82,
fatbook_merged_xlsx,DS-174741,65781-82,
wps_merged_xlsx,681-4869,6581,James Gaskets
oldbook_merged_xlsx,0934-2560,65826-90,
wps_merged_xlsx,681-4573,65826-90,James Gaskets
oldbook_merged_xlsx,DS-173518,65826-90A,
fatbook_merged_xlsx,DS-173518,65826-90A,
fatbook_merged_xlsx,0934-2558,65830-03,
oldbook_merged_xlsx,0934-1634,65834-68A,
wps_merged_xlsx,681-4900,65834-68A,James Gaskets
oldbook_merged_xlsx,DS-173461,65834-68A,
oldbook_merged_xlsx,DS-174746,65834-68A,
oldbook_merged_xlsx,DS-174745,65834-68A,
oldbook_merged_xlsx,0934-1631,65834-68A,
oldbook_merged_xlsx,0934-1632,65834-68A,
oldbook_merged_xlsx,0934-1633,65834-68A,
wps_merged_xlsx,68-9587,65834-68X,Cometic Gaskets
oldbook_merged_xlsx,0934-1635,65834-98,
fatbook_merged_xlsx,0935-0363,6589,
oldbook_merged_xlsx,1861-1222,65900015,
oldbook_merged_xlsx,1861-1223,65900015,
fatbook_merged_xlsx,0934-6424,65900017,
fatbook_merged_xlsx,0934-7526,65900017,
fatbook_merged_xlsx,0934-7810,65900017,
fatbook_merged_xlsx,0934-7524,65900040,
fatbook_merged_xlsx,0934-7522,65900051,
fatbook_merged_xlsx,0934-7812,65900051,
fatbook_merged_xlsx,0934-7523,65900056,
fatbook_merged_xlsx,0934-7811,65900056,
fatbook_merged_xlsx,0214-2731,6590HW,
fatbook_merged_xlsx,2401-0447,6590HW,
fatbook_merged_xlsx,0934-2559,65927-00,
fatbook_merged_xlsx,0214-0887,6594,
fatbook_merged_xlsx,2113-0009,65948-00,
fatbook_merged_xlsx,2113-0014,65958-04,
fatbook_merged_xlsx,2113-0213,65958-04,
fatbook_merged_xlsx,2113-0325,65958-04,
fatbook_merged_xlsx,2113-0769,65958-04,
oldbook_merged_xlsx,2113-0012,65989-97A/B/C/D,
fatbook_merged_xlsx,2113-0324,65989-97A/B/C/D,
oldbook_merged_xlsx,2113-0324,65989-97A/B/C/D,
fatbook_merged_xlsx,2113-0781,65989-97A/B/C/D,
oldbook_merged_xlsx,2113-0781,65989-97A/B/C/D,
fatbook_merged_xlsx,2113-0794,65989-97A/B/C/D,
oldbook_merged_xlsx,2113-0794,65989-97A/B/C/D,
oldbook_merged_xlsx,2113-0011,65991-82B,
fatbook_merged_xlsx,2113-0011,65991-82B,
oldbook_merged_xlsx,2113-0323,65991-82B,
fatbook_merged_xlsx,2113-0323,65991-82B,
oldbook_merged_xlsx,2113-0780,65991-82B,
fatbook_merged_xlsx,2113-0780,65991-82B,
oldbook_merged_xlsx,2113-0793,65991-82B,
fatbook_merged_xlsx,2113-0793,65991-82B,
fatbook_merged_xlsx,2113-0799,66000035,
fatbook_merged_xlsx,2113-0799,66000036,
fatbook_merged_xlsx,2113-0798,66000116,
fatbook_merged_xlsx,2113-0952,66000118,
fatbook_merged_xlsx,2113-0955,66000118,
fatbook_merged_xlsx,2113-0951,66000233,
fatbook_merged_xlsx,2113-0954,66000233,
oldbook_merged_xlsx,2113-0214,66006-29F,
oldbook_merged_xlsx,2113-0007,66006-70,
oldbook_merged_xlsx,2113-0215,66006-70,
oldbook_merged_xlsx,2113-0008,66007-84,
oldbook_merged_xlsx,2113-0216,66007-84,
oldbook_merged_xlsx,2113-0013,66010-82B,
oldbook_merged_xlsx,2113-0212,66010-82B,
oldbook_merged_xlsx,2113-0010,66010-97A/B/C/D,
fatbook_merged_xlsx,2113-0010,66010-97A/B/C/D,
oldbook_merged_xlsx,2113-0322,66010-97A/B/C/D,
fatbook_merged_xlsx,2113-0322,66010-97A/B/C/D,
oldbook_merged_xlsx,2113-0782,66010-97A/B/C/D,
fatbook_merged_xlsx,2113-0782,66010-97A/B/C/D,
oldbook_merged_xlsx,2113-0795,66010-97A/B/C/D,
fatbook_merged_xlsx,2113-0795,66010-97A/B/C/D,
fatbook_merged_xlsx,2113-0108,66017-01,
oldbook_merged_xlsx,DS-324106,66072-83T,
oldbook_merged_xlsx,DS-324107,66072-83T,
oldbook_merged_xlsx,DS-174935,66103-74A,
fatbook_merged_xlsx,DS-174935,66103-74A,
oldbook_merged_xlsx,DS-317465,66105-77,
oldbook_merged_xlsx,DS317466,66109-93,
oldbook_merged_xlsx,2113-0379,66183-82,
vtwin_merged_xlsx,10-8525,662-30,
vtwin_merged_xlsx,10-8526,662-34,
oldbook_merged_xlsx,DS-310480,66210-85B,
wps_merged_xlsx,820-2720,66210-85B,HardDrive
wps_merged_xlsx,820-2721,66210-97,HardDrive
vtwin_merged_xlsx,10-8521,663-26,
oldbook_merged_xlsx,DS-373680,66325-82,
fatbook_merged_xlsx,DS-373680,66325-82,
oldbook_merged_xlsx,2113-0496,66347-91,
fatbook_merged_xlsx,DS324100,66347-91,
oldbook_merged_xlsx,DS-324104,66347-91,
oldbook_merged_xlsx,DS324100,66347-91,
oldbook_merged_xlsx,DS-174938,66352-65,
oldbook_merged_xlsx,2113-0500,66367-73,
fatbook_merged_xlsx,2113-0500,66367-73,
oldbook_merged_xlsx,DS-324118,66367-73,
fatbook_merged_xlsx,DS-324118,66367-73,
fatbook_merged_xlsx,2113-0498,66367-97,
fatbook_merged_xlsx,DS324115,66367-97,
oldbook_merged_xlsx,DS-324123,66368-67,
oldbook_merged_xlsx,2113-0497,66368-90,
oldbook_merged_xlsx,DS-324114,66368-90,
oldbook_merged_xlsx,DS324119,66368-97,
fatbook_merged_xlsx,2113-0499,66368-97,
fatbook_merged_xlsx,DS324119,66368-97,
oldbook_merged_xlsx,DS-324123,66369-67,
oldbook_merged_xlsx,DS-324120,66369-70,
oldbook_merged_xlsx,2113-0499,66369-97,
oldbook_merged_xlsx,DS-324116,66370-65,
oldbook_merged_xlsx,2113-0495,66375-97,
fatbook_merged_xlsx,2113-0495,66375-97,
oldbook_merged_xlsx,DS324126,66375-97,
fatbook_merged_xlsx,DS324126,66375-97,
oldbook_merged_xlsx,2113-0298,66378-70,
oldbook_merged_xlsx,DS-317462,66383-70,
vtwin_merged_xlsx,10-8515,664-26,
fatbook_merged_xlsx,DS317468,66467-73A,
oldbook_merged_xlsx,DS-317461,66470-67,
oldbook_merged_xlsx,DS-317463,66470-70,
fatbook_merged_xlsx,2113-0381,66476-04A,
fatbook_merged_xlsx,DS317468,66476-73,
oldbook_merged_xlsx,DS317468,66476-73/A,
fatbook_merged_xlsx,DS317469,66476-98,
fatbook_merged_xlsx,2401-0446,6653,
fatbook_merged_xlsx,0214-0889,6655,
fatbook_merged_xlsx,2401-0117,6655,
oldbook_merged_xlsx,2113-0494,66718-01,
fatbook_merged_xlsx,2113-0494,66718-01,
oldbook_merged_xlsx,DS324112,66718-01,
fatbook_merged_xlsx,DS324112,66718-01,
fatbook_merged_xlsx,0934-7525,66813-09,
oldbook_merged_xlsx,DS-243864,67020-73B,
oldbook_merged_xlsx,0655-0025,67024-84A,
wps_merged_xlsx,70-6011,67024-84A,Motion Pro
oldbook_merged_xlsx,0655-0038,67024-84A,
wps_merged_xlsx,70-660129,67024-84A,Motion Pro
oldbook_merged_xlsx,0655-0052,67024-84A,
oldbook_merged_xlsx,0655-0064,67024-84A,
oldbook_merged_xlsx,0655-0036,67026-36,
wps_merged_xlsx,70-6152,67026-37,Motion Pro
oldbook_merged_xlsx,0655-0033,67026-62,
wps_merged_xlsx,70-6012,67026-62,Motion Pro
oldbook_merged_xlsx,0655-0049,67026-62,
oldbook_merged_xlsx,0655-0026,67026-81,
wps_merged_xlsx,70-6013,67026-81,Motion Pro
oldbook_merged_xlsx,0655-0042,67026-81,
wps_merged_xlsx,70-660131,67026-81,Motion Pro
oldbook_merged_xlsx,0655-0054,67026-81,
oldbook_merged_xlsx,0655-0066,67026-81,
wps_merged_xlsx,820-2639,67027-96A,HardDrive
oldbook_merged_xlsx,2210-0104,67027-99,
fatbook_merged_xlsx,2210-0104,67027-99,
fatbook_merged_xlsx,DS-181201,6703,
wps_merged_xlsx,820-2640,67033-99,HardDrive
oldbook_merged_xlsx,0655-0025,67038-84,
wps_merged_xlsx,70-6011,67038-84,Motion Pro
oldbook_merged_xlsx,0655-0038,67038-84,
wps_merged_xlsx,70-660129,67038-84,Motion Pro
oldbook_merged_xlsx,0655-0052,67038-84,
oldbook_merged_xlsx,0655-0064,67038-84,
fatbook_merged_xlsx,2210-0390,67041-98B,
fatbook_merged_xlsx,2210-0503,67041-98B,
oldbook_merged_xlsx,0655-0044,67048-83A,
fatbook_merged_xlsx,0655-0068,67048-83A,
oldbook_merged_xlsx,0655-0055,67048-83A,
oldbook_merged_xlsx,0655-0068,67048-83A,
oldbook_merged_xlsx,0655-0024,67051-73,
fatbook_merged_xlsx,0655-0031,67051-73,
wps_merged_xlsx,70-6010,67051-73,Motion Pro
oldbook_merged_xlsx,0655-0031,67051-73,
fatbook_merged_xlsx,0655-0047,67051-73,
wps_merged_xlsx,70-660128,67051-73,Motion Pro
oldbook_merged_xlsx,0655-0047,67051-73,
oldbook_merged_xlsx,0655-0063,67051-73,
oldbook_merged_xlsx,0655-0025,67051-74,
wps_merged_xlsx,70-6011,67051-74,Motion Pro
oldbook_merged_xlsx,0655-0038,67051-74,
wps_merged_xlsx,70-660129,67051-74,Motion Pro
oldbook_merged_xlsx,0655-0052,67051-74,
oldbook_merged_xlsx,0655-0064,67051-74,
oldbook_merged_xlsx,0407-0569,67052-78A,
fatbook_merged_xlsx,0655-0031,67052-78A,
wps_merged_xlsx,70-6010,67052-78A,Motion Pro
oldbook_merged_xlsx,0407-0570,67052-78A,
fatbook_merged_xlsx,0655-0047,67052-78A,
wps_merged_xlsx,70-660128,67052-78A,Motion Pro
oldbook_merged_xlsx,0655-0024,67052-78A,
oldbook_merged_xlsx,0655-0031,67052-78A,
oldbook_merged_xlsx,0655-0047,67052-78A,
oldbook_merged_xlsx,0655-0063,67052-78A,
oldbook_merged_xlsx,0655-0044,67052-78B,
fatbook_merged_xlsx,0655-0027,67052-78B,
wps_merged_xlsx,70-6050,67052-78B,Motion Pro
oldbook_merged_xlsx,0655-0055,67052-78B,
fatbook_merged_xlsx,0655-0067,67052-78B,
wps_merged_xlsx,70-660132,67052-78B,Motion Pro
oldbook_merged_xlsx,0655-0032,67054-83A,
oldbook_merged_xlsx,0655-0048,67054-83A,
wps_merged_xlsx,70-6116,67054-83A/B,Motion Pro
wps_merged_xlsx,70-660135,67054-83A/B,Motion Pro
wps_merged_xlsx,70-6109,67060-79A,Motion Pro
wps_merged_xlsx,70-660133,67060-79A,Motion Pro
oldbook_merged_xlsx,0655-0064,67060-87A,
wps_merged_xlsx,70-6011,67060-87A,Motion Pro
oldbook_merged_xlsx,0655-0025,67060-87A,
wps_merged_xlsx,70-660129,67060-87A,Motion Pro
oldbook_merged_xlsx,0655-0037,67060-87A,
oldbook_merged_xlsx,0655-0041,67060-96,
fatbook_merged_xlsx,0655-0068,67060-96,
oldbook_merged_xlsx,0655-0053,67060-96,
oldbook_merged_xlsx,0655-0068,67060-96,
oldbook_merged_xlsx,0655-0041,67063-89,
fatbook_merged_xlsx,0655-0068,67063-89,
wps_merged_xlsx,70-6250,67063-89,Motion Pro
oldbook_merged_xlsx,0655-0053,67063-89,
wps_merged_xlsx,70-660263,67063-89,Motion Pro
oldbook_merged_xlsx,0655-0068,67063-89,
oldbook_merged_xlsx,DS-243817,67068-76,
oldbook_merged_xlsx,DS-243817,67069-76,
oldbook_merged_xlsx,DS-243817,67070-76,
wps_merged_xlsx,70-6011,67072-79,Motion Pro
wps_merged_xlsx,70-660129,67072-79,Motion Pro
oldbook_merged_xlsx,0655-0037,67072-79A,
oldbook_merged_xlsx,0655-0051,67072-79A,
oldbook_merged_xlsx,0655-0025,67072-79A,
oldbook_merged_xlsx,0655-0064,67072-79A,
wps_merged_xlsx,70-6013,67072-87A,Motion Pro
oldbook_merged_xlsx,0655-0042,67072-87A/B,
oldbook_merged_xlsx,0655-0054,67072-87A/B,
oldbook_merged_xlsx,0655-0026,67072-87A/B,
oldbook_merged_xlsx,0655-0066,67072-87A/B,
oldbook_merged_xlsx,0655-0037,67072-87A/B,
oldbook_merged_xlsx,0655-0051,67072-87A/B,
oldbook_merged_xlsx,DS-243859,67073-81,
oldbook_merged_xlsx,DS-243847,67073-87A,
oldbook_merged_xlsx,2401-0487,67074-57A,
oldbook_merged_xlsx,2401-0481,67075-36,
oldbook_merged_xlsx,0655-0043,67077-85,
oldbook_merged_xlsx,0655-0024,67078-85A,
fatbook_merged_xlsx,0655-0031,67078-85A,
oldbook_merged_xlsx,0655-0031,67078-85A,
fatbook_merged_xlsx,0655-0047,67078-85A,
oldbook_merged_xlsx,0655-0047,67078-85A,
oldbook_merged_xlsx,0655-0063,67078-85A,
oldbook_merged_xlsx,0655-0026,67079-86A,
oldbook_merged_xlsx,0655-0042,67079-86A,
oldbook_merged_xlsx,0655-0054,67079-86A,
oldbook_merged_xlsx,0655-0066,67079-86A,
oldbook_merged_xlsx,0934-6502,67096-87,
wps_merged_xlsx,681-4715,67096-87,James Gaskets
fatbook_merged_xlsx,DS-193631,67098-87,
wps_merged_xlsx,681-4716,67098-87,James Gaskets
oldbook_merged_xlsx,2210-0202,67101-96,
fatbook_merged_xlsx,2210-0202,67101-96,
oldbook_merged_xlsx,DS-293874,67108-83,
fatbook_merged_xlsx,DS-293874,67108-83,
oldbook_merged_xlsx,DS-373706,67115-91,
oldbook_merged_xlsx,DS-293872,67117-85,
fatbook_merged_xlsx,DS-293874,67117-85,
oldbook_merged_xlsx,DS-293874,67117-85,
oldbook_merged_xlsx,DS-173512,67118-87,
wps_merged_xlsx,681-4717,67118-87,James Gaskets
oldbook_merged_xlsx,DS-243856,67120-84A,
oldbook_merged_xlsx,DS-243849,67125-86A,
oldbook_merged_xlsx,DS-243865,67127-73,
oldbook_merged_xlsx,DS-243846,67127-84A,
oldbook_merged_xlsx,DS-243853,67130-69,
oldbook_merged_xlsx,DS-243848,67132-85A,
oldbook_merged_xlsx,0934-1388,67141-36,
wps_merged_xlsx,681-4973,67141-36,James Gaskets
oldbook_merged_xlsx,DS-174893,67141-36,
oldbook_merged_xlsx,0935-1099,67142-52,
oldbook_merged_xlsx,0655-0026,67186-88,
oldbook_merged_xlsx,0655-0066,67186-88,
oldbook_merged_xlsx,0655-0038,67186-88,
oldbook_merged_xlsx,0655-0052,67186-88,
oldbook_merged_xlsx,2210-0344,67197-99,
fatbook_merged_xlsx,2210-0344,67197-99,
oldbook_merged_xlsx,DS-243869,67210-73,
oldbook_merged_xlsx,DS-293870,67215-68,
oldbook_merged_xlsx,DS-293872,67215-89,
oldbook_merged_xlsx,DS-293870,67217-68,
wps_merged_xlsx,830-1162,6724,Colony
oldbook_merged_xlsx,2210-0199,67293-95,
fatbook_merged_xlsx,2210-0199,67293-95,
oldbook_merged_xlsx,2210-0546,67293-95,
fatbook_merged_xlsx,2210-0546,67293-95,
oldbook_merged_xlsx,2210-0198,67294-95A,
fatbook_merged_xlsx,2210-0198,67294-95A,
oldbook_merged_xlsx,2210-0545,67294-95A,
fatbook_merged_xlsx,2210-0545,67294-95A,
wps_merged_xlsx,681-4472,6737,James Gaskets
fatbook_merged_xlsx,2104-0444,6756,
oldbook_merged_xlsx,2320-0102,67621-94,
fatbook_merged_xlsx,2320-0102,67621-94,
oldbook_merged_xlsx,0928-0019,6762B,
fatbook_merged_xlsx,0950-0369,6762B,
wps_merged_xlsx,681-4473,6762B,James Gaskets
oldbook_merged_xlsx,0950-0369,6762B,
oldbook_merged_xlsx,DS-280044,67705-74,
oldbook_merged_xlsx,DS-720096,67734-88T,
fatbook_merged_xlsx,DS-720096,67734-88T,
oldbook_merged_xlsx,DS-720097,67737-88T,
fatbook_merged_xlsx,DS-720097,67737-88T,
fatbook_merged_xlsx,2001-0369,67750-88T,
oldbook_merged_xlsx,2001-0368,67752-77T,
fatbook_merged_xlsx,2001-0368,67752-77T,
oldbook_merged_xlsx,2001-0858,67778-60,
fatbook_merged_xlsx,2001-0858,67778-60,
wps_merged_xlsx,820-52357,67800173,HardDrive
oldbook_merged_xlsx,0411-0143,67808-86,
fatbook_merged_xlsx,0411-0143,67808-86,
oldbook_merged_xlsx,0411-0144,67808-86,
fatbook_merged_xlsx,0411-0144,67808-86,
oldbook_merged_xlsx,DS-222910,67808-86,
fatbook_merged_xlsx,DS-222910,67808-86,
oldbook_merged_xlsx,DS-222911,67808-86,
fatbook_merged_xlsx,DS-222911,67808-86,
oldbook_merged_xlsx,0411-0143,67816-86,
fatbook_merged_xlsx,0411-0143,67816-86,
oldbook_merged_xlsx,0411-0144,67816-86,
fatbook_merged_xlsx,0411-0144,67816-86,
oldbook_merged_xlsx,DS-222910,67816-86,
fatbook_merged_xlsx,DS-222911,67816-86,
oldbook_merged_xlsx,DS-222911,67816-86,
oldbook_merged_xlsx,0411-0143,67820-86,
fatbook_merged_xlsx,0411-0143,67820-86,
oldbook_merged_xlsx,0411-0144,67820-86,
fatbook_merged_xlsx,0411-0144,67820-86,
oldbook_merged_xlsx,DS-222910,67820-86,
fatbook_merged_xlsx,DS-222910,67820-86,
oldbook_merged_xlsx,DS-222911,67820-86,
fatbook_merged_xlsx,DS-222911,67820-86,
oldbook_merged_xlsx,DS-190121,67830-59,
fatbook_merged_xlsx,DS-190121,67830-59,
oldbook_merged_xlsx,DS-190982,67830-59,
fatbook_merged_xlsx,DS-190982,67830-59,
oldbook_merged_xlsx,1303-0196,67859-90,
fatbook_merged_xlsx,1303-0196,67859-90,
oldbook_merged_xlsx,DS-190982,67865-89,
fatbook_merged_xlsx,DS-190982,67865-89,
oldbook_merged_xlsx,DS-373650,67871-85,
fatbook_merged_xlsx,DS-373650,67871-85,
oldbook_merged_xlsx,2106-0151,67879-94,
fatbook_merged_xlsx,2106-0151,67879-94,
oldbook_merged_xlsx,2106-0151,67880-94,
fatbook_merged_xlsx,2106-0151,67880-94,
wps_merged_xlsx,850-08622,67880-94,Namz
oldbook_merged_xlsx,2106-0223,67880-94,
fatbook_merged_xlsx,2106-0223,67880-94,
wps_merged_xlsx,850-08623,67880-94,Namz
oldbook_merged_xlsx,CH8048,68007-77A,
fatbook_merged_xlsx,CH8048,68007-77A,
oldbook_merged_xlsx,DS-272024,68007-77A,
oldbook_merged_xlsx,CH8048,68008-73A,
oldbook_merged_xlsx,DS-272024,68008-73A,
fatbook_merged_xlsx,CH8048,68008-73A/B,
oldbook_merged_xlsx,LHD-1,68008-73B,
oldbook_merged_xlsx,DS-272023,68010-64B,
oldbook_merged_xlsx,2212-0107,68020-92A,
fatbook_merged_xlsx,2212-0107,68020-92A,
wps_merged_xlsx,820-52854,68020-92A,HardDrive
oldbook_merged_xlsx,2212-0106,68021-92A,
wps_merged_xlsx,820-52853,68021-92A,HardDrive
oldbook_merged_xlsx,2212-0104,68022-92A,
wps_merged_xlsx,820-52851,68022-92A,HardDrive
oldbook_merged_xlsx,2212-0105,68023-92A,
wps_merged_xlsx,820-52852,68023-92A,HardDrive
oldbook_merged_xlsx,2212-0103,68024-92A,
wps_merged_xlsx,820-52850,68024-92A,HardDrive
wps_merged_xlsx,820-0382,68026-73,HardDrive
oldbook_merged_xlsx,DS-174530,68027-90,
wps_merged_xlsx,820-0381,68027-90,HardDrive
wps_merged_xlsx,681-4702,68027-90,James Gaskets
wps_merged_xlsx,820-0380,68033-90,HardDrive
oldbook_merged_xlsx,2040-0588,68046-79,
oldbook_merged_xlsx,LHD-1,68048-93B,
oldbook_merged_xlsx,DS-272025,68090-69,
wps_merged_xlsx,681-5027,68121-55,James Gaskets
oldbook_merged_xlsx,DS-173395,68122-55,
wps_merged_xlsx,681-5028,68122-55,James Gaskets
oldbook_merged_xlsx,0934-1636,68123-55,
wps_merged_xlsx,681-5029,68123-55,James Gaskets
oldbook_merged_xlsx,DS-174527,68123-73,
wps_merged_xlsx,820-0383,68123-73,HardDrive
wps_merged_xlsx,681-4701,68123-73,James Gaskets
fatbook_merged_xlsx,0902-6319,68140-99,
oldbook_merged_xlsx,2020-0639,68142-99,
fatbook_merged_xlsx,2020-0639,68142-99,
fatbook_merged_xlsx,7805-2000,68167-04,
fatbook_merged_xlsx,8185,68185-00,
fatbook_merged_xlsx,1303-0197,68222-06,
fatbook_merged_xlsx,2401-0078,68266-03,
oldbook_merged_xlsx,2120-0604,68355-05,
fatbook_merged_xlsx,2120-0604,68355-05,
fatbook_merged_xlsx,7805-5054,68369-03,
fatbook_merged_xlsx,2010-1554,68370-03A,
oldbook_merged_xlsx,25-5115,68400-86,
oldbook_merged_xlsx,25-5116,68402-86,
oldbook_merged_xlsx,2020-1815,68404-86,
fatbook_merged_xlsx,2020-1815,68404-86,
oldbook_merged_xlsx,CH-0004,68406-86,
oldbook_merged_xlsx,CH0004R,68406-86,
wps_merged_xlsx,681-4703,68425-86,James Gaskets
oldbook_merged_xlsx,DS-280318,68430-89,
fatbook_merged_xlsx,DS-280318,68430-89,
oldbook_merged_xlsx,2020-0637,68440-86,
fatbook_merged_xlsx,2020-0404,68440-86,
fatbook_merged_xlsx,2020-0637,68440-86,
fatbook_merged_xlsx,DHD4C,68440-86,
wps_merged_xlsx,681-4704,68451-86,James Gaskets
oldbook_merged_xlsx,DS-190127,68452-86,
fatbook_merged_xlsx,DS-190127,68452-86,
oldbook_merged_xlsx,DS-193623,68455-86,
wps_merged_xlsx,681-4705,68455-86,James Gaskets
fatbook_merged_xlsx,2020-0403,68457-86,
fatbook_merged_xlsx,DHD-2A,68457-86,
fatbook_merged_xlsx,DHD-2R,68457-86,
fatbook_merged_xlsx,DHD2C,68457-86,
oldbook_merged_xlsx,DS-280249-4,68477-73,
fatbook_merged_xlsx,DS-280249-4,68477-73,
fatbook_merged_xlsx,8480,68480-02,
oldbook_merged_xlsx,DS-280247,68480-73,
oldbook_merged_xlsx,DS-280267,68480-93,
fatbook_merged_xlsx,DS-280267,68480-93,
oldbook_merged_xlsx,DS-174528,68481-73,
wps_merged_xlsx,681-5678,68481-73,James Gaskets
oldbook_merged_xlsx,DS-280248,68486-82A,
fatbook_merged_xlsx,DS-280248,68486-82A,
oldbook_merged_xlsx,DS-280248,68487-82,
fatbook_merged_xlsx,DS-280248,68487-82,
oldbook_merged_xlsx,0493-2,68493-87,
oldbook_merged_xlsx,2020-0162,68493-87,
oldbook_merged_xlsx,CH-0495,68493-87,
oldbook_merged_xlsx,DS-280252-2,68493-87,
oldbook_merged_xlsx,DS-280258,68510-63,
oldbook_merged_xlsx,2020-0566,68510-74A,
oldbook_merged_xlsx,DS-280271,68510-74A,
oldbook_merged_xlsx,DS280218,68510-74A,
fatbook_merged_xlsx,DS-280271,68510-74A/B,
oldbook_merged_xlsx,DS280218,68510-74B/C,
oldbook_merged_xlsx,2020-0566,68510-74B/C,
oldbook_merged_xlsx,DS-280318,68512-89,
fatbook_merged_xlsx,DS-280318,68512-89,
oldbook_merged_xlsx,CH-0001,68514-73,
oldbook_merged_xlsx,CH-0002,68515-77A,
wps_merged_xlsx,681-5030,68520-63,James Gaskets
oldbook_merged_xlsx,DS-174529,68521-63A,
oldbook_merged_xlsx,2050-0034,68541-64A,
oldbook_merged_xlsx,25-5035,68552-70A,
oldbook_merged_xlsx,DS-280049,68557-50,
fatbook_merged_xlsx,DS-280049,68557-50,
oldbook_merged_xlsx,DS-280048,68558-50,
fatbook_merged_xlsx,DS-280048,68558-50,
oldbook_merged_xlsx,DS-280134,68603-62,
oldbook_merged_xlsx,DS-280134,68604-62,
oldbook_merged_xlsx,DS-280219,68643-83A,
oldbook_merged_xlsx,DS-280254,68643-83A,
fatbook_merged_xlsx,2040-0581,68706-00,
wps_merged_xlsx,820-0395,68706-00,HardDrive
wps_merged_xlsx,820-0398,68706-00,HardDrive
oldbook_merged_xlsx,2001-0786,68712-94A,
fatbook_merged_xlsx,2001-0786,68712-94A,
wps_merged_xlsx,820-55280,68712-94A,HardDrive
fatbook_merged_xlsx,2020-0414,68732-02A,
fatbook_merged_xlsx,2020-0409,68747-04,
oldbook_merged_xlsx,2020-0592,68765-94A,
fatbook_merged_xlsx,2020-0592,68765-94A,
oldbook_merged_xlsx,2020-0591,68767-94,
fatbook_merged_xlsx,2020-0591,68767-94,
fatbook_merged_xlsx,2020-0161,68821-00,
fatbook_merged_xlsx,8821,68821-00,
fatbook_merged_xlsx,DS280517,68973-00,
fatbook_merged_xlsx,2107-0304,69000007,
fatbook_merged_xlsx,2107-0305,69000009,
oldbook_merged_xlsx,DS-272123,69001-42,
oldbook_merged_xlsx,2107-0196,69012-93A,
fatbook_merged_xlsx,2107-0196,69012-93A,
wps_merged_xlsx,820-2683,69012-93A,HardDrive
oldbook_merged_xlsx,DS-243615,69013-77A,
oldbook_merged_xlsx,0933-0098,69018-73A,
wps_merged_xlsx,820-2678,69024-77,HardDrive
oldbook_merged_xlsx,2107-0156,69060-90F,
fatbook_merged_xlsx,2107-0156,69060-90F,
wps_merged_xlsx,820-2684,69120-91,HardDrive
oldbook_merged_xlsx,2404-0032,69123-92,
fatbook_merged_xlsx,2404-0032,69123-92,
wps_merged_xlsx,820-52500,69123-92,HardDrive
wps_merged_xlsx,850-08197,69200193,Namz
fatbook_merged_xlsx,2120-0941,69200225,
fatbook_merged_xlsx,2120-0649,69200271,
wps_merged_xlsx,850-08303,69200271,Namz
fatbook_merged_xlsx,2120-0650,69200272,
wps_merged_xlsx,850-08319,69200272,Namz
wps_merged_xlsx,850-08610,69200305,Namz
wps_merged_xlsx,850-08612,69200306,Namz
oldbook_merged_xlsx,2120-0365,69200307,
fatbook_merged_xlsx,2120-0365,69200307,
wps_merged_xlsx,850-08609,69200307,Namz
fatbook_merged_xlsx,2120-0657,69200308,
wps_merged_xlsx,850-08601,69200308,Namz
wps_merged_xlsx,850-08424,69200336,Namz
wps_merged_xlsx,850-08781,69200489,Namz
fatbook_merged_xlsx,2120-0654,69200533,
wps_merged_xlsx,850-08777,69200533,Namz
fatbook_merged_xlsx,2120-0655,69200897,
fatbook_merged_xlsx,2113-0798,69201130,
fatbook_merged_xlsx,2120-0942,692011394,
oldbook_merged_xlsx,2120-0849,69201162,
fatbook_merged_xlsx,2120-0849,69201162,
wps_merged_xlsx,850-08613,69201162,Namz
oldbook_merged_xlsx,2120-0850,69201163,
fatbook_merged_xlsx,2120-0850,69201163,
wps_merged_xlsx,850-08618,69201163,Namz
oldbook_merged_xlsx,2120-0366,69201164,
fatbook_merged_xlsx,2120-0366,69201164,
wps_merged_xlsx,850-08608,69201164,Namz
fatbook_merged_xlsx,2120-0848,69201179,
wps_merged_xlsx,850-08607,69201179,Namz
fatbook_merged_xlsx,2120-0847,69201180,
wps_merged_xlsx,850-08605,69201180,Namz
fatbook_merged_xlsx,2120-1406,69201299,
fatbook_merged_xlsx,2120-1424,69201299,
fatbook_merged_xlsx,2120-1208,69201393,
wps_merged_xlsx,850-08178,69201394,Namz
fatbook_merged_xlsx,2120-1420,69201397,
wps_merged_xlsx,850-08190,69201406,Namz
fatbook_merged_xlsx,2120-1421,69201415,
fatbook_merged_xlsx,2120-1422,69201440,
fatbook_merged_xlsx,2120-1210,69201441,
wps_merged_xlsx,850-08191,69201613,Namz
fatbook_merged_xlsx,2113-0953,69201855,
fatbook_merged_xlsx,2113-0954,69201855,
fatbook_merged_xlsx,2113-0955,69201855,
fatbook_merged_xlsx,2120-1410,69201931,
fatbook_merged_xlsx,2120-1409,69201932,
fatbook_merged_xlsx,2120-1423,69201932,
fatbook_merged_xlsx,2120-1408,69201933,
fatbook_merged_xlsx,2120-1405,69202285,
fatbook_merged_xlsx,2120-1407,69202959,
oldbook_merged_xlsx,2107-0225,69210-91,
fatbook_merged_xlsx,2107-0225,69210-91,
wps_merged_xlsx,820-52356,69278-06,HardDrive
fatbook_merged_xlsx,0906-6316,69304-02,
oldbook_merged_xlsx,0906-6317,69306-02,
fatbook_merged_xlsx,0906-6317,69306-02,
oldbook_merged_xlsx,2020-0638,69307-02,
fatbook_merged_xlsx,2020-0638,69307-02,
oldbook_merged_xlsx,0906-6318,69308-02,
fatbook_merged_xlsx,0906-6318,69308-02,
fatbook_merged_xlsx,0906-6315,69315-02,
fatbook_merged_xlsx,2020-0395,69325-02,
oldbook_merged_xlsx,DS280865,69624-99A,
fatbook_merged_xlsx,DS280865,69624-99A,
oldbook_merged_xlsx,DS280866,69625-99A,
fatbook_merged_xlsx,DS280866,69625-99A,
fatbook_merged_xlsx,2001-0657,69715-05,
wps_merged_xlsx,274-0163,6R12,Accel
wps_merged_xlsx,274-0165,6R12,Accel
fatbook_merged_xlsx,2113-0734,70060-08A,
oldbook_merged_xlsx,DS-272118,70060-29,
fatbook_merged_xlsx,2113-0734,70082-08A,
wps_merged_xlsx,850-08775,70153-99,Namz
wps_merged_xlsx,850-08779,70160-06,Namz
wps_merged_xlsx,850-08780,70160-11,Namz
fatbook_merged_xlsx,DS-193632,7019,
wps_merged_xlsx,681-5432,7019,James Gaskets
fatbook_merged_xlsx,2120-1019,70233-02,
oldbook_merged_xlsx,2120-0414,70287-81A,
wps_merged_xlsx,850-08149,70287-81A,Namz
oldbook_merged_xlsx,2120-0422,70288-81,
wps_merged_xlsx,850-08157,70288-81,Namz
oldbook_merged_xlsx,2120-0420,70291-89,
wps_merged_xlsx,850-08155,70291-89,Namz
oldbook_merged_xlsx,2120-0412,70292-89,
wps_merged_xlsx,850-08147,70292-89,Namz
oldbook_merged_xlsx,2120-0415,70293-87,
wps_merged_xlsx,850-08150,70293-87A,Namz
fatbook_merged_xlsx,2113-0735,70295-10,
fatbook_merged_xlsx,2113-0735,70296-04A,
oldbook_merged_xlsx,2120-0423,70305-87,
fatbook_merged_xlsx,2120-0423,70305-90,
wps_merged_xlsx,850-08158,70305-90,Namz
oldbook_merged_xlsx,DS-272334,70345-84,
fatbook_merged_xlsx,DS-272334,70345-84,
fatbook_merged_xlsx,2401-0446,7038,
fatbook_merged_xlsx,DS-193711,704,
oldbook_merged_xlsx,2113-0910,70578-89,
fatbook_merged_xlsx,2113-0910,70578-89,
oldbook_merged_xlsx,2113-0908,70584-94,
fatbook_merged_xlsx,2113-0908,70584-94,
oldbook_merged_xlsx,2113-0909,70595-96,
fatbook_merged_xlsx,2113-0909,70595-96,
fatbook_merged_xlsx,0214-2732,7068,
fatbook_merged_xlsx,2401-0447,7068,
wps_merged_xlsx,681-4313,7078,James Gaskets
oldbook_merged_xlsx,3550-0125,70909-95,
fatbook_merged_xlsx,2404-1048,70909-95,
fatbook_merged_xlsx,3550-0125,70909-95,
oldbook_merged_xlsx,DS-373670,71241-68B,
oldbook_merged_xlsx,DS-373694,71241-91,
fatbook_merged_xlsx,2201-0052,71248-00,
fatbook_merged_xlsx,2201-0052,71250-00,
oldbook_merged_xlsx,2201-0053,71254-96,
oldbook_merged_xlsx,DS-373636,71271-47,
fatbook_merged_xlsx,7805-0023,71283-01,
oldbook_merged_xlsx,DS-373630,71294-47,
oldbook_merged_xlsx,DS-194976,7130W,
oldbook_merged_xlsx,2106-0407,71313-96A,
wps_merged_xlsx,820-50850,71313-96A,HardDrive
wps_merged_xlsx,820-50851,71313-96A,HardDrive
fatbook_merged_xlsx,2106-0603,71400-12A,
fatbook_merged_xlsx,2212-0868,71400112,
wps_merged_xlsx,820-50856,71419-11,HardDrive
wps_merged_xlsx,820-50857,71419-11,HardDrive
oldbook_merged_xlsx,DS-272114,71425-77,
fatbook_merged_xlsx,DS-272114,71425-77,
oldbook_merged_xlsx,DS-272113,71428-90A,
oldbook_merged_xlsx,2106-0222,71434-96B,
fatbook_merged_xlsx,2106-0575,71441-94,
oldbook_merged_xlsx,2110-0455,71455-67,
oldbook_merged_xlsx,2110-0371,71463-73,
oldbook_merged_xlsx,DS-325494,71463-73,
oldbook_merged_xlsx,DS-325651,71463-73,
oldbook_merged_xlsx,2110-0327,71469-65,
oldbook_merged_xlsx,2110-0368,71469-65,
oldbook_merged_xlsx,DS-242116,71469-65,
wps_merged_xlsx,279-2108,71469-69,All Balls Racing
wps_merged_xlsx,820-50824,71483-72,HardDrive
oldbook_merged_xlsx,DS-272139,71484-72A,
oldbook_merged_xlsx,DS-272097,71500-36A,
fatbook_merged_xlsx,0616-0389,71500117/A,
fatbook_merged_xlsx,0616-0388,71500118/A,
wps_merged_xlsx,820-55001,71500185,HardDrive
fatbook_merged_xlsx,0616-0387,71500292,
fatbook_merged_xlsx,0616-0385,71500297,
oldbook_merged_xlsx,0909-0202,71501-73A,
oldbook_merged_xlsx,DS-272098,71501-73A,
oldbook_merged_xlsx,2106-0232,71505-96,
fatbook_merged_xlsx,2106-0232,71505-96,
oldbook_merged_xlsx,2106-0129,71507-65,
wps_merged_xlsx,275-01080,71507-65,SMP
oldbook_merged_xlsx,DS272202,71507-65,
oldbook_merged_xlsx,2106-0131,71507-71,
wps_merged_xlsx,275-01082,71507-71,SMP
oldbook_merged_xlsx,DS272204,71507-71,
oldbook_merged_xlsx,2106-0234,71513-98,
fatbook_merged_xlsx,2106-0234,71513-98,
wps_merged_xlsx,820-50854,71517-11,HardDrive
wps_merged_xlsx,820-50855,71517-11,HardDrive
fatbook_merged_xlsx,2106-0217,71522-96,
oldbook_merged_xlsx,2106-0548,71526-93B,
fatbook_merged_xlsx,2106-0548,71526-93B,
wps_merged_xlsx,820-50819,71534-72,HardDrive
wps_merged_xlsx,820-50825,71535-72,HardDrive
oldbook_merged_xlsx,2106-0219,71535-96,
fatbook_merged_xlsx,2106-0219,71535-96,
oldbook_merged_xlsx,DS-290703,71539-73B,
wps_merged_xlsx,820-50816,71546-75A,HardDrive
wps_merged_xlsx,820-50823,71547-75A,HardDrive
fatbook_merged_xlsx,0616-0075,71553-08,
oldbook_merged_xlsx,0616-0146,71553-96,
fatbook_merged_xlsx,0616-0146,71553-96,
oldbook_merged_xlsx,0616-0076,71558-96A,
fatbook_merged_xlsx,0616-0076,71558-96A,
oldbook_merged_xlsx,DS-290691,71563-82A,
fatbook_merged_xlsx,DS-290691,71563-82A,
oldbook_merged_xlsx,0616-0144,71563-96,
fatbook_merged_xlsx,0616-0079,71563-96,
fatbook_merged_xlsx,0616-0144,71563-96,
oldbook_merged_xlsx,DS-290690,71564-82A,
fatbook_merged_xlsx,DS-290690,71564-82A,
oldbook_merged_xlsx,0616-0112,71564-96,
fatbook_merged_xlsx,0616-0077,71565-08,
oldbook_merged_xlsx,DS-290692,71567-82,
fatbook_merged_xlsx,DS-290692,71567-82,
oldbook_merged_xlsx,0616-0111,71567-96,
fatbook_merged_xlsx,0616-0111,71567-96,
oldbook_merged_xlsx,DS-290693,71568-82A,
fatbook_merged_xlsx,DS-290693,71568-82A,
oldbook_merged_xlsx,0616-0110,71568-96A,
fatbook_merged_xlsx,0616-0110,71568-96A,
fatbook_merged_xlsx,2106-0588,71572-06,
fatbook_merged_xlsx,2106-0089,71584-96A,
wps_merged_xlsx,820-50880,71584-96A,HardDrive
wps_merged_xlsx,820-50828,71589-92,HardDrive
wps_merged_xlsx,820-50833,71589-92CP,HardDrive
wps_merged_xlsx,820-50878,71589-96,HardDrive
wps_merged_xlsx,820-50884,71589-96,HardDrive
fatbook_merged_xlsx,DS-272254A,71590-92,
wps_merged_xlsx,820-50830,71590-92,HardDrive
fatbook_merged_xlsx,2106-0088,71590-96,
wps_merged_xlsx,820-50837,71590-96,HardDrive
wps_merged_xlsx,820-50829,71591-92,HardDrive
wps_merged_xlsx,820-50834,71591-92CP,HardDrive
wps_merged_xlsx,820-50875,71591-96,HardDrive
wps_merged_xlsx,820-50881,71591-96,HardDrive
oldbook_merged_xlsx,0616-0078,71594-98A,
fatbook_merged_xlsx,0616-0078,71594-98A,
oldbook_merged_xlsx,0616-0145,71595-96,
wps_merged_xlsx,820-50826,71597-92,HardDrive
wps_merged_xlsx,820-50831,71597-92CP,HardDrive
wps_merged_xlsx,820-50877,71597-96,HardDrive
wps_merged_xlsx,820-50883,71597-96,HardDrive
wps_merged_xlsx,820-50876,71598-96,HardDrive
wps_merged_xlsx,820-50882,71598-96,HardDrive
wps_merged_xlsx,820-50827,71599-92,HardDrive
wps_merged_xlsx,820-50832,71599-92CP,HardDrive
fatbook_merged_xlsx,2106-0549,71640-99,
oldbook_merged_xlsx,DS-272136,71800-26A,
wps_merged_xlsx,820-50814,71800-26A,HardDrive
oldbook_merged_xlsx,DS-272135,71840-29,
oldbook_merged_xlsx,DS-193711,720,
oldbook_merged_xlsx,DS-272140,72001-69B,
wps_merged_xlsx,820-50820,72001-69B,HardDrive
oldbook_merged_xlsx,2106-0127,72002-51A,
oldbook_merged_xlsx,DS-272175,72002-51A,
oldbook_merged_xlsx,DS-272170,72004-34,
oldbook_merged_xlsx,DS-272171,72004-70,
oldbook_merged_xlsx,DS-272174,72004-75,
oldbook_merged_xlsx,DS-272173,72005-73A,
wps_merged_xlsx,850-08161,72007-05,Namz
wps_merged_xlsx,850-08162,72012-07,Namz
wps_merged_xlsx,275-01050,72023-51A,SMP
oldbook_merged_xlsx,2106-0128,72023-51C,
oldbook_merged_xlsx,DS-272191,72023-51C,
fatbook_merged_xlsx,2106-0128,72023-51C/D/E,
fatbook_merged_xlsx,DS-272191,72023-51C/D/E,
fatbook_merged_xlsx,2106-0226,72023-51C/D/E,
fatbook_merged_xlsx,2106-0227,72023-51C/D/E,
wps_merged_xlsx,275-01051,72023-51E,SMP
fatbook_merged_xlsx,2106-0479,72026-08A,
fatbook_merged_xlsx,2106-0480,72026-08A,
oldbook_merged_xlsx,2120-0418,72034-71,
fatbook_merged_xlsx,2120-0418,72034-71,
wps_merged_xlsx,850-08145,72034-71,Namz
oldbook_merged_xlsx,2120-0410,72035-71,
fatbook_merged_xlsx,2120-0410,72035-71,
wps_merged_xlsx,850-08153,72035-71,Namz
oldbook_merged_xlsx,2120-0411,72036-71,
fatbook_merged_xlsx,2120-0411,72036-71,
wps_merged_xlsx,850-08146,72036-71,Namz
oldbook_merged_xlsx,2120-0421,72037-71,
fatbook_merged_xlsx,2120-0413,72037-71,
wps_merged_xlsx,850-08148,72037-71,Namz
oldbook_merged_xlsx,2120-0408,72038-71A,
fatbook_merged_xlsx,2120-0408,72038-71A,
wps_merged_xlsx,850-08143,72038-71A,Namz
oldbook_merged_xlsx,2120-0407,72039-71A,
fatbook_merged_xlsx,2120-0407,72039-71A,
wps_merged_xlsx,850-08142,72039-71A,Namz
oldbook_merged_xlsx,2120-0419,72040-71,
fatbook_merged_xlsx,2120-0419,72040-71,
wps_merged_xlsx,850-08154,72040-71,Namz
oldbook_merged_xlsx,2120-0413,72041-71,
fatbook_merged_xlsx,2120-0421,72041-71,
wps_merged_xlsx,850-08156,72041-71,Namz
oldbook_merged_xlsx,2120-0409,72043-71,
fatbook_merged_xlsx,2120-0409,72043-71,
wps_merged_xlsx,850-08152,72043-71A,Namz
oldbook_merged_xlsx,2120-0417,72044-71,
fatbook_merged_xlsx,2120-0417,72044-71,
wps_merged_xlsx,850-08144,72044-71A,Namz
wps_merged_xlsx,850-08625,72046-79,Namz
oldbook_merged_xlsx,2120-0426,72047-71,
wps_merged_xlsx,850-08175,72062-06,Namz
wps_merged_xlsx,850-08176,72064-06,Namz
wps_merged_xlsx,850-08174,72065-06A,Namz
wps_merged_xlsx,850-08177,72066-06A,Namz
fatbook_merged_xlsx,2120-0855,72078-00,
wps_merged_xlsx,850-08188,72078-00,Namz
fatbook_merged_xlsx,2120-0214,72098-06,
wps_merged_xlsx,850-08179,72098-06,Namz
fatbook_merged_xlsx,2120-0831,72098-06,
fatbook_merged_xlsx,2120-0620,72100-04,
wps_merged_xlsx,850-08486,72100-04,Namz
oldbook_merged_xlsx,2120-0040,72102-94BK,
fatbook_merged_xlsx,2120-0040,72102-94BK,
wps_merged_xlsx,850-08005,72102-94BK,Namz
oldbook_merged_xlsx,2120-0042,72103-94BK,
fatbook_merged_xlsx,2120-0042,72103-94BK,
wps_merged_xlsx,850-08007,72103-94BK,Namz
oldbook_merged_xlsx,2120-0044,72104-94BK,
fatbook_merged_xlsx,2120-0044,72104-94BK,
wps_merged_xlsx,850-08009,72104-94BK,Namz
oldbook_merged_xlsx,2120-0046,72106-94BK,
fatbook_merged_xlsx,2120-0046,72106-94BK,
wps_merged_xlsx,850-08011,72106-94BK,Namz
oldbook_merged_xlsx,2120-0048,72108-94BK,
fatbook_merged_xlsx,2120-0048,72108-94BK,
wps_merged_xlsx,850-08013,72108-94BK,Namz
fatbook_merged_xlsx,2120-0313,72108-94BK,
oldbook_merged_xlsx,2120-0050,72109-94BK,
fatbook_merged_xlsx,2120-0050,72109-94BK,
wps_merged_xlsx,850-08015,72109-94BK,Namz
oldbook_merged_xlsx,2120-0052,72112-94BK,
fatbook_merged_xlsx,2120-0052,72112-94BK,
wps_merged_xlsx,850-08017,72112-94BK,Namz
oldbook_merged_xlsx,2120-0054,72113-94BK,
fatbook_merged_xlsx,2120-0054,72113-94BK,
wps_merged_xlsx,850-08019,72113-94BK,Namz
oldbook_merged_xlsx,2120-0056,72114-94BK,
fatbook_merged_xlsx,2120-0056,72114-94BK,
wps_merged_xlsx,850-08021,72114-94BK,Namz
oldbook_merged_xlsx,2120-0058,72116-94BK,
wps_merged_xlsx,850-08023,72116-94BK,Namz
oldbook_merged_xlsx,2120-0060,72118-94BK,
wps_merged_xlsx,850-08025,72118-94BK,Namz
oldbook_merged_xlsx,2120-0062,72119-94BK,
fatbook_merged_xlsx,2120-0062,72119-94BK,
wps_merged_xlsx,850-08027,72119-94BK,Namz
oldbook_merged_xlsx,2120-0039,72122-94GY,
fatbook_merged_xlsx,2120-0039,72122-94GY,
wps_merged_xlsx,850-08006,72122-94GY,Namz
oldbook_merged_xlsx,2120-0041,72123-94GY,
fatbook_merged_xlsx,2120-0041,72123-94GY,
wps_merged_xlsx,850-08008,72123-94GY,Namz
oldbook_merged_xlsx,2120-0043,72124-94GY,
fatbook_merged_xlsx,2120-0043,72124-94GY,
wps_merged_xlsx,850-08010,72124-94GY,Namz
oldbook_merged_xlsx,2120-0045,72126-94GY,
fatbook_merged_xlsx,2120-0045,72126-94GY,
wps_merged_xlsx,850-08012,72126-94GY,Namz
oldbook_merged_xlsx,2120-0047,72128-94GY,
fatbook_merged_xlsx,2120-0047,72128-94GY,
wps_merged_xlsx,850-08014,72128-94GY,Namz
oldbook_merged_xlsx,2120-0049,72129-94GY,
fatbook_merged_xlsx,2120-0049,72129-94GY,
wps_merged_xlsx,850-08016,72129-94GY,Namz
fatbook_merged_xlsx,2120-0940,72130-04,
oldbook_merged_xlsx,2120-0051,72132-94GY,
fatbook_merged_xlsx,2120-0051,72132-94GY,
wps_merged_xlsx,850-08018,72132-94GY,Namz
oldbook_merged_xlsx,2120-0053,72133-94GY,
fatbook_merged_xlsx,2120-0053,72133-94GY,
wps_merged_xlsx,850-08020,72133-94GY,Namz
oldbook_merged_xlsx,2120-0055,72134-94GY,
fatbook_merged_xlsx,2120-0055,72134-94GY,
wps_merged_xlsx,850-08022,72134-94GY,Namz
oldbook_merged_xlsx,2120-0057,72136-94GY,
fatbook_merged_xlsx,2120-0057,72136-94GY,
wps_merged_xlsx,850-08024,72136-94GY,Namz
oldbook_merged_xlsx,2120-0059,72138-94GY,
fatbook_merged_xlsx,2120-0059,72138-94GY,
wps_merged_xlsx,850-08026,72138-94GY,Namz
oldbook_merged_xlsx,2120-0061,72139-94GY,
wps_merged_xlsx,850-08028,72139-94GY,Namz
fatbook_merged_xlsx,2120-0321,72166-07BK,
wps_merged_xlsx,850-08316,72166-07BK,Namz
wps_merged_xlsx,850-08331,72167-07BK,Namz
fatbook_merged_xlsx,2120-0341,72168-07,
fatbook_merged_xlsx,2120-0342,72169-07,
wps_merged_xlsx,850-08300,72169-07,Namz
wps_merged_xlsx,850-08029,72172-94,Namz
wps_merged_xlsx,850-08030,72173-94,Namz
wps_merged_xlsx,850-08031,72174-94,Namz
fatbook_merged_xlsx,2120-0326,72175-07BK,
wps_merged_xlsx,850-08324,72175-07BK,Namz
wps_merged_xlsx,850-08032,72176-94,Namz
fatbook_merged_xlsx,2120-0316,72177-04BK,
fatbook_merged_xlsx,2120-0330,72177-07BK,
wps_merged_xlsx,850-08308,72177-07BK,Namz
wps_merged_xlsx,850-08033,72178-94,Namz
wps_merged_xlsx,850-08034,72179-94,Namz
fatbook_merged_xlsx,2120-0331,72188-07BK,
wps_merged_xlsx,850-08326,72188-07BK,Namz
oldbook_merged_xlsx,2120-0037,72190-94,
fatbook_merged_xlsx,2120-0037,72190-94,
wps_merged_xlsx,850-08000,72190-94,Namz
oldbook_merged_xlsx,2120-0038,72191-94,
fatbook_merged_xlsx,2120-0038,72191-94,
wps_merged_xlsx,850-08001,72191-94,Namz
oldbook_merged_xlsx,2120-0071,72192-98,
fatbook_merged_xlsx,2120-0071,72192-98/R,
oldbook_merged_xlsx,2120-0072,72193-98,
wps_merged_xlsx,850-08003,72193-98,Namz
wps_merged_xlsx,850-08035,72195-94,Namz
oldbook_merged_xlsx,2120-0217,72230-98,
fatbook_merged_xlsx,2120-0217,72230-98,
wps_merged_xlsx,850-08169,72230-98,Namz
oldbook_merged_xlsx,2120-0218,72244-95,
fatbook_merged_xlsx,2120-0218,72244-95,
wps_merged_xlsx,850-08167,72244-95,Namz
oldbook_merged_xlsx,2120-0821,72244-95,
fatbook_merged_xlsx,2120-0821,72244-95,
fatbook_merged_xlsx,2120-0631,72247-95,
wps_merged_xlsx,850-08173,72247-95,Namz
fatbook_merged_xlsx,2120-0621,72260-04,
wps_merged_xlsx,850-08487,72260-04,Namz
fatbook_merged_xlsx,2120-0826,72260-04,
oldbook_merged_xlsx,2120-0824,72263-95,
fatbook_merged_xlsx,2120-0632,72263-95,
wps_merged_xlsx,850-08171,72263-95,Namz
fatbook_merged_xlsx,2120-0824,72263-95,
oldbook_merged_xlsx,2120-0825,72273-95,
fatbook_merged_xlsx,2120-0627,72273-95,
wps_merged_xlsx,850-08172,72273-95,Namz
fatbook_merged_xlsx,2120-0825,72273-95,
oldbook_merged_xlsx,2120-0424,72276-74,
fatbook_merged_xlsx,2120-0424,72276-74,
wps_merged_xlsx,850-08159,72276-74,Namz
oldbook_merged_xlsx,2120-0416,72278-74,
fatbook_merged_xlsx,2120-0416,72278-74,
wps_merged_xlsx,850-08151,72278-74,Namz
oldbook_merged_xlsx,2120-0823,72280-95,
fatbook_merged_xlsx,2120-0626,72280-95,
wps_merged_xlsx,850-08170,72280-95,Namz
fatbook_merged_xlsx,2120-0823,72280-95,
wps_merged_xlsx,850-08483,72290-94,Namz
fatbook_merged_xlsx,2120-0653,72294-94,
wps_merged_xlsx,850-08482,72294-94,Namz
wps_merged_xlsx,850-08488,72295-94,Namz
oldbook_merged_xlsx,DS-189939,72300-70,
oldbook_merged_xlsx,2130-0083,72300-89,
fatbook_merged_xlsx,2130-0083,72300-89,
wps_merged_xlsx,850-08414,72300-89,Namz
oldbook_merged_xlsx,2130-0084,72301-89,
fatbook_merged_xlsx,2130-0084,72301-89,
wps_merged_xlsx,850-08415,72301-89,Namz
oldbook_merged_xlsx,2130-0085,72302-89,
fatbook_merged_xlsx,2130-0085,72302-89,
wps_merged_xlsx,850-08416,72302-89,Namz
oldbook_merged_xlsx,2130-0082,72314-01,
fatbook_merged_xlsx,2130-0082,72314-01,
wps_merged_xlsx,850-08423,72314-01,Namz
oldbook_merged_xlsx,DS-189917,72325-48,
wps_merged_xlsx,850-08429,72330-95,Namz
wps_merged_xlsx,850-08427,72331-95,Namz
oldbook_merged_xlsx,DS-189917,72335-48,
oldbook_merged_xlsx,2130-0086,72340-94,
fatbook_merged_xlsx,2130-0086,72340-94,
wps_merged_xlsx,850-08417,72340-94,Namz
oldbook_merged_xlsx,DS-189917,72341-56A,
wps_merged_xlsx,850-08430,72345-02,Namz
oldbook_merged_xlsx,DS-189917,72345-48,
oldbook_merged_xlsx,2130-0087,72347-94,
fatbook_merged_xlsx,2130-0087,72347-94,
wps_merged_xlsx,850-08418,72347-94,Namz
wps_merged_xlsx,850-08168,72350-11,Namz
oldbook_merged_xlsx,2120-0531,72381-98,
fatbook_merged_xlsx,2120-0531,72381-98,
wps_merged_xlsx,850-08194,72381-98,Namz
oldbook_merged_xlsx,2120-0529,72382-98BK,
fatbook_merged_xlsx,2120-0529,72382-98BK,
wps_merged_xlsx,850-08193,72382-98BK,Namz
oldbook_merged_xlsx,2120-0622,72382-98BK,
fatbook_merged_xlsx,2120-0622,72382-98BK,
fatbook_merged_xlsx,2120-0530,72384-06BK,
wps_merged_xlsx,850-08195,72384-06BK,Namz
fatbook_merged_xlsx,2120-0819,72400-99,
fatbook_merged_xlsx,2120-0821,72402-07,
fatbook_merged_xlsx,2120-1211,72406-07A,
fatbook_merged_xlsx,2120-1211,72407-07,
fatbook_merged_xlsx,2120-1211,72408-07,
fatbook_merged_xlsx,2120-0318,72414-07BK,
wps_merged_xlsx,850-08311,72414-07BK,Namz
fatbook_merged_xlsx,2120-0337,72415-07GY,
wps_merged_xlsx,850-08325,72415-07GY,Namz
fatbook_merged_xlsx,2120-0666,72435-00,
wps_merged_xlsx,850-08053,72435-00,Namz
fatbook_merged_xlsx,2120-0317,72444-07BY,
wps_merged_xlsx,850-08309,72444-07GY,Namz
fatbook_merged_xlsx,2120-0328,72447-07GY,
wps_merged_xlsx,850-08328,72447-07GY,Namz
wps_merged_xlsx,850-08163,72449-01,Namz
wps_merged_xlsx,850-08164,72450-01,Namz
fatbook_merged_xlsx,2120-0332,72469-07GY,
wps_merged_xlsx,850-08313,72469-07GY,Namz
fatbook_merged_xlsx,2120-0340,72473-07,
wps_merged_xlsx,850-08333,72473-07,Namz
fatbook_merged_xlsx,2120-0327,72478-07BK,
wps_merged_xlsx,850-08327,72478-07BK,Namz
fatbook_merged_xlsx,2120-0319,72479-07BK,
wps_merged_xlsx,850-08312,72479-07BK,Namz
wps_merged_xlsx,850-08180,724807,Namz
fatbook_merged_xlsx,2120-0846,72483-08BK,
wps_merged_xlsx,850-08310,72483-08BK,Namz
fatbook_merged_xlsx,2120-0893,72485-07,
fatbook_merged_xlsx,2120-0320,72487-07BK,
wps_merged_xlsx,850-08314,72487-07BK,Namz
fatbook_merged_xlsx,2120-0329,72488-07BK,
wps_merged_xlsx,850-08329,72488-07BK,Namz
fatbook_merged_xlsx,2120-0336,72488-07BK,
fatbook_merged_xlsx,2120-0333,72489-07GY,
wps_merged_xlsx,850-08315,72489-07GY,Namz
wps_merged_xlsx,850-08330,72490-07GY,Namz
fatbook_merged_xlsx,2120-0334,72491-07GY,
wps_merged_xlsx,850-08317,72491-07GY,Namz
fatbook_merged_xlsx,2120-0339,72492-07GY,
wps_merged_xlsx,850-08332,72492-07GY,Namz
fatbook_merged_xlsx,2120-0322,72500-07BK,
wps_merged_xlsx,850-08318,72500-07BK,Namz
fatbook_merged_xlsx,2120-0323,72511-07BK,
wps_merged_xlsx,850-08320,72511-07BK,Namz
fatbook_merged_xlsx,2120-0314,72512-07BK,
wps_merged_xlsx,850-08304,72512-07BK,Namz
fatbook_merged_xlsx,2120-0335,72513-07GY,
wps_merged_xlsx,850-08321,72513-07GY,Namz
fatbook_merged_xlsx,2120-0338,72514-07GY,
wps_merged_xlsx,850-08305,72514-07GY,Namz
wps_merged_xlsx,850-08323,72534-07GN,Namz
wps_merged_xlsx,850-08307,72540-07GN,Namz
wps_merged_xlsx,850-08322,72541-07BN,Namz
fatbook_merged_xlsx,2120-0681,72542-07BN,
wps_merged_xlsx,850-08306,72542-07BN,Namz
fatbook_merged_xlsx,2120-1425,72664-12,
wps_merged_xlsx,850-08160,72664-12,Namz
fatbook_merged_xlsx,2120-0617,72720-07,
wps_merged_xlsx,850-08334,72720-07,Namz
fatbook_merged_xlsx,2120-0402,72902-01BK,
wps_merged_xlsx,850-08120,72902-01BK,Namz
fatbook_merged_xlsx,2120-0404,72904-01BK,
wps_merged_xlsx,850-08122,72904-01BK,Namz
fatbook_merged_xlsx,2120-0658,72905-11,
wps_merged_xlsx,850-08602,72905-11,Namz
fatbook_merged_xlsx,2120-0659,72906-11,
wps_merged_xlsx,850-08603,72906-11,Namz
fatbook_merged_xlsx,2120-0660,72907-11,
wps_merged_xlsx,850-08604,72907-11,Namz
fatbook_merged_xlsx,2120-0661,72908-11,
wps_merged_xlsx,850-08606,72908-11,Namz
fatbook_merged_xlsx,2120-0656,72909-11,
wps_merged_xlsx,850-08600,72909-11,Namz
fatbook_merged_xlsx,2120-0657,72910-11,
fatbook_merged_xlsx,2120-0401,72912-01BK,
wps_merged_xlsx,850-08119,72912-01BK,Namz
fatbook_merged_xlsx,2120-0403,72914-01BK,
wps_merged_xlsx,850-08121,72914-01BK,Namz
fatbook_merged_xlsx,0616-0385,72948-12,
fatbook_merged_xlsx,0616-0387,72949-12,
wps_merged_xlsx,850-08118,72990-01,Namz
fatbook_merged_xlsx,2120-0405,72991-01,
wps_merged_xlsx,850-08117,72991-01,Namz
wps_merged_xlsx,850-08102,73102-96BK,Namz
fatbook_merged_xlsx,2120-0183,73103-96BK,
wps_merged_xlsx,850-08103,73103-96BK,Namz
oldbook_merged_xlsx,2120-0183,73104-96BK,
fatbook_merged_xlsx,2120-0184,73104-96BK,
wps_merged_xlsx,850-08104,73104-96BK,Namz
oldbook_merged_xlsx,2120-0184,73104-96BK,
oldbook_merged_xlsx,2120-0185,73106-96BK,
fatbook_merged_xlsx,2120-0185,73106-96BK,
wps_merged_xlsx,850-08105,73106-96BK,Namz
oldbook_merged_xlsx,2120-0186,73108-96BK,
fatbook_merged_xlsx,2120-0186,73108-96BK,
wps_merged_xlsx,850-08106,73108-96BK,Namz
oldbook_merged_xlsx,2120-0787,73110-96BK,
fatbook_merged_xlsx,2120-0787,73110-96BK,
wps_merged_xlsx,850-08107,73110-96BK,Namz
wps_merged_xlsx,850-08108,73112-96BK,Namz
oldbook_merged_xlsx,2120-0187,73152-96BK,
fatbook_merged_xlsx,2120-0187,73152-96BK,
wps_merged_xlsx,850-08109,73152-96BK,Namz
oldbook_merged_xlsx,2120-0188,73153-96BK,
fatbook_merged_xlsx,2120-0188,73153-96BK,
wps_merged_xlsx,850-08110,73153-96BK,Namz
oldbook_merged_xlsx,2120-0189,73154-96BK,
fatbook_merged_xlsx,2120-0189,73154-96BK,
wps_merged_xlsx,850-08111,73154-96BK,Namz
oldbook_merged_xlsx,2120-0182,73156-96BK,
fatbook_merged_xlsx,2120-0182,73156-96BK,
wps_merged_xlsx,850-08112,73156-96BK,Namz
oldbook_merged_xlsx,2120-0190,73156-96BK,
fatbook_merged_xlsx,2120-0190,73156-96BK,
oldbook_merged_xlsx,2120-0191,73158-96BK,
fatbook_merged_xlsx,2120-0191,73158-96BK,
wps_merged_xlsx,850-08113,73158-96BK,Namz
oldbook_merged_xlsx,2120-0786,73160-96BK,
fatbook_merged_xlsx,2120-0786,73160-96BK,
wps_merged_xlsx,850-08114,73160-96BK,Namz
oldbook_merged_xlsx,2120-0637,73164-96BK,
fatbook_merged_xlsx,2120-0637,73164-96BK,
wps_merged_xlsx,850-08115,73164-96BK,Namz
oldbook_merged_xlsx,2120-0192,73190-96,
fatbook_merged_xlsx,2120-0192,73190-96,
wps_merged_xlsx,850-08101,73190-96,Namz
oldbook_merged_xlsx,2120-0193,73191-96,
fatbook_merged_xlsx,2120-0193,73191-96,
wps_merged_xlsx,850-08100,73191-96,Namz
wps_merged_xlsx,681-4572,738,James Gaskets
oldbook_merged_xlsx,1107-0326,739A,
fatbook_merged_xlsx,1107-0326,739A,
wps_merged_xlsx,681-4948,7402,James Gaskets
oldbook_merged_xlsx,2120-0390,74102-98BK,
fatbook_merged_xlsx,2120-0390,74102-98BK,
wps_merged_xlsx,850-08040,74102-98BK,Namz
oldbook_merged_xlsx,2120-0311,74103-98BK,
fatbook_merged_xlsx,2120-0311,74103-98BK,
wps_merged_xlsx,850-08041,74103-98BK,Namz
oldbook_merged_xlsx,2120-0391,74104-98BK,
fatbook_merged_xlsx,2120-0391,74104-98BK,
wps_merged_xlsx,850-08042,74104-98BK,Namz
oldbook_merged_xlsx,2120-0392,74106-98BK,
fatbook_merged_xlsx,2120-0392,74106-98BK,
wps_merged_xlsx,850-08043,74106-98BK,Namz
oldbook_merged_xlsx,2120-0393,74108-98BK,
fatbook_merged_xlsx,2120-0393,74108-98BK,
wps_merged_xlsx,850-08044,74108-98BK,Namz
oldbook_merged_xlsx,2120-0394,74109-98BK,
fatbook_merged_xlsx,2120-0394,74109-98BK,
wps_merged_xlsx,850-08045,74109-98BK,Namz
oldbook_merged_xlsx,2120-0395,74112-98BK,
fatbook_merged_xlsx,2120-0395,74112-98BK,
wps_merged_xlsx,850-08046,74112-98BK,Namz
oldbook_merged_xlsx,2120-0310,74113-98BK,
fatbook_merged_xlsx,2120-0310,74113-98BK,
wps_merged_xlsx,850-08047,74113-98BK,Namz
oldbook_merged_xlsx,2120-0396,74114-98BK,
fatbook_merged_xlsx,2120-0396,74114-98BK,
wps_merged_xlsx,850-08048,74114-98BK,Namz
oldbook_merged_xlsx,2120-0397,74116-98BK,
fatbook_merged_xlsx,2120-0397,74116-98BK,
wps_merged_xlsx,850-08049,74116-98BK,Namz
oldbook_merged_xlsx,2120-0398,74118-98BK,
fatbook_merged_xlsx,2120-0398,74118-98BK,
wps_merged_xlsx,850-08050,74118-98BK,Namz
oldbook_merged_xlsx,2120-0312,74119-98BK,
fatbook_merged_xlsx,2120-0312,74119-98BK,
wps_merged_xlsx,850-08051,74119-98BK,Namz
oldbook_merged_xlsx,2120-0399,74190-98,
fatbook_merged_xlsx,2120-0399,74190-98,
wps_merged_xlsx,850-08038,74190-98,Namz
oldbook_merged_xlsx,2120-0400,74191-98,
fatbook_merged_xlsx,2120-0400,74191-98,
wps_merged_xlsx,850-08039,74191-98,Namz
wps_merged_xlsx,850-08052,74195-98,Namz
fatbook_merged_xlsx,2210-0476,74402-04A,
fatbook_merged_xlsx,2210-0456,74402-05B,
fatbook_merged_xlsx,2210-0285,74402-95,
oldbook_merged_xlsx,2212-0867,7440687,
oldbook_merged_xlsx,2106-0220,74408-89A,
fatbook_merged_xlsx,2106-0220,74408-89A,
oldbook_merged_xlsx,2210-0286,74420-94,
fatbook_merged_xlsx,2210-0286,74420-94,
wps_merged_xlsx,820-52359,74420-94,HardDrive
fatbook_merged_xlsx,DS243622,74420-94,
fatbook_merged_xlsx,DS243622,74429-97A,
fatbook_merged_xlsx,2210-0477,74429-97A,
fatbook_merged_xlsx,2210-0455,74430-00,
wps_merged_xlsx,820-52360,74430-00,HardDrive
oldbook_merged_xlsx,2210-0132,74430-00D,
fatbook_merged_xlsx,DS243612,74430-00D,
fatbook_merged_xlsx,2210-0132,74430-00D,
oldbook_merged_xlsx,2210-0287,74437-96,
fatbook_merged_xlsx,DS-243195,74437-96,
wps_merged_xlsx,820-52358,74437-96,HardDrive
oldbook_merged_xlsx,DS-243195,74437-96,
fatbook_merged_xlsx,DS243612,74437-96,
fatbook_merged_xlsx,2212-0866,74438-99A,
fatbook_merged_xlsx,2212-0872,74438-99A,
fatbook_merged_xlsx,2112-0833,74440-01,
fatbook_merged_xlsx,2112-1756,74440-08,
fatbook_merged_xlsx,2112-0015,74504-01,
oldbook_merged_xlsx,2112-0823,74504-78,
wps_merged_xlsx,820-60148,74504-78,HardDrive
oldbook_merged_xlsx,2112-0839,74504-78,
wps_merged_xlsx,820-60149,74504-78,HardDrive
oldbook_merged_xlsx,2112-1082,74504-78,
oldbook_merged_xlsx,2112-0824,74504-82,
wps_merged_xlsx,820-60146,74504-82,HardDrive
wps_merged_xlsx,820-60147,74504-82,HardDrive
oldbook_merged_xlsx,2112-1068,74504-84,
oldbook_merged_xlsx,2112-1069,74504-84,
oldbook_merged_xlsx,201121-B,74504-84A,
oldbook_merged_xlsx,201102-B,7450478,
fatbook_merged_xlsx,2112-0144,74505-02,
wps_merged_xlsx,273-1218,74505-02,Cycle Electric
fatbook_merged_xlsx,2112-0785,74505-02,
wps_merged_xlsx,820-60104,74505-02,HardDrive
fatbook_merged_xlsx,2112-0790,74505-02,
wps_merged_xlsx,820-60105,74505-02,HardDrive
fatbook_merged_xlsx,2112-1034,74505-02,
fatbook_merged_xlsx,2112-1035,74505-02,
fatbook_merged_xlsx,2112-0014,74505-04,
wps_merged_xlsx,273-1219,74505-04,Cycle Electric
fatbook_merged_xlsx,2112-0786,74505-04,
wps_merged_xlsx,820-60102,74505-04,HardDrive
fatbook_merged_xlsx,2112-0791,74505-04,
wps_merged_xlsx,820-60103,74505-04,HardDrive
fatbook_merged_xlsx,2112-1036,74505-04,
fatbook_merged_xlsx,2112-1037,74505-04,
fatbook_merged_xlsx,2112-0713,74505-06,
wps_merged_xlsx,273-1230,74505-06,Cycle Electric
fatbook_merged_xlsx,2112-0787,74505-06,
wps_merged_xlsx,820-60100,74505-06,HardDrive
fatbook_merged_xlsx,2112-0792,74505-06,
wps_merged_xlsx,820-60101,74505-06,HardDrive
fatbook_merged_xlsx,2112-1038,74505-06,
fatbook_merged_xlsx,2112-1039,74505-06,
fatbook_merged_xlsx,2112-1655,74505-06,
fatbook_merged_xlsx,2112-1046,74505-09,
wps_merged_xlsx,820-60155,74505-09,HardDrive
fatbook_merged_xlsx,2112-1047,74505-09,
wps_merged_xlsx,820-60156,74505-09,HardDrive
fatbook_merged_xlsx,2112-0788,74505-09,
fatbook_merged_xlsx,2112-0793,74505-09,
oldbook_merged_xlsx,2112-0296,74505-95,
wps_merged_xlsx,273-1217,74505-95,Cycle Electric
oldbook_merged_xlsx,DS-195229,74505-95,
oldbook_merged_xlsx,2112-1033,74505-97,
fatbook_merged_xlsx,2112-0784,74505-97,
wps_merged_xlsx,273-1220,74505-97,Cycle Electric
oldbook_merged_xlsx,DS-313075,74505-97,
fatbook_merged_xlsx,2112-0789,74505-97,
wps_merged_xlsx,820-60106,74505-97,HardDrive
oldbook_merged_xlsx,2112-0784,74505-97,
fatbook_merged_xlsx,2112-1032,74505-97,
wps_merged_xlsx,820-60107,74505-97,HardDrive
oldbook_merged_xlsx,2112-0789,74505-97,
fatbook_merged_xlsx,2112-1033,74505-97,
fatbook_merged_xlsx,DS-313075,74505-97,
wps_merged_xlsx,820-60150,74507-85,HardDrive
wps_merged_xlsx,820-60151,74507-85,HardDrive
oldbook_merged_xlsx,201104-B,7450785A,
wps_merged_xlsx,820-60152,74508-85,HardDrive
wps_merged_xlsx,820-60153,74508-85,HardDrive
oldbook_merged_xlsx,201106C,74510-47A,
oldbook_merged_xlsx,2112-0560,74510-64,
oldbook_merged_xlsx,DS-325496,74510-64,
oldbook_merged_xlsx,2112-0780,74510-70A,
wps_merged_xlsx,820-60130,74510-70A,HardDrive
wps_merged_xlsx,820-60131,74510-70A,HardDrive
wps_merged_xlsx,820-60128,74510-75A,HardDrive
wps_merged_xlsx,820-60129,74510-75A,HardDrive
oldbook_merged_xlsx,201104-B,7451064,
oldbook_merged_xlsx,201104-B,7451065,
oldbook_merged_xlsx,201100-B,7451070A,
oldbook_merged_xlsx,201101-B,7451075,
oldbook_merged_xlsx,201101C,7451075,
oldbook_merged_xlsx,201107,74511-65,
oldbook_merged_xlsx,201107C,74511-65,
fatbook_merged_xlsx,2112-0807,74512-00,
wps_merged_xlsx,273-1216,74512-00,Cycle Electric
fatbook_merged_xlsx,2112-1052,74512-00,
wps_merged_xlsx,820-60114,74512-00,HardDrive
fatbook_merged_xlsx,2112-1053,74512-00,
wps_merged_xlsx,820-60115,74512-00,HardDrive
fatbook_merged_xlsx,DS-313066,74512-00,
oldbook_merged_xlsx,2112-1056,74512-79,
oldbook_merged_xlsx,2112-1057,74512-79,
oldbook_merged_xlsx,DS-313006,74512-79,
oldbook_merged_xlsx,2112-0777,74512-79A,
wps_merged_xlsx,273-1201,74512-79A,Cycle Electric
oldbook_merged_xlsx,2112-0781,74512-79A,
oldbook_merged_xlsx,2112-0778,74513-82,
oldbook_merged_xlsx,2112-0782,74513-82,
oldbook_merged_xlsx,2112-1070,74513-82,
oldbook_merged_xlsx,2112-1071,74513-82,
oldbook_merged_xlsx,201118-B,7451382,
oldbook_merged_xlsx,201118C,7451382,
oldbook_merged_xlsx,2112-0778,74516-86,
wps_merged_xlsx,273-1202,74516-86,Cycle Electric
oldbook_merged_xlsx,2112-0782,74516-86,
wps_merged_xlsx,820-60126,74516-86,HardDrive
oldbook_merged_xlsx,2112-1070,74516-86,
wps_merged_xlsx,820-60127,74516-86,HardDrive
oldbook_merged_xlsx,2112-1071,74516-86,
oldbook_merged_xlsx,2112-1115,74516-86,
oldbook_merged_xlsx,DS-313011,74516-86,
oldbook_merged_xlsx,DS-313015,74516-86,
oldbook_merged_xlsx,201118-B,7451686,
oldbook_merged_xlsx,201118C,7451686,
fatbook_merged_xlsx,2112-0794,74518-99A,
wps_merged_xlsx,273-1215,74518-99A,Cycle Electric
fatbook_merged_xlsx,2112-0798,74518-99A,
wps_merged_xlsx,820-60122,74518-99A,HardDrive
fatbook_merged_xlsx,2112-1050,74518-99A,
wps_merged_xlsx,820-60123,74518-99A,HardDrive
fatbook_merged_xlsx,2112-1051,74518-99A,
fatbook_merged_xlsx,DS-313064,74518-99A,
oldbook_merged_xlsx,2112-0779,74519-88,
wps_merged_xlsx,273-1212,74519-88,Cycle Electric
oldbook_merged_xlsx,2112-0783,74519-88,
wps_merged_xlsx,820-60124,74519-88,HardDrive
oldbook_merged_xlsx,2112-1062,74519-88,
wps_merged_xlsx,820-60125,74519-88,HardDrive
oldbook_merged_xlsx,2112-1063,74519-88,
oldbook_merged_xlsx,2112-1629,74519-88A,
oldbook_merged_xlsx,2112-1659,74519-88A,
oldbook_merged_xlsx,DS-313016,74519-88A,
oldbook_merged_xlsx,DS-313017,74519-88A,
oldbook_merged_xlsx,DS-313058,74519-88A,
oldbook_merged_xlsx,201122B,7451988,
oldbook_merged_xlsx,201122C,7451988,
fatbook_merged_xlsx,2112-0393,74523-04,
wps_merged_xlsx,820-60136,74523-04,HardDrive
fatbook_merged_xlsx,2112-0829,74523-04,
wps_merged_xlsx,820-60137,74523-04,HardDrive
fatbook_merged_xlsx,2112-1058,74523-04,
wps_merged_xlsx,273-1210,74523-04,Cycle Electric
fatbook_merged_xlsx,2112-1059,74523-04,
oldbook_merged_xlsx,2112-0825,74523-84A,
fatbook_merged_xlsx,2112-0825,74523-84A,
wps_merged_xlsx,273-1206,74523-84A,Cycle Electric
oldbook_merged_xlsx,DS-313012,74523-84A,
fatbook_merged_xlsx,DS-313012,74523-84A,
wps_merged_xlsx,820-60144,74523-84A,HardDrive
wps_merged_xlsx,820-60145,74523-84A,HardDrive
fatbook_merged_xlsx,2112-0826,74523-91,
wps_merged_xlsx,273-1207,74523-91,Cycle Electric
fatbook_merged_xlsx,DS-313013,74523-91,
wps_merged_xlsx,820-60142,74523-91,HardDrive
wps_merged_xlsx,820-60143,74523-91,HardDrive
wps_merged_xlsx,820-60140,74523-92,HardDrive
wps_merged_xlsx,820-60141,74523-92,HardDrive
fatbook_merged_xlsx,2112-0827,74523-92A,
wps_merged_xlsx,273-1208,74523-92A,Cycle Electric
fatbook_merged_xlsx,DS-313014,74523-92A,
wps_merged_xlsx,820-60138,74523-94,HardDrive
wps_merged_xlsx,820-60139,74523-94,HardDrive
fatbook_merged_xlsx,2112-0818,74523-94A,
wps_merged_xlsx,273-1209,74523-94A,Cycle Electric
fatbook_merged_xlsx,2112-0828,74523-94A,
fatbook_merged_xlsx,2112-1074,74523-94A,
fatbook_merged_xlsx,2112-1075,74523-94A,
fatbook_merged_xlsx,2112-1733,74523-94A,
fatbook_merged_xlsx,DS-313068,74523-94A,
oldbook_merged_xlsx,DS-330006,74529-79T,
fatbook_merged_xlsx,2112-1042,74531-06,
fatbook_merged_xlsx,2112-1043,74531-06,
oldbook_merged_xlsx,DS-330023,74533-75B,
fatbook_merged_xlsx,2112-0803,74540-01,
wps_merged_xlsx,273-1221,74540-01,Cycle Electric
fatbook_merged_xlsx,2112-0808,74540-01,
fatbook_merged_xlsx,2112-1024,74540-01,
fatbook_merged_xlsx,2112-1025,74540-01,
fatbook_merged_xlsx,2112-0394,74540-07,
wps_merged_xlsx,273-1222,74540-07,Cycle Electric
fatbook_merged_xlsx,2112-0804,74540-07,
wps_merged_xlsx,820-60110,74540-07,HardDrive
fatbook_merged_xlsx,2112-0809,74540-07,
wps_merged_xlsx,820-60111,74540-07,HardDrive
fatbook_merged_xlsx,2112-1026,74540-07,
fatbook_merged_xlsx,2112-1027,74540-07,
fatbook_merged_xlsx,2112-0711,74540-08,
wps_merged_xlsx,273-1223,74540-08,Cycle Electric
fatbook_merged_xlsx,2112-0805,74540-08,
wps_merged_xlsx,820-60108,74540-08,HardDrive
fatbook_merged_xlsx,2112-0810,74540-08,
wps_merged_xlsx,820-60109,74540-08,HardDrive
fatbook_merged_xlsx,2112-1028,74540-08,
fatbook_merged_xlsx,2112-1029,74540-08,
fatbook_merged_xlsx,2112-0711,74540-11,
fatbook_merged_xlsx,2112-0806,74540-11,
fatbook_merged_xlsx,2112-0811,74540-11,
fatbook_merged_xlsx,2112-1030,74540-11,
fatbook_merged_xlsx,2112-1031,74540-11,
wps_merged_xlsx,820-60134,74546-07,HardDrive
wps_merged_xlsx,820-60135,74546-07,HardDrive
fatbook_merged_xlsx,2112-0830,74546-07A,
fatbook_merged_xlsx,2112-1076,74546-07A,
fatbook_merged_xlsx,2112-1077,74546-07A,
fatbook_merged_xlsx,2112-0842,74564-07,
wps_merged_xlsx,273-1211,74564-07,Cycle Electric
fatbook_merged_xlsx,DS313035,74567-98Y,
fatbook_merged_xlsx,7805-0013,74577-97,
oldbook_merged_xlsx,7805-0012,74578-97,
fatbook_merged_xlsx,7805-0076,74579-97,
oldbook_merged_xlsx,2130-0091,74582-94,
fatbook_merged_xlsx,2130-0091,74582-94,
oldbook_merged_xlsx,2130-0093,74586-94,
fatbook_merged_xlsx,2130-0093,74586-94,
wps_merged_xlsx,850-08435,74586-94,Namz
oldbook_merged_xlsx,2130-0067,74587-94,
fatbook_merged_xlsx,2130-0067,74587-94,
wps_merged_xlsx,850-08436,74587-94,Namz
oldbook_merged_xlsx,2130-0092,74587-94,
fatbook_merged_xlsx,2130-0092,74587-94,
oldbook_merged_xlsx,DS-325649,74587-94,
fatbook_merged_xlsx,DS-325649,74587-94,
wps_merged_xlsx,850-08437,74588-94,Namz
oldbook_merged_xlsx,2130-0064,74589-73,
fatbook_merged_xlsx,DS-325648,74589-73,
wps_merged_xlsx,850-08439,74589-73,Namz
oldbook_merged_xlsx,DS-325648,74589-73,
wps_merged_xlsx,850-08438,74590-93,Namz
oldbook_merged_xlsx,2130-0063,74599-77B,
fatbook_merged_xlsx,2130-0063,74599-77B,
wps_merged_xlsx,850-08440,74599-77B,Namz
oldbook_merged_xlsx,DS-325647,74599-77B,
fatbook_merged_xlsx,DS-325647,74599-77B,
oldbook_merged_xlsx,2130-0062,74600-94,
fatbook_merged_xlsx,2130-0062,74600-94,
oldbook_merged_xlsx,DS-325646,74600-94,
fatbook_merged_xlsx,DS-325646,74600-94,
oldbook_merged_xlsx,0913-1001,74600-97A,
fatbook_merged_xlsx,0913-1001,74600-97A,
oldbook_merged_xlsx,2130-0061,74600-97A,
fatbook_merged_xlsx,2130-0061,74600-97A,
fatbook_merged_xlsx,1902-0398,74610-01,
wps_merged_xlsx,820-60112,74610-01,HardDrive
wps_merged_xlsx,820-60113,74610-01,HardDrive
fatbook_merged_xlsx,2112-0016,74631-04,
wps_merged_xlsx,273-1224,74631-04,Cycle Electric
fatbook_merged_xlsx,2112-0799,74631-04,
wps_merged_xlsx,820-60120,74631-04,HardDrive
fatbook_merged_xlsx,2112-1040,74631-04,
wps_merged_xlsx,820-60121,74631-04,HardDrive
fatbook_merged_xlsx,2112-1041,74631-04,
fatbook_merged_xlsx,2112-0395,74631-06,
wps_merged_xlsx,273-1225,74631-06,Cycle Electric
fatbook_merged_xlsx,2112-0800,74631-06,
wps_merged_xlsx,820-60118,74631-06,HardDrive
wps_merged_xlsx,820-60119,74631-06,HardDrive
wps_merged_xlsx,273-1226,74631-08,Cycle Electric
wps_merged_xlsx,820-60116,74631-08,HardDrive
wps_merged_xlsx,820-60117,74631-08,HardDrive
fatbook_merged_xlsx,2112-0714,74631-08A,
fatbook_merged_xlsx,2112-0797,74631-08A,
fatbook_merged_xlsx,2112-0801,74631-08A,
fatbook_merged_xlsx,2112-1044,74631-08A,
fatbook_merged_xlsx,2112-1045,74631-08A,
wps_merged_xlsx,820-2637,74662-04,HardDrive
fatbook_merged_xlsx,2112-1210,74700012,
fatbook_merged_xlsx,2112-1207,74700021,
fatbook_merged_xlsx,2112-1208,74700021,
fatbook_merged_xlsx,2112-1315,74700025,
fatbook_merged_xlsx,2112-1316,74700025,
fatbook_merged_xlsx,2112-1317,74700031,
fatbook_merged_xlsx,2112-1318,74700031,
fatbook_merged_xlsx,2112-0821,74711-08,
wps_merged_xlsx,820-60132,74711-08,HardDrive
fatbook_merged_xlsx,2112-0831,74711-08,
wps_merged_xlsx,820-60133,74711-08,HardDrive
fatbook_merged_xlsx,2112-0979,74711-08,
fatbook_merged_xlsx,2112-1072,74711-08,
fatbook_merged_xlsx,2112-1073,74711-08,
oldbook_merged_xlsx,2110-0456,74750-38,
fatbook_merged_xlsx,2404-1047,7490,
fatbook_merged_xlsx,2212-0890,750530-01B,
fatbook_merged_xlsx,1009-0217,75069-08D,
fatbook_merged_xlsx,1009-0216,75076-08B,
fatbook_merged_xlsx,1009-0213,75126-00,
fatbook_merged_xlsx,1009-0213,75126-00A,
fatbook_merged_xlsx,1009-0213,75126-00B,
fatbook_merged_xlsx,1009-0213,75126-02,
fatbook_merged_xlsx,1009-0213,75126-02A,
fatbook_merged_xlsx,1009-0213,75126-02B,
fatbook_merged_xlsx,1009-0213,75126-02C,
fatbook_merged_xlsx,1009-0213,75126-06,
fatbook_merged_xlsx,1009-0213,75126-06A,
fatbook_merged_xlsx,1009-0212,75127-02,
fatbook_merged_xlsx,1009-0212,75127-02A,
fatbook_merged_xlsx,1009-0212,75127-02B,
fatbook_merged_xlsx,1009-0212,75127-02C,
fatbook_merged_xlsx,1009-0212,75127-06,
fatbook_merged_xlsx,1009-0214,75132-01,
fatbook_merged_xlsx,1009-0214,75132-01A,
fatbook_merged_xlsx,1009-0214,75132-01B,
fatbook_merged_xlsx,1009-0214,75132-01C,
fatbook_merged_xlsx,1009-0214,75132-01D,
fatbook_merged_xlsx,1009-0214,75132-06,
fatbook_merged_xlsx,1009-0215,75218-04D,
fatbook_merged_xlsx,1009-0220,75218-04D,
fatbook_merged_xlsx,1009-0215,75219-04,
fatbook_merged_xlsx,1009-0220,75219-09,
fatbook_merged_xlsx,1009-0218,75227-04,
fatbook_merged_xlsx,1009-0218,75227-04A,
fatbook_merged_xlsx,1009-0218,75227-06,
fatbook_merged_xlsx,2212-0888,75241-08,
fatbook_merged_xlsx,0701-0668,75245-04A,
fatbook_merged_xlsx,0701-0669,75248-04,
fatbook_merged_xlsx,0701-0670,75249-04,
fatbook_merged_xlsx,1009-0221,75284-08,
fatbook_merged_xlsx,1009-0222,75284-08,
fatbook_merged_xlsx,1009-0221,75284-08A,
fatbook_merged_xlsx,1009-0222,75284-08A,
fatbook_merged_xlsx,0701-0667,75301-07,
fatbook_merged_xlsx,0707-0014,75304-07A,
fatbook_merged_xlsx,0706-0440,75309-07A,
fatbook_merged_xlsx,2120-0325,75534-07GN,
wps_merged_xlsx,830-1142,7652,Colony
oldbook_merged_xlsx,2106-0233,77092-98,
fatbook_merged_xlsx,2106-0233,77092-98,
fatbook_merged_xlsx,2401-0850,7716,
fatbook_merged_xlsx,DS-193710,7725,
fatbook_merged_xlsx,DS-195063,7725,
fatbook_merged_xlsx,2401-1321,7739,
fatbook_merged_xlsx,2104-0437,7744,
fatbook_merged_xlsx,2401-0850,7748,
fatbook_merged_xlsx,2401-1323,7778,
fatbook_merged_xlsx,DS-181201,7778,
fatbook_merged_xlsx,1120-0352,7804,
fatbook_merged_xlsx,1120-0353,7804,
fatbook_merged_xlsx,2401-0446,7813,
oldbook_merged_xlsx,0214-0884,7813A,
fatbook_merged_xlsx,0214-0884,7813A,
wps_merged_xlsx,830-1138,7839,Colony
fatbook_merged_xlsx,2401-0447,7845,
oldbook_merged_xlsx,DS-195159,7848W,
fatbook_merged_xlsx,DS-195159,7848W,
wps_merged_xlsx,681-4274,786A,James Gaskets
oldbook_merged_xlsx,0950-0972,7872B,
oldbook_merged_xlsx,0950-0225,7916A,
oldbook_merged_xlsx,1510-1077,79179-08,
fatbook_merged_xlsx,1510-1077,79179-08,
oldbook_merged_xlsx,3515-0230,79179-08,
fatbook_merged_xlsx,3515-0230,79179-08,
oldbook_merged_xlsx,3515-0235,79179-08,
fatbook_merged_xlsx,3515-0235,79179-08,
fatbook_merged_xlsx,0214-2733,7956,
fatbook_merged_xlsx,0214-1976,7987,
wps_merged_xlsx,70-6222,8,Motion Pro
wps_merged_xlsx,70-6178,8,Motion Pro
wps_merged_xlsx,70-6175,8,Motion Pro
vtwin_merged_xlsx,10-0338,8010,
wps_merged_xlsx,830-1146,8010,Colony
wps_merged_xlsx,830-1140,8011,Colony
fatbook_merged_xlsx,0214-0886,8020,
fatbook_merged_xlsx,2104-0390,8020,
fatbook_merged_xlsx,2104-0405,8022,
fatbook_merged_xlsx,1106-0077,8026,
fatbook_merged_xlsx,2104-0390,8031,
fatbook_merged_xlsx,2104-0393,8032,
fatbook_merged_xlsx,1106-0076,8042,
fatbook_merged_xlsx,2104-0402,8051,
fatbook_merged_xlsx,2104-0394,8052,
fatbook_merged_xlsx,2104-0451,8055,
fatbook_merged_xlsx,2104-0403,8060,
fatbook_merged_xlsx,2104-0395,8062,
fatbook_merged_xlsx,2104-0396,8072,
fatbook_merged_xlsx,2104-0404,8080,
fatbook_merged_xlsx,2104-0412,8082,
oldbook_merged_xlsx,0214-0771,8095A,
fatbook_merged_xlsx,2404-0544,8098,
fatbook_merged_xlsx,2404-0546,8099,
fatbook_merged_xlsx,0214-0885,8184,
oldbook_merged_xlsx,0935-0171,83162-51,
wps_merged_xlsx,681-4548,83162-51,James Gaskets
oldbook_merged_xlsx,DS-194460,83162-51,
wps_merged_xlsx,681-4549,83162-51,James Gaskets
oldbook_merged_xlsx,DS-194464,83162-51,
wps_merged_xlsx,68-9350,83162-51DL,Cometic Gaskets
fatbook_merged_xlsx,2104-0435,8334,
fatbook_merged_xlsx,2104-0409,8338,
fatbook_merged_xlsx,1710-3065,83425-09,
oldbook_merged_xlsx,DS-097036,83566-51,
fatbook_merged_xlsx,DS-097036,83566-51,
fatbook_merged_xlsx,2104-0436,8374,
fatbook_merged_xlsx,2104-0406,8381,
fatbook_merged_xlsx,2110-0862,83857-09,
fatbook_merged_xlsx,1721-1298,83911-09A/B,
fatbook_merged_xlsx,1721-2456,83911-09A/B,
fatbook_merged_xlsx,1720-0219,83911-09A/B,
fatbook_merged_xlsx,1721-1301,83911-09A/B,
fatbook_merged_xlsx,1721-1435,83911-09A/B,
fatbook_merged_xlsx,1720-0025,83911-09A/B,
fatbook_merged_xlsx,1721-1432,83911-09A/B,
fatbook_merged_xlsx,1721-1433,83911-09A/B,
fatbook_merged_xlsx,1721-1910,83911-09A/B,
oldbook_merged_xlsx,1720-0025,83911-09B,
fatbook_merged_xlsx,1120-0444,83936-09A,
fatbook_merged_xlsx,2104-0411,8425,
oldbook_merged_xlsx,DS-194245,84A,
oldbook_merged_xlsx,0431-0435,85210-42A,
fatbook_merged_xlsx,2104-0392,8636,
fatbook_merged_xlsx,2104-0410,8744,
fatbook_merged_xlsx,1621-0461,8860,
wps_merged_xlsx,681-4523,8866,James Gaskets
oldbook_merged_xlsx,0924-0585,8876A,
fatbook_merged_xlsx,0924-0585,8876A,
fatbook_merged_xlsx,0924-0130,8881,
vtwin_merged_xlsx,10-8530,8881,
fatbook_merged_xlsx,1106-0079,8884,
fatbook_merged_xlsx,1132-0653,8885,
oldbook_merged_xlsx,0654-0025,88D,
fatbook_merged_xlsx,2104-0391,8955,
fatbook_merged_xlsx,1106-0078,8963,
fatbook_merged_xlsx,1106-0232,8967A,
fatbook_merged_xlsx,1106-0092,8970/A,
fatbook_merged_xlsx,1106-0092,8970A,
fatbook_merged_xlsx,0950-0368,8972,
vtwin_merged_xlsx,10-0466,8972,
fatbook_merged_xlsx,0924-0587,8977,
fatbook_merged_xlsx,1106-0207,8977,
fatbook_merged_xlsx,0924-0277,8983,
fatbook_merged_xlsx,0950-0325,8989,
fatbook_merged_xlsx,0924-0238,8990A,
fatbook_merged_xlsx,0924-0277,8990A,
fatbook_merged_xlsx,0924-0588,8990A,
fatbook_merged_xlsx,0950-0902,8990A,
fatbook_merged_xlsx,0950-0326,8991,
fatbook_merged_xlsx,1106-0070,8992A,
fatbook_merged_xlsx,1106-0071,8996A,
wps_merged_xlsx,68-9155,90-4111,Cometic Gaskets
fatbook_merged_xlsx,3501-1161,90200467,
fatbook_merged_xlsx,3501-1156,90200519,
fatbook_merged_xlsx,3501-1042,90200549,
fatbook_merged_xlsx,3501-1042,90200550,
fatbook_merged_xlsx,3501-1154,90200611,
fatbook_merged_xlsx,3501-1153,90200893,
fatbook_merged_xlsx,3501-1159,90200899,
fatbook_merged_xlsx,3501-1160,90200900,
fatbook_merged_xlsx,3501-1157,90200901,
fatbook_merged_xlsx,3501-1157,90200902,
fatbook_merged_xlsx,3501-1157,90200903,
fatbook_merged_xlsx,3501-1042,90200981,
fatbook_merged_xlsx,3521-0129,90201777,
fatbook_merged_xlsx,3521-0130,90201777,
fatbook_merged_xlsx,1106-0010,9025,
oldbook_merged_xlsx,0924-0589,9025A,
fatbook_merged_xlsx,1106-0010,9025A,
oldbook_merged_xlsx,1106-0010,9025A,
fatbook_merged_xlsx,0924-0108,9028,
fatbook_merged_xlsx,0924-0388,9028,
oldbook_merged_xlsx,3501-1179,90300017,
fatbook_merged_xlsx,3501-1179,90300017,
fatbook_merged_xlsx,3501-1158,90300024,
fatbook_merged_xlsx,DS-540796,9033,
fatbook_merged_xlsx,2113-0736,90377-09,
fatbook_merged_xlsx,0215-0205,9052,
fatbook_merged_xlsx,A25-1001,9052,
fatbook_merged_xlsx,A25-1002,9052,
fatbook_merged_xlsx,DS-540795,9052,
fatbook_merged_xlsx,DS-540796,9052,
fatbook_merged_xlsx,0924-0262,9057,
vtwin_merged_xlsx,10-8283,9057,
vtwin_merged_xlsx,10-8285,9057,
oldbook_merged_xlsx,DS-110845,90584-85,
oldbook_merged_xlsx,DS-110851,90587-85,
oldbook_merged_xlsx,3501-0863,90664-93,
fatbook_merged_xlsx,3501-0863,90664-93,
fatbook_merged_xlsx,3501-0864,90665-93,
oldbook_merged_xlsx,3501-0855,90675-93A,
fatbook_merged_xlsx,3501-0855,90675-93A,
fatbook_merged_xlsx,3501-2043,90675-93A,
oldbook_merged_xlsx,3501-0867,90682-93,
fatbook_merged_xlsx,3501-0867,90682-93,
oldbook_merged_xlsx,3501-1083,90682-93,
fatbook_merged_xlsx,3501-1083,90682-93,
oldbook_merged_xlsx,1413-0011,90718-79C,
fatbook_merged_xlsx,1413-0011,90718-79C,
oldbook_merged_xlsx,1413-0012,90720-79C,
fatbook_merged_xlsx,1413-0012,90720-79C,
oldbook_merged_xlsx,3501-0853,90764-93,
fatbook_merged_xlsx,3501-0853,90764-93,
oldbook_merged_xlsx,0613-0817,90770-79,
fatbook_merged_xlsx,0613-0817,90770-79,
fatbook_merged_xlsx,3501-0602,90781-93,
fatbook_merged_xlsx,3501-1973,90781-93,
fatbook_merged_xlsx,DS-110852,90799-86,
fatbook_merged_xlsx,DS-110857,90799-94B,
oldbook_merged_xlsx,3550-0124,90834-95B,
fatbook_merged_xlsx,3501-1154,90834-95B,
fatbook_merged_xlsx,3550-0124,90834-95B,
fatbook_merged_xlsx,3501-0612,90881-09A,
oldbook_merged_xlsx,3501-0865,90958-93,
fatbook_merged_xlsx,3501-0865,90958-93,
oldbook_merged_xlsx,3501-0865,90962-93,
fatbook_merged_xlsx,3501-0865,90962-93,
oldbook_merged_xlsx,2404-0814,90965-63,
fatbook_merged_xlsx,2404-0814,90965-63,
oldbook_merged_xlsx,2404-0816,90967-64,
fatbook_merged_xlsx,2404-0816,90967-64,
oldbook_merged_xlsx,0924-0172,9101A,
oldbook_merged_xlsx,0924-0474,9101A,
oldbook_merged_xlsx,0924-0173,9102A,
oldbook_merged_xlsx,0924-0475,9102A,
oldbook_merged_xlsx,0924-0174,9103A,
oldbook_merged_xlsx,0924-0476,9103A,
oldbook_merged_xlsx,0924-0175,9104A,
oldbook_merged_xlsx,0924-0477,9104A,
oldbook_merged_xlsx,0924-0176,9105A,
oldbook_merged_xlsx,0924-0478,9105A,
oldbook_merged_xlsx,0924-0177,9106A,
oldbook_merged_xlsx,0924-0479,9106A,
fatbook_merged_xlsx,0920-0068,9110,
vtwin_merged_xlsx,10-8523,9110,
fatbook_merged_xlsx,1421-0005,91140-98/04,
vtwin_merged_xlsx,10-8500,9120,
vtwin_merged_xlsx,10-8502,9122,
fatbook_merged_xlsx,0920-0072,9123,
vtwin_merged_xlsx,10-8503,9123,
vtwin_merged_xlsx,10-8504,9124,
fatbook_merged_xlsx,0920-0073,9125,
vtwin_merged_xlsx,10-8505,9125,
fatbook_merged_xlsx,0920-0074,9126,
vtwin_merged_xlsx,10-8506,9126,
fatbook_merged_xlsx,0920-0075,9127,
vtwin_merged_xlsx,10-8507,9127,
fatbook_merged_xlsx,0920-0076,9128,
vtwin_merged_xlsx,10-8508,9128,
fatbook_merged_xlsx,0920-0077,9129,
vtwin_merged_xlsx,10-8509,9129,
fatbook_merged_xlsx,0920-0078,9130,
vtwin_merged_xlsx,10-8510,9130,
fatbook_merged_xlsx,0920-0079,9131,
vtwin_merged_xlsx,10-8522,9131,
fatbook_merged_xlsx,0920-0080,9132,
vtwin_merged_xlsx,10-8511,9132,
fatbook_merged_xlsx,0920-0081,9133,
vtwin_merged_xlsx,10-8512,9133,
fatbook_merged_xlsx,0920-0082,9134,
vtwin_merged_xlsx,10-8513,9134,
fatbook_merged_xlsx,1132-0005,9135,
fatbook_merged_xlsx,1413-0017,91402-00,
vtwin_merged_xlsx,10-1260,9142,
vtwin_merged_xlsx,10-1261,9143,
vtwin_merged_xlsx,10-1262,9144,
vtwin_merged_xlsx,10-1263,9145,
vtwin_merged_xlsx,10-1264,9146,
vtwin_merged_xlsx,10-1265,9147,
vtwin_merged_xlsx,10-1266,9148,
vtwin_merged_xlsx,10-1267,9149,
oldbook_merged_xlsx,0924-0201,9150A,
fatbook_merged_xlsx,0924-0201,9150A,
oldbook_merged_xlsx,0924-0202,9151A,
fatbook_merged_xlsx,0924-0202,9151A,
fatbook_merged_xlsx,0924-0203,9152A,
vtwin_merged_xlsx,10-1268,9155,
oldbook_merged_xlsx,0924-0204,9156A,
fatbook_merged_xlsx,0510-0608,91573-09A,
fatbook_merged_xlsx,0510-0609,91573-09A,
fatbook_merged_xlsx,1505-0003,91583-99,
oldbook_merged_xlsx,0924-0205,9158A,
fatbook_merged_xlsx,0924-0205,9158A,
oldbook_merged_xlsx,0924-0206,9160A,
fatbook_merged_xlsx,0924-0206,9160A,
wps_merged_xlsx,820-55250,91668-05,HardDrive
oldbook_merged_xlsx,0924-0172,9171A,
oldbook_merged_xlsx,0924-0173,9172A,
oldbook_merged_xlsx,DS-325201,91739-87,
oldbook_merged_xlsx,0924-0174,9173A,
oldbook_merged_xlsx,0924-0175,9174A,
oldbook_merged_xlsx,0924-0176,9175A,
oldbook_merged_xlsx,0924-0177,9176A,
oldbook_merged_xlsx,DS-280219,91778-85,
oldbook_merged_xlsx,DS-280254,91778-85,
oldbook_merged_xlsx,DS-110846,91790-84,
oldbook_merged_xlsx,DS-110847,91790-84A,
fatbook_merged_xlsx,0935-0994,91800058,
fatbook_merged_xlsx,0935-0995,91800058,
wps_merged_xlsx,68-10205,91800058-B,Cometic Gaskets
wps_merged_xlsx,68-10206,91800058-O,Cometic Gaskets
wps_merged_xlsx,68-10200,91800058-X,Cometic Gaskets
oldbook_merged_xlsx,2130-0101,91843-97,
fatbook_merged_xlsx,2130-0101,91843-97,
wps_merged_xlsx,850-08789,91843-97,Namz
oldbook_merged_xlsx,0640-0980,91875-83,
fatbook_merged_xlsx,0640-0980,91875-83,
oldbook_merged_xlsx,0641-0174,91907-87,
fatbook_merged_xlsx,0641-0174,91907-87,
wps_merged_xlsx,820-55574,91930-92T,HardDrive
wps_merged_xlsx,820-55575,91930-92T,HardDrive
wps_merged_xlsx,820-55572,91931-92T,HardDrive
wps_merged_xlsx,820-55573,91931-92T,HardDrive
fatbook_merged_xlsx,0924-0239,9198,
fatbook_merged_xlsx,0924-0387,9198,
fatbook_merged_xlsx,0925-1610,9198,
oldbook_merged_xlsx,0640-0980,91982-82,
fatbook_merged_xlsx,0640-0980,91982-82,
oldbook_merged_xlsx,DS-289511,91A,
fatbook_merged_xlsx,3501-1155,92000415,
oldbook_merged_xlsx,DS-243940,92042-78A,
oldbook_merged_xlsx,0656-0008,92065-74,
fatbook_merged_xlsx,1302-0367,9208,
wps_merged_xlsx,22-81204,9208,All Balls Racing
fatbook_merged_xlsx,1302-0091,9209,
fatbook_merged_xlsx,0924-0240,9215,
fatbook_merged_xlsx,0924-0389,9215,
fatbook_merged_xlsx,0925-1156,9215,
fatbook_merged_xlsx,0925-1611,9215,
vtwin_merged_xlsx,10-0300,9220,
vtwin_merged_xlsx,10-0319,9220,
vtwin_merged_xlsx,10-0301,9221,
vtwin_merged_xlsx,10-0320,9221,
vtwin_merged_xlsx,10-0302,9222,
vtwin_merged_xlsx,10-0321,9222,
vtwin_merged_xlsx,10-0303,9223,
vtwin_merged_xlsx,10-0322,9223,
vtwin_merged_xlsx,10-0304,9224,
vtwin_merged_xlsx,10-0323,9224,
fatbook_merged_xlsx,2104-0434,92248,
vtwin_merged_xlsx,10-0305,9225,
vtwin_merged_xlsx,10-0324,9225,
fatbook_merged_xlsx,1120-0306,9231,
fatbook_merged_xlsx,1120-0309,9231,
fatbook_merged_xlsx,25-1394,9247,
wps_merged_xlsx,22-51394,9247,All Balls Racing
fatbook_merged_xlsx,0215-1440,9247,
fatbook_merged_xlsx,0215-1009,9252,
fatbook_merged_xlsx,0215-0962,9252A,
fatbook_merged_xlsx,0215-0963,9252A,
fatbook_merged_xlsx,0215-0964,9252A,
fatbook_merged_xlsx,0215-1439,9252A,
vtwin_merged_xlsx,10-0307,9261,
vtwin_merged_xlsx,10-0308,9262,
vtwin_merged_xlsx,10-0309,9263,
vtwin_merged_xlsx,10-0310,9264,
vtwin_merged_xlsx,10-0311,9265,
vtwin_merged_xlsx,10-0312,9266,
fatbook_merged_xlsx,0215-1441,9267,
wps_merged_xlsx,22-51368,9267,All Balls Racing
fatbook_merged_xlsx,A25-1368,9267,
fatbook_merged_xlsx,1302-0091,9270A,
wps_merged_xlsx,22-51405,9276,All Balls Racing
wps_merged_xlsx,22-51571,9276,All Balls Racing
fatbook_merged_xlsx,0215-0225,9276A/B,
fatbook_merged_xlsx,0215-0288,9276A/B,
fatbook_merged_xlsx,0215-1321,9276A/B,
fatbook_merged_xlsx,0215-1351,9276A/B,
fatbook_merged_xlsx,0215-1418,9276A/B,
fatbook_merged_xlsx,0215-1419,9276A/B,
fatbook_merged_xlsx,0215-0962,9276A/B,
fatbook_merged_xlsx,0215-0963,9276A/B,
fatbook_merged_xlsx,0215-1439,9276A/B,
fatbook_merged_xlsx,0510-0654,92900066,
wps_merged_xlsx,68-10009,93-1033,Cometic Gaskets
fatbook_merged_xlsx,0924-0207,9417,
fatbook_merged_xlsx,0924-0207,9418,
vtwin_merged_xlsx,10-0326,9421,
vtwin_merged_xlsx,10-0327,9422,
vtwin_merged_xlsx,10-0328,9423,
vtwin_merged_xlsx,10-0329,9424,
vtwin_merged_xlsx,10-0330,9425,
vtwin_merged_xlsx,10-0331,9426,
oldbook_merged_xlsx,0924-0193,9441A,
fatbook_merged_xlsx,0924-0201,9441A,
oldbook_merged_xlsx,0924-0201,9441A,
oldbook_merged_xlsx,0924-0194,9442A,
fatbook_merged_xlsx,0924-0202,9442A,
oldbook_merged_xlsx,0924-0202,9442A,
oldbook_merged_xlsx,0924-0195,9443A,
fatbook_merged_xlsx,0924-0203,9443A,
oldbook_merged_xlsx,0924-0203,9443A,
oldbook_merged_xlsx,0924-0196,9444A,
oldbook_merged_xlsx,0924-0204,9444A,
oldbook_merged_xlsx,0924-0197,9445A,
fatbook_merged_xlsx,0924-0205,9445A,
oldbook_merged_xlsx,0924-0205,9445A,
oldbook_merged_xlsx,0924-0198,9446A,
fatbook_merged_xlsx,0924-0206,9446A,
oldbook_merged_xlsx,0924-0206,9446A,
oldbook_merged_xlsx,0924-0199,9450A,
fatbook_merged_xlsx,A25-1002,9502,
oldbook_merged_xlsx,DS-195005,9540A,
fatbook_merged_xlsx,1505-0004,97026-09,
fatbook_merged_xlsx,1110-0051,9837,
fatbook_merged_xlsx,2120-0563,9898,
wps_merged_xlsx,850-08481,9898,Namz
wps_merged_xlsx,850-08002,98R,Namz
oldbook_merged_xlsx,1621-0466,99002-97,
wps_merged_xlsx,850-08484,9904,Namz
fatbook_merged_xlsx,2120-0633,9905,
wps_merged_xlsx,850-08485,9905,Namz
fatbook_merged_xlsx,2130-0248,9952,
wps_merged_xlsx,850-08441,9952,Namz
fatbook_merged_xlsx,2401-0488,9976,
fatbook_merged_xlsx,2401-0489,9979,
oldbook_merged_xlsx,2404-0112,CPK,
fatbook_merged_xlsx,0215-0640,E0004.02A8A,
fatbook_merged_xlsx,0215-0639,E6204,
fatbook_merged_xlsx,1720-0057,H0300.02A8,
fatbook_merged_xlsx,1721-1362,H0300.02A8,
fatbook_merged_xlsx,1721-1438,H0300.02A8,
fatbook_merged_xlsx,FA345HH,H0300.02A8,
fatbook_merged_xlsx,SDP-926HH,H0300.02A8,
fatbook_merged_xlsx,1721-0802,H0300.1AMA,
fatbook_merged_xlsx,1720-0027,H0300.F,
fatbook_merged_xlsx,1720-0049,H0300.F,
fatbook_merged_xlsx,1720-0463,H0300.F,
fatbook_merged_xlsx,1721-1796,H0300.FA,
fatbook_merged_xlsx,1721-1928,H0300.FA,
fatbook_merged_xlsx,1721-1929,H0300.FA,
fatbook_merged_xlsx,1721-2455,H0300.FA,
fatbook_merged_xlsx,FA249,H0300.FA,
fatbook_merged_xlsx,FA249HH,H0300.FA,
fatbook_merged_xlsx,RDP324,H0300.FA,
fatbook_merged_xlsx,1720-0021,H0300.T,
fatbook_merged_xlsx,1721-1411,H0300.T,
fatbook_merged_xlsx,1721-1438,H0300.T,
fatbook_merged_xlsx,1721-1486,H0300.T,
fatbook_merged_xlsx,1722-0675,H0300.T,
fatbook_merged_xlsx,DP-117,H0300.T,
fatbook_merged_xlsx,FA196HH,H0300.T,
fatbook_merged_xlsx,1721-0807,H0301.1AM,
fatbook_merged_xlsx,1721-1779,H0301.1AM,
fatbook_merged_xlsx,1721-1438,H0301.F,
fatbook_merged_xlsx,1721-1451,H0301.F,
fatbook_merged_xlsx,1722-0709,H0301.F,
fatbook_merged_xlsx,DP-115,H0301.F,
fatbook_merged_xlsx,FA140,H0301.F,
fatbook_merged_xlsx,FA140HH,H0301.F,
fatbook_merged_xlsx,1721-1451,H0301.T,
fatbook_merged_xlsx,1721-2294,H0301.T,
fatbook_merged_xlsx,DP-115,H0301.T,
fatbook_merged_xlsx,FA140,H0301.T,
fatbook_merged_xlsx,FA140HH,H0301.T,
fatbook_merged_xlsx,0650-1574,N0307.KA,
fatbook_merged_xlsx,1011-0328,P0213.0248,
fatbook_merged_xlsx,1011-0658,P0213.0248,
fatbook_merged_xlsx,BU-5000,P0213.T,
fatbook_merged_xlsx,0712-0354,Q10641AM,
