row_id,catalog_source,source_page,section,fits_raw,hd_model_code,year_start,year_end,note,cable_type,variant,sku,sku_nodash,oem_number,length,elbow_or_adjuster,travel,cruise_ready,catalog_unified_id,catalog_unified_name,already_has_oem
1,oldbook_2026,890,DRESSER (5-SPEED),For 96-98 FLHR,FLHR,1996,1998,,throttle,braided,0650-0299,06500299,56523-02,"39 1/2""",90°,"5""",,14337,"Stainless Braided Throttle Cable - 39-1/2""",yes
2,oldbook_2026,890,DRESSER (5-SPEED),For 96-98 FLHR,FLHR,1996,1998,,throttle,black_vinyl,0650-0336,06500336,56523-02,"39 1/2""",90°,"5""",,14304,"Black Vinyl Throttle Cable - 39-1/2""",yes
3,oldbook_2026,890,DRESSER (5-SPEED),For 96-98 FLHR,FLHR,1996,1998,,idle,braided,0651-0171,06510171,56237-99A,"38 7/8""",90°,"4 7/8""",Y,14280,"Stainless Braided Idle Cable - Cruise - 38-7/8""",yes
4,oldbook_2026,890,DRESSER (5-SPEED),For 96-98 FLHR,FLHR,1996,1998,,idle,black_vinyl,0651-0181,06510181,56237-99A,"38 7/8""",90°,"4 7/8""",Y,8061,"Black Vinyl Idle Cable - Cruise - 38-7/8""",yes
5,oldbook_2026,890,DRESSER (5-SPEED),For 94-95 FLHR,FLHR,1994,1995,,throttle,braided,0650-0319,06500319,56376-94,"39 1/2""",90°,"5""",,8097,"Stainless Braided Throttle Cable - 39-1/2""",no
6,oldbook_2026,890,DRESSER (5-SPEED),For 94-95 FLHR,FLHR,1994,1995,,throttle,black_vinyl,0650-0356,06500356,56376-94,"39 1/2""",90°,"5""",,3289,"Black Vinyl Throttle Cable - 39-1/2""",no
7,oldbook_2026,890,DRESSER (5-SPEED),For 94-95 FLHR,FLHR,1994,1995,,idle,braided,0651-0124,06510124,56375-94,"39 1/2""",90°,"4 3/4""",N,14246,"Stainless Braided Idle Cable - 39-1/2""",no
8,oldbook_2026,890,DRESSER (5-SPEED),For 94-95 FLHR,FLHR,1994,1995,,idle,black_vinyl,0651-0161,06510161,56375-94,"39 1/2""",90°,"4 3/4""",N,3205,"Black Vinyl Idle Cable - 39-1/2""",no
9,oldbook_2026,890,DRESSER (5-SPEED),For 96-97 FLHR/I,FLHR/I,1996,1997,,throttle,braided,0650-0414,06500414,56379-97,"42 1/2""",90°,"5 1/4""",,14481,"Stainless Braided Throttle Cable - 42-1/2""",yes
10,oldbook_2026,890,DRESSER (5-SPEED),For 96-97 FLHR/I,FLHR/I,1996,1997,,throttle,black_vinyl,0650-0407,06500407,56379-97,"42 1/2""",90°,"5 1/4""",,3290,"Black Vinyl Throttle Cable - 42-1/2""",yes
11,oldbook_2026,890,DRESSER (5-SPEED),For 96-97 FLHR/I,FLHR/I,1996,1997,,idle,braided,0651-0247,06510247,56368-96,"42 1/2""",90°,"4 1/2""",N,3086,"Stainless Braided Idle Cable - 42-1/2""",yes
12,oldbook_2026,890,DRESSER (5-SPEED),For 96-97 FLHR/I,FLHR/I,1996,1997,,idle,black_vinyl,0651-0240,06510240,56368-96,"42 1/2""",90°,"4 1/2""",N,3085,"Black Vinyl Idle Cable - 42-1/2""",yes
13,oldbook_2026,890,DRESSER (5-SPEED),For 98 FLHRC/I,FLHRC/I,1998,1998,,throttle,braided,0650-0414,06500414,56379-97,"42 1/2""",90°,"5 1/4""",,14481,"Stainless Braided Throttle Cable - 42-1/2""",yes
14,oldbook_2026,890,DRESSER (5-SPEED),For 98 FLHRC/I,FLHRC/I,1998,1998,,throttle,black_vinyl,0650-0407,06500407,56379-97,"42 1/2""",90°,"5 1/4""",,3290,"Black Vinyl Throttle Cable - 42-1/2""",yes
15,oldbook_2026,890,DRESSER (5-SPEED),For 98 FLHRC/I,FLHRC/I,1998,1998,,idle,braided,0651-0247,06510247,56369-96,"42 1/2""",90°,"4 1/2""",N,3086,"Stainless Braided Idle Cable - 42-1/2""",yes
16,oldbook_2026,890,DRESSER (5-SPEED),For 98 FLHRC/I,FLHRC/I,1998,1998,,idle,black_vinyl,0651-0240,06510240,56369-96,"42 1/2""",90°,"4 1/2""",N,3085,"Black Vinyl Idle Cable - 42-1/2""",yes
17,oldbook_2026,890,DRESSER (5-SPEED),For 96-98 FLHT,FLHT,1996,1998,,throttle,braided,0650-0413,06500413,56327-96,"38""",70°,"5""",,14480,"Stainless Braided Throttle Cable - 38""",yes
18,oldbook_2026,890,DRESSER (5-SPEED),For 96-98 FLHT,FLHT,1996,1998,,throttle,black_vinyl,0650-0406,06500406,56327-96,"38""",70°,"5""",,14477,"Black Vinyl Throttle Cable - 38""",yes
19,oldbook_2026,890,DRESSER (5-SPEED),For 96-98 FLHT,FLHT,1996,1998,,idle,braided,0651-0244,06510244,56328-96,"38""",70°,"4 3/4""",N,8064,"Stainless Braided Idle Cable - 38""",yes
20,oldbook_2026,890,DRESSER (5-SPEED),For 96-98 FLHT,FLHT,1996,1998,,idle,black_vinyl,0651-0237,06510237,56328-96,"38""",70°,"4 3/4""",N,14148,"Black Vinyl Idle Cable - 38""",yes
21,oldbook_2026,890,DRESSER (5-SPEED),For 95 FLHT,FLHT,1995,1995,,throttle,braided,0650-0312,06500312,56327-90,"38""",70°,"5""",,456,"Stainless Braided Throttle Cable - 38""",yes
22,oldbook_2026,890,DRESSER (5-SPEED),For 95 FLHT,FLHT,1995,1995,,throttle,black_vinyl,0650-0349,06500349,56327-90,"38""",70°,"5""",,3175,"Black Vinyl Throttle Cable - 38""",yes
23,oldbook_2026,890,DRESSER (5-SPEED),For 95 FLHT,FLHT,1995,1995,,idle,braided,0651-0123,06510123,56328-90,"38""",70°,"4 3/4""",N,14136,"Stainless Braided Idle Cable - 38""",yes
24,oldbook_2026,890,DRESSER (5-SPEED),For 95 FLHT,FLHT,1995,1995,,idle,black_vinyl,0651-0160,06510160,56328-90,"38""",70°,"4 3/4""",N,3259,"Black Vinyl Idle Cable - 38""",yes
25,oldbook_2026,890,DRESSER (5-SPEED),For 84-87 FLHT,FLHT,1984,1987,,throttle,braided,0650-0313,06500313,56327-81B,"42 1/2""",70°,"3 3/4""",,14161,"Stainless Braided Throttle Cable - 42-1/2""",no
26,oldbook_2026,890,DRESSER (5-SPEED),For 84-87 FLHT,FLHT,1984,1987,,throttle,black_vinyl,0650-0350,06500350,56327-81B,"42 1/2""",70°,"3 3/4""",,14472,"Black Vinyl Throttle Cable - 42-1/2""",no
27,oldbook_2026,890,DRESSER (5-SPEED),For 84-87 FLHT,FLHT,1984,1987,,idle,braided,0651-0126,06510126,56328-81B,"42 1/2""",70°,"4""",N,24,"Stainless Braided Idle Cable - 42-1/2""",no
28,oldbook_2026,890,DRESSER (5-SPEED),For 84-87 FLHT,FLHT,1984,1987,,idle,black_vinyl,0651-0163,06510163,56328-81B,"42 1/2""",70°,"4""",N,14277,"Black Vinyl Idle Cable - 42-1/2""",no
29,oldbook_2026,890,DRESSER (5-SPEED),For 83 FLHT,FLHT,1983,1983,,throttle,braided,0650-0307,06500307,56324-81C,"32 1/4""",45°,"3""",,3243,"Stainless Braided Throttle Cable - 32-1/2""",no
30,oldbook_2026,890,DRESSER (5-SPEED),For 83 FLHT,FLHT,1983,1983,,throttle,black_vinyl,0650-0344,06500344,56324-81C,"32 1/4""",45°,"3""",,3098,"Black Vinyl Throttle Cable - 32-1/2""",no
31,oldbook_2026,890,DRESSER (5-SPEED),For 83 FLHT,FLHT,1983,1983,,idle,braided,0651-0118,06510118,56323-81C,"32 1/4""",45°,"4""",N,3199,"Stainless Braided Idle Cable - 32-1/2""",no
32,oldbook_2026,890,DRESSER (5-SPEED),For 83 FLHT,FLHT,1983,1983,,idle,black_vinyl,0651-0155,06510155,56323-81C,"32 1/4""",45°,"4""",N,14253,"Black Vinyl Idle Cable - 32-1/2""",no
33,oldbook_2026,890,DRESSER (5-SPEED),For 96-98 FLHTC,FLHTC,1996,1998,,throttle,braided,0650-0413,06500413,56327-96,"38""",70°,"5""",,14480,"Stainless Braided Throttle Cable - 38""",yes
34,oldbook_2026,890,DRESSER (5-SPEED),For 96-98 FLHTC,FLHTC,1996,1998,,throttle,black_vinyl,0650-0406,06500406,56327-96,"38""",70°,"5""",,14477,"Black Vinyl Throttle Cable - 38""",yes
35,oldbook_2026,890,DRESSER (5-SPEED),For 96-98 FLHTC,FLHTC,1996,1998,,idle,braided,0651-0244,06510244,56328-96,"38""",70°,"4 3/4""",N,8064,"Stainless Braided Idle Cable - 38""",yes
36,oldbook_2026,890,DRESSER (5-SPEED),For 96-98 FLHTC,FLHTC,1996,1998,,idle,black_vinyl,0651-0237,06510237,56328-96,"38""",70°,"4 3/4""",N,14148,"Black Vinyl Idle Cable - 38""",yes
37,oldbook_2026,890,DRESSER (5-SPEED),For 90-95 FLHTC,FLHTC,1990,1995,,throttle,braided,0650-0312,06500312,56327-90,"38""",70°,"5""",,456,"Stainless Braided Throttle Cable - 38""",yes
38,oldbook_2026,890,DRESSER (5-SPEED),For 90-95 FLHTC,FLHTC,1990,1995,,throttle,black_vinyl,0650-0349,06500349,56327-90,"38""",70°,"5""",,3175,"Black Vinyl Throttle Cable - 38""",yes
39,oldbook_2026,890,DRESSER (5-SPEED),For 90-95 FLHTC,FLHTC,1990,1995,,idle,braided,0651-0123,06510123,56328-90,"38""",70°,"4 3/4""",N,14136,"Stainless Braided Idle Cable - 38""",yes
40,oldbook_2026,890,DRESSER (5-SPEED),For 90-95 FLHTC,FLHTC,1990,1995,,idle,black_vinyl,0651-0160,06510160,56328-90,"38""",70°,"4 3/4""",N,3259,"Black Vinyl Idle Cable - 38""",yes
41,oldbook_2026,890,DRESSER (5-SPEED),For 84-89 FLHTC,FLHTC,1984,1989,,throttle,braided,0650-0313,06500313,56327-81B,"42 1/2""",70°,"3 3/4""",,14161,"Stainless Braided Throttle Cable - 42-1/2""",no
42,oldbook_2026,890,DRESSER (5-SPEED),For 84-89 FLHTC,FLHTC,1984,1989,,throttle,black_vinyl,0650-0350,06500350,56327-81B,"42 1/2""",70°,"3 3/4""",,14472,"Black Vinyl Throttle Cable - 42-1/2""",no
43,oldbook_2026,890,DRESSER (5-SPEED),For 84-89 FLHTC,FLHTC,1984,1989,,idle,braided,0651-0126,06510126,56328-81B,"42 1/2""",70°,"4""",N,24,"Stainless Braided Idle Cable - 42-1/2""",no
44,oldbook_2026,890,DRESSER (5-SPEED),For 84-89 FLHTC,FLHTC,1984,1989,,idle,black_vinyl,0651-0163,06510163,56328-81B,"42 1/2""",70°,"4""",N,14277,"Black Vinyl Idle Cable - 42-1/2""",no
45,oldbook_2026,890,DRESSER (5-SPEED),For 83 FLHTC,FLHTC,1983,1983,,throttle,braided,0650-0307,06500307,56324-81C,"32 1/4""",45°,"3""",,3243,"Stainless Braided Throttle Cable - 32-1/2""",no
46,oldbook_2026,890,DRESSER (5-SPEED),For 83 FLHTC,FLHTC,1983,1983,,throttle,black_vinyl,0650-0344,06500344,56324-81C,"32 1/4""",45°,"3""",,3098,"Black Vinyl Throttle Cable - 32-1/2""",no
47,oldbook_2026,890,DRESSER (5-SPEED),For 83 FLHTC,FLHTC,1983,1983,,idle,braided,0651-0118,06510118,56323-81C,"32 1/4""",45°,"4""",N,3199,"Stainless Braided Idle Cable - 32-1/2""",no
48,oldbook_2026,890,DRESSER (5-SPEED),For 83 FLHTC,FLHTC,1983,1983,,idle,black_vinyl,0651-0155,06510155,56323-81C,"32 1/4""",45°,"4""",N,14253,"Black Vinyl Idle Cable - 32-1/2""",no
49,oldbook_2026,890,DRESSER (5-SPEED),For 96-98 FLHTC/I,FLHTC/I,1996,1998,,throttle,braided,0650-0301,06500301,56357-96,"41 3/4""",70°,"5 1/4""",,14338,"Stainless Braided Throttle Cable - 41-3/4""",yes
50,oldbook_2026,890,DRESSER (5-SPEED),For 96-98 FLHTC/I,FLHTC/I,1996,1998,,throttle,black_vinyl,0650-0338,06500338,56357-96,"41 3/4""",70°,"5 1/4""",,3096,"Black Vinyl Throttle Cable - 41-3/4""",yes
51,oldbook_2026,890,DRESSER (5-SPEED),For 96-98 FLHTC/I,FLHTC/I,1996,1998,,idle,black_vinyl,0651-0146,06510146,56387-96,"41 3/4""",70°,"4 3/4""",N,3185,"Black Vinyl Idle Cable - 41-3/4""",yes
52,oldbook_2026,890,DRESSER (5-SPEED),For 96-98 FLHTCU,FLHTCU,1996,1998,,throttle,braided,0650-0413,06500413,56327-96,"38""",70°,"5""",,14480,"Stainless Braided Throttle Cable - 38""",yes
53,oldbook_2026,890,DRESSER (5-SPEED),For 96-98 FLHTCU,FLHTCU,1996,1998,,throttle,black_vinyl,0650-0406,06500406,56327-96,"38""",70°,"5""",,14477,"Black Vinyl Throttle Cable - 38""",yes
54,oldbook_2026,890,DRESSER (5-SPEED),For 96-98 FLHTCU,FLHTCU,1996,1998,,idle,black_vinyl,0651-0238,06510238,56351-96,"38 1/16""",70°,"4 3/4""",Y,8063,"Black Vinyl Idle Cable - 38-1/16""",yes
55,oldbook_2026,890,DRESSER (5-SPEED),For 90-95 FLHTCU,FLHTCU,1990,1995,,throttle,braided,0650-0312,06500312,56327-90,"38""",70°,"5""",,456,"Stainless Braided Throttle Cable - 38""",yes
56,oldbook_2026,890,DRESSER (5-SPEED),For 90-95 FLHTCU,FLHTCU,1990,1995,,throttle,black_vinyl,0650-0349,06500349,56327-90,"38""",70°,"5""",,3175,"Black Vinyl Throttle Cable - 38""",yes
57,oldbook_2026,890,DRESSER (5-SPEED),For 90-95 FLHTCU,FLHTCU,1990,1995,,idle,braided,0651-0123,06510123,56323-90,"37 7/8""",70°,"4 3/4""",N,14136,"Stainless Braided Idle Cable - 38""",yes
58,oldbook_2026,890,DRESSER (5-SPEED),For 90-95 FLHTCU,FLHTCU,1990,1995,,idle,black_vinyl,0651-0160,06510160,56323-90,"37 7/8""",70°,"4 3/4""",N,3259,"Black Vinyl Idle Cable - 38""",yes
59,oldbook_2026,890,DRESSER (5-SPEED),For 87-89 FLHTCU,FLHTCU,1987,1989,,throttle,braided,0650-0313,06500313,56327-81B,"42 1/2""",70°,"3 3/4""",,14161,"Stainless Braided Throttle Cable - 42-1/2""",no
60,oldbook_2026,890,DRESSER (5-SPEED),For 87-89 FLHTCU,FLHTCU,1987,1989,,throttle,black_vinyl,0650-0350,06500350,56327-81B,"42 1/2""",70°,"3 3/4""",,14472,"Black Vinyl Throttle Cable - 42-1/2""",no
61,oldbook_2026,890,DRESSER (5-SPEED),For 87-89 FLHTCU,FLHTCU,1987,1989,,idle,braided,0651-0126,06510126,56328-81B,"42 1/2""",70°,"4""",N,24,"Stainless Braided Idle Cable - 42-1/2""",no
62,oldbook_2026,890,DRESSER (5-SPEED),For 87-89 FLHTCU,FLHTCU,1987,1989,,idle,black_vinyl,0651-0163,06510163,56328-81B,"42 1/2""",70°,"4""",N,14277,"Black Vinyl Idle Cable - 42-1/2""",no
63,oldbook_2026,890,DRESSER (5-SPEED),For 96-98 FLHTCU/I,FLHTCU/I,1996,1998,,throttle,braided,0650-0301,06500301,56357-96,"41 3/4""",70°,"5 1/4""",,14338,"Stainless Braided Throttle Cable - 41-3/4""",yes
64,oldbook_2026,890,DRESSER (5-SPEED),For 96-98 FLHTCU/I,FLHTCU/I,1996,1998,,throttle,black_vinyl,0650-0338,06500338,56357-96,"41 3/4""",70°,"5 1/4""",,3096,"Black Vinyl Throttle Cable - 41-3/4""",yes
65,oldbook_2026,890,DRESSER (5-SPEED),For 96-98 FLHTCU/I,FLHTCU/I,1996,1998,,idle,braided,0651-0169,06510169,56358-96,"41 1/2""",70°,"4 11/16""",Y,8037,"Stainless Braided Idle Cable - Cruise - 41-1/2""",yes
66,oldbook_2026,890,DRESSER (5-SPEED),For 96-98 FLHTCU/I,FLHTCU/I,1996,1998,,idle,black_vinyl,0651-0179,06510179,56358-96,"41 1/2""",70°,"4 11/16""",Y,3080,"Black Vinyl Idle Cable - Cruise - 41-1/2""",yes
67,oldbook_2026,890,DRESSER (5-SPEED),For 90-95 FLTCU,FLTCU,1990,1995,,throttle,braided,0650-0312,06500312,56327-90,"38""",70°,"5""",,456,"Stainless Braided Throttle Cable - 38""",yes
68,oldbook_2026,890,DRESSER (5-SPEED),For 90-95 FLTCU,FLTCU,1990,1995,,throttle,black_vinyl,0650-0349,06500349,56327-90,"38""",70°,"5""",,3175,"Black Vinyl Throttle Cable - 38""",yes
69,oldbook_2026,890,DRESSER (5-SPEED),For 90-95 FLTCU,FLTCU,1990,1995,,idle,braided,0651-0123,06510123,56323-90,"37 7/8""",70°,"4 3/4""",N,14136,"Stainless Braided Idle Cable - 38""",yes
70,oldbook_2026,890,DRESSER (5-SPEED),For 90-95 FLTCU,FLTCU,1990,1995,,idle,black_vinyl,0651-0160,06510160,56323-90,"37 7/8""",70°,"4 3/4""",N,3259,"Black Vinyl Idle Cable - 38""",yes
71,oldbook_2026,890,DRESSER (5-SPEED),For 96 FLTCU/I,FLTCU/I,1996,1996,,throttle,braided,0650-0301,06500301,56357-96,"41 3/4""",70°,"5 1/4""",,14338,"Stainless Braided Throttle Cable - 41-3/4""",yes
72,oldbook_2026,890,DRESSER (5-SPEED),For 96 FLTCU/I,FLTCU/I,1996,1996,,throttle,black_vinyl,0650-0338,06500338,56357-96,"41 3/4""",70°,"5 1/4""",,3096,"Black Vinyl Throttle Cable - 41-3/4""",yes
73,oldbook_2026,890,DRESSER (5-SPEED),For 96 FLTCU/I,FLTCU/I,1996,1996,,idle,braided,0651-0169,06510169,56359-96,"41 1/2""",70°,"4 11/16""",Y,8037,"Stainless Braided Idle Cable - Cruise - 41-1/2""",no
74,oldbook_2026,890,DRESSER (5-SPEED),For 96 FLTCU/I,FLTCU/I,1996,1996,,idle,black_vinyl,0651-0179,06510179,56359-96,"41 1/2""",70°,"4 11/16""",Y,3080,"Black Vinyl Idle Cable - Cruise - 41-1/2""",no
75,oldbook_2026,890,DRESSER (5-SPEED),For 98 FLTR,FLTR,1998,1998,,throttle,braided,0650-0413,06500413,56327-96,"38""",70°,"5""",,14480,"Stainless Braided Throttle Cable - 38""",yes
76,oldbook_2026,890,DRESSER (5-SPEED),For 98 FLTR,FLTR,1998,1998,,throttle,black_vinyl,0650-0406,06500406,56327-96,"38""",70°,"5""",,14477,"Black Vinyl Throttle Cable - 38""",yes
77,oldbook_2026,890,DRESSER (5-SPEED),For 98 FLTR,FLTR,1998,1998,,idle,black_vinyl,0651-0238,06510238,56351-96,"38 1/16""",70°,"4 3/4""",Y,8063,"Black Vinyl Idle Cable - 38-1/16""",yes
78,oldbook_2026,890,DRESSER (5-SPEED),For 98 FLTR/I,FLTR/I,1998,1998,,throttle,braided,0650-0301,06500301,56357-96,"41 3/4""",70°,"5 1/4""",,14338,"Stainless Braided Throttle Cable - 41-3/4""",yes
79,oldbook_2026,890,DRESSER (5-SPEED),For 98 FLTR/I,FLTR/I,1998,1998,,throttle,black_vinyl,0650-0338,06500338,56357-96,"41 3/4""",70°,"5 1/4""",,3096,"Black Vinyl Throttle Cable - 41-3/4""",yes
80,oldbook_2026,890,DRESSER (5-SPEED),For 98 FLTR/I,FLTR/I,1998,1998,,idle,braided,0651-0169,06510169,56358-96,"41 1/2""",70°,"4 11/16""",Y,8037,"Stainless Braided Idle Cable - Cruise - 41-1/2""",yes
81,oldbook_2026,890,DRESSER (5-SPEED),For 98 FLTR/I,FLTR/I,1998,1998,,idle,black_vinyl,0651-0179,06510179,56358-96,"41 1/2""",70°,"4 11/16""",Y,3080,"Black Vinyl Idle Cable - Cruise - 41-1/2""",yes
82,oldbook_2026,890,DRESSER (5-SPEED),For 90-93 FLHS,FLHS,1990,1993,,throttle,braided,0650-0312,06500312,56327-90,"38""",70°,"5""",,456,"Stainless Braided Throttle Cable - 38""",yes
83,oldbook_2026,890,DRESSER (5-SPEED),For 90-93 FLHS,FLHS,1990,1993,,throttle,black_vinyl,0650-0349,06500349,56327-90,"38""",70°,"5""",,3175,"Black Vinyl Throttle Cable - 38""",yes
84,oldbook_2026,890,DRESSER (5-SPEED),For 90-93 FLHS,FLHS,1990,1993,,idle,braided,0651-0123,06510123,56328-90,"38""",70°,"4 3/4""",N,14136,"Stainless Braided Idle Cable - 38""",yes
85,oldbook_2026,890,DRESSER (5-SPEED),For 90-93 FLHS,FLHS,1990,1993,,idle,black_vinyl,0651-0160,06510160,56328-90,"38""",70°,"4 3/4""",N,3259,"Black Vinyl Idle Cable - 38""",yes
86,oldbook_2026,890,DRESSER (5-SPEED),For 87-89 FLHS,FLHS,1987,1989,,throttle,braided,0650-0313,06500313,56327-81B,"42 1/2""",70°,"3 3/4""",,14161,"Stainless Braided Throttle Cable - 42-1/2""",no
87,oldbook_2026,890,DRESSER (5-SPEED),For 87-89 FLHS,FLHS,1987,1989,,throttle,black_vinyl,0650-0350,06500350,56327-81B,"42 1/2""",70°,"3 3/4""",,14472,"Black Vinyl Throttle Cable - 42-1/2""",no
88,oldbook_2026,890,DRESSER (5-SPEED),For 87-89 FLHS,FLHS,1987,1989,,idle,braided,0651-0126,06510126,56328-81B,"42 1/2""",70°,"4""",N,24,"Stainless Braided Idle Cable - 42-1/2""",no
89,oldbook_2026,890,DRESSER (5-SPEED),For 87-89 FLHS,FLHS,1987,1989,,idle,black_vinyl,0651-0163,06510163,56328-81B,"42 1/2""",70°,"4""",N,14277,"Black Vinyl Idle Cable - 42-1/2""",no
90,oldbook_2026,890,DRESSER (5-SPEED),For 90-91 FLTC,FLTC,1990,1991,,throttle,braided,0650-0312,06500312,56327-90,"38""",70°,"5""",,456,"Stainless Braided Throttle Cable - 38""",yes
91,oldbook_2026,890,DRESSER (5-SPEED),For 90-91 FLTC,FLTC,1990,1991,,throttle,black_vinyl,0650-0349,06500349,56327-90,"38""",70°,"5""",,3175,"Black Vinyl Throttle Cable - 38""",yes
92,oldbook_2026,890,DRESSER (5-SPEED),For 90-91 FLTC,FLTC,1990,1991,,idle,braided,0651-0123,06510123,56328-90,"38""",70°,"4 3/4""",N,14136,"Stainless Braided Idle Cable - 38""",yes
93,oldbook_2026,890,DRESSER (5-SPEED),For 90-91 FLTC,FLTC,1990,1991,,idle,black_vinyl,0651-0160,06510160,56328-90,"38""",70°,"4 3/4""",N,3259,"Black Vinyl Idle Cable - 38""",yes
94,oldbook_2026,890,DRESSER (5-SPEED),For 84-89 FLTC,FLTC,1984,1989,,throttle,braided,0650-0313,06500313,56327-81B,"42 1/2""",70°,"3 3/4""",,14161,"Stainless Braided Throttle Cable - 42-1/2""",no
95,oldbook_2026,890,DRESSER (5-SPEED),For 84-89 FLTC,FLTC,1984,1989,,throttle,black_vinyl,0650-0350,06500350,56327-81B,"42 1/2""",70°,"3 3/4""",,14472,"Black Vinyl Throttle Cable - 42-1/2""",no
96,oldbook_2026,890,DRESSER (5-SPEED),For 84-89 FLTC,FLTC,1984,1989,,idle,braided,0651-0126,06510126,56328-81B,"42 1/2""",70°,"4""",N,24,"Stainless Braided Idle Cable - 42-1/2""",no
97,oldbook_2026,890,DRESSER (5-SPEED),For 84-89 FLTC,FLTC,1984,1989,,idle,black_vinyl,0651-0163,06510163,56328-81B,"42 1/2""",70°,"4""",N,14277,"Black Vinyl Idle Cable - 42-1/2""",no
98,oldbook_2026,890,DRESSER (5-SPEED),For 82-83 FLTC,FLTC,1982,1983,,throttle,braided,0650-0307,06500307,56324-81C,"32 1/4""",45°,"3""",,3243,"Stainless Braided Throttle Cable - 32-1/2""",no
99,oldbook_2026,890,DRESSER (5-SPEED),For 82-83 FLTC,FLTC,1982,1983,,throttle,black_vinyl,0650-0344,06500344,56324-81C,"32 1/4""",45°,"3""",,3098,"Black Vinyl Throttle Cable - 32-1/2""",no
100,oldbook_2026,890,DRESSER (5-SPEED),For 82-83 FLTC,FLTC,1982,1983,,idle,braided,0651-0118,06510118,56323-81C,"32 1/4""",45°,"4""",N,3199,"Stainless Braided Idle Cable - 32-1/2""",no
101,oldbook_2026,890,DRESSER (5-SPEED),For 82-83 FLTC,FLTC,1982,1983,,idle,black_vinyl,0651-0155,06510155,56323-81C,"32 1/4""",45°,"4""",N,14253,"Black Vinyl Idle Cable - 32-1/2""",no
102,oldbook_2026,890,DRESSER (5-SPEED),For 81 FLTC,FLTC,1981,1981,,throttle,braided,0650-0313,06500313,56327-81B,"42 1/2""",70°,"3 3/4""",,14161,"Stainless Braided Throttle Cable - 42-1/2""",no
103,oldbook_2026,890,DRESSER (5-SPEED),For 81 FLTC,FLTC,1981,1981,,throttle,black_vinyl,0650-0350,06500350,56327-81B,"42 1/2""",70°,"3 3/4""",,14472,"Black Vinyl Throttle Cable - 42-1/2""",no
104,oldbook_2026,890,DRESSER (5-SPEED),For 81 FLTC,FLTC,1981,1981,,idle,braided,0651-0126,06510126,56328-81B,"42 1/2""",70°,"4""",N,24,"Stainless Braided Idle Cable - 42-1/2""",no
105,oldbook_2026,890,DRESSER (5-SPEED),For 81 FLTC,FLTC,1981,1981,,idle,black_vinyl,0651-0163,06510163,56328-81B,"42 1/2""",70°,"4""",N,14277,"Black Vinyl Idle Cable - 42-1/2""",no
106,oldbook_2026,890,DRESSER (5-SPEED),For 84-86 FLT,FLT,1984,1986,,throttle,braided,0650-0313,06500313,56327-81B,"42 1/2""",70°,"3 3/4""",,14161,"Stainless Braided Throttle Cable - 42-1/2""",no
107,oldbook_2026,890,DRESSER (5-SPEED),For 84-86 FLT,FLT,1984,1986,,throttle,black_vinyl,0650-0350,06500350,56327-81B,"42 1/2""",70°,"3 3/4""",,14472,"Black Vinyl Throttle Cable - 42-1/2""",no
108,oldbook_2026,890,DRESSER (5-SPEED),For 84-86 FLT,FLT,1984,1986,,idle,braided,0651-0126,06510126,56328-81B,"42 1/2""",70°,"4""",N,24,"Stainless Braided Idle Cable - 42-1/2""",no
109,oldbook_2026,890,DRESSER (5-SPEED),For 84-86 FLT,FLT,1984,1986,,idle,black_vinyl,0651-0163,06510163,56328-81B,"42 1/2""",70°,"4""",N,14277,"Black Vinyl Idle Cable - 42-1/2""",no
110,oldbook_2026,890,DRESSER (5-SPEED),For 82-83 FLT,FLT,1982,1983,,throttle,braided,0650-0307,06500307,56324-81C,"32 1/2""",45°,"3""",,3243,"Stainless Braided Throttle Cable - 32-1/2""",no
111,oldbook_2026,890,DRESSER (5-SPEED),For 82-83 FLT,FLT,1982,1983,,throttle,black_vinyl,0650-0344,06500344,56324-81C,"32 1/2""",45°,"3""",,3098,"Black Vinyl Throttle Cable - 32-1/2""",no
112,oldbook_2026,890,DRESSER (5-SPEED),For 82-83 FLT,FLT,1982,1983,,idle,braided,0651-0118,06510118,56323-81C,"32 1/4""",45°,"4""",N,3199,"Stainless Braided Idle Cable - 32-1/2""",no
113,oldbook_2026,890,DRESSER (5-SPEED),For 82-83 FLT,FLT,1982,1983,,idle,black_vinyl,0651-0155,06510155,56323-81C,"32 1/4""",45°,"4""",N,14253,"Black Vinyl Idle Cable - 32-1/2""",no
114,oldbook_2026,890,DRESSER (5-SPEED),For 81 FLT,FLT,1981,1981,,throttle,braided,0650-0313,06500313,56327-81B,"42 1/2""",70°,"3 3/4""",,14161,"Stainless Braided Throttle Cable - 42-1/2""",no
115,oldbook_2026,890,DRESSER (5-SPEED),For 81 FLT,FLT,1981,1981,,throttle,black_vinyl,0650-0350,06500350,56327-81B,"42 1/2""",70°,"3 3/4""",,14472,"Black Vinyl Throttle Cable - 42-1/2""",no
116,oldbook_2026,890,DRESSER (5-SPEED),For 81 FLT,FLT,1981,1981,,idle,braided,0651-0126,06510126,56328-81B,"42 1/2""",70°,"4""",N,24,"Stainless Braided Idle Cable - 42-1/2""",no
117,oldbook_2026,890,DRESSER (5-SPEED),For 81 FLT,FLT,1981,1981,,idle,black_vinyl,0651-0163,06510163,56328-81B,"42 1/2""",70°,"4""",N,14277,"Black Vinyl Idle Cable - 42-1/2""",no
118,oldbook_2026,890,DRESSER (4-SPEED),For 81-84 FL/FLH,FL/FLH,1981,1984,,throttle,braided,0650-0307,06500307,56324-81C,"32 1/4""",45°,"3""",,3243,"Stainless Braided Throttle Cable - 32-1/2""",no
119,oldbook_2026,890,DRESSER (4-SPEED),For 81-84 FL/FLH,FL/FLH,1981,1984,,throttle,black_vinyl,0650-0344,06500344,56324-81C,"32 1/4""",45°,"3""",,3098,"Black Vinyl Throttle Cable - 32-1/2""",no
120,oldbook_2026,890,DRESSER (4-SPEED),For 81-84 FL/FLH,FL/FLH,1981,1984,,idle,braided,0651-0118,06510118,56323-81C,"32 1/4""",45°,"4""",N,3199,"Stainless Braided Idle Cable - 32-1/2""",no
121,oldbook_2026,890,DRESSER (4-SPEED),For 81-84 FL/FLH,FL/FLH,1981,1984,,idle,black_vinyl,0651-0155,06510155,56323-81C,"32 1/4""",45°,"4""",N,14253,"Black Vinyl Idle Cable - 32-1/2""",no
122,oldbook_2026,890,DRESSER (4-SPEED),For 74-80 FL/FLH,FL/FLH,1974,1980,,throttle,braided,0650-0309,06500309,56313-76,"33""",90°,"4""",,3216,"Stainless Braided Throttle Cable - 33""",yes
123,oldbook_2026,890,DRESSER (4-SPEED),For 74-80 FL/FLH,FL/FLH,1974,1980,,throttle,black_vinyl,0650-0346,06500346,56313-76,"33""",90°,"4""",,3174,"Black Vinyl Throttle Cable - 33""",yes
124,oldbook_2026,891,SOFTAIL,For 99 FXST,FXST,1999,1999,,throttle,braided,0650-0292,06500292,56356-96,"30 3/4""",90°,"5""",,2337,"Stainless Braided Throttle Cable - 30-3/4""",yes
125,oldbook_2026,891,SOFTAIL,For 99 FXST,FXST,1999,1999,,throttle,black_vinyl,0650-0329,06500329,56356-96,"30 3/4""",90°,"5""",,14302,"Black Vinyl Throttle Cable - 30-3/4""",no
126,oldbook_2026,891,SOFTAIL,For 99 FXST,FXST,1999,1999,,idle,braided,0651-0099,06510099,56342-96,"30 3/4""",90°,"4 3/4""",N,2408,"Stainless Braided Idle Cable - 30-3/4""",yes
127,oldbook_2026,891,SOFTAIL,For 99 FXST,FXST,1999,1999,,idle,black_vinyl,0651-0136,06510136,56342-96,"30 3/4""",90°,"4 3/4""",N,188,"Black Vinyl Idle Cable - 30-3/4""",yes
128,oldbook_2026,891,SOFTAIL,For 90 FXST,FXST,1990,1990,,throttle,braided,0650-0308,06500308,56343-90,"30""",90°,"5""",,3091,"Stainless Braided Throttle Cable - 30""",yes
129,oldbook_2026,891,SOFTAIL,For 90 FXST,FXST,1990,1990,,throttle,black_vinyl,0650-0345,06500345,56343-90,"30""",90°,"5""",,3288,"Black Vinyl Throttle Cable - 30""",yes
130,oldbook_2026,891,SOFTAIL,For 90 FXST,FXST,1990,1990,,idle,braided,0651-0115,06510115,56342-90,"30""",90°,"4 3/4""",N,8027,"Stainless Braided Idle Cable - 30""",yes
131,oldbook_2026,891,SOFTAIL,For 90 FXST,FXST,1990,1990,,idle,black_vinyl,0651-0152,06510152,56342-90,"30""",90°,"4 3/4""",N,8226,"Black Vinyl Idle Cable - 30"" - Vinyl",yes
132,oldbook_2026,891,SOFTAIL,For 84-89 FXST,FXST,1984,1989,,throttle,braided,0650-0307,06500307,56324-81C,"32 1/4""",45°,"3 3/4""",,3243,"Stainless Braided Throttle Cable - 32-1/2""",no
133,oldbook_2026,891,SOFTAIL,For 84-89 FXST,FXST,1984,1989,,throttle,black_vinyl,0650-0344,06500344,56324-81C,"32 1/4""",45°,"3 3/4""",,3098,"Black Vinyl Throttle Cable - 32-1/2""",no
134,oldbook_2026,891,SOFTAIL,For 84-89 FXST,FXST,1984,1989,,idle,braided,0651-0118,06510118,56323-81C,"32 1/4""",45°,"4""",N,3199,"Stainless Braided Idle Cable - 32-1/2""",no
135,oldbook_2026,891,SOFTAIL,For 84-89 FXST,FXST,1984,1989,,idle,black_vinyl,0651-0155,06510155,56323-81C,"32 1/4""",45°,"4""",N,14253,"Black Vinyl Idle Cable - 32-1/2""",no
136,oldbook_2026,891,SOFTAIL,For 96-99 FXSTC,FXSTC,1996,1999,,throttle,braided,0650-0292,06500292,56356-96,"30 3/4""",90°,"5""",,2337,"Stainless Braided Throttle Cable - 30-3/4""",yes
137,oldbook_2026,891,SOFTAIL,For 96-99 FXSTC,FXSTC,1996,1999,,throttle,black_vinyl,0650-0329,06500329,56356-96,"30 3/4""",90°,"5""",,14302,"Black Vinyl Throttle Cable - 30-3/4""",no
138,oldbook_2026,891,SOFTAIL,For 96-99 FXSTC,FXSTC,1996,1999,,idle,braided,0651-0099,06510099,56342-96,"30 3/4""",90°,"4 3/4""",N,2408,"Stainless Braided Idle Cable - 30-3/4""",yes
139,oldbook_2026,891,SOFTAIL,For 96-99 FXSTC,FXSTC,1996,1999,,idle,black_vinyl,0651-0136,06510136,56342-96,"30 3/4""",90°,"4 3/4""",N,188,"Black Vinyl Idle Cable - 30-3/4""",yes
140,oldbook_2026,891,SOFTAIL,For 90-95 FXSTC,FXSTC,1990,1995,,throttle,braided,0650-0308,06500308,56343-90,"30""",90°,"5""",,3091,"Stainless Braided Throttle Cable - 30""",yes
141,oldbook_2026,891,SOFTAIL,For 90-95 FXSTC,FXSTC,1990,1995,,throttle,black_vinyl,0650-0345,06500345,56343-90,"30""",90°,"5""",,3288,"Black Vinyl Throttle Cable - 30""",yes
142,oldbook_2026,891,SOFTAIL,For 90-95 FXSTC,FXSTC,1990,1995,,idle,braided,0651-0115,06510115,56342-90,"30""",90°,"4 3/4""",N,8027,"Stainless Braided Idle Cable - 30""",yes
143,oldbook_2026,891,SOFTAIL,For 90-95 FXSTC,FXSTC,1990,1995,,idle,black_vinyl,0651-0152,06510152,56342-90,"30""",90°,"4 3/4""",N,8226,"Black Vinyl Idle Cable - 30"" - Vinyl",yes
144,oldbook_2026,891,SOFTAIL,For 99 FXSTB/I,FXSTB/I,1999,1999,,throttle,braided,0650-0286,06500286,56432-98,"26 1/2""",90°,"5""",,301,"Stainless Braided Throttle Cable - 26-1/2""",yes
145,oldbook_2026,891,SOFTAIL,For 99 FXSTB/I,FXSTB/I,1999,1999,,throttle,black_vinyl,0650-0323,06500323,56432-98,"26 1/2""",90°,"5""",,155,"Black Vinyl Throttle Cable - 26-1/2""",yes
146,oldbook_2026,891,SOFTAIL,For 99 FXSTB/I,FXSTB/I,1999,1999,,idle,braided,0651-0094,06510094,56433-98,"26 1/2""",90°,"4 3/4""",N,14268,"Stainless Braided Idle Cable - 26-1/2""",yes
147,oldbook_2026,891,SOFTAIL,For 99 FXSTB/I,FXSTB/I,1999,1999,,idle,black_vinyl,0651-0131,06510131,56433-98,"26 1/2""",90°,"4 3/4""",N,3179,"Black Vinyl Idle Cable - 26-1/2""",yes
148,oldbook_2026,891,SOFTAIL,For 96-99 FXSTS/I,FXSTS/I,1996,1999,,throttle,braided,0650-0294,06500294,56306-96,"32 1/2""",70°,"5""",,3213,"Stainless Braided Throttle Cable - 32-1/2""",yes
149,oldbook_2026,891,SOFTAIL,For 96-99 FXSTS/I,FXSTS/I,1996,1999,,throttle,black_vinyl,0650-0331,06500331,56306-96,"32 1/2""",70°,"5""",,3222,"Black Vinyl Throttle Cable - 32-1/2""",yes
150,oldbook_2026,891,SOFTAIL,For 96-99 FXSTS/I,FXSTS/I,1996,1999,,idle,braided,0651-0102,06510102,56305-96,"32 1/2""",70°,"4 3/4""",N,14134,"Stainless Braided Idle Cable - 32-1/2""",yes
151,oldbook_2026,891,SOFTAIL,For 96-99 FXSTS/I,FXSTS/I,1996,1999,,idle,black_vinyl,0651-0139,06510139,56305-96,"32 1/2""",70°,"4 3/4""",N,183,"Black Vinyl Idle Cable - 32-1/2""",yes
152,oldbook_2026,891,SOFTAIL,For 90-95 FXSTS,FXSTS,1990,1995,,throttle,braided,0650-0318,06500318,56306-90,"32 1/2""",70°,"5""",,3092,"Stainless Braided Throttle Cable - 32-1/2""",yes
153,oldbook_2026,891,SOFTAIL,For 90-95 FXSTS,FXSTS,1990,1995,,throttle,black_vinyl,0650-0355,06500355,56306-90,"32 1/2""",70°,"5""",,3178,"Black Vinyl Throttle Cable - 32-1/2""",yes
154,oldbook_2026,891,SOFTAIL,For 90-95 FXSTS,FXSTS,1990,1995,,idle,braided,0651-0119,06510119,56305-90,"32 1/2""",70°,"4 3/4""",N,184,"Stainless Braided Idle Cable - 32-1/2""",yes
155,oldbook_2026,891,SOFTAIL,For 90-95 FXSTS,FXSTS,1990,1995,,idle,black_vinyl,0651-0156,06510156,56305-90,"32 1/2""",70°,"4 3/4""",N,3070,"Black Vinyl Idle Cable - 32-1/2""",yes
156,oldbook_2026,891,SOFTAIL,For 96-97 FXSTSB,FXSTSB,1996,1997,,throttle,braided,0650-0292,06500292,56356-96,"30 3/4""",90°,"5""",,2337,"Stainless Braided Throttle Cable - 30-3/4""",yes
157,oldbook_2026,891,SOFTAIL,For 96-97 FXSTSB,FXSTSB,1996,1997,,throttle,black_vinyl,0650-0329,06500329,56356-96,"30 3/4""",90°,"5""",,14302,"Black Vinyl Throttle Cable - 30-3/4""",no
158,oldbook_2026,891,SOFTAIL,For 96-97 FXSTSB,FXSTSB,1996,1997,,idle,braided,0651-0099,06510099,56342-96,"30 3/4""",90°,"4 3/4""",N,2408,"Stainless Braided Idle Cable - 30-3/4""",yes
159,oldbook_2026,891,SOFTAIL,For 96-97 FXSTSB,FXSTSB,1996,1997,,idle,black_vinyl,0651-0136,06510136,56342-96,"30 3/4""",90°,"4 3/4""",N,188,"Black Vinyl Idle Cable - 30-3/4""",yes
160,oldbook_2026,891,SOFTAIL,For 95 FXSTSB,FXSTSB,1995,1995,,throttle,braided,0650-0308,06500308,56343-90,"30""",90°,"5""",,3091,"Stainless Braided Throttle Cable - 30""",yes
161,oldbook_2026,891,SOFTAIL,For 95 FXSTSB,FXSTSB,1995,1995,,throttle,black_vinyl,0650-0345,06500345,56343-90,"30""",90°,"5""",,3288,"Black Vinyl Throttle Cable - 30""",yes
162,oldbook_2026,891,SOFTAIL,For 95 FXSTSB,FXSTSB,1995,1995,,idle,braided,0651-0115,06510115,56342-90,"30""",90°,"4 3/4""",N,8027,"Stainless Braided Idle Cable - 30""",yes
163,oldbook_2026,891,SOFTAIL,For 95 FXSTSB,FXSTSB,1995,1995,,idle,black_vinyl,0651-0152,06510152,56342-90,"30""",90°,"4 3/4""",N,8226,"Black Vinyl Idle Cable - 30"" - Vinyl",yes
164,oldbook_2026,891,SOFTAIL,For 96-99 FLSTC,FLSTC,1996,1999,,throttle,braided,0650-0292,06500292,56356-96,"30 3/4""",90°,"5""",,2337,"Stainless Braided Throttle Cable - 30-3/4""",yes
165,oldbook_2026,891,SOFTAIL,For 96-99 FLSTC,FLSTC,1996,1999,,throttle,black_vinyl,0650-0329,06500329,56356-96,"30 3/4""",90°,"5""",,14302,"Black Vinyl Throttle Cable - 30-3/4""",no
166,oldbook_2026,891,SOFTAIL,For 96-99 FLSTC,FLSTC,1996,1999,,idle,braided,0651-0099,06510099,56342-96,"30 3/4""",90°,"4 3/4""",N,2408,"Stainless Braided Idle Cable - 30-3/4""",yes
167,oldbook_2026,891,SOFTAIL,For 96-99 FLSTC,FLSTC,1996,1999,,idle,black_vinyl,0651-0136,06510136,56342-96,"30 3/4""",90°,"4 3/4""",N,188,"Black Vinyl Idle Cable - 30-3/4""",yes
168,oldbook_2026,891,SOFTAIL,For 90-95 FLSTC,FLSTC,1990,1995,,throttle,braided,0650-0308,06500308,56343-90,"30""",90°,"5""",,3091,"Stainless Braided Throttle Cable - 30""",yes
169,oldbook_2026,891,SOFTAIL,For 90-95 FLSTC,FLSTC,1990,1995,,throttle,black_vinyl,0650-0345,06500345,56343-90,"30""",90°,"5""",,3288,"Black Vinyl Throttle Cable - 30""",yes
170,oldbook_2026,891,SOFTAIL,For 90-95 FLSTC,FLSTC,1990,1995,,idle,braided,0651-0115,06510115,56342-90,"30""",90°,"4 3/4""",N,8027,"Stainless Braided Idle Cable - 30""",yes
171,oldbook_2026,891,SOFTAIL,For 90-95 FLSTC,FLSTC,1990,1995,,idle,black_vinyl,0651-0152,06510152,56342-90,"30""",90°,"4 3/4""",N,8226,"Black Vinyl Idle Cable - 30"" - Vinyl",yes
172,oldbook_2026,891,SOFTAIL,For 87-89 FLSTC,FLSTC,1987,1989,,throttle,braided,0650-0307,06500307,56324-81C,"32 1/4""",45°,-,,3243,"Stainless Braided Throttle Cable - 32-1/2""",no
173,oldbook_2026,891,SOFTAIL,For 87-89 FLSTC,FLSTC,1987,1989,,throttle,black_vinyl,0650-0344,06500344,56324-81C,"32 1/4""",45°,-,,3098,"Black Vinyl Throttle Cable - 32-1/2""",no
174,oldbook_2026,891,SOFTAIL,For 87-89 FLSTC,FLSTC,1987,1989,,idle,braided,0651-0118,06510118,56323-81C,"32 1/4""",45°,"4""",N,3199,"Stainless Braided Idle Cable - 32-1/2""",no
175,oldbook_2026,891,SOFTAIL,For 87-89 FLSTC,FLSTC,1987,1989,,idle,black_vinyl,0651-0155,06510155,56323-81C,"32 1/4""",45°,"4""",N,14253,"Black Vinyl Idle Cable - 32-1/2""",no
176,oldbook_2026,891,SOFTAIL,For 90 FLST,FLST,1990,1990,,throttle,braided,0650-0308,06500308,56343-90,"30""",90°,"5""",,3091,"Stainless Braided Throttle Cable - 30""",yes
177,oldbook_2026,891,SOFTAIL,For 90 FLST,FLST,1990,1990,,throttle,black_vinyl,0650-0345,06500345,56343-90,"30""",90°,"5""",,3288,"Black Vinyl Throttle Cable - 30""",yes
178,oldbook_2026,891,SOFTAIL,For 90 FLST,FLST,1990,1990,,idle,braided,0651-0115,06510115,56342-90,"30""",90°,"4 3/4""",N,8027,"Stainless Braided Idle Cable - 30""",yes
179,oldbook_2026,891,SOFTAIL,For 90 FLST,FLST,1990,1990,,idle,black_vinyl,0651-0152,06510152,56342-90,"30""",90°,"4 3/4""",N,8226,"Black Vinyl Idle Cable - 30"" - Vinyl",yes
180,oldbook_2026,891,SOFTAIL,For 86-89 FLST,FLST,1986,1989,,throttle,braided,0650-0307,06500307,56324-81C,"32 1/4""",45°,-,,3243,"Stainless Braided Throttle Cable - 32-1/2""",no
181,oldbook_2026,891,SOFTAIL,For 86-89 FLST,FLST,1986,1989,,throttle,black_vinyl,0650-0344,06500344,56324-81C,"32 1/4""",45°,-,,3098,"Black Vinyl Throttle Cable - 32-1/2""",no
182,oldbook_2026,891,SOFTAIL,For 86-89 FLST,FLST,1986,1989,,idle,braided,0651-0118,06510118,56323-81C,"32 1/4""",45°,"4""",N,3199,"Stainless Braided Idle Cable - 32-1/2""",no
183,oldbook_2026,891,SOFTAIL,For 86-89 FLST,FLST,1986,1989,,idle,black_vinyl,0651-0155,06510155,56323-81C,"32 1/4""",45°,"4""",N,14253,"Black Vinyl Idle Cable - 32-1/2""",no
184,oldbook_2026,891,SOFTAIL,For 96-99 FLSTF,FLSTF,1996,1999,,throttle,braided,0650-0292,06500292,56356-96,"30 3/4""",90°,"5""",,2337,"Stainless Braided Throttle Cable - 30-3/4""",yes
185,oldbook_2026,891,SOFTAIL,For 96-99 FLSTF,FLSTF,1996,1999,,throttle,black_vinyl,0650-0329,06500329,56356-96,"30 3/4""",90°,"5""",,14302,"Black Vinyl Throttle Cable - 30-3/4""",no
186,oldbook_2026,891,SOFTAIL,For 96-99 FLSTF,FLSTF,1996,1999,,idle,braided,0651-0099,06510099,56342-90,"30 3/4""",90°,"4 3/4""",N,2408,"Stainless Braided Idle Cable - 30-3/4""",yes
187,oldbook_2026,891,SOFTAIL,For 96-99 FLSTF,FLSTF,1996,1999,,idle,black_vinyl,0651-0136,06510136,56342-90,"30 3/4""",90°,"4 3/4""",N,188,"Black Vinyl Idle Cable - 30-3/4""",yes
188,oldbook_2026,891,SOFTAIL,For 90-95 FLSTF,FLSTF,1990,1995,,throttle,braided,0650-0308,06500308,56343-90,"30""",90°,"5""",,3091,"Stainless Braided Throttle Cable - 30""",yes
189,oldbook_2026,891,SOFTAIL,For 90-95 FLSTF,FLSTF,1990,1995,,throttle,black_vinyl,0650-0345,06500345,56343-90,"30""",90°,"5""",,3288,"Black Vinyl Throttle Cable - 30""",yes
190,oldbook_2026,891,SOFTAIL,For 90-95 FLSTF,FLSTF,1990,1995,,idle,braided,0651-0115,06510115,56342-90,"30""",90°,"4 3/4""",N,8027,"Stainless Braided Idle Cable - 30""",yes
191,oldbook_2026,891,SOFTAIL,For 90-95 FLSTF,FLSTF,1990,1995,,idle,black_vinyl,0651-0152,06510152,56342-90,"30""",90°,"4 3/4""",N,8226,"Black Vinyl Idle Cable - 30"" - Vinyl",yes
192,oldbook_2026,891,SOFTAIL,For 96 FLSTN,FLSTN,1996,1996,,throttle,braided,0650-0292,06500292,56356-96,"30 3/4""",90°,"5""",,2337,"Stainless Braided Throttle Cable - 30-3/4""",yes
193,oldbook_2026,891,SOFTAIL,For 96 FLSTN,FLSTN,1996,1996,,throttle,black_vinyl,0650-0329,06500329,56356-96,"30 3/4""",90°,"5""",,14302,"Black Vinyl Throttle Cable - 30-3/4""",no
194,oldbook_2026,891,SOFTAIL,For 96 FLSTN,FLSTN,1996,1996,,idle,braided,0651-0099,06510099,56342-96,"30 3/4""",90°,"4 3/4""",N,2408,"Stainless Braided Idle Cable - 30-3/4""",yes
195,oldbook_2026,891,SOFTAIL,For 96 FLSTN,FLSTN,1996,1996,,idle,black_vinyl,0651-0136,06510136,56342-96,"30 3/4""",90°,"4 3/4""",N,188,"Black Vinyl Idle Cable - 30-3/4""",yes
196,oldbook_2026,891,SOFTAIL,For 93-95 FLSTN,FLSTN,1993,1995,,throttle,braided,0650-0308,06500308,56343-90,"30""",90°,"5""",,3091,"Stainless Braided Throttle Cable - 30""",yes
197,oldbook_2026,891,SOFTAIL,For 93-95 FLSTN,FLSTN,1993,1995,,throttle,black_vinyl,0650-0345,06500345,56343-90,"30""",90°,"5""",,3288,"Black Vinyl Throttle Cable - 30""",yes
198,oldbook_2026,891,SOFTAIL,For 93-95 FLSTN,FLSTN,1993,1995,,idle,braided,0651-0115,06510115,56342-90,"30""",90°,"4 3/4""",N,8027,"Stainless Braided Idle Cable - 30""",yes
199,oldbook_2026,891,SOFTAIL,For 93-95 FLSTN,FLSTN,1993,1995,,idle,black_vinyl,0651-0152,06510152,56342-90,"30""",90°,"4 3/4""",N,8226,"Black Vinyl Idle Cable - 30"" - Vinyl",yes
200,oldbook_2026,891,SOFTAIL,For 97-99 FLSTS,FLSTS,1997,1999,,throttle,braided,0650-0292,06500292,56356-96,"30 3/4""",90°,"5""",,2337,"Stainless Braided Throttle Cable - 30-3/4""",yes
201,oldbook_2026,891,SOFTAIL,For 97-99 FLSTS,FLSTS,1997,1999,,throttle,black_vinyl,0650-0329,06500329,56356-96,"30 3/4""",90°,"5""",,14302,"Black Vinyl Throttle Cable - 30-3/4""",no
202,oldbook_2026,891,SOFTAIL,For 97-99 FLSTS,FLSTS,1997,1999,,idle,braided,0651-0099,06510099,56342-96,"30 3/4""",90°,"4 3/4""",N,2408,"Stainless Braided Idle Cable - 30-3/4""",yes
203,oldbook_2026,891,SOFTAIL,For 97-99 FLSTS,FLSTS,1997,1999,,idle,black_vinyl,0651-0136,06510136,56342-96,"30 3/4""",90°,"4 3/4""",N,188,"Black Vinyl Idle Cable - 30-3/4""",yes
204,oldbook_2026,891,DYNA,For 96-98 FXD,FXD,1996,1998,,throttle,braided,0650-0295,06500295,56356-96,"32 1/2""",90°,"5""",,14157,"Stainless Braided Throttle Cable - 32-1/2""",no
205,oldbook_2026,891,DYNA,For 96-98 FXD,FXD,1996,1998,,throttle,black_vinyl,0650-0332,06500332,56356-96,"32 1/2""",90°,"5""",,14346,"Black Vinyl Throttle Cable - 32-1/2""",no
206,oldbook_2026,891,DYNA,For 96-98 FXD,FXD,1996,1998,,idle,braided,0651-0101,06510101,56355-96,"31 3/4""",90°,"4 3/4""",N,14269,"Stainless Braided Idle Cable - 31-3/4""",yes
207,oldbook_2026,891,DYNA,For 96-98 FXD,FXD,1996,1998,,idle,black_vinyl,0651-0138,06510138,56355-96,"31 3/4""",90°,"4 3/4""",N,3069,"Black Vinyl Idle Cable - 31-3/4""",yes
208,oldbook_2026,891,DYNA,For 95 FXD,FXD,1995,1995,,throttle,braided,0650-0315,06500315,56356-92,"32 1/2""",90°,"5""",,14342,"Stainless Braided Throttle Cable - 32-1/2""",yes
209,oldbook_2026,891,DYNA,For 95 FXD,FXD,1995,1995,,throttle,black_vinyl,0650-0352,06500352,56356-92,"32 1/2""",90°,"5""",,14243,"Black Vinyl Throttle Cable - 32-1/2""",yes
210,oldbook_2026,891,DYNA,For 95 FXD,FXD,1995,1995,,idle,braided,0651-0117,06510117,56355-92,"31 3/4""",90°,"4 3/4""",N,14135,"Stainless Braided Idle Cable - 31-3/4""",yes
211,oldbook_2026,891,DYNA,For 95 FXD,FXD,1995,1995,,idle,black_vinyl,0651-0154,06510154,56355-92,"31 3/4""",90°,"4 3/4""",N,3258,"Black Vinyl Idle Cable - 31-3/4"" - Vinyl",yes
212,oldbook_2026,891,DYNA,For 96-98 FXDWG/I,FXDWG/I,1996,1998,,throttle,braided,0650-0295,06500295,56356-96,"32 1/2""",90°,"5""",,14157,"Stainless Braided Throttle Cable - 32-1/2""",no
213,oldbook_2026,891,DYNA,For 96-98 FXDWG/I,FXDWG/I,1996,1998,,throttle,black_vinyl,0650-0332,06500332,56356-96,"32 1/2""",90°,"5""",,14346,"Black Vinyl Throttle Cable - 32-1/2""",no
214,oldbook_2026,891,DYNA,For 96-98 FXDWG/I,FXDWG/I,1996,1998,,idle,braided,0651-0101,06510101,56355-96,"31 3/4""",90°,"4 3/4""",N,14269,"Stainless Braided Idle Cable - 31-3/4""",yes
215,oldbook_2026,891,DYNA,For 96-98 FXDWG/I,FXDWG/I,1996,1998,,idle,black_vinyl,0651-0138,06510138,56355-96,"31 3/4""",90°,"4 3/4""",N,3069,"Black Vinyl Idle Cable - 31-3/4""",yes
216,oldbook_2026,891,DYNA,For 93-95 FXDWG,FXDWG,1993,1995,,throttle,braided,0650-0315,06500315,56356-92,"32 1/2""",90°,"5""",,14342,"Stainless Braided Throttle Cable - 32-1/2""",yes
217,oldbook_2026,891,DYNA,For 93-95 FXDWG,FXDWG,1993,1995,,throttle,black_vinyl,0650-0352,06500352,56356-92,"32 1/2""",90°,"5""",,14243,"Black Vinyl Throttle Cable - 32-1/2""",yes
218,oldbook_2026,891,DYNA,For 93-95 FXDWG,FXDWG,1993,1995,,idle,braided,0651-0117,06510117,56355-92,"31 3/4""",90°,"4 3/4""",N,14135,"Stainless Braided Idle Cable - 31-3/4""",yes
219,oldbook_2026,891,DYNA,For 93-95 FXDWG,FXDWG,1993,1995,,idle,black_vinyl,0651-0154,06510154,56355-92,"31 3/4""",90°,"4 3/4""",N,3258,"Black Vinyl Idle Cable - 31-3/4"" - Vinyl",yes
220,oldbook_2026,891,DYNA,For 96-98 FXDL,FXDL,1996,1998,,throttle,braided,0650-0295,06500295,56356-96,"32 1/2""",90°,"5""",,14157,"Stainless Braided Throttle Cable - 32-1/2""",no
221,oldbook_2026,891,DYNA,For 96-98 FXDL,FXDL,1996,1998,,throttle,black_vinyl,0650-0332,06500332,56356-96,"32 1/2""",90°,"5""",,14346,"Black Vinyl Throttle Cable - 32-1/2""",no
222,oldbook_2026,891,DYNA,For 96-98 FXDL,FXDL,1996,1998,,idle,braided,0651-0101,06510101,56355-96,"31 3/4""",90°,"4 3/4""",N,14269,"Stainless Braided Idle Cable - 31-3/4""",yes
223,oldbook_2026,891,DYNA,For 96-98 FXDL,FXDL,1996,1998,,idle,black_vinyl,0651-0138,06510138,56355-96,"31 3/4""",90°,"4 3/4""",N,3069,"Black Vinyl Idle Cable - 31-3/4""",yes
224,oldbook_2026,891,DYNA,For 93-95 FXDL,FXDL,1993,1995,,throttle,braided,0650-0315,06500315,56356-92,"32 1/2""",90°,"5""",,14342,"Stainless Braided Throttle Cable - 32-1/2""",yes
225,oldbook_2026,891,DYNA,For 93-95 FXDL,FXDL,1993,1995,,throttle,black_vinyl,0650-0352,06500352,56356-92,"32 1/2""",90°,"5""",,14243,"Black Vinyl Throttle Cable - 32-1/2""",yes
226,oldbook_2026,891,DYNA,For 93-95 FXDL,FXDL,1993,1995,,idle,braided,0651-0117,06510117,56355-92,"31 3/4""",90°,"4 3/4""",N,14135,"Stainless Braided Idle Cable - 31-3/4""",yes
227,oldbook_2026,891,DYNA,For 93-95 FXDL,FXDL,1993,1995,,idle,black_vinyl,0651-0154,06510154,56355-92,"31 3/4""",90°,"4 3/4""",N,3258,"Black Vinyl Idle Cable - 31-3/4"" - Vinyl",yes
228,oldbook_2026,891,DYNA,For 96-98 FXDS-CONV.,FXDS-CONV.,1996,1998,,throttle,braided,0650-0295,06500295,56356-96,"32 1/2""",90°,"5""",,14157,"Stainless Braided Throttle Cable - 32-1/2""",no
229,oldbook_2026,891,DYNA,For 96-98 FXDS-CONV.,FXDS-CONV.,1996,1998,,throttle,black_vinyl,0650-0332,06500332,56356-96,"32 1/2""",90°,"5""",,14346,"Black Vinyl Throttle Cable - 32-1/2""",no
230,oldbook_2026,891,DYNA,For 96-98 FXDS-CONV.,FXDS-CONV.,1996,1998,,idle,braided,0651-0101,06510101,56355-96,"31 3/4""",90°,"4 3/4""",N,14269,"Stainless Braided Idle Cable - 31-3/4""",yes
231,oldbook_2026,891,DYNA,For 96-98 FXDS-CONV.,FXDS-CONV.,1996,1998,,idle,black_vinyl,0651-0138,06510138,56355-96,"31 3/4""",90°,"4 3/4""",N,3069,"Black Vinyl Idle Cable - 31-3/4""",yes
232,oldbook_2026,891,DYNA,For 94-95 FXDS CONV.,FXDS CONV.,1994,1995,,throttle,braided,0650-0315,06500315,56356-92,"32 1/2""",90°,"5""",,14342,"Stainless Braided Throttle Cable - 32-1/2""",yes
233,oldbook_2026,891,DYNA,For 94-95 FXDS CONV.,FXDS CONV.,1994,1995,,throttle,black_vinyl,0650-0352,06500352,56356-92,"32 1/2""",90°,"5""",,14243,"Black Vinyl Throttle Cable - 32-1/2""",yes
234,oldbook_2026,891,DYNA,For 94-95 FXDS CONV.,FXDS CONV.,1994,1995,,idle,braided,0651-0117,06510117,53355-92,"31 3/4""",90°,"4 3/4""",N,14135,"Stainless Braided Idle Cable - 31-3/4""",yes
235,oldbook_2026,891,DYNA,For 94-95 FXDS CONV.,FXDS CONV.,1994,1995,,idle,black_vinyl,0651-0154,06510154,53355-92,"31 3/4""",90°,"4 3/4""",N,3258,"Black Vinyl Idle Cable - 31-3/4"" - Vinyl",yes
236,oldbook_2026,891,DYNA,For 92 FXDB,FXDB,1992,1992,,throttle,braided,0650-0315,06500315,56356-92,"32 1/2""",90°,"5""",,14342,"Stainless Braided Throttle Cable - 32-1/2""",yes
237,oldbook_2026,891,DYNA,For 92 FXDB,FXDB,1992,1992,,throttle,black_vinyl,0650-0352,06500352,56356-92,"32 1/2""",90°,"5""",,14243,"Black Vinyl Throttle Cable - 32-1/2""",yes
238,oldbook_2026,891,DYNA,For 92 FXDB,FXDB,1992,1992,,idle,braided,0651-0117,06510117,56355-92,"31 3/4""",90°,"4 3/4""",N,14135,"Stainless Braided Idle Cable - 31-3/4""",yes
239,oldbook_2026,891,DYNA,For 92 FXDB,FXDB,1992,1992,,idle,black_vinyl,0651-0154,06510154,56355-92,"31 3/4""",90°,"4 3/4""",N,3258,"Black Vinyl Idle Cable - 31-3/4"" - Vinyl",yes
240,oldbook_2026,891,DYNA,For 91 FXDB,FXDB,1991,1991,,throttle,braided,0650-0308,06500308,56343-90,"30""",90°,"5""",,3091,"Stainless Braided Throttle Cable - 30""",yes
241,oldbook_2026,891,DYNA,For 91 FXDB,FXDB,1991,1991,,throttle,black_vinyl,0650-0345,06500345,56343-90,"30""",90°,"5""",,3288,"Black Vinyl Throttle Cable - 30""",yes
242,oldbook_2026,891,DYNA,For 91 FXDB,FXDB,1991,1991,,idle,braided,0651-0115,06510115,56342-90,"30""",90°,"4 3/4""",N,8027,"Stainless Braided Idle Cable - 30""",yes
243,oldbook_2026,891,DYNA,For 91 FXDB,FXDB,1991,1991,,idle,black_vinyl,0651-0152,06510152,56342-90,"30""",90°,"4 3/4""",N,8226,"Black Vinyl Idle Cable - 30"" - Vinyl",yes
244,oldbook_2026,891,DYNA,For 92 FXDC,FXDC,1992,1992,,throttle,braided,0650-0315,06500315,56356-92,"32 1/2""",90°,"5""",,14342,"Stainless Braided Throttle Cable - 32-1/2""",yes
245,oldbook_2026,891,DYNA,For 92 FXDC,FXDC,1992,1992,,throttle,black_vinyl,0650-0352,06500352,56356-92,"32 1/2""",90°,"5""",,14243,"Black Vinyl Throttle Cable - 32-1/2""",yes
246,oldbook_2026,891,DYNA,For 92 FXDC,FXDC,1992,1992,,idle,braided,0651-0117,06510117,56355-92,"31 3/4""",90°,"4 3/4""",N,14135,"Stainless Braided Idle Cable - 31-3/4""",yes
247,oldbook_2026,891,DYNA,For 92 FXDC,FXDC,1992,1992,,idle,black_vinyl,0651-0154,06510154,56355-92,"31 3/4""",90°,"4 3/4""",N,3258,"Black Vinyl Idle Cable - 31-3/4"" - Vinyl",yes
248,oldbook_2026,891,FXR,For 90-94 FXLR,FXLR,1990,1994,,throttle,braided,0650-0308,06500308,56343-90,"30""",90°,"5""",,3091,"Stainless Braided Throttle Cable - 30""",yes
249,oldbook_2026,891,FXR,For 90-94 FXLR,FXLR,1990,1994,,throttle,black_vinyl,0650-0345,06500345,56343-90,"30""",90°,"5""",,3288,"Black Vinyl Throttle Cable - 30""",yes
250,oldbook_2026,891,FXR,For 90-94 FXLR,FXLR,1990,1994,,idle,braided,0651-0115,06510115,56342-90,"30""",90°,"4 3/4""",N,8027,"Stainless Braided Idle Cable - 30""",yes
251,oldbook_2026,891,FXR,For 90-94 FXLR,FXLR,1990,1994,,idle,black_vinyl,0651-0152,06510152,56342-90,"30""",90°,"4 3/4""",N,8226,"Black Vinyl Idle Cable - 30"" - Vinyl",yes
252,oldbook_2026,891,FXR,For 87 FXLR,FXLR,1987,1987,,throttle,braided,0650-0311,06500311,56336-83,"33 3/4""",90°,"3 3/4""",,14298,"Stainless Braided Throttle Cable - 33-3/4""",yes
253,oldbook_2026,891,FXR,For 87 FXLR,FXLR,1987,1987,,throttle,black_vinyl,0650-0348,06500348,56336-83,"33 3/4""",90°,"3 3/4""",,14242,"Black Vinyl Throttle Cable - 33-3/4""",yes
254,oldbook_2026,891,FXR,For 87 FXLR,FXLR,1987,1987,,idle,braided,0651-0120,06510120,56337-83,"33 1/2""",90°,"4""",N,3200,"Stainless Braided Idle Cable - 33-1/2""",yes
255,oldbook_2026,891,FXR,For 87 FXLR,FXLR,1987,1987,,idle,black_vinyl,0651-0157,06510157,56337-83,"33 1/2""",90°,"4""",N,185,"Black Vinyl Idle Cable - 33-1/2""",yes
256,oldbook_2026,891,FXR,For 90-94 FXR,FXR,1990,1994,,throttle,braided,0650-0308,06500308,56343-90,"30""",90°,"5""",,3091,"Stainless Braided Throttle Cable - 30""",yes
257,oldbook_2026,891,FXR,For 90-94 FXR,FXR,1990,1994,,throttle,black_vinyl,0650-0345,06500345,56343-90,"30""",90°,"5""",,3288,"Black Vinyl Throttle Cable - 30""",yes
258,oldbook_2026,891,FXR,For 90-94 FXR,FXR,1990,1994,,idle,braided,0651-0115,06510115,56342-90,"30""",90°,"4 3/4""",N,8027,"Stainless Braided Idle Cable - 30""",yes
259,oldbook_2026,891,FXR,For 90-94 FXR,FXR,1990,1994,,idle,black_vinyl,0651-0152,06510152,56342-90,"30""",90°,"4 3/4""",N,8226,"Black Vinyl Idle Cable - 30"" - Vinyl",yes
260,oldbook_2026,891,FXR,For 82-89 FXR,FXR,1982,1989,,throttle,braided,0650-0307,06500307,56324-81C,"32 1/4""",45°,"3 3/4""",,3243,"Stainless Braided Throttle Cable - 32-1/2""",no
261,oldbook_2026,891,FXR,For 82-89 FXR,FXR,1982,1989,,throttle,black_vinyl,0650-0344,06500344,56324-81C,"32 1/4""",45°,"3 3/4""",,3098,"Black Vinyl Throttle Cable - 32-1/2""",no
262,oldbook_2026,891,FXR,For 82-89 FXR,FXR,1982,1989,,idle,braided,0651-0118,06510118,56323-81C,"32 1/4""",45°,"4""",N,3199,"Stainless Braided Idle Cable - 32-1/2""",no
263,oldbook_2026,891,FXR,For 82-89 FXR,FXR,1982,1989,,idle,black_vinyl,0651-0155,06510155,56323-81C,"32 1/4""",45°,"4""",N,14253,"Black Vinyl Idle Cable - 32-1/2""",no
264,oldbook_2026,891,FXR,For 90-92 FXRS,FXRS,1990,1992,,throttle,braided,0650-0308,06500308,56343-90,"30""",90°,"5""",,3091,"Stainless Braided Throttle Cable - 30""",yes
265,oldbook_2026,891,FXR,For 90-92 FXRS,FXRS,1990,1992,,throttle,black_vinyl,0650-0345,06500345,56343-90,"30""",90°,"5""",,3288,"Black Vinyl Throttle Cable - 30""",yes
266,oldbook_2026,891,FXR,For 90-92 FXRS,FXRS,1990,1992,,idle,braided,0651-0115,06510115,56342-90,"30""",90°,"4 3/4""",N,8027,"Stainless Braided Idle Cable - 30""",yes
267,oldbook_2026,891,FXR,For 90-92 FXRS,FXRS,1990,1992,,idle,black_vinyl,0651-0152,06510152,56342-90,"30""",90°,"4 3/4""",N,8226,"Black Vinyl Idle Cable - 30"" - Vinyl",yes
268,oldbook_2026,891,FXR,For 82-89 FXRS,FXRS,1982,1989,,throttle,braided,0650-0307,06500307,56324-81C,"32 1/4""",45°,"3 3/4""",,3243,"Stainless Braided Throttle Cable - 32-1/2""",no
269,oldbook_2026,891,FXR,For 82-89 FXRS,FXRS,1982,1989,,throttle,black_vinyl,0650-0344,06500344,56324-81C,"32 1/4""",45°,"3 3/4""",,3098,"Black Vinyl Throttle Cable - 32-1/2""",no
270,oldbook_2026,891,FXR,For 82-89 FXRS,FXRS,1982,1989,,idle,braided,0651-0118,06510118,56323-81C,"32 1/4""",45°,"4""",N,3199,"Stainless Braided Idle Cable - 32-1/2""",no
271,oldbook_2026,891,FXR,For 82-89 FXRS,FXRS,1982,1989,,idle,black_vinyl,0651-0155,06510155,56323-81C,"32 1/4""",45°,"4""",N,14253,"Black Vinyl Idle Cable - 32-1/2""",no
272,oldbook_2026,891,FXR,For 90-93 FXRS-CONV.,FXRS-CONV.,1990,1993,,throttle,braided,0650-0308,06500308,56343-90,"30""",90°,"5""",,3091,"Stainless Braided Throttle Cable - 30""",yes
273,oldbook_2026,891,FXR,For 90-93 FXRS-CONV.,FXRS-CONV.,1990,1993,,throttle,black_vinyl,0650-0345,06500345,56343-90,"30""",90°,"5""",,3288,"Black Vinyl Throttle Cable - 30""",yes
274,oldbook_2026,891,FXR,For 90-93 FXRS-CONV.,FXRS-CONV.,1990,1993,,idle,braided,0651-0115,06510115,56342-90,"30""",90°,"4 3/4""",N,8027,"Stainless Braided Idle Cable - 30""",yes
275,oldbook_2026,891,FXR,For 90-93 FXRS-CONV.,FXRS-CONV.,1990,1993,,idle,black_vinyl,0651-0152,06510152,56342-90,"30""",90°,"4 3/4""",N,8226,"Black Vinyl Idle Cable - 30"" - Vinyl",yes
276,oldbook_2026,891,FXR,For 90-93 FXRS-SP,FXRS-SP,1990,1993,,throttle,braided,0650-0308,06500308,56343-90,"30""",90°,"5""",,3091,"Stainless Braided Throttle Cable - 30""",yes
277,oldbook_2026,891,FXR,For 90-93 FXRS-SP,FXRS-SP,1990,1993,,throttle,black_vinyl,0650-0345,06500345,56343-90,"30""",90°,"5""",,3288,"Black Vinyl Throttle Cable - 30""",yes
278,oldbook_2026,891,FXR,For 90-93 FXRS-SP,FXRS-SP,1990,1993,,idle,braided,0651-0115,06510115,56342-90,"30""",90°,"4 3/4""",N,8027,"Stainless Braided Idle Cable - 30""",yes
279,oldbook_2026,891,FXR,For 90-93 FXRS-SP,FXRS-SP,1990,1993,,idle,black_vinyl,0651-0152,06510152,56342-90,"30""",90°,"4 3/4""",N,8226,"Black Vinyl Idle Cable - 30"" - Vinyl",yes
280,oldbook_2026,891,FXR,For 87-89 FXRS-SP,FXRS-SP,1987,1989,,throttle,braided,0650-0311,06500311,56336-83,"33 3/4""",90°,"3 3/4""",,14298,"Stainless Braided Throttle Cable - 33-3/4""",yes
281,oldbook_2026,891,FXR,For 87-89 FXRS-SP,FXRS-SP,1987,1989,,throttle,black_vinyl,0650-0348,06500348,56336-83,"33 3/4""",90°,"3 3/4""",,14242,"Black Vinyl Throttle Cable - 33-3/4""",yes
282,oldbook_2026,891,FXR,For 87-89 FXRS-SP,FXRS-SP,1987,1989,,idle,braided,0651-0120,06510120,56337-83,"33 1/2""",90°,"4""",N,3200,"Stainless Braided Idle Cable - 33-1/2""",yes
283,oldbook_2026,891,FXR,For 87-89 FXRS-SP,FXRS-SP,1987,1989,,idle,black_vinyl,0651-0157,06510157,56337-83,"33 1/2""",90°,"4""",N,185,"Black Vinyl Idle Cable - 33-1/2""",yes
284,oldbook_2026,891,FXR,For 90-92 FXRT,FXRT,1990,1992,,throttle,braided,0650-0308,06500308,56343-90,"30""",90°,"5""",,3091,"Stainless Braided Throttle Cable - 30""",yes
285,oldbook_2026,891,FXR,For 90-92 FXRT,FXRT,1990,1992,,throttle,black_vinyl,0650-0345,06500345,56343-90,"30""",90°,"5""",,3288,"Black Vinyl Throttle Cable - 30""",yes
286,oldbook_2026,891,FXR,For 90-92 FXRT,FXRT,1990,1992,,idle,braided,0651-0115,06510115,56342-90,"30""",90°,"4 3/4""",N,8027,"Stainless Braided Idle Cable - 30""",yes
287,oldbook_2026,891,FXR,For 90-92 FXRT,FXRT,1990,1992,,idle,black_vinyl,0651-0152,06510152,56342-90,"30""",90°,"4 3/4""",N,8226,"Black Vinyl Idle Cable - 30"" - Vinyl",yes
288,oldbook_2026,891,FXR,For 83-89 FXRT,FXRT,1983,1989,,throttle,braided,0650-0311,06500311,56336-83,"33 3/4""",90°,"3 3/4""",,14298,"Stainless Braided Throttle Cable - 33-3/4""",yes
289,oldbook_2026,891,FXR,For 83-89 FXRT,FXRT,1983,1989,,throttle,black_vinyl,0650-0348,06500348,56336-83,"33 3/4""",90°,"3 3/4""",,14242,"Black Vinyl Throttle Cable - 33-3/4""",yes
290,oldbook_2026,891,FXR,For 83-89 FXRT,FXRT,1983,1989,,idle,braided,0651-0120,06510120,56337-83,"33 1/2""",90°,"4""",N,3200,"Stainless Braided Idle Cable - 33-1/2""",yes
291,oldbook_2026,891,FXR,For 83-89 FXRT,FXRT,1983,1989,,idle,black_vinyl,0651-0157,06510157,56337-83,"33 1/2""",90°,"4""",N,185,"Black Vinyl Idle Cable - 33-1/2""",yes
292,oldbook_2026,891,FXR,For 86 FXRD,FXRD,1986,1986,,throttle,braided,0650-0311,06500311,56336-83,"33 3/4""",90°,"3 3/4""",,14298,"Stainless Braided Throttle Cable - 33-3/4""",yes
293,oldbook_2026,891,FXR,For 86 FXRD,FXRD,1986,1986,,throttle,black_vinyl,0650-0348,06500348,56336-83,"33 3/4""",90°,"3 3/4""",,14242,"Black Vinyl Throttle Cable - 33-3/4""",yes
294,oldbook_2026,891,FXR,For 86 FXRD,FXRD,1986,1986,,idle,braided,0651-0120,06510120,56337-83,"33 1/2""",90°,"4""",N,3200,"Stainless Braided Idle Cable - 33-1/2""",yes
295,oldbook_2026,891,FXR,For 86 FXRD,FXRD,1986,1986,,idle,black_vinyl,0651-0157,06510157,56337-83,"33 1/2""",90°,"4""",N,185,"Black Vinyl Idle Cable - 33-1/2""",yes
296,oldbook_2026,891,FX,For 81-82 FXS,FXS,1981,1982,,throttle,braided,0650-0307,06500307,56324-81C,"32 1/4""",45°,"3 3/4""",,3243,"Stainless Braided Throttle Cable - 32-1/2""",no
297,oldbook_2026,891,FX,For 81-82 FXS,FXS,1981,1982,,throttle,black_vinyl,0650-0344,06500344,56324-81C,"32 1/4""",45°,"3 3/4""",,3098,"Black Vinyl Throttle Cable - 32-1/2""",no
298,oldbook_2026,891,FX,For 81-82 FXS,FXS,1981,1982,,idle,braided,0651-0118,06510118,56323-81C,"32 1/4""",45°,"4""",N,3199,"Stainless Braided Idle Cable - 32-1/2""",no
299,oldbook_2026,891,FX,For 81-82 FXS,FXS,1981,1982,,idle,black_vinyl,0651-0155,06510155,56323-81C,"32 1/4""",45°,"4""",N,14253,"Black Vinyl Idle Cable - 32-1/2""",no
300,oldbook_2026,891,FX,For 77-80 FXS,FXS,1977,1980,,throttle,braided,0650-0309,06500309,56313-76,"33""",90°,"4""",,3216,"Stainless Braided Throttle Cable - 33""",yes
301,oldbook_2026,891,FX,For 77-80 FXS,FXS,1977,1980,,throttle,black_vinyl,0650-0346,06500346,56313-76,"33""",90°,"4""",,3174,"Black Vinyl Throttle Cable - 33""",yes
302,oldbook_2026,891,FX,For 83-85 FXSB,FXSB,1983,1985,,throttle,braided,0650-0307,06500307,56324-81C,"32 1/4""",45°,"3 3/4""",,3243,"Stainless Braided Throttle Cable - 32-1/2""",no
303,oldbook_2026,891,FX,For 83-85 FXSB,FXSB,1983,1985,,throttle,black_vinyl,0650-0344,06500344,56324-81C,"32 1/4""",45°,"3 3/4""",,3098,"Black Vinyl Throttle Cable - 32-1/2""",no
304,oldbook_2026,891,FX,For 83-85 FXSB,FXSB,1983,1985,,idle,braided,0651-0118,06510118,56323-81C,"32 1/4""",45°,"4""",N,3199,"Stainless Braided Idle Cable - 32-1/2""",no
305,oldbook_2026,891,FX,For 83-85 FXSB,FXSB,1983,1985,,idle,black_vinyl,0651-0155,06510155,56323-81C,"32 1/4""",45°,"4""",N,14253,"Black Vinyl Idle Cable - 32-1/2""",no
306,oldbook_2026,891,FX,For 81-84 FXE,FXE,1981,1984,,throttle,braided,0650-0307,06500307,56324-81C,"32 1/4""",45°,"3 3/4""",,3243,"Stainless Braided Throttle Cable - 32-1/2""",no
307,oldbook_2026,891,FX,For 81-84 FXE,FXE,1981,1984,,throttle,black_vinyl,0650-0344,06500344,56324-81C,"32 1/4""",45°,"3 3/4""",,3098,"Black Vinyl Throttle Cable - 32-1/2""",no
308,oldbook_2026,891,FX,For 81-84 FXE,FXE,1981,1984,,idle,braided,0651-0118,06510118,56323-81C,"32 1/4""",45°,"4""",N,3199,"Stainless Braided Idle Cable - 32-1/2""",no
309,oldbook_2026,891,FX,For 81-84 FXE,FXE,1981,1984,,idle,black_vinyl,0651-0155,06510155,56323-81C,"32 1/4""",45°,"4""",N,14253,"Black Vinyl Idle Cable - 32-1/2""",no
310,oldbook_2026,891,FX,For 74-80 FXE,FXE,1974,1980,,throttle,braided,0650-0309,06500309,56313-76,"33""",90°,"4""",,3216,"Stainless Braided Throttle Cable - 33""",yes
311,oldbook_2026,891,FX,For 74-80 FXE,FXE,1974,1980,,throttle,black_vinyl,0650-0346,06500346,56313-76,"33""",90°,"4""",,3174,"Black Vinyl Throttle Cable - 33""",yes
312,oldbook_2026,891,FX,For 84-85 FXEF,FXEF,1984,1985,,throttle,braided,0650-0307,06500307,56324-81C,"32 1/4""",45°,"3 3/4""",,3243,"Stainless Braided Throttle Cable - 32-1/2""",no
313,oldbook_2026,891,FX,For 84-85 FXEF,FXEF,1984,1985,,throttle,black_vinyl,0650-0344,06500344,56324-81C,"32 1/4""",45°,"3 3/4""",,3098,"Black Vinyl Throttle Cable - 32-1/2""",no
314,oldbook_2026,891,FX,For 84-85 FXEF,FXEF,1984,1985,,idle,braided,0651-0118,06510118,56323-81C,"32 1/4""",45°,"4""",N,3199,"Stainless Braided Idle Cable - 32-1/2""",no
315,oldbook_2026,891,FX,For 84-85 FXEF,FXEF,1984,1985,,idle,black_vinyl,0651-0155,06510155,56323-81C,"32 1/4""",45°,"4""",N,14253,"Black Vinyl Idle Cable - 32-1/2""",no
316,oldbook_2026,891,FX,For 81 FXEF,FXEF,1981,1981,,throttle,braided,0650-0307,06500307,56324-81C,"32 1/4""",45°,"3 3/4""",,3243,"Stainless Braided Throttle Cable - 32-1/2""",no
317,oldbook_2026,891,FX,For 81 FXEF,FXEF,1981,1981,,throttle,black_vinyl,0650-0344,06500344,56324-81C,"32 1/4""",45°,"3 3/4""",,3098,"Black Vinyl Throttle Cable - 32-1/2""",no
318,oldbook_2026,891,FX,For 81 FXEF,FXEF,1981,1981,,idle,braided,0651-0118,06510118,56323-81C,"32 1/4""",45°,"4""",N,3199,"Stainless Braided Idle Cable - 32-1/2""",no
319,oldbook_2026,891,FX,For 81 FXEF,FXEF,1981,1981,,idle,black_vinyl,0651-0155,06510155,56323-81C,"32 1/4""",45°,"4""",N,14253,"Black Vinyl Idle Cable - 32-1/2""",no
320,oldbook_2026,891,FX,For 79-80 FXEF,FXEF,1979,1980,,throttle,braided,0650-0309,06500309,56313-76,"33""",90°,"4""",,3216,"Stainless Braided Throttle Cable - 33""",yes
321,oldbook_2026,891,FX,For 79-80 FXEF,FXEF,1979,1980,,throttle,black_vinyl,0650-0346,06500346,56313-76,"33""",90°,"4""",,3174,"Black Vinyl Throttle Cable - 33""",yes
322,oldbook_2026,891,FX,For 81-86 FXWG,FXWG,1981,1986,,throttle,braided,0650-0307,06500307,56324-81C,"32 1/4""",45°,"3 3/4""",,3243,"Stainless Braided Throttle Cable - 32-1/2""",no
323,oldbook_2026,891,FX,For 81-86 FXWG,FXWG,1981,1986,,throttle,black_vinyl,0650-0344,06500344,56324-81C,"32 1/4""",45°,"3 3/4""",,3098,"Black Vinyl Throttle Cable - 32-1/2""",no
324,oldbook_2026,891,FX,For 81-86 FXWG,FXWG,1981,1986,,idle,braided,0651-0118,06510118,56323-81C,"32 1/4""",45°,"4""",N,3199,"Stainless Braided Idle Cable - 32-1/2""",no
325,oldbook_2026,891,FX,For 81-86 FXWG,FXWG,1981,1986,,idle,black_vinyl,0651-0155,06510155,56323-81C,"32 1/4""",45°,"4""",N,14253,"Black Vinyl Idle Cable - 32-1/2""",no
326,oldbook_2026,891,FX,For 80 FXWG,FXWG,1980,1980,,throttle,braided,0650-0309,06500309,56313-76,"33""",90°,"4""",,3216,"Stainless Braided Throttle Cable - 33""",yes
327,oldbook_2026,891,FX,For 80 FXWG,FXWG,1980,1980,,throttle,black_vinyl,0650-0346,06500346,56313-76,"33""",90°,"4""",,3174,"Black Vinyl Throttle Cable - 33""",yes
328,oldbook_2026,891,FX,For 82 FXB,FXB,1982,1982,,throttle,braided,0650-0307,06500307,56324-81C,"32 1/4""",45°,"3 3/4""",,3243,"Stainless Braided Throttle Cable - 32-1/2""",no
329,oldbook_2026,891,FX,For 82 FXB,FXB,1982,1982,,throttle,black_vinyl,0650-0344,06500344,56324-81C,"32 1/4""",45°,"3 3/4""",,3098,"Black Vinyl Throttle Cable - 32-1/2""",no
330,oldbook_2026,891,FX,For 82 FXB,FXB,1982,1982,,idle,braided,0651-0118,06510118,56323-81C,"32 1/4""",45°,"4""",N,3199,"Stainless Braided Idle Cable - 32-1/2""",no
331,oldbook_2026,891,FX,For 82 FXB,FXB,1982,1982,,idle,black_vinyl,0651-0155,06510155,56323-81C,"32 1/4""",45°,"4""",N,14253,"Black Vinyl Idle Cable - 32-1/2""",no
332,oldbook_2026,891,FX,For 80 FXB,FXB,1980,1980,,throttle,braided,0650-0309,06500309,56313-76,"33""",90°,"4""",,3216,"Stainless Braided Throttle Cable - 33""",yes
333,oldbook_2026,891,FX,For 80 FXB,FXB,1980,1980,,throttle,black_vinyl,0650-0346,06500346,56313-76,"33""",90°,"4""",,3174,"Black Vinyl Throttle Cable - 33""",yes
334,oldbook_2026,891,FX,For 74-78 FX,FX,1974,1978,,throttle,braided,0650-0309,06500309,56313-76,"33""",90°,"4""",,3216,"Stainless Braided Throttle Cable - 33""",yes
335,oldbook_2026,891,FX,For 74-78 FX,FX,1974,1978,,throttle,black_vinyl,0650-0346,06500346,56313-76,"33""",90°,"4""",,3174,"Black Vinyl Throttle Cable - 33""",yes
336,oldbook_2026,891,XL,For 81-85 XLH,XLH,1981,1985,,throttle,braided,0650-0307,06500307,56324-81C,"32 1/4""",45°,"3 3/4""",,3243,"Stainless Braided Throttle Cable - 32-1/2""",no
337,oldbook_2026,891,XL,For 81-85 XLH,XLH,1981,1985,,throttle,black_vinyl,0650-0344,06500344,56324-81C,"32 1/4""",45°,"3 3/4""",,3098,"Black Vinyl Throttle Cable - 32-1/2""",no
338,oldbook_2026,891,XL,For 81-85 XLH,XLH,1981,1985,,idle,braided,0651-0118,06510118,56323-81C,"32 1/4""",45°,"4""",N,3199,"Stainless Braided Idle Cable - 32-1/2""",no
339,oldbook_2026,891,XL,For 81-85 XLH,XLH,1981,1985,,idle,black_vinyl,0651-0155,06510155,56323-81C,"32 1/4""",45°,"4""",N,14253,"Black Vinyl Idle Cable - 32-1/2""",no
340,oldbook_2026,891,XL,For 74-80 XLH,XLH,1974,1980,,throttle,braided,0650-0309,06500309,56313-76,"33""",90°,"4""",,3216,"Stainless Braided Throttle Cable - 33""",yes
341,oldbook_2026,891,XL,For 74-80 XLH,XLH,1974,1980,,throttle,black_vinyl,0650-0346,06500346,56313-76,"33""",90°,"4""",,3174,"Black Vinyl Throttle Cable - 33""",yes
342,oldbook_2026,891,XL,For 81-82 XLS,XLS,1981,1982,,throttle,braided,0650-0307,06500307,56324-81C,"32 1/4""",45°,"3 3/4""",,3243,"Stainless Braided Throttle Cable - 32-1/2""",no
343,oldbook_2026,891,XL,For 81-82 XLS,XLS,1981,1982,,throttle,black_vinyl,0650-0344,06500344,56324-81C,"32 1/4""",45°,"3 3/4""",,3098,"Black Vinyl Throttle Cable - 32-1/2""",no
344,oldbook_2026,891,XL,For 81-82 XLS,XLS,1981,1982,,idle,braided,0651-0118,06510118,56323-81C,"32 1/4""",45°,"4""",N,3199,"Stainless Braided Idle Cable - 32-1/2""",no
345,oldbook_2026,891,XL,For 81-82 XLS,XLS,1981,1982,,idle,black_vinyl,0651-0155,06510155,56323-81C,"32 1/4""",45°,"4""",N,14253,"Black Vinyl Idle Cable - 32-1/2""",no
346,oldbook_2026,891,XL,For 79-80 XLS,XLS,1979,1980,,throttle,braided,0650-0309,06500309,56313-76,"33""",90°,"4""",,3216,"Stainless Braided Throttle Cable - 33""",yes
347,oldbook_2026,891,XL,For 79-80 XLS,XLS,1979,1980,,throttle,black_vinyl,0650-0346,06500346,56313-76,"33""",90°,"4""",,3174,"Black Vinyl Throttle Cable - 33""",yes
348,oldbook_2026,891,XL,For 74-79 XLCH,XLCH,1974,1979,,throttle,braided,0650-0309,06500309,56313-76,"33""",90°,"4""",,3216,"Stainless Braided Throttle Cable - 33""",yes
349,oldbook_2026,891,XL,For 74-79 XLCH,XLCH,1974,1979,,throttle,black_vinyl,0650-0346,06500346,56313-76,"33""",90°,"4""",,3174,"Black Vinyl Throttle Cable - 33""",yes
350,oldbook_2026,893,DRESSER (5-SPEED),For 94-98 FLHR,FLHR,1994,1998,,clutch,braided,0652-1462,06521462,38601-89,"62 11/16""","25 7/16""","2 3/4""",,18101,"High-Efficiency Braided Stainless Steel Clutch Cable - 62-11/16""",no
351,oldbook_2026,893,DRESSER (5-SPEED),For 94-98 FLHR,FLHR,1994,1998,,clutch,black_vinyl,0652-1407,06521407,38601-89,"62 11/16""","25 7/16""","2 3/4""",,14339,"High-Efficiency Black Vinyl Clutch Cable - 62-11/16""",no
352,oldbook_2026,893,DRESSER (5-SPEED),For 96-97 FLHR/I,FLHR/I,1996,1997,,clutch,braided,0652-1462,06521462,38601-89,"62 11/16""","25 7/16""","2 3/4""",,18101,"High-Efficiency Braided Stainless Steel Clutch Cable - 62-11/16""",no
353,oldbook_2026,893,DRESSER (5-SPEED),For 96-97 FLHR/I,FLHR/I,1996,1997,,clutch,black_vinyl,0652-1407,06521407,38601-89,"62 11/16""","25 7/16""","2 3/4""",,14339,"High-Efficiency Black Vinyl Clutch Cable - 62-11/16""",no
354,oldbook_2026,893,DRESSER (5-SPEED),For 98 FLHRC/I,FLHRC/I,1998,1998,,clutch,braided,0652-1462,06521462,38667-00,"62 11/16""","25 7/16""","2 3/4""",,18101,"High-Efficiency Braided Stainless Steel Clutch Cable - 62-11/16""",no
355,oldbook_2026,893,DRESSER (5-SPEED),For 98 FLHRC/I,FLHRC/I,1998,1998,,clutch,black_vinyl,0652-1407,06521407,38667-00,"62 11/16""","25 7/16""","2 3/4""",,14339,"High-Efficiency Black Vinyl Clutch Cable - 62-11/16""",no
356,oldbook_2026,893,DRESSER (5-SPEED),For 95-98 FLHT,FLHT,1995,1998,,clutch,braided,0652-1462,06521462,38667-00,"62 11/16""","25 7/16""","2 3/4""",,18101,"High-Efficiency Braided Stainless Steel Clutch Cable - 62-11/16""",no
357,oldbook_2026,893,DRESSER (5-SPEED),For 95-98 FLHT,FLHT,1995,1998,,clutch,black_vinyl,0652-1407,06521407,38667-00,"62 11/16""","25 7/16""","2 3/4""",,14339,"High-Efficiency Black Vinyl Clutch Cable - 62-11/16""",no
358,oldbook_2026,893,DRESSER (5-SPEED),For 87 FLHT,FLHT,1987,1987,,clutch,braided,0652-1442,06521442,38607-87A,"62 11/16""","32 15/16""","2 3/4""",,14306,"High-Efficiency Braided Stainless Steel Clutch Cable - 62-11/16""",no
359,oldbook_2026,893,DRESSER (5-SPEED),For 87 FLHT,FLHT,1987,1987,,clutch,black_vinyl,0652-1387,06521387,38607-87A,"62 11/16""","32 15/16""","2 3/4""",,30194,"High-Efficiency Black Vinyl Clutch Cable - 62-11/16""",no
360,oldbook_2026,893,DRESSER (5-SPEED),For 84-86 FLHT,FLHT,1984,1986,,clutch,braided,0652-1451,06521451,38599-83A,"53 5/16""",Bottom,"4 5/16""",,29849,"High-Efficiency Braided Stainless Steel Clutch Cable - 53-5/16""",no
361,oldbook_2026,893,DRESSER (5-SPEED),For 84-86 FLHT,FLHT,1984,1986,,clutch,black_vinyl,0652-1396,06521396,38599-83A,"53 5/16""",Bottom,"4 5/16""",,29823,"High-Efficiency Black Vinyl Clutch Cable - 53-5/16""",no
362,oldbook_2026,893,DRESSER (5-SPEED),For 89-98 FLHTC,FLHTC,1989,1998,,clutch,braided,0652-1462,06521462,38667-00,"62 11/16""","25 7/16""","2 3/4""",,18101,"High-Efficiency Braided Stainless Steel Clutch Cable - 62-11/16""",no
363,oldbook_2026,893,DRESSER (5-SPEED),For 89-98 FLHTC,FLHTC,1989,1998,,clutch,black_vinyl,0652-1407,06521407,38667-00,"62 11/16""","25 7/16""","2 3/4""",,14339,"High-Efficiency Black Vinyl Clutch Cable - 62-11/16""",no
364,oldbook_2026,893,DRESSER (5-SPEED),For 87-88 FLHTC,FLHTC,1987,1988,,clutch,braided,0652-1442,06521442,38607-87A,"62 11/16""","32 15/16""","2 3/4""",,14306,"High-Efficiency Braided Stainless Steel Clutch Cable - 62-11/16""",no
365,oldbook_2026,893,DRESSER (5-SPEED),For 87-88 FLHTC,FLHTC,1987,1988,,clutch,black_vinyl,0652-1387,06521387,38607-87A,"62 11/16""","32 15/16""","2 3/4""",,30194,"High-Efficiency Black Vinyl Clutch Cable - 62-11/16""",no
366,oldbook_2026,893,DRESSER (5-SPEED),For 84-86 FLHTC,FLHTC,1984,1986,,clutch,braided,0652-1451,06521451,38599-83A,"53 5/16""",Bottom,"4 5/16""",,29849,"High-Efficiency Braided Stainless Steel Clutch Cable - 53-5/16""",no
367,oldbook_2026,893,DRESSER (5-SPEED),For 84-86 FLHTC,FLHTC,1984,1986,,clutch,black_vinyl,0652-1396,06521396,38599-83A,"53 5/16""",Bottom,"4 5/16""",,29823,"High-Efficiency Black Vinyl Clutch Cable - 53-5/16""",no
368,oldbook_2026,893,DRESSER (5-SPEED),For 89-98 FLHTC/I,FLHTC/I,1989,1998,,clutch,braided,0652-1462,06521462,38667-00,"62 11/16""","25 7/16""","2 3/4""",,18101,"High-Efficiency Braided Stainless Steel Clutch Cable - 62-11/16""",no
369,oldbook_2026,893,DRESSER (5-SPEED),For 89-98 FLHTC/I,FLHTC/I,1989,1998,,clutch,black_vinyl,0652-1407,06521407,38667-00,"62 11/16""","25 7/16""","2 3/4""",,14339,"High-Efficiency Black Vinyl Clutch Cable - 62-11/16""",no
370,oldbook_2026,893,DRESSER (5-SPEED),For 89-98 FLHTCU,FLHTCU,1989,1998,,clutch,braided,0652-1462,06521462,38667-00,"62 11/16""","25 7/16""","2 3/4""",,18101,"High-Efficiency Braided Stainless Steel Clutch Cable - 62-11/16""",no
371,oldbook_2026,893,DRESSER (5-SPEED),For 89-98 FLHTCU,FLHTCU,1989,1998,,clutch,black_vinyl,0652-1407,06521407,38667-00,"62 11/16""","25 7/16""","2 3/4""",,14339,"High-Efficiency Black Vinyl Clutch Cable - 62-11/16""",no
372,oldbook_2026,893,DRESSER (5-SPEED),For 87-88 FLHTCU,FLHTCU,1987,1988,,clutch,braided,0652-1442,06521442,38607-87A,"62 11/16""","32 15/16""","2 3/4""",,14306,"High-Efficiency Braided Stainless Steel Clutch Cable - 62-11/16""",no
373,oldbook_2026,893,DRESSER (5-SPEED),For 87-88 FLHTCU,FLHTCU,1987,1988,,clutch,black_vinyl,0652-1387,06521387,38607-87A,"62 11/16""","32 15/16""","2 3/4""",,30194,"High-Efficiency Black Vinyl Clutch Cable - 62-11/16""",no
374,oldbook_2026,893,DRESSER (5-SPEED),For 89-98 FLHTCU/I,FLHTCU/I,1989,1998,,clutch,braided,0652-1462,06521462,38667-00,"62 11/16""","25 7/16""","2 3/4""",,18101,"High-Efficiency Braided Stainless Steel Clutch Cable - 62-11/16""",no
375,oldbook_2026,893,DRESSER (5-SPEED),For 89-98 FLHTCU/I,FLHTCU/I,1989,1998,,clutch,black_vinyl,0652-1407,06521407,38667-00,"62 11/16""","25 7/16""","2 3/4""",,14339,"High-Efficiency Black Vinyl Clutch Cable - 62-11/16""",no
376,oldbook_2026,893,DRESSER (5-SPEED),For 89-96 FLTCU/I,FLTCU/I,1989,1996,,clutch,braided,0652-1462,06521462,38601-89,"62 11/16""","25 7/8""","2 3/4""",,18101,"High-Efficiency Braided Stainless Steel Clutch Cable - 62-11/16""",no
377,oldbook_2026,893,DRESSER (5-SPEED),For 89-96 FLTCU/I,FLTCU/I,1989,1996,,clutch,black_vinyl,0652-1407,06521407,38601-89,"62 11/16""","25 7/8""","2 3/4""",,14339,"High-Efficiency Black Vinyl Clutch Cable - 62-11/16""",no
378,oldbook_2026,893,DRESSER (5-SPEED),For 89-93 FLHS,FLHS,1989,1993,,clutch,braided,0652-1462,06521462,38601-89,"62 11/16""","25 7/16""","2 3/4""",,18101,"High-Efficiency Braided Stainless Steel Clutch Cable - 62-11/16""",no
379,oldbook_2026,893,DRESSER (5-SPEED),For 89-93 FLHS,FLHS,1989,1993,,clutch,black_vinyl,0652-1407,06521407,38601-89,"62 11/16""","25 7/16""","2 3/4""",,14339,"High-Efficiency Black Vinyl Clutch Cable - 62-11/16""",no
380,oldbook_2026,893,DRESSER (5-SPEED),For 87-88 FLHS,FLHS,1987,1988,,clutch,braided,0652-1442,06521442,38607-87A,"62 11/16""","32 15/16""","2 3/4""",,14306,"High-Efficiency Braided Stainless Steel Clutch Cable - 62-11/16""",no
381,oldbook_2026,893,DRESSER (5-SPEED),For 87-88 FLHS,FLHS,1987,1988,,clutch,black_vinyl,0652-1387,06521387,38607-87A,"62 11/16""","32 15/16""","2 3/4""",,30194,"High-Efficiency Black Vinyl Clutch Cable - 62-11/16""",no
382,oldbook_2026,893,DRESSER (5-SPEED),For 89-91 FLTC,FLTC,1989,1991,,clutch,braided,0652-1462,06521462,38601-89,"62 11/16""","25 7/16""","2 3/4""",,18101,"High-Efficiency Braided Stainless Steel Clutch Cable - 62-11/16""",no
383,oldbook_2026,893,DRESSER (5-SPEED),For 89-91 FLTC,FLTC,1989,1991,,clutch,black_vinyl,0652-1407,06521407,38601-89,"62 11/16""","25 7/16""","2 3/4""",,14339,"High-Efficiency Black Vinyl Clutch Cable - 62-11/16""",no
384,oldbook_2026,893,DRESSER (5-SPEED),For 87-88 FLTC,FLTC,1987,1988,,clutch,braided,0652-1442,06521442,38607-87A,"62 11/16""","32 15/16""","2 3/4""",,14306,"High-Efficiency Braided Stainless Steel Clutch Cable - 62-11/16""",no
385,oldbook_2026,893,DRESSER (5-SPEED),For 87-88 FLTC,FLTC,1987,1988,,clutch,black_vinyl,0652-1387,06521387,38607-87A,"62 11/16""","32 15/16""","2 3/4""",,30194,"High-Efficiency Black Vinyl Clutch Cable - 62-11/16""",no
386,oldbook_2026,893,DRESSER (5-SPEED),For 84-86 FLTC,FLTC,1984,1986,,clutch,braided,0652-1451,06521451,38599-83A,"53 5/16""",Bottom,"4 5/16""",,29849,"High-Efficiency Braided Stainless Steel Clutch Cable - 53-5/16""",no
387,oldbook_2026,893,DRESSER (5-SPEED),For 84-86 FLTC,FLTC,1984,1986,,clutch,black_vinyl,0652-1396,06521396,38599-83A,"53 5/16""",Bottom,"4 5/16""",,29823,"High-Efficiency Black Vinyl Clutch Cable - 53-5/16""",no
388,oldbook_2026,893,DRESSER (5-SPEED),For 84-86 FLT,FLT,1984,1986,,clutch,braided,0652-1451,06521451,38599-83A,"53 5/16""",Bottom,"4 5/16""",,29849,"High-Efficiency Braided Stainless Steel Clutch Cable - 53-5/16""",no
389,oldbook_2026,893,DRESSER (5-SPEED),For 84-86 FLT,FLT,1984,1986,,clutch,black_vinyl,0652-1396,06521396,38599-83A,"53 5/16""",Bottom,"4 5/16""",,29823,"High-Efficiency Black Vinyl Clutch Cable - 53-5/16""",no
390,oldbook_2026,893,DRESSER (5-SPEED),For 83 FLHT,FLHT,1983,1983,,clutch,braided,0652-1451,06521451,38599-83A,"53 5/16""",Bottom,"4 5/16""",,29849,"High-Efficiency Braided Stainless Steel Clutch Cable - 53-5/16""",no
391,oldbook_2026,893,DRESSER (5-SPEED),For 83 FLHT,FLHT,1983,1983,,clutch,black_vinyl,0652-1396,06521396,38599-83A,"53 5/16""",Bottom,"4 5/16""",,29823,"High-Efficiency Black Vinyl Clutch Cable - 53-5/16""",no
392,oldbook_2026,893,DRESSER (5-SPEED),For 83 FLHTC,FLHTC,1983,1983,,clutch,braided,0652-1451,06521451,38599-83A,"53 5/16""",Bottom,"4 5/16""",,29849,"High-Efficiency Braided Stainless Steel Clutch Cable - 53-5/16""",no
393,oldbook_2026,893,DRESSER (5-SPEED),For 83 FLHTC,FLHTC,1983,1983,,clutch,black_vinyl,0652-1396,06521396,38599-83A,"53 5/16""",Bottom,"4 5/16""",,29823,"High-Efficiency Black Vinyl Clutch Cable - 53-5/16""",no
394,oldbook_2026,893,DRESSER (5-SPEED),For 84 FLHTC,FLHTC,1984,1984,,clutch,braided,0652-1451,06521451,38599-83A,"53 5/16""",Bottom,"4 5/16""",,29849,"High-Efficiency Braided Stainless Steel Clutch Cable - 53-5/16""",no
395,oldbook_2026,893,DRESSER (5-SPEED),For 84 FLHTC,FLHTC,1984,1984,,clutch,black_vinyl,0652-1396,06521396,38599-83A,"53 5/16""",Bottom,"4 5/16""",,29823,"High-Efficiency Black Vinyl Clutch Cable - 53-5/16""",no
396,oldbook_2026,893,DRESSER (5-SPEED),For 83 FLTC,FLTC,1983,1983,,clutch,braided,0652-1451,06521451,38599-83A,"53 5/16""",Bottom,"4 5/16""",,29849,"High-Efficiency Braided Stainless Steel Clutch Cable - 53-5/16""",no
397,oldbook_2026,893,DRESSER (5-SPEED),For 83 FLTC,FLTC,1983,1983,,clutch,black_vinyl,0652-1396,06521396,38599-83A,"53 5/16""",Bottom,"4 5/16""",,29823,"High-Efficiency Black Vinyl Clutch Cable - 53-5/16""",no
398,oldbook_2026,893,DRESSER (5-SPEED),For 81-82 FLTC,FLTC,1981,1982,,clutch,black_vinyl,0652-1406,06521406,38599-80B,"55 7/8""",Bottom,"3 11/16""",,8089,"High-Efficiency Black Vinyl Clutch Cable - 55-7/16""",no
399,oldbook_2026,893,DRESSER (5-SPEED),For 83 FLT,FLT,1983,1983,,clutch,braided,0652-1451,06521451,38599-83A,"53 5/16""",Bottom,"4 5/16""",,29849,"High-Efficiency Braided Stainless Steel Clutch Cable - 53-5/16""",no
400,oldbook_2026,893,DRESSER (5-SPEED),For 83 FLT,FLT,1983,1983,,clutch,black_vinyl,0652-1396,06521396,38599-83A,"53 5/16""",Bottom,"4 5/16""",,29823,"High-Efficiency Black Vinyl Clutch Cable - 53-5/16""",no
401,oldbook_2026,893,DRESSER (5-SPEED),For 80-82 FLT,FLT,1980,1982,,clutch,black_vinyl,0652-1406,06521406,38599-80B,"55 7/8""",Bottom,"3 11/16""",,8089,"High-Efficiency Black Vinyl Clutch Cable - 55-7/16""",no
402,oldbook_2026,893,DRESSER (4-SPEED),For 68-84 FL/FLH,FL/FLH,1968,1984,,clutch,braided,0652-1443,06521443,38618-68C,"52 9/16""",Bottom,"5 1/2""",,30211,"High-Efficiency Braided Stainless Steel Clutch Cable - 52-9/16""",no
403,oldbook_2026,893,DRESSER (4-SPEED),For 68-84 FL/FLH,FL/FLH,1968,1984,,clutch,black_vinyl,0652-1388,06521388,38618-68C,"52 9/16""",Bottom,"5 1/2""",,30133,"High-Efficiency Black Vinyl Clutch Cable - 52-9/16""",no
404,oldbook_2026,894,SOFTAIL,For 99 FXST,FXST,1999,1999,,clutch,braided,0652-1442,06521442,38607-87A,"62 11/16""","32 15/16""","2 3/4""",,14306,"High-Efficiency Braided Stainless Steel Clutch Cable - 62-11/16""",no
405,oldbook_2026,894,SOFTAIL,For 99 FXST,FXST,1999,1999,,clutch,black_vinyl,0652-1387,06521387,38607-87A,"62 11/16""","32 15/16""","2 3/4""",,30194,"High-Efficiency Black Vinyl Clutch Cable - 62-11/16""",no
406,oldbook_2026,894,SOFTAIL,For 87-99 FXST/C,FXST/C,1987,1999,,clutch,braided,0652-1442,06521442,38607-87A,"62 11/16""","32 11/16""","2 3/4""",,14306,"High-Efficiency Braided Stainless Steel Clutch Cable - 62-11/16""",no
407,oldbook_2026,894,SOFTAIL,For 87-99 FXST/C,FXST/C,1987,1999,,clutch,black_vinyl,0652-1387,06521387,38607-87A,"62 11/16""","32 11/16""","2 3/4""",,30194,"High-Efficiency Black Vinyl Clutch Cable - 62-11/16""",no
408,oldbook_2026,894,SOFTAIL,For 84-85 FXST (4-Speed),FXST,1984,1985,4-Speed,clutch,braided,0652-1443,06521443,38618-68B,"52 9/16""",Bottom,"5 1/2""",,30211,"High-Efficiency Braided Stainless Steel Clutch Cable - 52-9/16""",no
409,oldbook_2026,894,SOFTAIL,For 84-85 FXST (4-Speed),FXST,1984,1985,4-Speed,clutch,black_vinyl,0652-1388,06521388,38618-68B,"52 9/16""",Bottom,"5 1/2""",,30133,"High-Efficiency Black Vinyl Clutch Cable - 52-9/16""",no
410,oldbook_2026,894,SOFTAIL,For 99 FXSTB/I,FXSTB/I,1999,1999,,clutch,braided,0652-1473,06521473,38665-00,"57 11/16""","32 11/16""","2 3/4""",,30220,"High-Efficiency Braided Stainless Steel Clutch Cable - 57-11/16""",no
411,oldbook_2026,894,SOFTAIL,For 99 FXSTB/I,FXSTB/I,1999,1999,,clutch,black_vinyl,0652-1418,06521418,38665-00,"57 11/16""","32 11/16""","2 3/4""",,14343,"High-Efficiency Black Vinyl Clutch Cable - 57-11/16""",no
412,oldbook_2026,894,SOFTAIL,For 87-99 FXSTS,FXSTS,1987,1999,,clutch,braided,0652-1442,06521442,38607-87A,"62 11/16""","32 15/16""","2 3/4""",,14306,"High-Efficiency Braided Stainless Steel Clutch Cable - 62-11/16""",no
413,oldbook_2026,894,SOFTAIL,For 87-99 FXSTS,FXSTS,1987,1999,,clutch,black_vinyl,0652-1387,06521387,38607-87A,"62 11/16""","32 15/16""","2 3/4""",,30194,"High-Efficiency Black Vinyl Clutch Cable - 62-11/16""",no
414,oldbook_2026,894,SOFTAIL,For 95-97 FXSTSB,FXSTSB,1995,1997,,clutch,braided,0652-1468,06521468,38617-95,"60 11/16""","32 15/16""","2 3/4""",,18103,"High-Efficiency Braided Stainless Steel Clutch Cable - 60-11/16""",no
415,oldbook_2026,894,SOFTAIL,For 95-97 FXSTSB,FXSTSB,1995,1997,,clutch,black_vinyl,0652-1413,06521413,38617-95,"60 11/16""","32 15/16""","2 3/4""",,30202,"High-Efficiency Black Vinyl Clutch Cable - 60-11/16""",no
416,oldbook_2026,894,SOFTAIL,For 87-99 FLSTC,FLSTC,1987,1999,,clutch,braided,0652-1442,06521442,38607-87A,"62 11/16""","32 15/16""","2 3/4""",,14306,"High-Efficiency Braided Stainless Steel Clutch Cable - 62-11/16""",no
417,oldbook_2026,894,SOFTAIL,For 87-99 FLSTC,FLSTC,1987,1999,,clutch,black_vinyl,0652-1387,06521387,38607-87A,"62 11/16""","32 15/16""","2 3/4""",,30194,"High-Efficiency Black Vinyl Clutch Cable - 62-11/16""",no
418,oldbook_2026,894,SOFTAIL,For 87-90 FLST,FLST,1987,1990,,clutch,braided,0652-1442,06521442,38607-87A,"62 11/16""","32 15/16""","2 3/4""",,14306,"High-Efficiency Braided Stainless Steel Clutch Cable - 62-11/16""",no
419,oldbook_2026,894,SOFTAIL,For 87-90 FLST,FLST,1987,1990,,clutch,black_vinyl,0652-1387,06521387,38607-87A,"62 11/16""","32 15/16""","2 3/4""",,30194,"High-Efficiency Black Vinyl Clutch Cable - 62-11/16""",no
420,oldbook_2026,894,SOFTAIL,For 90-99 FLSTF,FLSTF,1990,1999,,clutch,braided,0652-1442,06521442,38607-87A,"62 11/16""","32 15/16""","2 3/4""",,14306,"High-Efficiency Braided Stainless Steel Clutch Cable - 62-11/16""",no
421,oldbook_2026,894,SOFTAIL,For 90-99 FLSTF,FLSTF,1990,1999,,clutch,black_vinyl,0652-1387,06521387,38607-87A,"62 11/16""","32 15/16""","2 3/4""",,30194,"High-Efficiency Black Vinyl Clutch Cable - 62-11/16""",no
422,oldbook_2026,894,SOFTAIL,For 93-96 FLSTN,FLSTN,1993,1996,,clutch,braided,0652-1442,06521442,38607-87A,"62 11/16""","32 15/16""","2 3/4""",,14306,"High-Efficiency Braided Stainless Steel Clutch Cable - 62-11/16""",no
423,oldbook_2026,894,SOFTAIL,For 93-96 FLSTN,FLSTN,1993,1996,,clutch,black_vinyl,0652-1387,06521387,38607-87A,"62 11/16""","32 15/16""","2 3/4""",,30194,"High-Efficiency Black Vinyl Clutch Cable - 62-11/16""",no
424,oldbook_2026,894,SOFTAIL,For 97-99 FLSTS,FLSTS,1997,1999,,clutch,braided,0652-1442,06521442,38607-87A,"62 11/16""","32 15/16""","2 3/4""",,14306,"High-Efficiency Braided Stainless Steel Clutch Cable - 62-11/16""",no
425,oldbook_2026,894,SOFTAIL,For 97-99 FLSTS,FLSTS,1997,1999,,clutch,black_vinyl,0652-1387,06521387,38607-87A,"62 11/16""","32 15/16""","2 3/4""",,30194,"High-Efficiency Black Vinyl Clutch Cable - 62-11/16""",no
426,oldbook_2026,894,DYNA,For 95-98 FXD,FXD,1995,1998,,clutch,braided,0652-1456,06521456,38602-92,"68 11/16""","32 15/16""","2 3/4""",,14350,"High-Efficiency Braided Stainless Steel Clutch Cable - 68-11/16""",no
427,oldbook_2026,894,DYNA,For 95-98 FXD,FXD,1995,1998,,clutch,black_vinyl,0652-1401,06521401,38602-92,"68 11/16""","32 15/16""","2 3/4""",,18094,"High-Efficiency Black Vinyl Clutch Cable - 68-11/16""",no
428,oldbook_2026,894,DYNA,For 94-98 FXDS CONV.,FXDS CONV.,1994,1998,,clutch,braided,0652-1456,06521456,38602-92,"68 11/16""","32 15/16""","2 3/4""",,14350,"High-Efficiency Braided Stainless Steel Clutch Cable - 68-11/16""",no
429,oldbook_2026,894,DYNA,For 94-98 FXDS CONV.,FXDS CONV.,1994,1998,,clutch,black_vinyl,0652-1401,06521401,38602-92,"68 11/16""","32 15/16""","2 3/4""",,18094,"High-Efficiency Black Vinyl Clutch Cable - 68-11/16""",no
430,oldbook_2026,894,DYNA,For 93-98 FXDWG,FXDWG,1993,1998,,clutch,braided,0652-1456,06521456,38602-92,"68 11/16""","32 15/16""","2 3/4""",,14350,"High-Efficiency Braided Stainless Steel Clutch Cable - 68-11/16""",no
431,oldbook_2026,894,DYNA,For 93-98 FXDWG,FXDWG,1993,1998,,clutch,black_vinyl,0652-1401,06521401,38602-92,"68 11/16""","32 15/16""","2 3/4""",,18094,"High-Efficiency Black Vinyl Clutch Cable - 68-11/16""",no
432,oldbook_2026,894,DYNA,For 92 FXDB/C,FXDB/C,1992,1992,,clutch,braided,0652-1456,06521456,38602-92,"68 11/16""","32 15/16""","2 3/4""",,14350,"High-Efficiency Braided Stainless Steel Clutch Cable - 68-11/16""",no
433,oldbook_2026,894,DYNA,For 92 FXDB/C,FXDB/C,1992,1992,,clutch,black_vinyl,0652-1401,06521401,38602-92,"68 11/16""","32 15/16""","2 3/4""",,18094,"High-Efficiency Black Vinyl Clutch Cable - 68-11/16""",no
434,oldbook_2026,894,FXR,For 87-94 FXLR,FXLR,1987,1994,,clutch,braided,0652-1453,06521453,36753-87A,"60 5/8""","35 5/8""","2 5/16""",,8105,"High-Efficiency Braided Stainless Steel Clutch Cable - 60-5/8""",no
435,oldbook_2026,894,FXR,For 87-94 FXLR,FXLR,1987,1994,,clutch,black_vinyl,0652-1398,06521398,36753-87A,"60 5/8""","35 5/8""","2 5/16""",,14156,"High-Efficiency Black Vinyl Clutch Cable - 60-5/8""",no
436,oldbook_2026,894,FXR,For 87-94 FXR,FXR,1987,1994,,clutch,braided,0652-1446,06521446,38606-87A,"63 11/16""","35 5/8""","2 5/16""",,30150,"High-Efficiency Braided Stainless Steel Clutch Cable - 63-11/16""",no
437,oldbook_2026,894,FXR,For 87-94 FXR,FXR,1987,1994,,clutch,black_vinyl,0652-1391,06521391,38606-87A,"63 11/16""","35 5/8""","2 5/16""",,30247,"High-Efficiency Black Vinyl Clutch Cable - 63-11/16""",no
438,oldbook_2026,894,FXR,For 87-92 FXRS,FXRS,1987,1992,,clutch,braided,0652-1446,06521446,38606-87A,"63 11/16""","35 5/8""","2 5/16""",,30150,"High-Efficiency Braided Stainless Steel Clutch Cable - 63-11/16""",no
439,oldbook_2026,894,FXR,For 87-92 FXRS,FXRS,1987,1992,,clutch,black_vinyl,0652-1391,06521391,38606-87A,"63 11/16""","35 5/8""","2 5/16""",,30247,"High-Efficiency Black Vinyl Clutch Cable - 63-11/16""",no
440,oldbook_2026,894,FXR,For 89-93 FXRS-CONV.,FXRS-CONV.,1989,1993,,clutch,braided,0652-1446,06521446,38606-87A,"63 11/16""","35 5/8""","2 5/16""",,30150,"High-Efficiency Braided Stainless Steel Clutch Cable - 63-11/16""",no
441,oldbook_2026,894,FXR,For 89-93 FXRS-CONV.,FXRS-CONV.,1989,1993,,clutch,black_vinyl,0652-1391,06521391,38606-87A,"63 11/16""","35 5/8""","2 5/16""",,30247,"High-Efficiency Black Vinyl Clutch Cable - 63-11/16""",no
442,oldbook_2026,894,FXR,For 87-92 FXRT,FXRT,1987,1992,,clutch,braided,0652-1446,06521446,38606-87A,"63 11/16""","35 5/8""","2 5/16""",,30150,"High-Efficiency Braided Stainless Steel Clutch Cable - 63-11/16""",no
443,oldbook_2026,894,FXR,For 87-92 FXRT,FXRT,1987,1992,,clutch,black_vinyl,0652-1391,06521391,38606-87A,"63 11/16""","35 5/8""","2 5/16""",,30247,"High-Efficiency Black Vinyl Clutch Cable - 63-11/16""",no
444,oldbook_2026,894,FXR,For 87 FXRC,FXRC,1987,1987,,clutch,braided,0652-1446,06521446,38606-87A,"63 11/16""","35 5/8""","2 5/16""",,30150,"High-Efficiency Braided Stainless Steel Clutch Cable - 63-11/16""",no
445,oldbook_2026,894,FXR,For 87 FXRC,FXRC,1987,1987,,clutch,black_vinyl,0652-1391,06521391,38606-87A,"63 11/16""","35 5/8""","2 5/16""",,30247,"High-Efficiency Black Vinyl Clutch Cable - 63-11/16""",no
446,oldbook_2026,894,FXR,For 87-93 FXRS-SP,FXRS-SP,1987,1993,,clutch,black_vinyl,0652-1400,06521400,36755-87,"57 5/8""","35 5/8""","2 5/16""",,18092,"High-Efficiency Black Vinyl Clutch Cable - 57-5/8""",no
447,oldbook_2026,894,FXR,For 84-86 FXR/S,FXR/S,1984,1986,,clutch,braided,0652-1451,06521451,38599-83A,"53 5/16""",Bottom,"4 5/16""",,29849,"High-Efficiency Braided Stainless Steel Clutch Cable - 53-5/16""",no
448,oldbook_2026,894,FXR,For 84-86 FXR/S,FXR/S,1984,1986,,clutch,black_vinyl,0652-1396,06521396,38599-83A,"53 5/16""",Bottom,"4 5/16""",,29823,"High-Efficiency Black Vinyl Clutch Cable - 53-5/16""",no
449,oldbook_2026,894,FXR,For 85-86 FXRS-SP,FXRS-SP,1985,1986,,clutch,braided,0652-1451,06521451,38599-83A,"53 5/16""",Bottom,"4 5/16""",,29849,"High-Efficiency Braided Stainless Steel Clutch Cable - 53-5/16""",no
450,oldbook_2026,894,FXR,For 85-86 FXRS-SP,FXRS-SP,1985,1986,,clutch,black_vinyl,0652-1396,06521396,38599-83A,"53 5/16""",Bottom,"4 5/16""",,29823,"High-Efficiency Black Vinyl Clutch Cable - 53-5/16""",no
451,oldbook_2026,894,FXR,For 84-86 FXRT,FXRT,1984,1986,,clutch,braided,0652-1451,06521451,38599-83A,"53 5/16""",Bottom,"4 5/16""",,29849,"High-Efficiency Braided Stainless Steel Clutch Cable - 53-5/16""",no
452,oldbook_2026,894,FXR,For 84-86 FXRT,FXRT,1984,1986,,clutch,black_vinyl,0652-1396,06521396,38599-83A,"53 5/16""",Bottom,"4 5/16""",,29823,"High-Efficiency Black Vinyl Clutch Cable - 53-5/16""",no
453,oldbook_2026,894,FXR,For 85 FXRC,FXRC,1985,1985,,clutch,braided,0652-1451,06521451,38599-83A,"53 5/16""",Bottom,"4 5/16""",,29849,"High-Efficiency Braided Stainless Steel Clutch Cable - 53-5/16""",no
454,oldbook_2026,894,FXR,For 85 FXRC,FXRC,1985,1985,,clutch,black_vinyl,0652-1396,06521396,38599-83A,"53 5/16""",Bottom,"4 5/16""",,29823,"High-Efficiency Black Vinyl Clutch Cable - 53-5/16""",no
455,oldbook_2026,894,FXR,For 86 FXRD,FXRD,1986,1986,,clutch,braided,0652-1451,06521451,38599-83A,"53 5/16""",Bottom,"4 5/16""",,29849,"High-Efficiency Braided Stainless Steel Clutch Cable - 53-5/16""",no
456,oldbook_2026,894,FXR,For 86 FXRD,FXRD,1986,1986,,clutch,black_vinyl,0652-1396,06521396,38599-83A,"53 5/16""",Bottom,"4 5/16""",,29823,"High-Efficiency Black Vinyl Clutch Cable - 53-5/16""",no
457,oldbook_2026,894,FXR,For 84 FXRDG,FXRDG,1984,1984,,clutch,braided,0652-1451,06521451,38599-83A,"53 5/16""",Bottom,"4 5/16""",,29849,"High-Efficiency Braided Stainless Steel Clutch Cable - 53-5/16""",no
458,oldbook_2026,894,FXR,For 84 FXRDG,FXRDG,1984,1984,,clutch,black_vinyl,0652-1396,06521396,38599-83A,"53 5/16""",Bottom,"4 5/16""",,29823,"High-Efficiency Black Vinyl Clutch Cable - 53-5/16""",no
459,oldbook_2026,894,FXR,For 83 FXR/S,FXR/S,1983,1983,,clutch,braided,0652-1451,06521451,38599-83A,"53 5/16""",Bottom,"4 5/16""",,29849,"High-Efficiency Braided Stainless Steel Clutch Cable - 53-5/16""",no
460,oldbook_2026,894,FXR,For 83 FXR/S,FXR/S,1983,1983,,clutch,black_vinyl,0652-1396,06521396,38599-83A,"53 5/16""",Bottom,"4 5/16""",,29823,"High-Efficiency Black Vinyl Clutch Cable - 53-5/16""",no
461,oldbook_2026,894,FXR,For 83 FXRT,FXRT,1983,1983,,clutch,braided,0652-1451,06521451,38599-83A,"53 5/16""",Bottom,"4 5/16""",,29849,"High-Efficiency Braided Stainless Steel Clutch Cable - 53-5/16""",no
462,oldbook_2026,894,FXR,For 83 FXRT,FXRT,1983,1983,,clutch,black_vinyl,0652-1396,06521396,38599-83A,"53 5/16""",Bottom,"4 5/16""",,29823,"High-Efficiency Black Vinyl Clutch Cable - 53-5/16""",no
463,oldbook_2026,894,FXR,For 82 FXR/S,FXR/S,1982,1982,,clutch,black_vinyl,0652-1406,06521406,38599-80B,"55 7/16""",Bottom,"3 11/16""",,8089,"High-Efficiency Black Vinyl Clutch Cable - 55-7/16""",no
464,oldbook_2026,894,FX (4-SPEED),For 71-84 FX (all),FX,1971,1984,all,clutch,braided,0652-1443,06521443,38618-68C,"52 9/16""",Bottom,"5 1/2""",,30211,"High-Efficiency Braided Stainless Steel Clutch Cable - 52-9/16""",no
465,oldbook_2026,894,FX (4-SPEED),For 71-84 FX (all),FX,1971,1984,all,clutch,black_vinyl,0652-1388,06521388,38618-68C,"52 9/16""",Bottom,"5 1/2""",,30133,"High-Efficiency Black Vinyl Clutch Cable - 52-9/16""",no
466,oldbook_2026,894,XL,For 71-85 XLH,XLH,1971,1985,,clutch,braided,0652-1449,06521449,38619-84,"47 1/16""",Bottom,"6 11/16""",,14167,"High-Efficiency Braided Stainless Steel Clutch Cable - 47-1/16""",no
467,oldbook_2026,894,XL,For 71-85 XLH,XLH,1971,1985,,clutch,black_vinyl,0652-1394,06521394,38619-84,"47 1/16""",Bottom,"6 11/16""",,30134,"High-Efficiency Black Vinyl Clutch Cable - 47-1/16""",no
468,oldbook_2026,894,XL,For 81-85 XLS,XLS,1981,1985,,clutch,braided,0652-1449,06521449,38619-84,"47 1/16""",Bottom,"6 11/16""",,14167,"High-Efficiency Braided Stainless Steel Clutch Cable - 47-1/16""",no
469,oldbook_2026,894,XL,For 81-85 XLS,XLS,1981,1985,,clutch,black_vinyl,0652-1394,06521394,38619-84,"47 1/16""",Bottom,"6 11/16""",,30134,"High-Efficiency Black Vinyl Clutch Cable - 47-1/16""",no
470,oldbook_2026,894,XL,For 71-79 XLCH,XLCH,1971,1979,,clutch,braided,0652-1449,06521449,36819-84,"47 1/16""",Bottom,"6 11/16""",,14167,"High-Efficiency Braided Stainless Steel Clutch Cable - 47-1/16""",no
471,oldbook_2026,894,XL,For 71-79 XLCH,XLCH,1971,1979,,clutch,black_vinyl,0652-1394,06521394,36819-84,"47 1/16""",Bottom,"6 11/16""",,30134,"High-Efficiency Black Vinyl Clutch Cable - 47-1/16""",no
472,fatbook_2026,1465,DRESSER,For 99-07 FLHR,FLHR,1999,2007,,throttle,braided,0650-0299,06500299,56523-02,"39 1/2""",90°,"5""",,14337,"Stainless Braided Throttle Cable - 39-1/2""",yes
473,fatbook_2026,1465,DRESSER,For 99-07 FLHR,FLHR,1999,2007,,throttle,black_vinyl,0650-0336,06500336,56523-02,"39 1/2""",90°,"5""",,14304,"Black Vinyl Throttle Cable - 39-1/2""",yes
474,fatbook_2026,1465,DRESSER,For 99-07 FLHR,FLHR,1999,2007,,idle,braided,0651-0171,06510171,56237-99A,"38 7/8""",90°,"4 7/8""",Y,14280,"Stainless Braided Idle Cable - Cruise - 38-7/8""",yes
475,fatbook_2026,1465,DRESSER,For 99-07 FLHR,FLHR,1999,2007,,idle,black_vinyl,0651-0181,06510181,56237-99A,"38 7/8""",90°,"4 7/8""",Y,8061,"Black Vinyl Idle Cable - Cruise - 38-7/8""",yes
476,fatbook_2026,1465,DRESSER,For 02-07 FLHR/I,FLHR/I,2002,2007,,throttle,braided,0650-0299,06500299,56376-02,"39 1/2""",90°,"5""",,14337,"Stainless Braided Throttle Cable - 39-1/2""",yes
477,fatbook_2026,1465,DRESSER,For 02-07 FLHR/I,FLHR/I,2002,2007,,throttle,black_vinyl,0650-0336,06500336,56376-02,"39 1/2""",90°,"5""",,14304,"Black Vinyl Throttle Cable - 39-1/2""",yes
478,fatbook_2026,1465,DRESSER,For 02-07 FLHR/I,FLHR/I,2002,2007,,idle,braided,0651-0171,06510171,56237-99A,"38 7/8""",90°,"4 7/8""",Y,14280,"Stainless Braided Idle Cable - Cruise - 38-7/8""",yes
479,fatbook_2026,1465,DRESSER,For 02-07 FLHR/I,FLHR/I,2002,2007,,idle,black_vinyl,0651-0181,06510181,56237-99A,"38 7/8""",90°,"4 7/8""",Y,8061,"Black Vinyl Idle Cable - Cruise - 38-7/8""",yes
480,fatbook_2026,1465,DRESSER,For 00-01 FLHR/I,FLHR/I,2000,2001,,throttle,braided,0650-0414,06500414,56379-97,"42 1/2""",90°,"5 1/4""",,14481,"Stainless Braided Throttle Cable - 42-1/2""",yes
481,fatbook_2026,1465,DRESSER,For 00-01 FLHR/I,FLHR/I,2000,2001,,throttle,black_vinyl,0650-0407,06500407,56379-97,"42 1/2""",90°,"5 1/4""",,3290,"Black Vinyl Throttle Cable - 42-1/2""",yes
482,fatbook_2026,1465,DRESSER,For 00-01 FLHR/I,FLHR/I,2000,2001,,idle,braided,0651-0247,06510247,56368-96,"42 1/2""",90°,"4 1/2""",N,3086,"Stainless Braided Idle Cable - 42-1/2""",yes
483,fatbook_2026,1465,DRESSER,For 00-01 FLHR/I,FLHR/I,2000,2001,,idle,black_vinyl,0651-0240,06510240,56368-96,"42 1/2""",90°,"4 1/2""",N,3085,"Black Vinyl Idle Cable - 42-1/2""",yes
484,fatbook_2026,1465,DRESSER,For 04-07 FLHRS,FLHRS,2004,2007,,throttle,braided,0650-0300,06500300,56293-03,"41""",90°,"5""",,14159,"Stainless Braided Throttle Cable - 41""",yes
485,fatbook_2026,1465,DRESSER,For 04-07 FLHRS,FLHRS,2004,2007,,throttle,black_vinyl,0650-0337,06500337,56293-03,"41""",90°,"5""",,481,"Black Vinyl Throttle Cable - 41""",yes
486,fatbook_2026,1465,DRESSER,For 04-07 FLHRS,FLHRS,2004,2007,,idle,braided,0651-0172,06510172,56554-04,"41 1/2""",90°,"4 7/8""",Y,8038,"Stainless Braided Idle Cable - Cruise - 41-1/2""",yes
487,fatbook_2026,1465,DRESSER,For 04-07 FLHRS,FLHRS,2004,2007,,idle,black_vinyl,0651-0182,06510182,56554-04,"41 1/2""",90°,"4 7/8""",Y,8062,"Black Vinyl Idle Cable - Cruise - 41-1/2""",yes
488,fatbook_2026,1465,DRESSER,For 04-07 FLHRS/I,FLHRS/I,2004,2007,,throttle,braided,0650-0300,06500300,56555-04,"41""",90°,"5""",,14159,"Stainless Braided Throttle Cable - 41""",yes
489,fatbook_2026,1465,DRESSER,For 04-07 FLHRS/I,FLHRS/I,2004,2007,,throttle,black_vinyl,0650-0337,06500337,56555-04,"41""",90°,"5""",,481,"Black Vinyl Throttle Cable - 41""",yes
490,fatbook_2026,1465,DRESSER,For 04-07 FLHRS/I,FLHRS/I,2004,2007,,idle,braided,0651-0172,06510172,56293-03,"41 1/2""",90°,"4 7/8""",Y,8038,"Stainless Braided Idle Cable - Cruise - 41-1/2""",yes
491,fatbook_2026,1465,DRESSER,For 04-07 FLHRS/I,FLHRS/I,2004,2007,,idle,black_vinyl,0651-0182,06510182,56293-03,"41 1/2""",90°,"4 7/8""",Y,8062,"Black Vinyl Idle Cable - Cruise - 41-1/2""",yes
492,fatbook_2026,1465,DRESSER,For 02-07 FLHRC/I,FLHRC/I,2002,2007,,throttle,braided,0650-0299,06500299,56376-02,"39 1/2""",90°,"5""",,14337,"Stainless Braided Throttle Cable - 39-1/2""",yes
493,fatbook_2026,1465,DRESSER,For 02-07 FLHRC/I,FLHRC/I,2002,2007,,throttle,black_vinyl,0650-0336,06500336,56376-02,"39 1/2""",90°,"5""",,14304,"Black Vinyl Throttle Cable - 39-1/2""",yes
494,fatbook_2026,1465,DRESSER,For 02-07 FLHRC/I,FLHRC/I,2002,2007,,idle,braided,0651-0171,06510171,53237-99A,"38 7/8""",90°,"4 7/8""",Y,14280,"Stainless Braided Idle Cable - Cruise - 38-7/8""",yes
495,fatbook_2026,1465,DRESSER,For 02-07 FLHRC/I,FLHRC/I,2002,2007,,idle,black_vinyl,0651-0181,06510181,53237-99A,"38 7/8""",90°,"4 7/8""",Y,8061,"Black Vinyl Idle Cable - Cruise - 38-7/8""",yes
496,fatbook_2026,1465,DRESSER,For 99-01 FLHRC/I,FLHRC/I,1999,2001,,throttle,braided,0650-0414,06500414,56379-97,"42 1/2""",90°,"5 1/4""",,14481,"Stainless Braided Throttle Cable - 42-1/2""",yes
497,fatbook_2026,1465,DRESSER,For 99-01 FLHRC/I,FLHRC/I,1999,2001,,throttle,black_vinyl,0650-0407,06500407,56379-97,"42 1/2""",90°,"5 1/4""",,3290,"Black Vinyl Throttle Cable - 42-1/2""",yes
498,fatbook_2026,1465,DRESSER,For 99-01 FLHRC/I,FLHRC/I,1999,2001,,idle,braided,0651-0247,06510247,56369-96,"42 1/2""",90°,"4 1/2""",N,3086,"Stainless Braided Idle Cable - 42-1/2""",yes
499,fatbook_2026,1465,DRESSER,For 99-01 FLHRC/I,FLHRC/I,1999,2001,,idle,black_vinyl,0651-0240,06510240,56369-96,"42 1/2""",90°,"4 1/2""",N,3085,"Black Vinyl Idle Cable - 42-1/2""",yes
500,fatbook_2026,1465,DRESSER,For 02-03 FLHRSE,FLHRSE,2002,2003,,throttle,braided,0650-0415,06500415,56389-02,"42 1/2""",90°,"4 7/8""",,3291,"Stainless Braided Throttle Cable - 42-1/2""",yes
501,fatbook_2026,1465,DRESSER,For 02-03 FLHRSE,FLHRSE,2002,2003,,throttle,black_vinyl,0650-0408,06500408,56389-02,"42 1/2""",90°,"4 7/8""",,4129,"Black Vinyl Throttle Cable - 42-1/2""",yes
502,fatbook_2026,1465,DRESSER,For 02-03 FLHRSE,FLHRSE,2002,2003,,idle,braided,0651-0173,06510173,56390-02,"44""",90°,"4 7/8""",Y,186,"Stainless Braided Idle Cable - Cruise - 44""",yes
503,fatbook_2026,1465,DRESSER,For 02-03 FLHRSE,FLHRSE,2002,2003,,idle,black_vinyl,0651-0183,06510183,56390-02,"44""",90°,"4 7/8""",Y,3081,"Black Vinyl Idle Cable - Cruise - 44""",yes
504,fatbook_2026,1465,DRESSER,For 02-07 FLHT,FLHT,2002,2007,,throttle,braided,0650-0298,06500298,56526-02,"39 1/2""",70°,"5""",,157,"Stainless Braided Throttle Cable - 39-1/2""",yes
505,fatbook_2026,1465,DRESSER,For 02-07 FLHT,FLHT,2002,2007,,throttle,black_vinyl,0650-0335,06500335,56526-02,"39 1/2""",70°,"5""",,3097,"Black Vinyl Throttle Cable - 39-1/2""",yes
506,fatbook_2026,1465,DRESSER,For 02-07 FLHT,FLHT,2002,2007,,idle,braided,0651-0167,06510167,56525-02,"38 3/16""",70°,"4 7/8""",Y,14279,"Stainless Braided Idle Cable - Cruise - 38-3/16""",yes
507,fatbook_2026,1465,DRESSER,For 02-07 FLHT,FLHT,2002,2007,,idle,black_vinyl,0651-0177,06510177,56525-02,"38 3/16""",70°,"4 7/8""",Y,14146,"Black Vinyl Idle Cable - Cruise - 38-3/16""",yes
508,fatbook_2026,1465,DRESSER,For 99-01 FLHT,FLHT,1999,2001,,throttle,braided,0650-0413,06500413,56327-96,"38""",70°,"5""",,14480,"Stainless Braided Throttle Cable - 38""",yes
509,fatbook_2026,1465,DRESSER,For 99-01 FLHT,FLHT,1999,2001,,throttle,black_vinyl,0650-0406,06500406,56327-96,"38""",70°,"5""",,14477,"Black Vinyl Throttle Cable - 38""",yes
510,fatbook_2026,1465,DRESSER,For 99-01 FLHT,FLHT,1999,2001,,idle,braided,0651-0244,06510244,56328-96,"38""",70°,"4 3/4""",N,8064,"Stainless Braided Idle Cable - 38""",yes
511,fatbook_2026,1465,DRESSER,For 99-01 FLHT,FLHT,1999,2001,,idle,black_vinyl,0651-0237,06510237,56328-96,"38""",70°,"4 3/4""",N,14148,"Black Vinyl Idle Cable - 38""",yes
512,fatbook_2026,1465,DRESSER,For 03-07 FLHT/I,FLHT/I,2003,2007,,throttle,braided,0650-0298,06500298,56526-02,"39 1/2""",70°,"5""",,157,"Stainless Braided Throttle Cable - 39-1/2""",yes
513,fatbook_2026,1465,DRESSER,For 03-07 FLHT/I,FLHT/I,2003,2007,,throttle,black_vinyl,0650-0335,06500335,56526-02,"39 1/2""",70°,"5""",,3097,"Black Vinyl Throttle Cable - 39-1/2""",yes
514,fatbook_2026,1465,DRESSER,For 03-07 FLHT/I,FLHT/I,2003,2007,,idle,braided,0651-0168,06510168,56358-02,"38 3/8""",70°,"4 7/8""",Y,3188,"Stainless Braided Idle Cable - Cruise - 38-3/8""",yes
515,fatbook_2026,1465,DRESSER,For 03-07 FLHT/I,FLHT/I,2003,2007,,idle,black_vinyl,0651-0178,06510178,56358-02,"38 3/8""",70°,"4 7/8""",Y,14147,"Black Vinyl Idle Cable - Cruise - 38-3/8""",yes
516,fatbook_2026,1465,DRESSER,For 02-07 FLHTC,FLHTC,2002,2007,,throttle,braided,0650-0298,06500298,56526-02,"39 1/2""",70°,"5""",,157,"Stainless Braided Throttle Cable - 39-1/2""",yes
517,fatbook_2026,1465,DRESSER,For 02-07 FLHTC,FLHTC,2002,2007,,throttle,black_vinyl,0650-0335,06500335,56526-02,"39 1/2""",70°,"5""",,3097,"Black Vinyl Throttle Cable - 39-1/2""",yes
518,fatbook_2026,1465,DRESSER,For 02-07 FLHTC,FLHTC,2002,2007,,idle,braided,0651-0167,06510167,56525-02,"38 3/16""",70°,"4 7/8""",Y,14279,"Stainless Braided Idle Cable - Cruise - 38-3/16""",yes
519,fatbook_2026,1465,DRESSER,For 02-07 FLHTC,FLHTC,2002,2007,,idle,black_vinyl,0651-0177,06510177,56525-02,"38 3/16""",70°,"4 7/8""",Y,14146,"Black Vinyl Idle Cable - Cruise - 38-3/16""",yes
520,fatbook_2026,1465,DRESSER,For 99-01 FLHTC,FLHTC,1999,2001,,throttle,braided,0650-0413,06500413,56327-96,"38""",70°,"5""",,14480,"Stainless Braided Throttle Cable - 38""",yes
521,fatbook_2026,1465,DRESSER,For 99-01 FLHTC,FLHTC,1999,2001,,throttle,black_vinyl,0650-0406,06500406,56327-96,"38""",70°,"5""",,14477,"Black Vinyl Throttle Cable - 38""",yes
522,fatbook_2026,1465,DRESSER,For 99-01 FLHTC,FLHTC,1999,2001,,idle,braided,0651-0244,06510244,56328-96,"38""",70°,"4 3/4""",N,8064,"Stainless Braided Idle Cable - 38""",yes
523,fatbook_2026,1465,DRESSER,For 99-01 FLHTC,FLHTC,1999,2001,,idle,black_vinyl,0651-0237,06510237,56328-96,"38""",70°,"4 3/4""",N,14148,"Black Vinyl Idle Cable - 38""",yes
524,fatbook_2026,1465,DRESSER,For 02-07 FLHTC/I,FLHTC/I,2002,2007,,throttle,braided,0650-0298,06500298,56526-02,"39 1/2""",70°,"5""",,157,"Stainless Braided Throttle Cable - 39-1/2""",yes
525,fatbook_2026,1465,DRESSER,For 02-07 FLHTC/I,FLHTC/I,2002,2007,,throttle,black_vinyl,0650-0335,06500335,56526-02,"39 1/2""",70°,"5""",,3097,"Black Vinyl Throttle Cable - 39-1/2""",yes
526,fatbook_2026,1465,DRESSER,For 02-07 FLHTC/I,FLHTC/I,2002,2007,,idle,braided,0651-0168,06510168,56358-02,"38 3/8""",70°,"4 7/8""",Y,3188,"Stainless Braided Idle Cable - Cruise - 38-3/8""",yes
527,fatbook_2026,1465,DRESSER,For 02-07 FLHTC/I,FLHTC/I,2002,2007,,idle,black_vinyl,0651-0178,06510178,56358-02,"38 3/8""",70°,"4 7/8""",Y,14147,"Black Vinyl Idle Cable - Cruise - 38-3/8""",yes
528,fatbook_2026,1465,DRESSER,For 99-01 FLHTC/I,FLHTC/I,1999,2001,,throttle,braided,0650-0301,06500301,56357-96,"41 3/4""",70°,"5 1/4""",,14338,"Stainless Braided Throttle Cable - 41-3/4""",yes
529,fatbook_2026,1465,DRESSER,For 99-01 FLHTC/I,FLHTC/I,1999,2001,,throttle,black_vinyl,0650-0338,06500338,56357-96,"41 3/4""",70°,"5 1/4""",,3096,"Black Vinyl Throttle Cable - 41-3/4""",yes
530,fatbook_2026,1465,DRESSER,For 99-01 FLHTC/I,FLHTC/I,1999,2001,,idle,black_vinyl,0651-0146,06510146,56387-96,"41 3/4""",70°,"4 3/4""",N,3185,"Black Vinyl Idle Cable - 41-3/4""",yes
531,fatbook_2026,1465,DRESSER,For 02-07 FLHTCU/I,FLHTCU/I,2002,2007,,throttle,braided,0650-0298,06500298,56526-02,"39 1/2""",70°,"5""",,157,"Stainless Braided Throttle Cable - 39-1/2""",yes
532,fatbook_2026,1465,DRESSER,For 02-07 FLHTCU/I,FLHTCU/I,2002,2007,,throttle,black_vinyl,0650-0335,06500335,56526-02,"39 1/2""",70°,"5""",,3097,"Black Vinyl Throttle Cable - 39-1/2""",yes
533,fatbook_2026,1465,DRESSER,For 02-07 FLHTCU/I,FLHTCU/I,2002,2007,,idle,braided,0651-0168,06510168,56358-02,"38 3/8""",70°,"4 7/8""",Y,3188,"Stainless Braided Idle Cable - Cruise - 38-3/8""",yes
534,fatbook_2026,1465,DRESSER,For 02-07 FLHTCU/I,FLHTCU/I,2002,2007,,idle,black_vinyl,0651-0178,06510178,56358-02,"38 3/8""",70°,"4 7/8""",Y,14147,"Black Vinyl Idle Cable - Cruise - 38-3/8""",yes
535,fatbook_2026,1465,DRESSER,For 99-01 FLHTCU/I,FLHTCU/I,1999,2001,,throttle,braided,0650-0301,06500301,56357-96,"41 3/4""",70°,"5 1/4""",,14338,"Stainless Braided Throttle Cable - 41-3/4""",yes
536,fatbook_2026,1465,DRESSER,For 99-01 FLHTCU/I,FLHTCU/I,1999,2001,,throttle,black_vinyl,0650-0338,06500338,56357-96,"41 3/4""",70°,"5 1/4""",,3096,"Black Vinyl Throttle Cable - 41-3/4""",yes
537,fatbook_2026,1465,DRESSER,For 99-01 FLHTCU/I,FLHTCU/I,1999,2001,,idle,braided,0651-0169,06510169,56358-96,"41 1/2""",70°,"4 11/16""",Y,8037,"Stainless Braided Idle Cable - Cruise - 41-1/2""",yes
538,fatbook_2026,1465,DRESSER,For 99-01 FLHTCU/I,FLHTCU/I,1999,2001,,idle,black_vinyl,0651-0179,06510179,56358-96,"41 1/2""",70°,"4 11/16""",Y,3080,"Black Vinyl Idle Cable - Cruise - 41-1/2""",yes
539,fatbook_2026,1465,DRESSER,For 02-04 FLTR,FLTR,2002,2004,,throttle,braided,0650-0298,06500298,56526-02,"39 1/2""",70°,"5""",,157,"Stainless Braided Throttle Cable - 39-1/2""",yes
540,fatbook_2026,1465,DRESSER,For 02-04 FLTR,FLTR,2002,2004,,throttle,black_vinyl,0650-0335,06500335,56526-02,"39 1/2""",70°,"5""",,3097,"Black Vinyl Throttle Cable - 39-1/2""",yes
541,fatbook_2026,1465,DRESSER,For 02-04 FLTR,FLTR,2002,2004,,idle,braided,0651-0167,06510167,56525-02,"38 3/16""",70°,"4 7/8""",Y,14279,"Stainless Braided Idle Cable - Cruise - 38-3/16""",yes
542,fatbook_2026,1465,DRESSER,For 02-04 FLTR,FLTR,2002,2004,,idle,black_vinyl,0651-0177,06510177,56525-02,"38 3/16""",70°,"4 7/8""",Y,14146,"Black Vinyl Idle Cable - Cruise - 38-3/16""",yes
543,fatbook_2026,1465,DRESSER,For 99-01 FLTR,FLTR,1999,2001,,throttle,braided,0650-0413,06500413,56327-96,"38""",70°,"5""",,14480,"Stainless Braided Throttle Cable - 38""",yes
544,fatbook_2026,1465,DRESSER,For 99-01 FLTR,FLTR,1999,2001,,throttle,black_vinyl,0650-0406,06500406,56327-96,"38""",70°,"5""",,14477,"Black Vinyl Throttle Cable - 38""",yes
545,fatbook_2026,1465,DRESSER,For 99-01 FLTR,FLTR,1999,2001,,idle,braided,0651-0244,06510244,56351-96,"38""",70°,"4 3/4""",Y,8064,"Stainless Braided Idle Cable - 38""",yes
546,fatbook_2026,1465,DRESSER,For 99-01 FLTR,FLTR,1999,2001,,idle,black_vinyl,0651-0237,06510237,56351-96,"38""",70°,"4 3/4""",Y,14148,"Black Vinyl Idle Cable - 38""",yes
547,fatbook_2026,1465,DRESSER,For 02-07 FLTR/I,FLTR/I,2002,2007,,throttle,braided,0650-0298,06500298,56526-02,"39 1/2""",70°,"5""",,157,"Stainless Braided Throttle Cable - 39-1/2""",yes
548,fatbook_2026,1465,DRESSER,For 02-07 FLTR/I,FLTR/I,2002,2007,,throttle,black_vinyl,0650-0335,06500335,56526-02,"39 1/2""",70°,"5""",,3097,"Black Vinyl Throttle Cable - 39-1/2""",yes
549,fatbook_2026,1465,DRESSER,For 02-07 FLTR/I,FLTR/I,2002,2007,,idle,braided,0651-0168,06510168,56358-02,"38 3/8""",70°,"4 7/8""",Y,3188,"Stainless Braided Idle Cable - Cruise - 38-3/8""",yes
550,fatbook_2026,1465,DRESSER,For 02-07 FLTR/I,FLTR/I,2002,2007,,idle,black_vinyl,0651-0178,06510178,56358-02,"38 3/8""",70°,"4 7/8""",Y,14147,"Black Vinyl Idle Cable - Cruise - 38-3/8""",yes
551,fatbook_2026,1465,DRESSER,For 99-01 FLTR/I,FLTR/I,1999,2001,,throttle,braided,0650-0301,06500301,56357-96,"41 3/4""",70°,"5 1/4""",,14338,"Stainless Braided Throttle Cable - 41-3/4""",yes
552,fatbook_2026,1465,DRESSER,For 99-01 FLTR/I,FLTR/I,1999,2001,,throttle,black_vinyl,0650-0338,06500338,56357-96,"41 3/4""",70°,"5 1/4""",,3096,"Black Vinyl Throttle Cable - 41-3/4""",yes
553,fatbook_2026,1465,DRESSER,For 99-01 FLTR/I,FLTR/I,1999,2001,,idle,braided,0651-0169,06510169,56358-96,"41 1/2""",70°,"4 11/16""",Y,8037,"Stainless Braided Idle Cable - Cruise - 41-1/2""",yes
554,fatbook_2026,1465,DRESSER,For 99-01 FLTR/I,FLTR/I,1999,2001,,idle,black_vinyl,0651-0179,06510179,56358-96,"41 1/2""",70°,"4 11/16""",Y,3080,"Black Vinyl Idle Cable - Cruise - 41-1/2""",yes
555,fatbook_2026,1465,DRESSER,For 00-01 FLTRSE/I,FLTRSE/I,2000,2001,,throttle,braided,0650-0301,06500301,56357-96,"41 3/4""",70°,"5 1/4""",,14338,"Stainless Braided Throttle Cable - 41-3/4""",yes
556,fatbook_2026,1465,DRESSER,For 00-01 FLTRSE/I,FLTRSE/I,2000,2001,,throttle,black_vinyl,0650-0338,06500338,56357-96,"41 3/4""",70°,"5 1/4""",,3096,"Black Vinyl Throttle Cable - 41-3/4""",yes
557,fatbook_2026,1465,DRESSER,For 00-01 FLTRSE/I,FLTRSE/I,2000,2001,,idle,braided,0651-0169,06510169,56485-00B,"41 1/2""",70°,"4 11/16""",Y,8037,"Stainless Braided Idle Cable - Cruise - 41-1/2""",yes
558,fatbook_2026,1465,DRESSER,For 00-01 FLTRSE/I,FLTRSE/I,2000,2001,,idle,black_vinyl,0651-0179,06510179,56485-00B,"41 1/2""",70°,"4 11/16""",Y,3080,"Black Vinyl Idle Cable - Cruise - 41-1/2""",yes
559,fatbook_2026,1465,DRESSER,For 06-07 FLHX/I,FLHX/I,2006,2007,,throttle,braided,0650-0298,06500298,56526-02,"39 1/2""",70°,"5""",,157,"Stainless Braided Throttle Cable - 39-1/2""",yes
560,fatbook_2026,1465,DRESSER,For 06-07 FLHX/I,FLHX/I,2006,2007,,throttle,black_vinyl,0650-0335,06500335,56526-02,"39 1/2""",70°,"5""",,3097,"Black Vinyl Throttle Cable - 39-1/2""",yes
561,fatbook_2026,1465,DRESSER,For 06-07 FLHX/I,FLHX/I,2006,2007,,idle,braided,0651-0168,06510168,56358-02,"38 3/8""",70°,"4 7/8""",Y,3188,"Stainless Braided Idle Cable - Cruise - 38-3/8""",yes
562,fatbook_2026,1465,DRESSER,For 06-07 FLHX/I,FLHX/I,2006,2007,,idle,black_vinyl,0651-0178,06510178,56358-02,"38 3/8""",70°,"4 7/8""",Y,14147,"Black Vinyl Idle Cable - Cruise - 38-3/8""",yes
563,fatbook_2026,1466,SOFTAIL,For 11-13 FXS,FXS,2011,2013,,throttle,braided,0650-0286,06500286,56432-98,"26 1/2""",90°,"5""",,301,"Stainless Braided Throttle Cable - 26-1/2""",yes
564,fatbook_2026,1466,SOFTAIL,For 11-13 FXS,FXS,2011,2013,,throttle,black_vinyl,0650-0323,06500323,56432-98,"26 1/2""",90°,"5""",,155,"Black Vinyl Throttle Cable - 26-1/2""",yes
565,fatbook_2026,1466,SOFTAIL,For 11-13 FXS,FXS,2011,2013,,idle,braided,0651-0094,06510094,56433-98,"26 1/2""",90°,"4 3/4""",N,14268,"Stainless Braided Idle Cable - 26-1/2""",yes
566,fatbook_2026,1466,SOFTAIL,For 11-13 FXS,FXS,2011,2013,,idle,black_vinyl,0651-0131,06510131,56433-98,"26 1/2""",90°,"4 3/4""",N,3179,"Black Vinyl Idle Cable - 26-1/2""",yes
567,fatbook_2026,1466,SOFTAIL,For 14-15 FXSB,FXSB,2014,2015,,throttle,braided,0650-0292,06500292,561000-56,"30 3/4""",90°,"5""",,2337,"Stainless Braided Throttle Cable - 30-3/4""",no
568,fatbook_2026,1466,SOFTAIL,For 14-15 FXSB,FXSB,2014,2015,,throttle,black_vinyl,0650-0329,06500329,561000-56,"30 3/4""",90°,"5""",,14302,"Black Vinyl Throttle Cable - 30-3/4""",no
569,fatbook_2026,1466,SOFTAIL,For 14-15 FXSB,FXSB,2014,2015,,idle,braided,0651-0099,06510099,270000-04,"30 3/4""",90°,"4 3/4""",N,2408,"Stainless Braided Idle Cable - 30-3/4""",no
570,fatbook_2026,1466,SOFTAIL,For 14-15 FXSB,FXSB,2014,2015,,idle,black_vinyl,0651-0136,06510136,270000-04,"30 3/4""",90°,"4 3/4""",N,188,"Black Vinyl Idle Cable - 30-3/4""",no
571,fatbook_2026,1466,SOFTAIL,For 08-11 FXCW/FXCWC,FXCW/FXCWC,2008,2011,,throttle,braided,0650-0292,06500292,56343-01,"30 3/4""",90°,"5""",,2337,"Stainless Braided Throttle Cable - 30-3/4""",yes
572,fatbook_2026,1466,SOFTAIL,For 08-11 FXCW/FXCWC,FXCW/FXCWC,2008,2011,,throttle,black_vinyl,0650-0329,06500329,56343-01,"30 3/4""",90°,"5""",,14302,"Black Vinyl Throttle Cable - 30-3/4""",yes
573,fatbook_2026,1466,SOFTAIL,For 08-11 FXCW/FXCWC,FXCW/FXCWC,2008,2011,,idle,braided,0651-0099,06510099,56342-01,"30 3/4""",90°,"4 3/4""",N,2408,"Stainless Braided Idle Cable - 30-3/4""",yes
574,fatbook_2026,1466,SOFTAIL,For 08-11 FXCW/FXCWC,FXCW/FXCWC,2008,2011,,idle,black_vinyl,0651-0136,06510136,56342-01,"30 3/4""",90°,"4 3/4""",N,188,"Black Vinyl Idle Cable - 30-3/4""",yes
575,fatbook_2026,1466,SOFTAIL,For 01-10 FXST/I,FXST/I,2001,2010,,throttle,braided,0650-0292,06500292,56343-01,"30 3/4""",90°,"5""",,2337,"Stainless Braided Throttle Cable - 30-3/4""",yes
576,fatbook_2026,1466,SOFTAIL,For 01-10 FXST/I,FXST/I,2001,2010,,throttle,black_vinyl,0650-0329,06500329,56343-01,"30 3/4""",90°,"5""",,14302,"Black Vinyl Throttle Cable - 30-3/4""",yes
577,fatbook_2026,1466,SOFTAIL,For 01-10 FXST/I,FXST/I,2001,2010,,idle,braided,0651-0099,06510099,56342-01,"30 3/4""",90°,"4 3/4""",N,2408,"Stainless Braided Idle Cable - 30-3/4""",yes
578,fatbook_2026,1466,SOFTAIL,For 01-10 FXST/I,FXST/I,2001,2010,,idle,black_vinyl,0651-0136,06510136,56342-01,"30 3/4""",90°,"4 3/4""",N,188,"Black Vinyl Idle Cable - 30-3/4""",yes
579,fatbook_2026,1466,SOFTAIL,For 00 FXST,FXST,2000,2000,,throttle,braided,0650-0292,06500292,56356-96,"30 3/4""",90°,"5""",,2337,"Stainless Braided Throttle Cable - 30-3/4""",yes
580,fatbook_2026,1466,SOFTAIL,For 00 FXST,FXST,2000,2000,,throttle,black_vinyl,0650-0329,06500329,56356-96,"30 3/4""",90°,"5""",,14302,"Black Vinyl Throttle Cable - 30-3/4""",no
581,fatbook_2026,1466,SOFTAIL,For 00 FXST,FXST,2000,2000,,idle,braided,0651-0099,06510099,56342-96,"30 3/4""",90°,"4 3/4""",N,2408,"Stainless Braided Idle Cable - 30-3/4""",yes
582,fatbook_2026,1466,SOFTAIL,For 00 FXST,FXST,2000,2000,,idle,black_vinyl,0651-0136,06510136,56342-96,"30 3/4""",90°,"4 3/4""",N,188,"Black Vinyl Idle Cable - 30-3/4""",yes
583,fatbook_2026,1466,SOFTAIL,For 07-10 FXSTC,FXSTC,2007,2010,,throttle,braided,0650-0295,06500295,56356-96,"32 1/2""",90°,"5""",,14157,"Stainless Braided Throttle Cable - 32-1/2""",no
584,fatbook_2026,1466,SOFTAIL,For 07-10 FXSTC,FXSTC,2007,2010,,throttle,black_vinyl,0650-0332,06500332,56356-96,"32 1/2""",90°,"5""",,14346,"Black Vinyl Throttle Cable - 32-1/2""",no
585,fatbook_2026,1466,SOFTAIL,For 07-10 FXSTC,FXSTC,2007,2010,,idle,braided,0651-0101,06510101,56355-96,"31 3/4""",90°,"4 3/4""",N,14269,"Stainless Braided Idle Cable - 31-3/4""",yes
586,fatbook_2026,1466,SOFTAIL,For 07-10 FXSTC,FXSTC,2007,2010,,idle,black_vinyl,0651-0138,06510138,56355-96,"31 3/4""",90°,"4 3/4""",N,3069,"Black Vinyl Idle Cable - 31-3/4""",yes
587,fatbook_2026,1466,SOFTAIL,For 00-07 FXSTD/I,FXSTD/I,2000,2007,,throttle,braided,0650-0292,06500292,56343-01,"30 3/4""",90°,"5""",,2337,"Stainless Braided Throttle Cable - 30-3/4""",yes
588,fatbook_2026,1466,SOFTAIL,For 00-07 FXSTD/I,FXSTD/I,2000,2007,,throttle,black_vinyl,0650-0329,06500329,56343-01,"30 3/4""",90°,"5""",,14302,"Black Vinyl Throttle Cable - 30-3/4""",yes
589,fatbook_2026,1466,SOFTAIL,For 00-07 FXSTD/I,FXSTD/I,2000,2007,,idle,braided,0651-0099,06510099,56342-01,"30 3/4""",90°,"4 3/4""",N,2408,"Stainless Braided Idle Cable - 30-3/4""",yes
590,fatbook_2026,1466,SOFTAIL,For 00-07 FXSTD/I,FXSTD/I,2000,2007,,idle,black_vinyl,0651-0136,06510136,56342-01,"30 3/4""",90°,"4 3/4""",N,188,"Black Vinyl Idle Cable - 30-3/4""",yes
591,fatbook_2026,1466,SOFTAIL,For 00-10 FXSTB/I,FXSTB/I,2000,2010,,throttle,braided,0650-0286,06500286,56432-98,"26 1/2""",90°,"5""",,301,"Stainless Braided Throttle Cable - 26-1/2""",yes
592,fatbook_2026,1466,SOFTAIL,For 00-10 FXSTB/I,FXSTB/I,2000,2010,,throttle,black_vinyl,0650-0323,06500323,56432-98,"26 1/2""",90°,"5""",,155,"Black Vinyl Throttle Cable - 26-1/2""",yes
593,fatbook_2026,1466,SOFTAIL,For 00-10 FXSTB/I,FXSTB/I,2000,2010,,idle,braided,0651-0094,06510094,56433-98,"26 1/2""",90°,"4 3/4""",N,14268,"Stainless Braided Idle Cable - 26-1/2""",yes
594,fatbook_2026,1466,SOFTAIL,For 00-10 FXSTB/I,FXSTB/I,2000,2010,,idle,black_vinyl,0651-0131,06510131,56433-98,"26 1/2""",90°,"4 3/4""",N,3179,"Black Vinyl Idle Cable - 26-1/2""",yes
595,fatbook_2026,1466,SOFTAIL,For 04-07 FXSTS/I,FXSTS/I,2004,2007,,throttle,braided,0650-0292,06500292,56343-01,"30 3/4""",90°,"5""",,2337,"Stainless Braided Throttle Cable - 30-3/4""",yes
596,fatbook_2026,1466,SOFTAIL,For 04-07 FXSTS/I,FXSTS/I,2004,2007,,throttle,black_vinyl,0650-0329,06500329,56343-01,"30 3/4""",90°,"5""",,14302,"Black Vinyl Throttle Cable - 30-3/4""",yes
597,fatbook_2026,1466,SOFTAIL,For 04-07 FXSTS/I,FXSTS/I,2004,2007,,idle,braided,0651-0099,06510099,56342-01,"30 3/4""",90°,"4 3/4""",N,2408,"Stainless Braided Idle Cable - 30-3/4""",yes
598,fatbook_2026,1466,SOFTAIL,For 04-07 FXSTS/I,FXSTS/I,2004,2007,,idle,black_vinyl,0651-0136,06510136,56342-01,"30 3/4""",90°,"4 3/4""",N,188,"Black Vinyl Idle Cable - 30-3/4""",yes
599,fatbook_2026,1466,SOFTAIL,For 00-03 FXSTS/I,FXSTS/I,2000,2003,,throttle,braided,0650-0294,06500294,56306-96,"32 1/2""",70°,"5""",,3213,"Stainless Braided Throttle Cable - 32-1/2""",yes
600,fatbook_2026,1466,SOFTAIL,For 00-03 FXSTS/I,FXSTS/I,2000,2003,,throttle,black_vinyl,0650-0331,06500331,56306-96,"32 1/2""",70°,"5""",,3222,"Black Vinyl Throttle Cable - 32-1/2""",yes
601,fatbook_2026,1466,SOFTAIL,For 00-03 FXSTS/I,FXSTS/I,2000,2003,,idle,braided,0651-0102,06510102,56305-96,"32 1/2""",70°,"4 3/4""",N,14134,"Stainless Braided Idle Cable - 32-1/2""",yes
602,fatbook_2026,1466,SOFTAIL,For 00-03 FXSTS/I,FXSTS/I,2000,2003,,idle,black_vinyl,0651-0139,06510139,56305-96,"32 1/2""",70°,"4 3/4""",N,183,"Black Vinyl Idle Cable - 32-1/2""",yes
603,fatbook_2026,1466,SOFTAIL,For 10-15 FLSTFB,FLSTFB,2010,2015,,throttle,braided,0650-0292,06500292,56343-01,"30 3/4""",90°,"5""",,2337,"Stainless Braided Throttle Cable - 30-3/4""",yes
604,fatbook_2026,1466,SOFTAIL,For 10-15 FLSTFB,FLSTFB,2010,2015,,throttle,black_vinyl,0650-0329,06500329,56343-01,"30 3/4""",90°,"5""",,14302,"Black Vinyl Throttle Cable - 30-3/4""",yes
605,fatbook_2026,1466,SOFTAIL,For 10-15 FLSTFB,FLSTFB,2010,2015,,idle,braided,0651-0099,06510099,56342-01,"30 3/4""",90°,"4 3/4""",N,2408,"Stainless Braided Idle Cable - 30-3/4""",yes
606,fatbook_2026,1466,SOFTAIL,For 10-15 FLSTFB,FLSTFB,2010,2015,,idle,black_vinyl,0651-0136,06510136,56342-01,"30 3/4""",90°,"4 3/4""",N,188,"Black Vinyl Idle Cable - 30-3/4""",yes
607,fatbook_2026,1466,SOFTAIL,For 01-15 FLSTC/I,FLSTC/I,2001,2015,,throttle,braided,0650-0292,06500292,56343-01,"30 3/4""",90°,"5""",,2337,"Stainless Braided Throttle Cable - 30-3/4""",yes
608,fatbook_2026,1466,SOFTAIL,For 01-15 FLSTC/I,FLSTC/I,2001,2015,,throttle,black_vinyl,0650-0329,06500329,56343-01,"30 3/4""",90°,"5""",,14302,"Black Vinyl Throttle Cable - 30-3/4""",yes
609,fatbook_2026,1466,SOFTAIL,For 01-15 FLSTC/I,FLSTC/I,2001,2015,,idle,braided,0651-0099,06510099,56342-01,"30 3/4""",90°,"4 3/4""",N,2408,"Stainless Braided Idle Cable - 30-3/4""",yes
610,fatbook_2026,1466,SOFTAIL,For 01-15 FLSTC/I,FLSTC/I,2001,2015,,idle,black_vinyl,0651-0136,06510136,56342-01,"30 3/4""",90°,"4 3/4""",N,188,"Black Vinyl Idle Cable - 30-3/4""",yes
611,fatbook_2026,1466,SOFTAIL,For 12-15 FLS,FLS,2012,2015,,throttle,braided,0650-0292,06500292,56343-01,"30 3/4""",90°,"5""",,2337,"Stainless Braided Throttle Cable - 30-3/4""",yes
612,fatbook_2026,1466,SOFTAIL,For 12-15 FLS,FLS,2012,2015,,throttle,black_vinyl,0650-0329,06500329,56343-01,"30 3/4""",90°,"5""",,14302,"Black Vinyl Throttle Cable - 30-3/4""",yes
613,fatbook_2026,1466,SOFTAIL,For 12-15 FLS,FLS,2012,2015,,idle,braided,0651-0099,06510099,56342-01,"30 3/4""",90°,"4 3/4""",N,2408,"Stainless Braided Idle Cable - 30-3/4""",yes
614,fatbook_2026,1466,SOFTAIL,For 12-15 FLS,FLS,2012,2015,,idle,black_vinyl,0651-0136,06510136,56342-01,"30 3/4""",90°,"4 3/4""",N,188,"Black Vinyl Idle Cable - 30-3/4""",yes
615,fatbook_2026,1466,SOFTAIL,For 00 FLSTC,FLSTC,2000,2000,,throttle,braided,0650-0292,06500292,56356-96,"30 3/4""",90°,"5""",,2337,"Stainless Braided Throttle Cable - 30-3/4""",yes
616,fatbook_2026,1466,SOFTAIL,For 00 FLSTC,FLSTC,2000,2000,,throttle,black_vinyl,0650-0329,06500329,56356-96,"30 3/4""",90°,"5""",,14302,"Black Vinyl Throttle Cable - 30-3/4""",no
617,fatbook_2026,1466,SOFTAIL,For 00 FLSTC,FLSTC,2000,2000,,idle,braided,0651-0099,06510099,56342-96,"30 3/4""",90°,"4 3/4""",N,2408,"Stainless Braided Idle Cable - 30-3/4""",yes
618,fatbook_2026,1466,SOFTAIL,For 00 FLSTC,FLSTC,2000,2000,,idle,black_vinyl,0651-0136,06510136,56342-96,"30 3/4""",90°,"4 3/4""",N,188,"Black Vinyl Idle Cable - 30-3/4""",yes
619,fatbook_2026,1466,SOFTAIL,For 08-11 FLSTSB,FLSTSB,2008,2011,,throttle,braided,0650-0296,06500296,56939-07A,"34 3/4""",90°,"5""",,14158,"Stainless Braided Throttle Cable - 34-3/4""",yes
620,fatbook_2026,1466,SOFTAIL,For 08-11 FLSTSB,FLSTSB,2008,2011,,throttle,black_vinyl,0650-0333,06500333,56939-07A,"34 3/4""",90°,"5""",,3217,"Black Vinyl Throttle Cable - 34-3/4""",yes
621,fatbook_2026,1466,SOFTAIL,For 08-11 FLSTSB,FLSTSB,2008,2011,,idle,braided,0651-0104,06510104,56934-07A,"34 3/4""",90°,"4 3/4""",N,8266,"Stainless Braided Idle Cable - 34-3/4""",yes
622,fatbook_2026,1466,SOFTAIL,For 08-11 FLSTSB,FLSTSB,2008,2011,,idle,black_vinyl,0651-0141,06510141,56934-07A,"34 3/4""",90°,"4 3/4""",N,14249,"Black Vinyl Idle Cable - 34-3/4""",yes
623,fatbook_2026,1466,SOFTAIL,For 01-15 FLSTF/I,FLSTF/I,2001,2015,,throttle,braided,0650-0292,06500292,56343-01,"30 3/4""",90°,"5""",,2337,"Stainless Braided Throttle Cable - 30-3/4""",yes
624,fatbook_2026,1466,SOFTAIL,For 01-15 FLSTF/I,FLSTF/I,2001,2015,,throttle,black_vinyl,0650-0329,06500329,56343-01,"30 3/4""",90°,"5""",,14302,"Black Vinyl Throttle Cable - 30-3/4""",yes
625,fatbook_2026,1466,SOFTAIL,For 01-15 FLSTF/I,FLSTF/I,2001,2015,,idle,braided,0651-0099,06510099,56342-01,"30 3/4""",90°,"4 3/4""",N,2408,"Stainless Braided Idle Cable - 30-3/4""",yes
626,fatbook_2026,1466,SOFTAIL,For 01-15 FLSTF/I,FLSTF/I,2001,2015,,idle,black_vinyl,0651-0136,06510136,56342-01,"30 3/4""",90°,"4 3/4""",N,188,"Black Vinyl Idle Cable - 30-3/4""",yes
627,fatbook_2026,1466,SOFTAIL,For 00 FLSTF,FLSTF,2000,2000,,throttle,braided,0650-0292,06500292,56356-96,"30 3/4""",90°,"5""",,2337,"Stainless Braided Throttle Cable - 30-3/4""",yes
628,fatbook_2026,1466,SOFTAIL,For 00 FLSTF,FLSTF,2000,2000,,throttle,black_vinyl,0650-0329,06500329,56356-96,"30 3/4""",90°,"5""",,14302,"Black Vinyl Throttle Cable - 30-3/4""",no
629,fatbook_2026,1466,SOFTAIL,For 00 FLSTF,FLSTF,2000,2000,,idle,braided,0651-0099,06510099,56342-90,"30 3/4""",90°,"4 3/4""",N,2408,"Stainless Braided Idle Cable - 30-3/4""",yes
630,fatbook_2026,1466,SOFTAIL,For 00 FLSTF,FLSTF,2000,2000,,idle,black_vinyl,0651-0136,06510136,56342-90,"30 3/4""",90°,"4 3/4""",N,188,"Black Vinyl Idle Cable - 30-3/4""",yes
631,fatbook_2026,1466,SOFTAIL,For 05-15 FLSTN/I,FLSTN/I,2005,2015,,throttle,braided,0650-0292,06500292,56343-01,"30 3/4""",90°,"5""",,2337,"Stainless Braided Throttle Cable - 30-3/4""",yes
632,fatbook_2026,1466,SOFTAIL,For 05-15 FLSTN/I,FLSTN/I,2005,2015,,throttle,black_vinyl,0650-0329,06500329,56343-01,"30 3/4""",90°,"5""",,14302,"Black Vinyl Throttle Cable - 30-3/4""",yes
633,fatbook_2026,1466,SOFTAIL,For 05-15 FLSTN/I,FLSTN/I,2005,2015,,idle,braided,0651-0099,06510099,56342-01,"30 3/4""",90°,"4 3/4""",N,2408,"Stainless Braided Idle Cable - 30-3/4""",yes
634,fatbook_2026,1466,SOFTAIL,For 05-15 FLSTN/I,FLSTN/I,2005,2015,,idle,black_vinyl,0651-0136,06510136,56342-01,"30 3/4""",90°,"4 3/4""",N,188,"Black Vinyl Idle Cable - 30-3/4""",yes
635,fatbook_2026,1466,SOFTAIL,For 01-03 FLSTS/I,FLSTS/I,2001,2003,,throttle,braided,0650-0292,06500292,56343-01,"30 3/4""",90°,"5""",,2337,"Stainless Braided Throttle Cable - 30-3/4""",yes
636,fatbook_2026,1466,SOFTAIL,For 01-03 FLSTS/I,FLSTS/I,2001,2003,,throttle,black_vinyl,0650-0329,06500329,56343-01,"30 3/4""",90°,"5""",,14302,"Black Vinyl Throttle Cable - 30-3/4""",yes
637,fatbook_2026,1466,SOFTAIL,For 01-03 FLSTS/I,FLSTS/I,2001,2003,,idle,braided,0651-0099,06510099,56342-01,"30 3/4""",90°,"4 3/4""",N,2408,"Stainless Braided Idle Cable - 30-3/4""",yes
638,fatbook_2026,1466,SOFTAIL,For 01-03 FLSTS/I,FLSTS/I,2001,2003,,idle,black_vinyl,0651-0136,06510136,56342-01,"30 3/4""",90°,"4 3/4""",N,188,"Black Vinyl Idle Cable - 30-3/4""",yes
639,fatbook_2026,1466,SOFTAIL,For 00 FLSTS,FLSTS,2000,2000,,throttle,braided,0650-0292,06500292,56356-96,"30 3/4""",90°,"5""",,2337,"Stainless Braided Throttle Cable - 30-3/4""",yes
640,fatbook_2026,1466,SOFTAIL,For 00 FLSTS,FLSTS,2000,2000,,throttle,black_vinyl,0650-0329,06500329,56356-96,"30 3/4""",90°,"5""",,14302,"Black Vinyl Throttle Cable - 30-3/4""",no
641,fatbook_2026,1466,SOFTAIL,For 00 FLSTS,FLSTS,2000,2000,,idle,braided,0651-0099,06510099,56342-96,"30 3/4""",90°,"4 3/4""",N,2408,"Stainless Braided Idle Cable - 30-3/4""",yes
642,fatbook_2026,1466,SOFTAIL,For 00 FLSTS,FLSTS,2000,2000,,idle,black_vinyl,0651-0136,06510136,56342-96,"30 3/4""",90°,"4 3/4""",N,188,"Black Vinyl Idle Cable - 30-3/4""",yes
643,fatbook_2026,1466,DYNA,For 12-16 FLD,FLD,2012,2016,,throttle,braided,0650-0292,06500292,56421-06,"30 3/4""",90°,"5""",,2337,"Stainless Braided Throttle Cable - 30-3/4""",yes
644,fatbook_2026,1466,DYNA,For 12-16 FLD,FLD,2012,2016,,throttle,black_vinyl,0650-0329,06500329,56421-06,"30 3/4""",90°,"5""",,14302,"Black Vinyl Throttle Cable - 30-3/4""",yes
645,fatbook_2026,1466,DYNA,For 12-16 FLD,FLD,2012,2016,,idle,braided,0651-0099,06510099,56415-06,"30 3/4""",90°,"4 3/4""",N,2408,"Stainless Braided Idle Cable - 30-3/4""",yes
646,fatbook_2026,1466,DYNA,For 12-16 FLD,FLD,2012,2016,,idle,black_vinyl,0651-0136,06510136,56415-06,"30 3/4""",90°,"4 3/4""",N,188,"Black Vinyl Idle Cable - 30-3/4""",yes
647,fatbook_2026,1466,DYNA,For 06-10 FXD/I,FXD/I,2006,2010,,throttle,braided,0650-0288,06500288,56633-06,"28 1/2""",90°,"5""",,1432,"Stainless Braided Throttle Cable - 28-1/2""",yes
648,fatbook_2026,1466,DYNA,For 06-10 FXD/I,FXD/I,2006,2010,,throttle,black_vinyl,0650-0325,06500325,56633-06,"28 1/2""",90°,"5""",,164,"Black Vinyl Throttle Cable - 28-1/2""",yes
649,fatbook_2026,1466,DYNA,For 06-10 FXD/I,FXD/I,2006,2010,,idle,braided,0651-0096,06510096,56634-06,"28 1/2""",90°,"4 3/4""",N,14133,"Stainless Braided Idle Cable - 28-1/2""",yes
650,fatbook_2026,1466,DYNA,For 06-10 FXD/I,FXD/I,2006,2010,,idle,black_vinyl,0651-0133,06510133,56634-06,"28 1/2""",90°,"4 3/4""",N,3256,"Black Vinyl Idle Cable - 28-1/2""",yes
651,fatbook_2026,1466,DYNA,For 99-05 FXD,FXD,1999,2005,,throttle,braided,0650-0295,06500295,56356-96,"32 1/2""",90°,"5""",,14157,"Stainless Braided Throttle Cable - 32-1/2""",no
652,fatbook_2026,1466,DYNA,For 99-05 FXD,FXD,1999,2005,,throttle,black_vinyl,0650-0332,06500332,56356-96,"32 1/2""",90°,"5""",,14346,"Black Vinyl Throttle Cable - 32-1/2""",no
653,fatbook_2026,1466,DYNA,For 99-05 FXD,FXD,1999,2005,,idle,braided,0651-0101,06510101,56355-96,"31 3/4""",90°,"4 3/4""",N,14269,"Stainless Braided Idle Cable - 31-3/4""",yes
654,fatbook_2026,1466,DYNA,For 99-05 FXD,FXD,1999,2005,,idle,black_vinyl,0651-0138,06510138,56355-96,"31 3/4""",90°,"4 3/4""",N,3069,"Black Vinyl Idle Cable - 31-3/4""",yes
655,fatbook_2026,1466,DYNA,For 02-05 FXD/I,FXD/I,2002,2005,,throttle,braided,0650-0295,06500295,56356-96,"32 1/2""",90°,"5""",,14157,"Stainless Braided Throttle Cable - 32-1/2""",no
656,fatbook_2026,1466,DYNA,For 02-05 FXD/I,FXD/I,2002,2005,,throttle,black_vinyl,0650-0332,06500332,56356-96,"32 1/2""",90°,"5""",,14346,"Black Vinyl Throttle Cable - 32-1/2""",no
657,fatbook_2026,1466,DYNA,For 02-05 FXD/I,FXD/I,2002,2005,,idle,braided,0651-0101,06510101,56355-96,"31 3/4""",90°,"4 3/4""",N,14269,"Stainless Braided Idle Cable - 31-3/4""",yes
658,fatbook_2026,1466,DYNA,For 02-05 FXD/I,FXD/I,2002,2005,,idle,black_vinyl,0651-0138,06510138,56355-96,"31 3/4""",90°,"4 3/4""",N,3069,"Black Vinyl Idle Cable - 31-3/4""",yes
659,fatbook_2026,1466,DYNA,For 99-05 FXDX,FXDX,1999,2005,,throttle,braided,0650-0295,06500295,56356-96,"32 1/2""",90°,"5""",,14157,"Stainless Braided Throttle Cable - 32-1/2""",no
660,fatbook_2026,1466,DYNA,For 99-05 FXDX,FXDX,1999,2005,,throttle,black_vinyl,0650-0332,06500332,56356-96,"32 1/2""",90°,"5""",,14346,"Black Vinyl Throttle Cable - 32-1/2""",no
661,fatbook_2026,1466,DYNA,For 99-05 FXDX,FXDX,1999,2005,,idle,braided,0651-0101,06510101,56355-96,"31 3/4""",90°,"4 3/4""",N,14269,"Stainless Braided Idle Cable - 31-3/4""",yes
662,fatbook_2026,1466,DYNA,For 99-05 FXDX,FXDX,1999,2005,,idle,black_vinyl,0651-0138,06510138,56355-96,"31 3/4""",90°,"4 3/4""",N,3069,"Black Vinyl Idle Cable - 31-3/4""",yes
663,fatbook_2026,1466,DYNA,For 02-05 FXDX/I,FXDX/I,2002,2005,,throttle,braided,0650-0295,06500295,56356-96,"32 1/2""",90°,"5""",,14157,"Stainless Braided Throttle Cable - 32-1/2""",no
664,fatbook_2026,1466,DYNA,For 02-05 FXDX/I,FXDX/I,2002,2005,,throttle,black_vinyl,0650-0332,06500332,56356-96,"32 1/2""",90°,"5""",,14346,"Black Vinyl Throttle Cable - 32-1/2""",no
665,fatbook_2026,1466,DYNA,For 02-05 FXDX/I,FXDX/I,2002,2005,,idle,braided,0651-0101,06510101,56355-96,"31 3/4""",90°,"4 3/4""",N,14269,"Stainless Braided Idle Cable - 31-3/4""",yes
666,fatbook_2026,1466,DYNA,For 02-05 FXDX/I,FXDX/I,2002,2005,,idle,black_vinyl,0651-0138,06510138,56355-96,"31 3/4""",90°,"4 3/4""",N,3069,"Black Vinyl Idle Cable - 31-3/4""",yes
667,fatbook_2026,1466,DYNA,For 01-03 FXDXT,FXDXT,2001,2003,,throttle,braided,0650-0295,06500295,56356-96,"32 1/2""",90°,"5""",,14157,"Stainless Braided Throttle Cable - 32-1/2""",no
668,fatbook_2026,1466,DYNA,For 01-03 FXDXT,FXDXT,2001,2003,,throttle,black_vinyl,0650-0332,06500332,56356-96,"32 1/2""",90°,"5""",,14346,"Black Vinyl Throttle Cable - 32-1/2""",no
669,fatbook_2026,1466,DYNA,For 01-03 FXDXT,FXDXT,2001,2003,,idle,braided,0651-0101,06510101,56355-96,"31 3/4""",90°,"4 3/4""",N,14269,"Stainless Braided Idle Cable - 31-3/4""",yes
670,fatbook_2026,1466,DYNA,For 01-03 FXDXT,FXDXT,2001,2003,,idle,black_vinyl,0651-0138,06510138,56355-96,"31 3/4""",90°,"4 3/4""",N,3069,"Black Vinyl Idle Cable - 31-3/4""",yes
671,fatbook_2026,1466,DYNA,For 10-17 FXDWG,FXDWG,2010,2017,,throttle,braided,0650-0292,06500292,56421-06,"30 3/4""",90°,"5""",,2337,"Stainless Braided Throttle Cable - 30-3/4""",yes
672,fatbook_2026,1466,DYNA,For 10-17 FXDWG,FXDWG,2010,2017,,throttle,black_vinyl,0650-0329,06500329,56421-06,"30 3/4""",90°,"5""",,14302,"Black Vinyl Throttle Cable - 30-3/4""",yes
673,fatbook_2026,1466,DYNA,For 10-17 FXDWG,FXDWG,2010,2017,,idle,braided,0651-0099,06510099,56415-06,"30 3/4""",90°,"4 3/4""",N,2408,"Stainless Braided Idle Cable - 30-3/4""",yes
674,fatbook_2026,1466,DYNA,For 10-17 FXDWG,FXDWG,2010,2017,,idle,black_vinyl,0651-0136,06510136,56415-06,"30 3/4""",90°,"4 3/4""",N,188,"Black Vinyl Idle Cable - 30-3/4""",yes
675,fatbook_2026,1466,DYNA,For 99-08 FXDWG/I,FXDWG/I,1999,2008,,throttle,braided,0650-0295,06500295,56356-96,"32 1/2""",90°,"5""",,14157,"Stainless Braided Throttle Cable - 32-1/2""",no
676,fatbook_2026,1466,DYNA,For 99-08 FXDWG/I,FXDWG/I,1999,2008,,throttle,black_vinyl,0650-0332,06500332,56356-96,"32 1/2""",90°,"5""",,14346,"Black Vinyl Throttle Cable - 32-1/2""",no
677,fatbook_2026,1466,DYNA,For 99-08 FXDWG/I,FXDWG/I,1999,2008,,idle,braided,0651-0101,06510101,56355-96,"31 3/4""",90°,"4 3/4""",N,14269,"Stainless Braided Idle Cable - 31-3/4""",yes
678,fatbook_2026,1466,DYNA,For 99-08 FXDWG/I,FXDWG/I,1999,2008,,idle,black_vinyl,0651-0138,06510138,56355-96,"31 3/4""",90°,"4 3/4""",N,3069,"Black Vinyl Idle Cable - 31-3/4""",yes
679,fatbook_2026,1466,DYNA,For 01-02 FXDWG 2/3,FXDWG 2/3,2001,2002,,throttle,braided,0650-0292,06500292,56343-01,"30 3/4""",90°,"5""",,2337,"Stainless Braided Throttle Cable - 30-3/4""",yes
680,fatbook_2026,1466,DYNA,For 01-02 FXDWG 2/3,FXDWG 2/3,2001,2002,,throttle,black_vinyl,0650-0329,06500329,56343-01,"30 3/4""",90°,"5""",,14302,"Black Vinyl Throttle Cable - 30-3/4""",yes
681,fatbook_2026,1466,DYNA,For 01-02 FXDWG 2/3,FXDWG 2/3,2001,2002,,idle,braided,0651-0099,06510099,56408-01,"30 3/4""",90°,"4 3/4""",N,2408,"Stainless Braided Idle Cable - 30-3/4""",yes
682,fatbook_2026,1466,DYNA,For 01-02 FXDWG 2/3,FXDWG 2/3,2001,2002,,idle,black_vinyl,0651-0136,06510136,56408-01,"30 3/4""",90°,"4 3/4""",N,188,"Black Vinyl Idle Cable - 30-3/4""",yes
683,fatbook_2026,1466,DYNA,For 15-17 FXDL,FXDL,2015,2017,,throttle,braided,0650-0292,06500292,56343-01,"30 3/4""",90°,"5""",,2337,"Stainless Braided Throttle Cable - 30-3/4""",yes
684,fatbook_2026,1466,DYNA,For 15-17 FXDL,FXDL,2015,2017,,throttle,black_vinyl,0650-0329,06500329,56343-01,"30 3/4""",90°,"5""",,14302,"Black Vinyl Throttle Cable - 30-3/4""",yes
685,fatbook_2026,1466,DYNA,For 15-17 FXDL,FXDL,2015,2017,,idle,braided,0651-0099,06510099,56415-06,"30 3/4""",90°,"4 3/4""",N,2408,"Stainless Braided Idle Cable - 30-3/4""",yes
686,fatbook_2026,1466,DYNA,For 15-17 FXDL,FXDL,2015,2017,,idle,black_vinyl,0651-0136,06510136,56415-06,"30 3/4""",90°,"4 3/4""",N,188,"Black Vinyl Idle Cable - 30-3/4""",yes
687,fatbook_2026,1466,DYNA,For 06-12 FXDL/I,FXDL/I,2006,2012,,throttle,braided,0650-0292,06500292,56343-01,"30 3/4""",90°,"5""",,2337,"Stainless Braided Throttle Cable - 30-3/4""",yes
688,fatbook_2026,1466,DYNA,For 06-12 FXDL/I,FXDL/I,2006,2012,,throttle,black_vinyl,0650-0329,06500329,56343-01,"30 3/4""",90°,"5""",,14302,"Black Vinyl Throttle Cable - 30-3/4""",yes
689,fatbook_2026,1466,DYNA,For 06-12 FXDL/I,FXDL/I,2006,2012,,idle,braided,0651-0099,06510099,56415-06,"30 3/4""",90°,"4 3/4""",N,2408,"Stainless Braided Idle Cable - 30-3/4""",yes
690,fatbook_2026,1466,DYNA,For 06-12 FXDL/I,FXDL/I,2006,2012,,idle,black_vinyl,0651-0136,06510136,56415-06,"30 3/4""",90°,"4 3/4""",N,188,"Black Vinyl Idle Cable - 30-3/4""",yes
691,fatbook_2026,1466,DYNA,For 99-05 FXDL,FXDL,1999,2005,,throttle,braided,0650-0295,06500295,56356-96,"32 1/2""",90°,"5""",,14157,"Stainless Braided Throttle Cable - 32-1/2""",no
692,fatbook_2026,1466,DYNA,For 99-05 FXDL,FXDL,1999,2005,,throttle,black_vinyl,0650-0332,06500332,56356-96,"32 1/2""",90°,"5""",,14346,"Black Vinyl Throttle Cable - 32-1/2""",no
693,fatbook_2026,1466,DYNA,For 99-05 FXDL,FXDL,1999,2005,,idle,braided,0651-0101,06510101,56355-96,"31 3/4""",90°,"4 3/4""",N,14269,"Stainless Braided Idle Cable - 31-3/4""",yes
694,fatbook_2026,1466,DYNA,For 99-05 FXDL,FXDL,1999,2005,,idle,black_vinyl,0651-0138,06510138,56355-96,"31 3/4""",90°,"4 3/4""",N,3069,"Black Vinyl Idle Cable - 31-3/4""",yes
695,fatbook_2026,1466,DYNA,For 99-00 FXDS-CONV.,FXDS-CONV.,1999,2000,,throttle,braided,0650-0295,06500295,56356-96,"32 1/2""",90°,"5""",,14157,"Stainless Braided Throttle Cable - 32-1/2""",no
696,fatbook_2026,1466,DYNA,For 99-00 FXDS-CONV.,FXDS-CONV.,1999,2000,,throttle,black_vinyl,0650-0332,06500332,56356-96,"32 1/2""",90°,"5""",,14346,"Black Vinyl Throttle Cable - 32-1/2""",no
697,fatbook_2026,1466,DYNA,For 99-00 FXDS-CONV.,FXDS-CONV.,1999,2000,,idle,braided,0651-0101,06510101,56355-96,"31 3/4""",90°,"4 3/4""",N,14269,"Stainless Braided Idle Cable - 31-3/4""",yes
698,fatbook_2026,1466,DYNA,For 99-00 FXDS-CONV.,FXDS-CONV.,1999,2000,,idle,black_vinyl,0651-0138,06510138,56355-96,"31 3/4""",90°,"4 3/4""",N,3069,"Black Vinyl Idle Cable - 31-3/4""",yes
699,fatbook_2026,1466,DYNA,For 06-17 FXDB w/ base mini apes,FXDB w/ base mini apes,2006,2017,,throttle,braided,0650-0295,06500295,56356-96A,"32 1/2""",90°,"5""",,14157,"Stainless Braided Throttle Cable - 32-1/2""",yes
700,fatbook_2026,1466,DYNA,For 06-17 FXDB w/ base mini apes,FXDB w/ base mini apes,2006,2017,,throttle,black_vinyl,0650-0332,06500332,56356-96A,"32 1/2""",90°,"5""",,14346,"Black Vinyl Throttle Cable - 32-1/2""",yes
701,fatbook_2026,1466,DYNA,For 06-17 FXDB w/ base mini apes,FXDB w/ base mini apes,2006,2017,,idle,braided,0651-0101,06510101,56355-96A,"31 3/4""",90°,"4 3/4""",N,14269,"Stainless Braided Idle Cable - 31-3/4""",yes
702,fatbook_2026,1466,DYNA,For 06-17 FXDB w/ base mini apes,FXDB w/ base mini apes,2006,2017,,idle,black_vinyl,0651-0138,06510138,56355-96A,"31 3/4""",90°,"4 3/4""",N,3069,"Black Vinyl Idle Cable - 31-3/4""",yes
703,fatbook_2026,1466,DYNA,For 06-14 FXDC/I,FXDC/I,2006,2014,,throttle,braided,0650-0288,06500288,56633-06,"28 1/2""",90°,"5""",,1432,"Stainless Braided Throttle Cable - 28-1/2""",yes
704,fatbook_2026,1466,DYNA,For 06-14 FXDC/I,FXDC/I,2006,2014,,throttle,black_vinyl,0650-0325,06500325,56633-06,"28 1/2""",90°,"5""",,164,"Black Vinyl Throttle Cable - 28-1/2""",yes
705,fatbook_2026,1466,DYNA,For 06-14 FXDC/I,FXDC/I,2006,2014,,idle,braided,0651-0096,06510096,56415-06,"28 3/4""",90°,"4 3/4""",N,14133,"Stainless Braided Idle Cable - 28-1/2""",yes
706,fatbook_2026,1466,DYNA,For 06-14 FXDC/I,FXDC/I,2006,2014,,idle,black_vinyl,0651-0133,06510133,56415-06,"28 3/4""",90°,"4 3/4""",N,3256,"Black Vinyl Idle Cable - 28-1/2""",yes
707,fatbook_2026,1466,DYNA,For 08-17 FXDF,FXDF,2008,2017,,throttle,braided,0650-0288,06500288,56633-06,"28 1/2""",90°,"5""",,1432,"Stainless Braided Throttle Cable - 28-1/2""",yes
708,fatbook_2026,1466,DYNA,For 08-17 FXDF,FXDF,2008,2017,,throttle,black_vinyl,0650-0325,06500325,56633-06,"28 1/2""",90°,"5""",,164,"Black Vinyl Throttle Cable - 28-1/2""",yes
709,fatbook_2026,1466,DYNA,For 08-17 FXDF,FXDF,2008,2017,,idle,braided,0651-0096,06510096,56415-06,"28 3/4""",90°,"4 3/4""",N,14133,"Stainless Braided Idle Cable - 28-1/2""",yes
710,fatbook_2026,1466,DYNA,For 08-17 FXDF,FXDF,2008,2017,,idle,black_vinyl,0651-0133,06510133,56415-06,"28 3/4""",90°,"4 3/4""",N,3256,"Black Vinyl Idle Cable - 28-1/2""",yes
711,fatbook_2026,1466,DYNA,For 06 FXD35,FXD35,2006,2006,,throttle,braided,0650-0292,06500292,56343-01,"30 3/4""",90°,"5""",,2337,"Stainless Braided Throttle Cable - 30-3/4""",yes
712,fatbook_2026,1466,DYNA,For 06 FXD35,FXD35,2006,2006,,throttle,black_vinyl,0650-0329,06500329,56343-01,"30 3/4""",90°,"5""",,14302,"Black Vinyl Throttle Cable - 30-3/4""",yes
713,fatbook_2026,1466,DYNA,For 06 FXD35,FXD35,2006,2006,,idle,braided,0651-0099,06510099,56415-06,"30 3/4""",90°,"4 3/4""",N,2408,"Stainless Braided Idle Cable - 30-3/4""",yes
714,fatbook_2026,1466,DYNA,For 06 FXD35,FXD35,2006,2006,,idle,black_vinyl,0651-0136,06510136,56415-06,"30 3/4""",90°,"4 3/4""",N,188,"Black Vinyl Idle Cable - 30-3/4""",yes
715,fatbook_2026,1467,V-ROD,"For 04-05 VRSCB, 06-08 VRSCD/R/X/XA","VRSCB, 06-08 VRSCD/R/X/XA",2004,2005,,throttle,black_vinyl,0650-0324,06500324,56593-04,"27 1/2""",70°,"3 11/16""",,3093,"Black Vinyl Throttle Cable - 27-1/2""",no
716,fatbook_2026,1467,V-ROD,"For 04-05 VRSCB, 06-08 VRSCD/R/X/XA","VRSCB, 06-08 VRSCD/R/X/XA",2004,2005,,idle,black_vinyl,0651-0130,06510130,56594-04,"26 1/2""",70°,"4 5/8""",,3068,"Black Vinyl Idle Cable - 26-1/2""",yes
717,fatbook_2026,1467,V-ROD,For 02-17 VRSCA/F,VRSCA/F,2002,2017,,throttle,braided,0650-0290,06500290,56365-01,"29 1/2""",70°,"3 11/16""",,14297,"Stainless Braided Throttle Cable - 29-1/2""",yes
718,fatbook_2026,1467,V-ROD,For 02-17 VRSCA/F,VRSCA/F,2002,2017,,throttle,black_vinyl,0650-0327,06500327,56365-01,"29 1/2""",70°,"3 11/16""",,30206,"Black Vinyl Throttle Cable - 29-1/2""",yes
719,fatbook_2026,1467,V-ROD,For 02-17 VRSCA/F,VRSCA/F,2002,2017,,idle,braided,0651-0095,06510095,56367-01,"28 1/2""",70°,"4 5/8""",,3193,"Stainless Braided Idle Cable - 28-1/2""",yes
720,fatbook_2026,1467,V-ROD,For 02-17 VRSCA/F,VRSCA/F,2002,2017,,idle,black_vinyl,0651-0132,06510132,56367-01,"28 1/2""",70°,"4 5/8""",,8223,"Black Vinyl Idle Cable - 28-1/2""",yes
721,fatbook_2026,1467,XL,For 07 XL50,XL50,2007,2007,,throttle,braided,0650-0603,06500603,56884-07,"30""",45°,"4 7/8""",,4138,"Stainless Braided Throttle Cable - 30""",no
722,fatbook_2026,1467,XL,For 07 XL50,XL50,2007,2007,,throttle,black_vinyl,0650-0602,06500602,56884-07,"30""",45°,"4 7/8""",,3292,"Black Vinyl Throttle Cable - 30""",no
723,fatbook_2026,1467,XL,For 07 XL50,XL50,2007,2007,,idle,braided,0651-0371,06510371,56885-07,"30""",45°,"4 3/4""",N,3088,"Stainless Braided Idle Cable - 30""",no
724,fatbook_2026,1467,XL,For 07 XL50,XL50,2007,2007,,idle,black_vinyl,0651-0370,06510370,56885-07,"30""",45°,"4 3/4""",N,3087,"Black Vinyl Idle Cable - 30""",no
725,fatbook_2026,1467,XL,For 09-22 XL883N,XL883N,2009,2022,,throttle,braided,0650-0603,06500603,56884-07,"30""",45°,"4 7/8""",,4138,"Stainless Braided Throttle Cable - 30""",no
726,fatbook_2026,1467,XL,For 09-22 XL883N,XL883N,2009,2022,,throttle,black_vinyl,0650-0602,06500602,56884-07,"30""",45°,"4 7/8""",,3292,"Black Vinyl Throttle Cable - 30""",no
727,fatbook_2026,1467,XL,For 09-22 XL883N,XL883N,2009,2022,,idle,braided,0651-0371,06510371,56885-07,"30""",45°,"4 3/4""",N,3088,"Stainless Braided Idle Cable - 30""",no
728,fatbook_2026,1467,XL,For 09-22 XL883N,XL883N,2009,2022,,idle,black_vinyl,0651-0370,06510370,56885-07,"30""",45°,"4 3/4""",N,3087,"Black Vinyl Idle Cable - 30""",no
729,fatbook_2026,1467,XL,For 04-06 XL,XL,2004,2006,,throttle,braided,0650-0289,06500289,56400-96,"28 3/4""",45°,"5 1/8""",,1617,"Stainless Braided Throttle Cable - 28-3/4""",yes
730,fatbook_2026,1467,XL,For 04-06 XL,XL,2004,2006,,throttle,black_vinyl,0650-0326,06500326,56400-96,"28 3/4""",45°,"5 1/8""",,8100,"Black Vinyl Throttle Cable - 28-3/4""",yes
731,fatbook_2026,1467,XL,For 04-06 XL,XL,2004,2006,,idle,braided,0651-0097,06510097,56401-96,"28 3/4""",45°,"5 1/4""",N,8264,"Stainless Braided Idle Cable - 28-3/4""",yes
732,fatbook_2026,1467,XL,For 04-06 XL,XL,2004,2006,,idle,black_vinyl,0651-0134,06510134,56401-96,"28 3/4""",45°,"5 1/4""",N,8028,"Black Vinyl Idle Cable - 28-3/4""",yes
733,fatbook_2026,1467,XL,For 07-20 XL883L,XL883L,2007,2020,,throttle,braided,0650-0603,06500603,56884-07,"30""",45°,"4 7/8""",,4138,"Stainless Braided Throttle Cable - 30""",no
734,fatbook_2026,1467,XL,For 07-20 XL883L,XL883L,2007,2020,,throttle,black_vinyl,0650-0602,06500602,56884-07,"30""",45°,"4 7/8""",,3292,"Black Vinyl Throttle Cable - 30""",no
735,fatbook_2026,1467,XL,For 07-20 XL883L,XL883L,2007,2020,,idle,braided,0651-0371,06510371,56885-07,"30""",45°,"4 3/4""",N,3088,"Stainless Braided Idle Cable - 30""",no
736,fatbook_2026,1467,XL,For 07-20 XL883L,XL883L,2007,2020,,idle,black_vinyl,0651-0370,06510370,56885-07,"30""",45°,"4 3/4""",N,3087,"Black Vinyl Idle Cable - 30""",no
737,fatbook_2026,1467,XL,For 05-06 XL883L,XL883L,2005,2006,,throttle,braided,0650-0289,06500289,56400-96,"28 3/4""",45°,"5 1/8""",,1617,"Stainless Braided Throttle Cable - 28-3/4""",yes
738,fatbook_2026,1467,XL,For 05-06 XL883L,XL883L,2005,2006,,throttle,black_vinyl,0650-0326,06500326,56400-96,"28 3/4""",45°,"5 1/8""",,8100,"Black Vinyl Throttle Cable - 28-3/4""",yes
739,fatbook_2026,1467,XL,For 05-06 XL883L,XL883L,2005,2006,,idle,braided,0651-0097,06510097,56401-96,"28 3/4""",45°,"5 1/4""",N,8264,"Stainless Braided Idle Cable - 28-3/4""",yes
740,fatbook_2026,1467,XL,For 05-06 XL883L,XL883L,2005,2006,,idle,black_vinyl,0651-0134,06510134,56401-96,"28 3/4""",45°,"5 1/4""",N,8028,"Black Vinyl Idle Cable - 28-3/4""",yes
741,fatbook_2026,1467,XL,For 96-03 XLH883 Std.,XLH883 Std.,1996,2003,,throttle,braided,0650-0289,06500289,56400-96,"28 3/4""",45°,"5 1/8""",,1617,"Stainless Braided Throttle Cable - 28-3/4""",yes
742,fatbook_2026,1467,XL,For 96-03 XLH883 Std.,XLH883 Std.,1996,2003,,throttle,black_vinyl,0650-0326,06500326,56400-96,"28 3/4""",45°,"5 1/8""",,8100,"Black Vinyl Throttle Cable - 28-3/4""",yes
743,fatbook_2026,1467,XL,For 96-03 XLH883 Std.,XLH883 Std.,1996,2003,,idle,braided,0651-0097,06510097,56401-96,"28 3/4""",45°,"5 1/4""",N,8264,"Stainless Braided Idle Cable - 28-3/4""",yes
744,fatbook_2026,1467,XL,For 96-03 XLH883 Std.,XLH883 Std.,1996,2003,,idle,black_vinyl,0651-0134,06510134,56401-96,"28 3/4""",45°,"5 1/4""",N,8028,"Black Vinyl Idle Cable - 28-3/4""",yes
745,fatbook_2026,1467,XL,For 88-95 XLH883 Std.,XLH883 Std.,1988,1995,,throttle,braided,0650-0310,06500310,56308-88,"30""",45°,"5 1/4""",,14341,"Stainless Braided Throttle Cable - 30""",yes
746,fatbook_2026,1467,XL,For 88-95 XLH883 Std.,XLH883 Std.,1988,1995,,throttle,black_vinyl,0650-0347,06500347,56308-88,"30""",45°,"5 1/4""",,14241,"Black Vinyl Throttle Cable - 30""",yes
747,fatbook_2026,1467,XL,For 88-95 XLH883 Std.,XLH883 Std.,1988,1995,,idle,braided,0651-0114,06510114,56309-88,"30""",45°,"5 1/4""",N,3198,"Stainless Braided Idle Cable - 30""",yes
748,fatbook_2026,1467,XL,For 88-95 XLH883 Std.,XLH883 Std.,1988,1995,,idle,black_vinyl,0651-0151,06510151,56309-88,"30""",45°,"5 1/4""",N,8225,"Black Vinyl Idle Cable - 30"" - Vinyl",yes
749,fatbook_2026,1467,XL,For 86-87 XLH883 Std.,XLH883 Std.,1986,1987,,throttle,black_vinyl,0650-0351,06500351,56308-86,"31 3/4""",45°,"4 3/8""",,160,"Black Vinyl Throttle Cable - 31-3/4""",yes
750,fatbook_2026,1467,XL,For 86-87 XLH883 Std.,XLH883 Std.,1986,1987,,idle,black_vinyl,0651-0153,06510153,56309-86,"31 3/4""",45°,"4 3/8""",N,3187,"Black Vinyl Idle Cable - 31-3/4"" - Vinyl",yes
751,fatbook_2026,1467,XL,For 07-10 XL883C,XL883C,2007,2010,,throttle,braided,0650-0603,06500603,56884-07,"30""",45°,"4 7/8""",,4138,"Stainless Braided Throttle Cable - 30""",no
752,fatbook_2026,1467,XL,For 07-10 XL883C,XL883C,2007,2010,,throttle,black_vinyl,0650-0602,06500602,56884-07,"30""",45°,"4 7/8""",,3292,"Black Vinyl Throttle Cable - 30""",no
753,fatbook_2026,1467,XL,For 07-10 XL883C,XL883C,2007,2010,,idle,braided,0651-0371,06510371,56885-07,"30""",45°,"4 3/4""",N,3088,"Stainless Braided Idle Cable - 30""",no
754,fatbook_2026,1467,XL,For 07-10 XL883C,XL883C,2007,2010,,idle,black_vinyl,0651-0370,06510370,56885-07,"30""",45°,"4 3/4""",N,3087,"Black Vinyl Idle Cable - 30""",no
755,fatbook_2026,1467,XL,For 99-06 XL883C,XL883C,1999,2006,,throttle,braided,0650-0289,06500289,56400-96,"28 3/4""",45°,"5 1/8""",,1617,"Stainless Braided Throttle Cable - 28-3/4""",yes
756,fatbook_2026,1467,XL,For 99-06 XL883C,XL883C,1999,2006,,throttle,black_vinyl,0650-0326,06500326,56400-96,"28 3/4""",45°,"5 1/8""",,8100,"Black Vinyl Throttle Cable - 28-3/4""",yes
757,fatbook_2026,1467,XL,For 99-06 XL883C,XL883C,1999,2006,,idle,braided,0651-0097,06510097,56401-96,"28 3/4""",45°,"5 1/4""",N,8264,"Stainless Braided Idle Cable - 28-3/4""",yes
758,fatbook_2026,1467,XL,For 99-06 XL883C,XL883C,1999,2006,,idle,black_vinyl,0651-0134,06510134,56401-96,"28 3/4""",45°,"5 1/4""",N,8028,"Black Vinyl Idle Cable - 28-3/4""",yes
759,fatbook_2026,1467,XL,For 07-11 883R,883R,2007,2011,,throttle,braided,0650-0603,06500603,56884-07,"30""",45°,"4 7/8""",,4138,"Stainless Braided Throttle Cable - 30""",no
760,fatbook_2026,1467,XL,For 07-11 883R,883R,2007,2011,,throttle,black_vinyl,0650-0602,06500602,56884-07,"30""",45°,"4 7/8""",,3292,"Black Vinyl Throttle Cable - 30""",no
761,fatbook_2026,1467,XL,For 07-11 883R,883R,2007,2011,,idle,braided,0651-0371,06510371,56885-07,"30""",45°,"4 3/4""",N,3088,"Stainless Braided Idle Cable - 30""",no
762,fatbook_2026,1467,XL,For 07-11 883R,883R,2007,2011,,idle,black_vinyl,0651-0370,06510370,56885-07,"30""",45°,"4 3/4""",N,3087,"Black Vinyl Idle Cable - 30""",no
763,fatbook_2026,1467,XL,For 05-06 883R,883R,2005,2006,,throttle,braided,0650-0289,06500289,56400-96,"28 3/4""",45°,"5 1/8""",,1617,"Stainless Braided Throttle Cable - 28-3/4""",yes
764,fatbook_2026,1467,XL,For 05-06 883R,883R,2005,2006,,throttle,black_vinyl,0650-0326,06500326,56400-96,"28 3/4""",45°,"5 1/8""",,8100,"Black Vinyl Throttle Cable - 28-3/4""",yes
765,fatbook_2026,1467,XL,For 05-06 883R,883R,2005,2006,,idle,braided,0651-0097,06510097,56401-96,"28 3/4""",45°,"5 1/4""",N,8264,"Stainless Braided Idle Cable - 28-3/4""",yes
766,fatbook_2026,1467,XL,For 05-06 883R,883R,2005,2006,,idle,black_vinyl,0651-0134,06510134,56401-96,"28 3/4""",45°,"5 1/4""",N,8028,"Black Vinyl Idle Cable - 28-3/4""",yes
767,fatbook_2026,1467,XL,For 02-03 XL883R,XL883R,2002,2003,,throttle,braided,0650-0291,06500291,56308-96,"30""",45°,"5 1/4""",,3236,"Stainless Braided Throttle Cable - 30""",yes
768,fatbook_2026,1467,XL,For 02-03 XL883R,XL883R,2002,2003,,throttle,black_vinyl,0650-0328,06500328,56308-96,"30""",45°,"5 1/4""",,14163,"Black Vinyl Throttle Cable - 30""",yes
769,fatbook_2026,1467,XL,For 02-03 XL883R,XL883R,2002,2003,,idle,braided,0651-0098,06510098,56309-96,"30""",45°,"5 5/16""",N,2388,"Stainless Braided Idle Cable - 30""",yes
770,fatbook_2026,1467,XL,For 02-03 XL883R,XL883R,2002,2003,,idle,black_vinyl,0651-0135,06510135,56309-96,"30""",45°,"5 5/16""",N,189,"Black Vinyl Idle Cable - 30""",yes
771,fatbook_2026,1467,XL,For 07-20 XL1200C w/ OEM pullbacks,XL1200C w/ OEM pullbacks,2007,2020,,throttle,braided,0650-0603,06500603,56884-07,"30""",45°,"4 7/8""",,4138,"Stainless Braided Throttle Cable - 30""",no
772,fatbook_2026,1467,XL,For 07-20 XL1200C w/ OEM pullbacks,XL1200C w/ OEM pullbacks,2007,2020,,throttle,black_vinyl,0650-0602,06500602,56884-07,"30""",45°,"4 7/8""",,3292,"Black Vinyl Throttle Cable - 30""",no
773,fatbook_2026,1467,XL,For 07-20 XL1200C w/ OEM pullbacks,XL1200C w/ OEM pullbacks,2007,2020,,idle,braided,0651-0371,06510371,56885-07,"30""",45°,"4 3/4""",N,3088,"Stainless Braided Idle Cable - 30""",no
774,fatbook_2026,1467,XL,For 07-20 XL1200C w/ OEM pullbacks,XL1200C w/ OEM pullbacks,2007,2020,,idle,black_vinyl,0651-0370,06510370,56885-07,"30""",45°,"4 3/4""",N,3087,"Black Vinyl Idle Cable - 30""",no
775,fatbook_2026,1467,XL,For 99-06 XL1200C,XL1200C,1999,2006,,throttle,braided,0650-0289,06500289,56400-96,"28 3/4""",45°,"5 1/8""",,1617,"Stainless Braided Throttle Cable - 28-3/4""",yes
776,fatbook_2026,1467,XL,For 99-06 XL1200C,XL1200C,1999,2006,,throttle,black_vinyl,0650-0326,06500326,56400-96,"28 3/4""",45°,"5 1/8""",,8100,"Black Vinyl Throttle Cable - 28-3/4""",yes
777,fatbook_2026,1467,XL,For 99-06 XL1200C,XL1200C,1999,2006,,idle,braided,0651-0097,06510097,56401-96,"28 3/4""",45°,"5 1/4""",N,8264,"Stainless Braided Idle Cable - 28-3/4""",yes
778,fatbook_2026,1467,XL,For 99-06 XL1200C,XL1200C,1999,2006,,idle,black_vinyl,0651-0134,06510134,56401-96,"28 3/4""",45°,"5 1/4""",N,8028,"Black Vinyl Idle Cable - 28-3/4""",yes
779,fatbook_2026,1467,XL,For 96-98 XL1200C,XL1200C,1996,1998,,throttle,braided,0650-0293,06500293,56381-96,"31 3/4""",45°,"5 1/8""",,3237,"Stainless Braided Throttle Cable - 31-3/4""",yes
780,fatbook_2026,1467,XL,For 96-98 XL1200C,XL1200C,1996,1998,,throttle,black_vinyl,0650-0330,06500330,56381-96,"31 3/4""",45°,"5 1/8""",,14303,"Black Vinyl Throttle Cable - 31-3/4""",yes
781,fatbook_2026,1467,XL,For 96-98 XL1200C,XL1200C,1996,1998,,idle,braided,0651-0100,06510100,56382-96,"31 3/4""",45°,"5 1/4""",N,14373,"Stainless Braided Idle Cable - 31-3/4""",yes
782,fatbook_2026,1467,XL,For 96-98 XL1200C,XL1200C,1996,1998,,idle,black_vinyl,0651-0137,06510137,56382-96,"31 3/4""",45°,"5 1/4""",N,3204,"Black Vinyl Idle Cable - 31-3/4""",yes
783,fatbook_2026,1467,XL,For 07-09 XL1200R,XL1200R,2007,2009,,throttle,braided,0650-0603,06500603,56884-07,"30""",45°,"4 7/8""",,4138,"Stainless Braided Throttle Cable - 30""",no
784,fatbook_2026,1467,XL,For 07-09 XL1200R,XL1200R,2007,2009,,throttle,black_vinyl,0650-0602,06500602,56884-07,"30""",45°,"4 7/8""",,3292,"Black Vinyl Throttle Cable - 30""",no
785,fatbook_2026,1467,XL,For 07-09 XL1200R,XL1200R,2007,2009,,idle,braided,0651-0371,06510371,56885-07,"30""",45°,"4 3/4""",N,3088,"Stainless Braided Idle Cable - 30""",no
786,fatbook_2026,1467,XL,For 07-09 XL1200R,XL1200R,2007,2009,,idle,black_vinyl,0651-0370,06510370,56885-07,"30""",45°,"4 3/4""",N,3087,"Black Vinyl Idle Cable - 30""",no
787,fatbook_2026,1467,XL,For 04-06 XL1200R,XL1200R,2004,2006,,throttle,braided,0650-0289,06500289,53400-96,"28 3/4""",45°,"5 1/8""",,1617,"Stainless Braided Throttle Cable - 28-3/4""",yes
788,fatbook_2026,1467,XL,For 04-06 XL1200R,XL1200R,2004,2006,,throttle,black_vinyl,0650-0326,06500326,53400-96,"28 3/4""",45°,"5 1/8""",,8100,"Black Vinyl Throttle Cable - 28-3/4""",yes
789,fatbook_2026,1467,XL,For 04-06 XL1200R,XL1200R,2004,2006,,idle,braided,0651-0097,06510097,56401-96,"28 3/4""",45°,"5 1/4""",N,8264,"Stainless Braided Idle Cable - 28-3/4""",yes
790,fatbook_2026,1467,XL,For 04-06 XL1200R,XL1200R,2004,2006,,idle,black_vinyl,0651-0134,06510134,56401-96,"28 3/4""",45°,"5 1/4""",N,8028,"Black Vinyl Idle Cable - 28-3/4""",yes
791,fatbook_2026,1467,XL,For 07-11 XL1200L,XL1200L,2007,2011,,throttle,braided,0650-0603,06500603,56884-07,"30""",45°,"4 7/8""",,4138,"Stainless Braided Throttle Cable - 30""",no
792,fatbook_2026,1467,XL,For 07-11 XL1200L,XL1200L,2007,2011,,throttle,black_vinyl,0650-0602,06500602,56884-07,"30""",45°,"4 7/8""",,3292,"Black Vinyl Throttle Cable - 30""",no
793,fatbook_2026,1467,XL,For 07-11 XL1200L,XL1200L,2007,2011,,idle,braided,0651-0371,06510371,56885-07,"30""",45°,"4 3/4""",N,3088,"Stainless Braided Idle Cable - 30""",no
794,fatbook_2026,1467,XL,For 07-11 XL1200L,XL1200L,2007,2011,,idle,black_vinyl,0651-0370,06510370,56885-07,"30""",45°,"4 3/4""",N,3087,"Black Vinyl Idle Cable - 30""",no
795,fatbook_2026,1467,XL,For 06 XL1200L,XL1200L,2006,2006,,throttle,braided,0650-0289,06500289,53400-96,"28 3/4""",45°,"5 1/8""",,1617,"Stainless Braided Throttle Cable - 28-3/4""",yes
796,fatbook_2026,1467,XL,For 06 XL1200L,XL1200L,2006,2006,,throttle,black_vinyl,0650-0326,06500326,53400-96,"28 3/4""",45°,"5 1/8""",,8100,"Black Vinyl Throttle Cable - 28-3/4""",yes
797,fatbook_2026,1467,XL,For 06 XL1200L,XL1200L,2006,2006,,idle,braided,0651-0097,06510097,56401-96,"28 3/4""",45°,"5 1/4""",N,8264,"Stainless Braided Idle Cable - 28-3/4""",yes
798,fatbook_2026,1467,XL,For 06 XL1200L,XL1200L,2006,2006,,idle,black_vinyl,0651-0134,06510134,56401-96,"28 3/4""",45°,"5 1/4""",N,8028,"Black Vinyl Idle Cable - 28-3/4""",yes
799,fatbook_2026,1467,XL,For 08-12 XL1200N,XL1200N,2008,2012,,throttle,braided,0650-0603,06500603,56884-07,"30""",45°,"4 7/8""",,4138,"Stainless Braided Throttle Cable - 30""",no
800,fatbook_2026,1467,XL,For 08-12 XL1200N,XL1200N,2008,2012,,throttle,black_vinyl,0650-0602,06500602,56884-07,"30""",45°,"4 7/8""",,3292,"Black Vinyl Throttle Cable - 30""",no
801,fatbook_2026,1467,XL,For 08-12 XL1200N,XL1200N,2008,2012,,idle,braided,0651-0371,06510371,56885-07,"30""",45°,"4 3/4""",N,3088,"Stainless Braided Idle Cable - 30""",no
802,fatbook_2026,1467,XL,For 08-12 XL1200N,XL1200N,2008,2012,,idle,black_vinyl,0651-0370,06510370,56885-07,"30""",45°,"4 3/4""",N,3087,"Black Vinyl Idle Cable - 30""",no
803,fatbook_2026,1467,XL,For 14-17 XL1200T,XL1200T,2014,2017,,throttle,braided,0650-0603,06500603,56884-07,"30""",45°,"4 7/8""",,4138,"Stainless Braided Throttle Cable - 30""",no
804,fatbook_2026,1467,XL,For 14-17 XL1200T,XL1200T,2014,2017,,throttle,black_vinyl,0650-0602,06500602,56884-07,"30""",45°,"4 7/8""",,3292,"Black Vinyl Throttle Cable - 30""",no
805,fatbook_2026,1467,XL,For 14-17 XL1200T,XL1200T,2014,2017,,idle,braided,0651-0371,06510371,56885-07,"30""",45°,"4 3/4""",N,3088,"Stainless Braided Idle Cable - 30""",no
806,fatbook_2026,1467,XL,For 14-17 XL1200T,XL1200T,2014,2017,,idle,black_vinyl,0651-0370,06510370,56885-07,"30""",45°,"4 3/4""",N,3087,"Black Vinyl Idle Cable - 30""",no
807,fatbook_2026,1467,XL,For 10-22 XL1200X,XL1200X,2010,2022,,throttle,braided,0650-0603,06500603,56884-07,"30""",45°,"4 7/8""",,4138,"Stainless Braided Throttle Cable - 30""",no
808,fatbook_2026,1467,XL,For 10-22 XL1200X,XL1200X,2010,2022,,throttle,black_vinyl,0650-0602,06500602,56884-07,"30""",45°,"4 7/8""",,3292,"Black Vinyl Throttle Cable - 30""",no
809,fatbook_2026,1467,XL,For 10-22 XL1200X,XL1200X,2010,2022,,idle,braided,0651-0371,06510371,56885-07,"30""",45°,"4 3/4""",N,3088,"Stainless Braided Idle Cable - 30""",no
810,fatbook_2026,1467,XL,For 10-22 XL1200X,XL1200X,2010,2022,,idle,black_vinyl,0651-0370,06510370,56885-07,"30""",45°,"4 3/4""",N,3087,"Black Vinyl Idle Cable - 30""",no
811,fatbook_2026,1467,XL,For 96-03 XL1200S,XL1200S,1996,2003,,throttle,braided,0650-0289,06500289,56400-96,"28 3/4""",45°,"5 1/8""",,1617,"Stainless Braided Throttle Cable - 28-3/4""",yes
812,fatbook_2026,1467,XL,For 96-03 XL1200S,XL1200S,1996,2003,,throttle,black_vinyl,0650-0326,06500326,56400-96,"28 3/4""",45°,"5 1/8""",,8100,"Black Vinyl Throttle Cable - 28-3/4""",yes
813,fatbook_2026,1467,XL,For 96-03 XL1200S,XL1200S,1996,2003,,idle,braided,0651-0097,06510097,56401-96,"28 3/4""",45°,"5 1/4""",N,8264,"Stainless Braided Idle Cable - 28-3/4""",yes
814,fatbook_2026,1467,XL,For 96-03 XL1200S,XL1200S,1996,2003,,idle,black_vinyl,0651-0134,06510134,56401-96,"28 3/4""",45°,"5 1/4""",N,8028,"Black Vinyl Idle Cable - 28-3/4""",yes
815,fatbook_2026,1467,XL,For 96-03 XLH883 Hugger,XLH883 Hugger,1996,2003,,throttle,braided,0650-0291,06500291,56308-96,"30""",45°,"5 1/4""",,3236,"Stainless Braided Throttle Cable - 30""",yes
816,fatbook_2026,1467,XL,For 96-03 XLH883 Hugger,XLH883 Hugger,1996,2003,,throttle,black_vinyl,0650-0328,06500328,56308-96,"30""",45°,"5 1/4""",,14163,"Black Vinyl Throttle Cable - 30""",yes
817,fatbook_2026,1467,XL,For 96-03 XLH883 Hugger,XLH883 Hugger,1996,2003,,idle,braided,0651-0098,06510098,56309-96,"30""",45°,"5 5/16""",N,2388,"Stainless Braided Idle Cable - 30""",yes
818,fatbook_2026,1467,XL,For 96-03 XLH883 Hugger,XLH883 Hugger,1996,2003,,idle,black_vinyl,0651-0135,06510135,56309-96,"30""",45°,"5 5/16""",N,189,"Black Vinyl Idle Cable - 30""",yes
819,fatbook_2026,1467,XL,For 88-95 XLH883 Hugger,XLH883 Hugger,1988,1995,,throttle,braided,0650-0310,06500310,56308-88,"30""",45°,"5 1/4""",,14341,"Stainless Braided Throttle Cable - 30""",yes
820,fatbook_2026,1467,XL,For 88-95 XLH883 Hugger,XLH883 Hugger,1988,1995,,throttle,black_vinyl,0650-0347,06500347,56308-88,"30""",45°,"5 1/4""",,14241,"Black Vinyl Throttle Cable - 30""",yes
821,fatbook_2026,1467,XL,For 88-95 XLH883 Hugger,XLH883 Hugger,1988,1995,,idle,braided,0651-0114,06510114,56309-88,"30""",45°,"5 1/4""",N,3198,"Stainless Braided Idle Cable - 30""",yes
822,fatbook_2026,1467,XL,For 88-95 XLH883 Hugger,XLH883 Hugger,1988,1995,,idle,black_vinyl,0651-0151,06510151,56309-88,"30""",45°,"5 1/4""",N,8225,"Black Vinyl Idle Cable - 30"" - Vinyl",yes
823,fatbook_2026,1467,XL,For 87 XLH883 Hugger,XLH883 Hugger,1987,1987,,throttle,black_vinyl,0650-0351,06500351,56308-86,"31 3/4""",45°,"4 3/8""",,160,"Black Vinyl Throttle Cable - 31-3/4""",yes
824,fatbook_2026,1467,XL,For 87 XLH883 Hugger,XLH883 Hugger,1987,1987,,idle,black_vinyl,0651-0153,06510153,56309-86,"31 3/4""",45°,"4 3/8""",N,3187,"Black Vinyl Idle Cable - 31-3/4"" - Vinyl",yes
825,fatbook_2026,1467,XL,For 96-03 XLH1200,XLH1200,1996,2003,,throttle,braided,0650-0291,06500291,56308-96,"30""",45°,"5 1/4""",,3236,"Stainless Braided Throttle Cable - 30""",yes
826,fatbook_2026,1467,XL,For 96-03 XLH1200,XLH1200,1996,2003,,throttle,black_vinyl,0650-0328,06500328,56308-96,"30""",45°,"5 1/4""",,14163,"Black Vinyl Throttle Cable - 30""",yes
827,fatbook_2026,1467,XL,For 96-03 XLH1200,XLH1200,1996,2003,,idle,braided,0651-0098,06510098,56309-96,"30""",45°,"5 5/16""",N,2388,"Stainless Braided Idle Cable - 30""",yes
828,fatbook_2026,1467,XL,For 96-03 XLH1200,XLH1200,1996,2003,,idle,black_vinyl,0651-0135,06510135,56309-96,"30""",45°,"5 5/16""",N,189,"Black Vinyl Idle Cable - 30""",yes
829,fatbook_2026,1467,XL,For 88-95 XLH1200,XLH1200,1988,1995,,throttle,braided,0650-0310,06500310,56308-88,"30""",45°,"5 1/4""",,14341,"Stainless Braided Throttle Cable - 30""",yes
830,fatbook_2026,1467,XL,For 88-95 XLH1200,XLH1200,1988,1995,,throttle,black_vinyl,0650-0347,06500347,56308-88,"30""",45°,"5 1/4""",,14241,"Black Vinyl Throttle Cable - 30""",yes
831,fatbook_2026,1467,XL,For 88-95 XLH1200,XLH1200,1988,1995,,idle,braided,0651-0114,06510114,56308-88,"30""",45°,"5 1/4""",N,3198,"Stainless Braided Idle Cable - 30""",yes
832,fatbook_2026,1467,XL,For 88-95 XLH1200,XLH1200,1988,1995,,idle,black_vinyl,0651-0151,06510151,56308-88,"30""",45°,"5 1/4""",N,8225,"Black Vinyl Idle Cable - 30"" - Vinyl",yes
833,fatbook_2026,1467,XL,For 88-95 XLH883 Deluxe,XLH883 Deluxe,1988,1995,,throttle,braided,0650-0310,06500310,56308-88,"30""",45°,"5 1/4""",,14341,"Stainless Braided Throttle Cable - 30""",yes
834,fatbook_2026,1467,XL,For 88-95 XLH883 Deluxe,XLH883 Deluxe,1988,1995,,throttle,black_vinyl,0650-0347,06500347,56308-88,"30""",45°,"5 1/4""",,14241,"Black Vinyl Throttle Cable - 30""",yes
835,fatbook_2026,1467,XL,For 88-95 XLH883 Deluxe,XLH883 Deluxe,1988,1995,,idle,braided,0651-0114,06510114,56309-88,"30""",45°,"5 1/4""",N,3198,"Stainless Braided Idle Cable - 30""",yes
836,fatbook_2026,1467,XL,For 88-95 XLH883 Deluxe,XLH883 Deluxe,1988,1995,,idle,black_vinyl,0651-0151,06510151,56309-88,"30""",45°,"5 1/4""",N,8225,"Black Vinyl Idle Cable - 30"" - Vinyl",yes
837,fatbook_2026,1467,XL,For 87 XLH883 Deluxe,XLH883 Deluxe,1987,1987,,throttle,black_vinyl,0650-0351,06500351,56308-86,"31 3/4""",45°,"4 3/8""",,160,"Black Vinyl Throttle Cable - 31-3/4""",yes
838,fatbook_2026,1467,XL,For 87 XLH883 Deluxe,XLH883 Deluxe,1987,1987,,idle,black_vinyl,0651-0153,06510153,56309-86,"31 3/4""",45°,"4 3/8""",N,3187,"Black Vinyl Idle Cable - 31-3/4"" - Vinyl",yes
839,fatbook_2026,1467,XL,For 86-87 XLH1100,XLH1100,1986,1987,,throttle,black_vinyl,0650-0351,06500351,56308-86,"31 3/4""",45°,"4 3/8""",,160,"Black Vinyl Throttle Cable - 31-3/4""",yes
840,fatbook_2026,1467,XL,For 86-87 XLH1100,XLH1100,1986,1987,,idle,black_vinyl,0651-0153,06510153,56309-86,"31 3/4""",45°,"4 3/8""",N,3187,"Black Vinyl Idle Cable - 31-3/4"" - Vinyl",yes
841,fatbook_2026,1468,TOURING,"For 24-25 FLTRX, 23-25 FLTRXSE","FLTRX, 23-25 FLTRXSE",2024,2025,,quick_connect_clutch,stainless_braided,0652-3176,06523176,37200592,"39 1/4""",,"2 5/16""",,1050,"Quick Connect Clutch Cable - Upper - 39-1/4"" - Stainless Steel",yes
842,fatbook_2026,1468,TOURING,"For 24-25 FLTRX, 23-25 FLTRXSE","FLTRX, 23-25 FLTRXSE",2024,2025,,quick_connect_clutch,black_chrome,0652-3175,06523175,37200592,"39 1/4""",,"2 5/16""",,14124,"Quick Connect Clutch Cable - Upper - 39-1/4"" - Black/Chrome",yes
843,fatbook_2026,1468,TOURING,"For 24-25 FLTRX, 23-25 FLTRXSE","FLTRX, 23-25 FLTRXSE",2024,2025,,quick_connect_clutch,black_black,0652-3177,06523177,37200592,"39 1/4""",,"2 5/16""",,3057,"Quick Connect Clutch Cable - Upper - 39-1/4"" - Black/Black",yes
844,fatbook_2026,1468,TOURING,"For 21-24 FLTRK, 21-23 FLTRX/FLTRXS, 22-23 FLTRXST, 21-25 FLTRT","FLTRK, 21-23 FLTRX/FLTRXS, 22-23 FLTRXST, 21-25 FLTRT",2021,2024,,quick_connect_clutch,stainless_braided,0652-2841,06522841,37200439/37200560,"45""",,"2 5/16""",,14484,"Quick Connect Clutch Cable - Upper - 45"" - Stainless Steel",no
845,fatbook_2026,1468,TOURING,"For 21-24 FLTRK, 21-23 FLTRX/FLTRXS, 22-23 FLTRXST, 21-25 FLTRT","FLTRK, 21-23 FLTRX/FLTRXS, 22-23 FLTRXST, 21-25 FLTRT",2021,2024,,quick_connect_clutch,black_chrome,0652-2860,06522860,37200439/37200560,"45""",,"2 5/16""",,887,"Quick Connect Clutch Cable - Upper - 45"" - Black/Chrome",no
846,fatbook_2026,1468,TOURING,"For 21-24 FLTRK, 21-23 FLTRX/FLTRXS, 22-23 FLTRXST, 21-25 FLTRT","FLTRK, 21-23 FLTRX/FLTRXS, 22-23 FLTRXST, 21-25 FLTRT",2021,2024,,quick_connect_clutch,black_black,0652-2879,06522879,37200439/37200560,"45""",,"2 5/16""",,14322,"Quick Connect Clutch Cable - Upper - 45"" - Black/Black",no
847,fatbook_2026,1468,TOURING,"For 21-22 FLHR, 21-25 FLHRXS, 21-25 FLRT","FLHR, 21-25 FLHRXS, 21-25 FLRT",2021,2022,,quick_connect_clutch,stainless_braided,0652-2839,06522839,37200440/37200561,"42""",,"2 5/16""",,7987,"Quick Connect Clutch Cable - Upper - 42"" - Stainless Steel",no
848,fatbook_2026,1468,TOURING,"For 21-22 FLHR, 21-25 FLHRXS, 21-25 FLRT","FLHR, 21-25 FLHRXS, 21-25 FLRT",2021,2022,,quick_connect_clutch,black_chrome,0652-2858,06522858,37200440/37200561,"42""",,"2 5/16""",,14408,"Quick Connect Clutch Cable - Upper - 42"" - Black/Chrome",no
849,fatbook_2026,1468,TOURING,"For 21-22 FLHR, 21-25 FLHRXS, 21-25 FLRT","FLHR, 21-25 FLHRXS, 21-25 FLRT",2021,2022,,quick_connect_clutch,black_black,0652-2877,06522877,37200440/37200561,"42""",,"2 5/16""",,3050,"Quick Connect Clutch Cable - Upper - 42"" - Black/Black",no
850,fatbook_2026,1468,TOURING,"For 24-25 FLHX, 23-25 FLHXSE","FLHX, 23-25 FLHXSE",2024,2025,,quick_connect_clutch,stainless_braided,0652-3197,06523197,37200574A,"43""",,"2 5/16""",,8001,"Quick Connect Clutch Cable - Upper - 43"" - Stainless Steel",yes
851,fatbook_2026,1468,TOURING,"For 24-25 FLHX, 23-25 FLHXSE","FLHX, 23-25 FLHXSE",2024,2025,,quick_connect_clutch,black_chrome,0652-3196,06523196,37200574A,"43""",,"2 5/16""",,14125,"Quick Connect Clutch Cable - Upper - 43"" - Black/Chrome",yes
852,fatbook_2026,1468,TOURING,"For 24-25 FLHX, 23-25 FLHXSE","FLHX, 23-25 FLHXSE",2024,2025,,quick_connect_clutch,black_black,0652-3198,06523198,37200574A,"43""",,"2 5/16""",,14326,"Quick Connect Clutch Cable - Upper - 43"" - Black/Black",yes
853,fatbook_2026,1468,TOURING,"For 21-22 FLHT, 21-24 FLHTK, 21-23 FLHX/FLHXS, 22-23 FLHXST, 21-25 FLHTCUTG","FLHT, 21-24 FLHTK, 21-23 FLHX/FLHXS, 22-23 FLHXST, 21-25 FLHTCUTG",2021,2022,,quick_connect_clutch,stainless_braided,0652-2848,06522848,37200441/37200566,"39""",,"2 5/16""",,3270,"Quick Connect Clutch Cable - Upper - 39"" - Stainless Steel",no
854,fatbook_2026,1468,TOURING,"For 21-22 FLHT, 21-24 FLHTK, 21-23 FLHX/FLHXS, 22-23 FLHXST, 21-25 FLHTCUTG","FLHT, 21-24 FLHTK, 21-23 FLHX/FLHXS, 22-23 FLHXST, 21-25 FLHTCUTG",2021,2022,,quick_connect_clutch,black_chrome,0652-2867,06522867,37200441/37200566,"39""",,"2 5/16""",,7994,"Quick Connect Clutch Cable - Upper - 39"" - Black/Chrome",no
855,fatbook_2026,1468,TOURING,"For 21-22 FLHT, 21-24 FLHTK, 21-23 FLHX/FLHXS, 22-23 FLHXST, 21-25 FLHTCUTG","FLHT, 21-24 FLHTK, 21-23 FLHX/FLHXS, 22-23 FLHXST, 21-25 FLHTCUTG",2021,2022,,quick_connect_clutch,black_black,0652-2886,06522886,37200441/37200566,"39""",,"2 5/16""",,14121,"Quick Connect Clutch Cable - Upper - Bent Tube - 39"" - Black/Black",no
856,fatbook_2026,1469,SOFTAIL,"For 20-24 FXLRS, 22 FXLRST","FXLRS, 22 FXLRST",2020,2024,,quick_connect_clutch,stainless_braided,0652-2835,06522835,37200433/A,"34""",,"2 5/16""",,14406,"Quick Connect Clutch Cable - Upper - 34"" - Stainless Steel",yes
857,fatbook_2026,1469,SOFTAIL,"For 20-24 FXLRS, 22 FXLRST","FXLRS, 22 FXLRST",2020,2024,,quick_connect_clutch,black_chrome,0652-2854,06522854,37200433/A,"34""",,"2 5/16""",,14320,"Quick Connect Clutch Cable - Upper - 34"" - Black/Chrome",yes
858,fatbook_2026,1469,SOFTAIL,"For 20-24 FXLRS, 22 FXLRST","FXLRS, 22 FXLRST",2020,2024,,quick_connect_clutch,black_black,0652-2873,06522873,37200433/A,"34""",,"2 5/16""",,14119,"Quick Connect Clutch Cable - Upper - 34"" - Black/Black",yes
859,fatbook_2026,1469,SOFTAIL,"For 18-20 FLDE/FXFB, 19-20 FXDRS, 18-24 FXFBS","FLDE/FXFB, 19-20 FXDRS, 18-24 FXFBS",2018,2020,,quick_connect_clutch,stainless_braided,0652-3062,06523062,37200219/A,"32""",,"2 5/16""",,3231,"Quick Connect Clutch Cable - Upper - 32"" - Stainless Steel",yes
860,fatbook_2026,1469,SOFTAIL,"For 18-20 FLDE/FXFB, 19-20 FXDRS, 18-24 FXFBS","FLDE/FXFB, 19-20 FXDRS, 18-24 FXFBS",2018,2020,,quick_connect_clutch,black_chrome,0652-3059,06523059,37200219/A,"32""",,"2 5/16""",,3051,"Quick Connect Clutch Cable - Upper - 32"" - Black/Chrome",yes
861,fatbook_2026,1469,SOFTAIL,"For 18-20 FLDE/FXFB, 19-20 FXDRS, 18-24 FXFBS","FLDE/FXFB, 19-20 FXDRS, 18-24 FXFBS",2018,2020,,quick_connect_clutch,black_black,0652-3065,06523065,37200219/A,"32""",,"2 5/16""",,7999,"Quick Connect Clutch Cable - Upper - 32"" - Black/Black",yes
862,fatbook_2026,1469,SOFTAIL,"For 18-24 FXBR/FXBRS, 18-21 FLSL, 18-24 FLSB","FXBR/FXBRS, 18-21 FLSL, 18-24 FLSB",2018,2024,,quick_connect_clutch,stainless_braided,0652-3063,06523063,37200215/A,"33""",,"2 5/16""",,3271,"Quick Connect Clutch Cable - Upper - 33"" - Stainless Steel",yes
863,fatbook_2026,1469,SOFTAIL,"For 18-24 FXBR/FXBRS, 18-21 FLSL, 18-24 FLSB","FXBR/FXBRS, 18-21 FLSL, 18-24 FLSB",2018,2024,,quick_connect_clutch,black_chrome,0652-3060,06523060,37200215/A,"33""",,"2 5/16""",,14411,"Quick Connect Clutch Cable - Upper - 33"" - Black/Chrome",yes
864,fatbook_2026,1469,SOFTAIL,"For 18-24 FXBR/FXBRS, 18-21 FLSL, 18-24 FLSB","FXBR/FXBRS, 18-21 FLSL, 18-24 FLSB",2018,2024,,quick_connect_clutch,black_black,0652-3066,06523066,37200215/A,"33""",,"2 5/16""",,14324,"Quick Connect Clutch Cable - Upper - 33"" - Black/Black",yes
865,fatbook_2026,1469,SOFTAIL,"For 18-20 FLFB/FXBB, 18-24 FLFBS, 21-24 FXBBS/FXST","FLFB/FXBB, 18-24 FLFBS, 21-24 FXBBS/FXST",2018,2020,,quick_connect_clutch,stainless_braided,0652-2837,06522837,37200215/A,"38""",,"2 5/16""",,14114,"Quick Connect Clutch Cable - Upper - 38"" - Stainless Steel",yes
866,fatbook_2026,1469,SOFTAIL,"For 18-20 FLFB/FXBB, 18-24 FLFBS, 21-24 FXBBS/FXST","FLFB/FXBB, 18-24 FLFBS, 21-24 FXBBS/FXST",2018,2020,,quick_connect_clutch,black_chrome,0652-2856,06522856,37200215/A,"38""",,"2 5/16""",,3046,"Quick Connect Clutch Cable - Upper - 38"" - Black/Chrome",yes
867,fatbook_2026,1469,SOFTAIL,"For 18-20 FLFB/FXBB, 18-24 FLFBS, 21-24 FXBBS/FXST","FLFB/FXBB, 18-24 FLFBS, 21-24 FXBBS/FXST",2018,2020,,quick_connect_clutch,black_black,0652-2875,06522875,37200215/A,"38""",,"2 5/16""",,14321,"Quick Connect Clutch Cable - Upper - 38"" - Black/Black",yes
868,fatbook_2026,1469,SOFTAIL,"For 18-20 FXLR, 18-22 FLHC, 18-24 FLHCS, 23-24 FXLRST","FXLR, 18-22 FLHC, 18-24 FLHCS, 23-24 FXLRST",2018,2020,,quick_connect_clutch,stainless_braided,0652-3064,06523064,37200218/A,"35""",,"2 5/16""",,1045,"Quick Connect Clutch Cable - Upper - 35"" - Stainless Steel",yes
869,fatbook_2026,1469,SOFTAIL,"For 18-20 FXLR, 18-22 FLHC, 18-24 FLHCS, 23-24 FXLRST","FXLR, 18-22 FLHC, 18-24 FLHCS, 23-24 FXLRST",2018,2020,,quick_connect_clutch,black_chrome,0652-3061,06523061,37200218/A,"35""",,"2 5/16""",,3043,"Quick Connect Clutch Cable - Upper - 35"" - Black/Chrome",yes
870,fatbook_2026,1469,SOFTAIL,"For 18-20 FXLR, 18-22 FLHC, 18-24 FLHCS, 23-24 FXLRST","FXLR, 18-22 FLHC, 18-24 FLHCS, 23-24 FXLRST",2018,2020,,quick_connect_clutch,black_black,0652-3067,06523067,37200218/A,"35""",,"2 5/16""",,14123,"Quick Connect Clutch Cable - Upper - 35"" - Black/Black",yes
871,fatbook_2026,1470,DRESSER,For 07 FLHRS,FLHRS,2007,2007,,clutch,braided,0652-1478,06521478,38667-07,"62 11/16""","25 7/16""","3 1/8""",,18102,"High-Efficiency Braided Stainless Steel Clutch Cable - 62-11/16""",no
872,fatbook_2026,1470,DRESSER,For 07 FLHRS,FLHRS,2007,2007,,clutch,black_vinyl,0652-1423,06521423,38667-07,"62 11/16""","25 7/16""","3 1/8""",,30149,"High-Efficiency Black Vinyl Clutch Cable - 62-11/16""",no
873,fatbook_2026,1470,DRESSER,For 08-16 FLHR,FLHR,2008,2016,,clutch,braided,0652-1490,06521490,38667-08A,"62 11/16""","25 7/16""","3 1/2""",,14313,"High-Efficiency Braided Stainless Steel Clutch Cable - 62-15/16""",no
874,fatbook_2026,1470,DRESSER,For 08-16 FLHR,FLHR,2008,2016,,clutch,black_vinyl,0652-1435,06521435,38667-08A,"62 11/16""","25 7/16""","3 1/2""",,29845,"High-Efficiency Black Vinyl Clutch Cable - 62-11/16""",no
875,fatbook_2026,1470,DRESSER,For 07 FLHR,FLHR,2007,2007,,clutch,braided,0652-1478,06521478,38667-07,"62 11/16""","25 7/16""","3 1/8""",,18102,"High-Efficiency Braided Stainless Steel Clutch Cable - 62-11/16""",no
876,fatbook_2026,1470,DRESSER,For 07 FLHR,FLHR,2007,2007,,clutch,black_vinyl,0652-1423,06521423,38667-07,"62 11/16""","25 7/16""","3 1/8""",,30149,"High-Efficiency Black Vinyl Clutch Cable - 62-11/16""",no
877,fatbook_2026,1470,DRESSER,For 99-06 FLHR,FLHR,1999,2006,,clutch,braided,0652-1462,06521462,38601-89,"62 11/16""","25 7/16""","2 13/16""",,18101,"High-Efficiency Braided Stainless Steel Clutch Cable - 62-11/16""",no
878,fatbook_2026,1470,DRESSER,For 99-06 FLHR,FLHR,1999,2006,,clutch,black_vinyl,0652-1407,06521407,38601-89,"62 11/16""","25 7/16""","2 13/16""",,14339,"High-Efficiency Black Vinyl Clutch Cable - 62-11/16""",no
879,fatbook_2026,1470,DRESSER,For 00-06 FLHR/I,FLHR/I,2000,2006,,clutch,braided,0652-1462,06521462,38667-00,"62 11/16""","25 7/16""","2 13/16""",,18101,"High-Efficiency Braided Stainless Steel Clutch Cable - 62-11/16""",no
880,fatbook_2026,1470,DRESSER,For 00-06 FLHR/I,FLHR/I,2000,2006,,clutch,black_vinyl,0652-1407,06521407,38667-00,"62 11/16""","25 7/16""","2 13/16""",,14339,"High-Efficiency Black Vinyl Clutch Cable - 62-11/16""",no
881,fatbook_2026,1470,DRESSER,For 08-13 FLHRC,FLHRC,2008,2013,,clutch,braided,0652-1490,06521490,38667-08A,"62 11/16""","25 7/16""","3 1/2""",,14313,"High-Efficiency Braided Stainless Steel Clutch Cable - 62-15/16""",no
882,fatbook_2026,1470,DRESSER,For 08-13 FLHRC,FLHRC,2008,2013,,clutch,black_vinyl,0652-1435,06521435,38667-08A,"62 11/16""","25 7/16""","3 1/2""",,29845,"High-Efficiency Black Vinyl Clutch Cable - 62-11/16""",no
883,fatbook_2026,1470,DRESSER,For 07 FLHRC,FLHRC,2007,2007,,clutch,braided,0652-1478,06521478,38667-07,"62 11/16""","25 7/16""","3 1/8""",,18102,"High-Efficiency Braided Stainless Steel Clutch Cable - 62-11/16""",no
884,fatbook_2026,1470,DRESSER,For 07 FLHRC,FLHRC,2007,2007,,clutch,black_vinyl,0652-1423,06521423,38667-07,"62 11/16""","25 7/16""","3 1/8""",,30149,"High-Efficiency Black Vinyl Clutch Cable - 62-11/16""",no
885,fatbook_2026,1470,DRESSER,For 99-06 FLHRC/I,FLHRC/I,1999,2006,,clutch,braided,0652-1462,06521462,38667-00,"62 11/16""","25 7/16""","2 13/16""",,18101,"High-Efficiency Braided Stainless Steel Clutch Cable - 62-11/16""",no
886,fatbook_2026,1470,DRESSER,For 99-06 FLHRC/I,FLHRC/I,1999,2006,,clutch,black_vinyl,0652-1407,06521407,38667-00,"62 11/16""","25 7/16""","2 13/16""",,14339,"High-Efficiency Black Vinyl Clutch Cable - 62-11/16""",no
887,fatbook_2026,1470,DRESSER,For 08-11 FLHRSE,FLHRSE,2008,2011,,clutch,braided,0652-1490,06521490,38667-08A,"62 11/16""","25 7/16""","3 1/2""",,14313,"High-Efficiency Braided Stainless Steel Clutch Cable - 62-15/16""",no
888,fatbook_2026,1470,DRESSER,For 08-11 FLHRSE,FLHRSE,2008,2011,,clutch,black_vinyl,0652-1435,06521435,38667-08A,"62 11/16""","25 7/16""","3 1/2""",,29845,"High-Efficiency Black Vinyl Clutch Cable - 62-11/16""",no
889,fatbook_2026,1470,DRESSER,For 07 FLHRSE,FLHRSE,2007,2007,,clutch,braided,0652-1478,06521478,38667-07,"62 11/16""","25 7/8""","3 1/8""",,18102,"High-Efficiency Braided Stainless Steel Clutch Cable - 62-11/16""",no
890,fatbook_2026,1470,DRESSER,For 07 FLHRSE,FLHRSE,2007,2007,,clutch,black_vinyl,0652-1423,06521423,38667-07,"62 11/16""","25 7/8""","3 1/8""",,30149,"High-Efficiency Black Vinyl Clutch Cable - 62-11/16""",no
891,fatbook_2026,1470,DRESSER,For 02-04 FLHRSE/I,FLHRSE/I,2002,2004,,clutch,braided,0652-1462,06521462,38667-00,"62 11/16""","25 7/16""","2 13/16""",,18101,"High-Efficiency Braided Stainless Steel Clutch Cable - 62-11/16""",no
892,fatbook_2026,1470,DRESSER,For 02-04 FLHRSE/I,FLHRSE/I,2002,2004,,clutch,black_vinyl,0652-1407,06521407,38667-00,"62 11/16""","25 7/16""","2 13/16""",,14339,"High-Efficiency Black Vinyl Clutch Cable - 62-11/16""",no
893,fatbook_2026,1470,DRESSER,For 08-13 FLHT,FLHT,2008,2013,,clutch,braided,0652-1490,06521490,38667-08A,"62 11/16""","25 7/16""","3 1/2""",,14313,"High-Efficiency Braided Stainless Steel Clutch Cable - 62-15/16""",no
894,fatbook_2026,1470,DRESSER,For 08-13 FLHT,FLHT,2008,2013,,clutch,black_vinyl,0652-1435,06521435,38667-08A,"62 11/16""","25 7/16""","3 1/2""",,29845,"High-Efficiency Black Vinyl Clutch Cable - 62-11/16""",no
895,fatbook_2026,1470,DRESSER,For 07 FLHT,FLHT,2007,2007,,clutch,braided,0652-1478,06521478,38667-07,"62 11/16""","25 7/16""","3 1/8""",,18102,"High-Efficiency Braided Stainless Steel Clutch Cable - 62-11/16""",no
896,fatbook_2026,1470,DRESSER,For 07 FLHT,FLHT,2007,2007,,clutch,black_vinyl,0652-1423,06521423,38667-07,"62 11/16""","25 7/16""","3 1/8""",,30149,"High-Efficiency Black Vinyl Clutch Cable - 62-11/16""",no
897,fatbook_2026,1470,DRESSER,For 99-06 FLHT,FLHT,1999,2006,,clutch,braided,0652-1462,06521462,38667-00,"62 11/16""","25 7/16""","2 13/16""",,18101,"High-Efficiency Braided Stainless Steel Clutch Cable - 62-11/16""",no
898,fatbook_2026,1470,DRESSER,For 99-06 FLHT,FLHT,1999,2006,,clutch,black_vinyl,0652-1407,06521407,38667-00,"62 11/16""","25 7/16""","2 13/16""",,14339,"High-Efficiency Black Vinyl Clutch Cable - 62-11/16""",no
899,fatbook_2026,1470,DRESSER,For 08-13 FLHTC,FLHTC,2008,2013,,clutch,braided,0652-1490,06521490,38667-08A,"62 11/16""","25 7/16""","3 1/2""",,14313,"High-Efficiency Braided Stainless Steel Clutch Cable - 62-15/16""",no
900,fatbook_2026,1470,DRESSER,For 08-13 FLHTC,FLHTC,2008,2013,,clutch,black_vinyl,0652-1435,06521435,38667-08A,"62 11/16""","25 7/16""","3 1/2""",,29845,"High-Efficiency Black Vinyl Clutch Cable - 62-11/16""",no
901,fatbook_2026,1470,DRESSER,For 07 FLHTC,FLHTC,2007,2007,,clutch,braided,0652-1478,06521478,38667-07,"62 11/16""","25 7/16""","3 1/8""",,18102,"High-Efficiency Braided Stainless Steel Clutch Cable - 62-11/16""",no
902,fatbook_2026,1470,DRESSER,For 07 FLHTC,FLHTC,2007,2007,,clutch,black_vinyl,0652-1423,06521423,38667-07,"62 11/16""","25 7/16""","3 1/8""",,30149,"High-Efficiency Black Vinyl Clutch Cable - 62-11/16""",no
903,fatbook_2026,1470,DRESSER,For 99-06 FLHTC,FLHTC,1999,2006,,clutch,braided,0652-1462,06521462,38667-00,"62 11/16""","25 7/16""","2 13/16""",,18101,"High-Efficiency Braided Stainless Steel Clutch Cable - 62-11/16""",no
904,fatbook_2026,1470,DRESSER,For 99-06 FLHTC,FLHTC,1999,2006,,clutch,black_vinyl,0652-1407,06521407,38667-00,"62 11/16""","25 7/16""","2 13/16""",,14339,"High-Efficiency Black Vinyl Clutch Cable - 62-11/16""",no
905,fatbook_2026,1470,DRESSER,For 99-06 FLHTC/I,FLHTC/I,1999,2006,,clutch,braided,0652-1462,06521462,38667-00,"62 11/16""","25 7/16""","2 13/16""",,18101,"High-Efficiency Braided Stainless Steel Clutch Cable - 62-11/16""",no
906,fatbook_2026,1470,DRESSER,For 99-06 FLHTC/I,FLHTC/I,1999,2006,,clutch,black_vinyl,0652-1407,06521407,38667-00,"62 11/16""","25 7/16""","2 13/16""",,14339,"High-Efficiency Black Vinyl Clutch Cable - 62-11/16""",no
907,fatbook_2026,1470,DRESSER,For 08-13 FLHTCU,FLHTCU,2008,2013,,clutch,braided,0652-1490,06521490,38667-08A,"62 11/16""","25 7/16""","3 1/2""",,14313,"High-Efficiency Braided Stainless Steel Clutch Cable - 62-15/16""",no
908,fatbook_2026,1470,DRESSER,For 08-13 FLHTCU,FLHTCU,2008,2013,,clutch,black_vinyl,0652-1435,06521435,38667-08A,"62 11/16""","25 7/16""","3 1/2""",,29845,"High-Efficiency Black Vinyl Clutch Cable - 62-11/16""",no
909,fatbook_2026,1470,DRESSER,For 10-13 FLHTCUTG,FLHTCUTG,2010,2013,,clutch,braided,0652-1490,06521490,38667-08A,"62 11/16""","25 7/16""","3 1/2""",,14313,"High-Efficiency Braided Stainless Steel Clutch Cable - 62-15/16""",no
910,fatbook_2026,1470,DRESSER,For 10-13 FLHTCUTG,FLHTCUTG,2010,2013,,clutch,black_vinyl,0652-1435,06521435,38667-08A,"62 11/16""","25 7/16""","3 1/2""",,29845,"High-Efficiency Black Vinyl Clutch Cable - 62-11/16""",no
911,fatbook_2026,1470,DRESSER,For 07 FLHTCU,FLHTCU,2007,2007,,clutch,braided,0652-1478,06521478,38667-07,"62 11/16""","25 7/16""","3 1/8""",,18102,"High-Efficiency Braided Stainless Steel Clutch Cable - 62-11/16""",no
912,fatbook_2026,1470,DRESSER,For 07 FLHTCU,FLHTCU,2007,2007,,clutch,black_vinyl,0652-1423,06521423,38667-07,"62 11/16""","25 7/16""","3 1/8""",,30149,"High-Efficiency Black Vinyl Clutch Cable - 62-11/16""",no
913,fatbook_2026,1470,DRESSER,For 99-06 FLHTCU,FLHTCU,1999,2006,,clutch,braided,0652-1462,06521462,38667-00,"62 11/16""","25 7/16""","2 13/16""",,18101,"High-Efficiency Braided Stainless Steel Clutch Cable - 62-11/16""",no
914,fatbook_2026,1470,DRESSER,For 99-06 FLHTCU,FLHTCU,1999,2006,,clutch,black_vinyl,0652-1407,06521407,38667-00,"62 11/16""","25 7/16""","2 13/16""",,14339,"High-Efficiency Black Vinyl Clutch Cable - 62-11/16""",no
915,fatbook_2026,1470,DRESSER,For 99-06 FLHTCU/I,FLHTCU/I,1999,2006,,clutch,braided,0652-1462,06521462,38667-00,"62 11/16""","25 7/16""","2 13/16""",,18101,"High-Efficiency Braided Stainless Steel Clutch Cable - 62-11/16""",no
916,fatbook_2026,1470,DRESSER,For 99-06 FLHTCU/I,FLHTCU/I,1999,2006,,clutch,black_vinyl,0652-1407,06521407,38667-00,"62 11/16""","25 7/16""","2 13/16""",,14339,"High-Efficiency Black Vinyl Clutch Cable - 62-11/16""",no
917,fatbook_2026,1470,DRESSER,For 08-12 FLTR,FLTR,2008,2012,,clutch,braided,0652-1490,06521490,38667-08A,"62 11/16""","25 7/16""","3 1/2""",,14313,"High-Efficiency Braided Stainless Steel Clutch Cable - 62-15/16""",no
918,fatbook_2026,1470,DRESSER,For 08-12 FLTR,FLTR,2008,2012,,clutch,black_vinyl,0652-1435,06521435,38667-08A,"62 11/16""","25 7/16""","3 1/2""",,29845,"High-Efficiency Black Vinyl Clutch Cable - 62-11/16""",no
919,fatbook_2026,1470,DRESSER,For 13 FLTR/X,FLTR/X,2013,2013,,clutch,braided,0652-1490,06521490,38667-08A,"62 11/16""","25 7/16""","3 1/2""",,14313,"High-Efficiency Braided Stainless Steel Clutch Cable - 62-15/16""",no
920,fatbook_2026,1470,DRESSER,For 13 FLTR/X,FLTR/X,2013,2013,,clutch,black_vinyl,0652-1435,06521435,38667-08A,"62 11/16""","25 7/16""","3 1/2""",,29845,"High-Efficiency Black Vinyl Clutch Cable - 62-11/16""",no
921,fatbook_2026,1470,DRESSER,For 07 FLTR,FLTR,2007,2007,,clutch,braided,0652-1478,06521478,38667-07,"62 11/16""","25 7/16""","3 1/8""",,18102,"High-Efficiency Braided Stainless Steel Clutch Cable - 62-11/16""",no
922,fatbook_2026,1470,DRESSER,For 07 FLTR,FLTR,2007,2007,,clutch,black_vinyl,0652-1423,06521423,38667-07,"62 11/16""","25 7/16""","3 1/8""",,30149,"High-Efficiency Black Vinyl Clutch Cable - 62-11/16""",no
923,fatbook_2026,1470,DRESSER,For 99-06 FLTR,FLTR,1999,2006,,clutch,braided,0652-1462,06521462,38667-00,"62 11/16""","25 7/16""","2 13/16""",,18101,"High-Efficiency Braided Stainless Steel Clutch Cable - 62-11/16""",no
924,fatbook_2026,1470,DRESSER,For 99-06 FLTR,FLTR,1999,2006,,clutch,black_vinyl,0652-1407,06521407,38667-00,"62 11/16""","25 7/16""","2 13/16""",,14339,"High-Efficiency Black Vinyl Clutch Cable - 62-11/16""",no
925,fatbook_2026,1470,DRESSER,For 99-06 FLTRI,FLTRI,1999,2006,,clutch,braided,0652-1462,06521462,38667-00,"62 11/16""","25 7/16""","2 13/16""",,18101,"High-Efficiency Braided Stainless Steel Clutch Cable - 62-11/16""",no
926,fatbook_2026,1470,DRESSER,For 99-06 FLTRI,FLTRI,1999,2006,,clutch,black_vinyl,0652-1407,06521407,38667-00,"62 11/16""","25 7/16""","2 13/16""",,14339,"High-Efficiency Black Vinyl Clutch Cable - 62-11/16""",no
927,fatbook_2026,1470,DRESSER,For 00-01 FLTRSE,FLTRSE,2000,2001,,clutch,braided,0652-1462,06521462,38667-00,"62 11/16""","25 7/16""","2 13/16""",,18101,"High-Efficiency Braided Stainless Steel Clutch Cable - 62-11/16""",no
928,fatbook_2026,1470,DRESSER,For 00-01 FLTRSE,FLTRSE,2000,2001,,clutch,black_vinyl,0652-1407,06521407,38667-00,"62 11/16""","25 7/16""","2 13/16""",,14339,"High-Efficiency Black Vinyl Clutch Cable - 62-11/16""",no
929,fatbook_2026,1470,DRESSER,For 08-13 FLHX,FLHX,2008,2013,,clutch,braided,0652-1490,06521490,38667-08A,"62 11/16""","25 7/16""","3 1/2""",,14313,"High-Efficiency Braided Stainless Steel Clutch Cable - 62-15/16""",no
930,fatbook_2026,1470,DRESSER,For 08-13 FLHX,FLHX,2008,2013,,clutch,black_vinyl,0652-1435,06521435,38667-08A,"62 11/16""","25 7/16""","3 1/2""",,29845,"High-Efficiency Black Vinyl Clutch Cable - 62-11/16""",no
931,fatbook_2026,1470,DRESSER,For 07 FLHX,FLHX,2007,2007,,clutch,braided,0652-1478,06521478,38667-07,"62 11/16""","25 7/16""","3 3/4""",,18102,"High-Efficiency Braided Stainless Steel Clutch Cable - 62-11/16""",no
932,fatbook_2026,1470,DRESSER,For 07 FLHX,FLHX,2007,2007,,clutch,black_vinyl,0652-1423,06521423,38667-07,"62 11/16""","25 7/16""","3 3/4""",,30149,"High-Efficiency Black Vinyl Clutch Cable - 62-11/16""",no
933,fatbook_2026,1470,DRESSER,For 06 FLHX/I,FLHX/I,2006,2006,,clutch,braided,0652-1462,06521462,38667-00,"62 11/16""","25 7/16""","2 3/4""",,18101,"High-Efficiency Braided Stainless Steel Clutch Cable - 62-11/16""",no
934,fatbook_2026,1470,DRESSER,For 06 FLHX/I,FLHX/I,2006,2006,,clutch,black_vinyl,0652-1407,06521407,38667-00,"62 11/16""","25 7/16""","2 3/4""",,14339,"High-Efficiency Black Vinyl Clutch Cable - 62-11/16""",no
935,fatbook_2026,1471,SOFTAIL,For 11-13 FXS,FXS,2011,2013,,clutch,black_vinyl,0652-1424,06521424,38665-07,"58 11/16""","31 1/2""","3 1/8""",,14162,"High-Efficiency Black Vinyl Clutch Cable - 58-11/16""",no
936,fatbook_2026,1471,SOFTAIL,For 08-11 FXCW/FXCWC,FXCW/FXCWC,2008,2011,,clutch,braided,0652-1482,06521482,38666-07,"64 11/16""","31 1/2""","3 1/8""",,30324,"High-Efficiency Braided Stainless Steel Clutch Cable - 64-11/16""",no
937,fatbook_2026,1471,SOFTAIL,For 08-11 FXCW/FXCWC,FXCW/FXCWC,2008,2011,,clutch,black_vinyl,0652-1427,06521427,38666-07,"64 11/16""","31 1/2""","3 1/8""",,14344,"High-Efficiency Black Vinyl Clutch Cable - 64-11/16""",no
938,fatbook_2026,1471,SOFTAIL,For 07-10 FXST,FXST,2007,2010,,clutch,braided,0652-1482,06521482,38666-07,"64 11/16""","31 1/2""","3 1/4""",,30324,"High-Efficiency Braided Stainless Steel Clutch Cable - 64-11/16""",no
939,fatbook_2026,1471,SOFTAIL,For 07-10 FXST,FXST,2007,2010,,clutch,black_vinyl,0652-1427,06521427,38666-07,"64 11/16""","31 1/2""","3 1/4""",,14344,"High-Efficiency Black Vinyl Clutch Cable - 64-11/16""",no
940,fatbook_2026,1471,SOFTAIL,For 00-06 FXST/I,FXST/I,2000,2006,,clutch,braided,0652-1471,06521471,38666-00,"64 7/16""","32 15/16""","2 13/16""",,14391,"High-Efficiency Braided Stainless Steel Clutch Cable - 64-7/16""",no
941,fatbook_2026,1471,SOFTAIL,For 00-06 FXST/I,FXST/I,2000,2006,,clutch,black_vinyl,0652-1416,06521416,38666-00,"64 7/16""","32 15/16""","2 13/16""",,29836,"High-Efficiency Black Vinyl Clutch Cable - 64-7/16""",no
942,fatbook_2026,1471,SOFTAIL,For 07-10 FXSTC,FXSTC,2007,2010,,clutch,braided,0652-1482,06521482,38666-07,"64 11/16""","31 1/2""","3 1/8""",,30324,"High-Efficiency Braided Stainless Steel Clutch Cable - 64-11/16""",no
943,fatbook_2026,1471,SOFTAIL,For 07-10 FXSTC,FXSTC,2007,2010,,clutch,black_vinyl,0652-1427,06521427,38666-07,"64 11/16""","31 1/2""","3 1/8""",,14344,"High-Efficiency Black Vinyl Clutch Cable - 64-11/16""",no
944,fatbook_2026,1471,SOFTAIL,For 07 FXSTD,FXSTD,2007,2007,,clutch,braided,0652-1481,06521481,38664-07,"62 11/16""","31 1/2""","3 1/8""",,14393,"High-Efficiency Braided Stainless Steel Clutch Cable - 62-11/16""",no
945,fatbook_2026,1471,SOFTAIL,For 07 FXSTD,FXSTD,2007,2007,,clutch,black_vinyl,0652-1426,06521426,38664-07,"62 11/16""","31 1/2""","3 1/8""",,14301,"High-Efficiency Black Vinyl Clutch Cable - 62-11/16""",no
946,fatbook_2026,1471,SOFTAIL,For 00-06 FXSTD/I,FXSTD/I,2000,2006,,clutch,braided,0652-1442,06521442,38664-00,"62 11/16""","32 15/16""","2 13/16""",,14306,"High-Efficiency Braided Stainless Steel Clutch Cable - 62-11/16""",no
947,fatbook_2026,1471,SOFTAIL,For 00-06 FXSTD/I,FXSTD/I,2000,2006,,clutch,black_vinyl,0652-1387,06521387,38664-00,"62 11/16""","32 15/16""","2 13/16""",,30194,"High-Efficiency Black Vinyl Clutch Cable - 62-11/16""",no
948,fatbook_2026,1471,SOFTAIL,For 07-10 FXSTB,FXSTB,2007,2010,,clutch,black_vinyl,0652-1424,06521424,38665-07,"58 11/16""","31 1/2""","3 1/8""",,14162,"High-Efficiency Black Vinyl Clutch Cable - 58-11/16""",no
949,fatbook_2026,1471,SOFTAIL,For 00-06 FXSTB/I,FXSTB/I,2000,2006,,clutch,braided,0652-1473,06521473,38665-00,"57 11/16""","32 11/16""","2 13/16""",,30220,"High-Efficiency Braided Stainless Steel Clutch Cable - 57-11/16""",no
950,fatbook_2026,1471,SOFTAIL,For 00-06 FXSTB/I,FXSTB/I,2000,2006,,clutch,black_vinyl,0652-1418,06521418,38665-00,"57 11/16""","32 11/16""","2 13/16""",,14343,"High-Efficiency Black Vinyl Clutch Cable - 57-11/16""",no
951,fatbook_2026,1471,SOFTAIL,For 07 FLSTSC,FLSTSC,2007,2007,,clutch,braided,0652-1482,06521482,38666-07,"64 11/16""","31 1/2""","3 1/8""",,30324,"High-Efficiency Braided Stainless Steel Clutch Cable - 64-11/16""",no
952,fatbook_2026,1471,SOFTAIL,For 07 FLSTSC,FLSTSC,2007,2007,,clutch,black_vinyl,0652-1427,06521427,38666-07,"64 11/16""","31 1/2""","3 1/8""",,14344,"High-Efficiency Black Vinyl Clutch Cable - 64-11/16""",no
953,fatbook_2026,1471,SOFTAIL,For 00-06 FXSTS/I,FXSTS/I,2000,2006,,clutch,braided,0652-1471,06521471,38666-00,"64 7/16""","32 15/16""","2 13/16""",,14391,"High-Efficiency Braided Stainless Steel Clutch Cable - 64-7/16""",no
954,fatbook_2026,1471,SOFTAIL,For 00-06 FXSTS/I,FXSTS/I,2000,2006,,clutch,black_vinyl,0652-1416,06521416,38666-00,"64 7/16""","32 15/16""","2 13/16""",,29836,"High-Efficiency Black Vinyl Clutch Cable - 64-7/16""",no
955,fatbook_2026,1471,SOFTAIL,For 12-17 FLS,FLS,2012,2017,,clutch,braided,0652-1481,06521481,38664-07,"62 11/16""","31 1/2""","3 1/8""",,14393,"High-Efficiency Braided Stainless Steel Clutch Cable - 62-11/16""",no
956,fatbook_2026,1471,SOFTAIL,For 12-17 FLS,FLS,2012,2017,,clutch,black_vinyl,0652-1426,06521426,38664-07,"62 11/16""","31 1/2""","3 1/8""",,14301,"High-Efficiency Black Vinyl Clutch Cable - 62-11/16""",no
957,fatbook_2026,1471,SOFTAIL,For 07-17 FLSTC,FLSTC,2007,2017,,clutch,braided,0652-1482,06521482,38666-07,"64 11/16""","31 1/2""","3 1/8""",,30324,"High-Efficiency Braided Stainless Steel Clutch Cable - 64-11/16""",no
958,fatbook_2026,1471,SOFTAIL,For 07-17 FLSTC,FLSTC,2007,2017,,clutch,black_vinyl,0652-1427,06521427,38666-07,"64 11/16""","31 1/2""","3 1/8""",,14344,"High-Efficiency Black Vinyl Clutch Cable - 64-11/16""",no
959,fatbook_2026,1471,SOFTAIL,For 00-06 FLSTC/I,FLSTC/I,2000,2006,,clutch,braided,0652-1471,06521471,38666-00,"64 7/16""","32 15/16""","2 13/16""",,14391,"High-Efficiency Braided Stainless Steel Clutch Cable - 64-7/16""",no
960,fatbook_2026,1471,SOFTAIL,For 00-06 FLSTC/I,FLSTC/I,2000,2006,,clutch,black_vinyl,0652-1416,06521416,38666-00,"64 7/16""","32 15/16""","2 13/16""",,29836,"High-Efficiency Black Vinyl Clutch Cable - 64-7/16""",no
961,fatbook_2026,1471,SOFTAIL,For 06 FLST/I,FLST/I,2006,2006,,clutch,braided,0652-1471,06521471,38666-00,"64 7/16""","32 15/16""","2 13/16""",,14391,"High-Efficiency Braided Stainless Steel Clutch Cable - 64-7/16""",no
962,fatbook_2026,1471,SOFTAIL,For 06 FLST/I,FLST/I,2006,2006,,clutch,black_vinyl,0652-1416,06521416,38666-00,"64 7/16""","32 15/16""","2 13/16""",,29836,"High-Efficiency Black Vinyl Clutch Cable - 64-7/16""",no
963,fatbook_2026,1471,SOFTAIL,For 10-17 FLSTFB,FLSTFB,2010,2017,,clutch,braided,0652-1481,06521481,38664-07,"64 11/16""","31 1/2""","3 1/8""",,14393,"High-Efficiency Braided Stainless Steel Clutch Cable - 62-11/16""",no
964,fatbook_2026,1471,SOFTAIL,For 10-17 FLSTFB,FLSTFB,2010,2017,,clutch,black_vinyl,0652-1426,06521426,38664-07,"64 11/16""","31 1/2""","3 1/8""",,14301,"High-Efficiency Black Vinyl Clutch Cable - 62-11/16""",no
965,fatbook_2026,1471,SOFTAIL,For 07-13 FLSTF,FLSTF,2007,2013,,clutch,braided,0652-1481,06521481,38666-07,"62 11/16""","31 1/2""","3 1/8""",,14393,"High-Efficiency Braided Stainless Steel Clutch Cable - 62-11/16""",no
966,fatbook_2026,1471,SOFTAIL,For 07-13 FLSTF,FLSTF,2007,2013,,clutch,black_vinyl,0652-1426,06521426,38666-07,"62 11/16""","31 1/2""","3 1/8""",,14301,"High-Efficiency Black Vinyl Clutch Cable - 62-11/16""",no
967,fatbook_2026,1471,SOFTAIL,For 00-06 FLSTF/I,FLSTF/I,2000,2006,,clutch,braided,0652-1471,06521471,38666-00,"64 7/16""","32 15/16""","2 13/16""",,14391,"High-Efficiency Braided Stainless Steel Clutch Cable - 64-7/16""",no
968,fatbook_2026,1471,SOFTAIL,For 00-06 FLSTF/I,FLSTF/I,2000,2006,,clutch,black_vinyl,0652-1416,06521416,38666-00,"64 7/16""","32 15/16""","2 13/16""",,29836,"High-Efficiency Black Vinyl Clutch Cable - 64-7/16""",no
969,fatbook_2026,1471,SOFTAIL,For 07-17 FLSTN,FLSTN,2007,2017,,clutch,braided,0652-1481,06521481,38664-07,"62 11/16""","31 1/2""","3 1/8""",,14393,"High-Efficiency Braided Stainless Steel Clutch Cable - 62-11/16""",no
970,fatbook_2026,1471,SOFTAIL,For 07-17 FLSTN,FLSTN,2007,2017,,clutch,black_vinyl,0652-1426,06521426,38664-07,"62 11/16""","31 1/2""","3 1/8""",,14301,"High-Efficiency Black Vinyl Clutch Cable - 62-11/16""",no
971,fatbook_2026,1471,SOFTAIL,For 05-06 FLSTN,FLSTN,2005,2006,,clutch,braided,0652-1442,06521442,38664-00,"62 11/16""","32 15/16""","2 13/16""",,14306,"High-Efficiency Braided Stainless Steel Clutch Cable - 62-11/16""",no
972,fatbook_2026,1471,SOFTAIL,For 05-06 FLSTN,FLSTN,2005,2006,,clutch,black_vinyl,0652-1387,06521387,38664-00,"62 11/16""","32 15/16""","2 13/16""",,30194,"High-Efficiency Black Vinyl Clutch Cable - 62-11/16""",no
973,fatbook_2026,1471,SOFTAIL,For 08-11 FLSTSB,FLSTSB,2008,2011,,clutch,braided,0652-1482,06521482,38666-07,"64 11/16""","31 1/2""","3 1/8""",,30324,"High-Efficiency Braided Stainless Steel Clutch Cable - 64-11/16""",no
974,fatbook_2026,1471,SOFTAIL,For 08-11 FLSTSB,FLSTSB,2008,2011,,clutch,black_vinyl,0652-1427,06521427,38666-07,"64 11/16""","31 1/2""","3 1/8""",,14344,"High-Efficiency Black Vinyl Clutch Cable - 64-11/16""",no
975,fatbook_2026,1471,SOFTAIL,For 00-06 FLSTS/I,FLSTS/I,2000,2006,,clutch,braided,0652-1471,06521471,38666-00,"64 7/16""","32 15/16""","2 13/16""",,14391,"High-Efficiency Braided Stainless Steel Clutch Cable - 64-7/16""",no
976,fatbook_2026,1471,SOFTAIL,For 00-06 FLSTS/I,FLSTS/I,2000,2006,,clutch,black_vinyl,0652-1416,06521416,38666-00,"64 7/16""","32 15/16""","2 13/16""",,29836,"High-Efficiency Black Vinyl Clutch Cable - 64-7/16""",no
977,fatbook_2026,1471,DYNA,For 12-16 FLD,FLD,2012,2016,,clutch,braided,0652-1482,06521482,38666-07,"64 11/16""","31 1/2""","3 1/8""",,30324,"High-Efficiency Braided Stainless Steel Clutch Cable - 64-11/16""",no
978,fatbook_2026,1471,DYNA,For 12-16 FLD,FLD,2012,2016,,clutch,black_vinyl,0652-1427,06521427,38666-07,"64 11/16""","31 1/2""","3 1/8""",,14344,"High-Efficiency Black Vinyl Clutch Cable - 64-11/16""",no
979,fatbook_2026,1471,DYNA,For 06-10 FXD,FXD,2006,2010,,clutch,braided,0652-1482,06521482,38666-07,"64 11/16""","31 1/2""","3 1/8""",,30324,"High-Efficiency Braided Stainless Steel Clutch Cable - 64-11/16""",no
980,fatbook_2026,1471,DYNA,For 06-10 FXD,FXD,2006,2010,,clutch,black_vinyl,0652-1427,06521427,38666-07,"64 11/16""","31 1/2""","3 1/8""",,14344,"High-Efficiency Black Vinyl Clutch Cable - 64-11/16""",no
981,fatbook_2026,1471,DYNA,For 00-05 FXD/X,FXD/X,2000,2005,,clutch,braided,0652-1471,06521471,38666-00,"64 7/16""","32 15/16""","2 13/16""",,14391,"High-Efficiency Braided Stainless Steel Clutch Cable - 64-7/16""",no
982,fatbook_2026,1471,DYNA,For 00-05 FXD/X,FXD/X,2000,2005,,clutch,black_vinyl,0652-1416,06521416,38666-00,"64 7/16""","32 15/16""","2 13/16""",,29836,"High-Efficiency Black Vinyl Clutch Cable - 64-7/16""",no
983,fatbook_2026,1471,DYNA,For 99 FXD,FXD,1999,1999,,clutch,braided,0652-1456,06521456,38602-92,"68 11/16""","32 15/16""","2 13/16""",,14350,"High-Efficiency Braided Stainless Steel Clutch Cable - 68-11/16""",no
984,fatbook_2026,1471,DYNA,For 99 FXD,FXD,1999,1999,,clutch,black_vinyl,0652-1401,06521401,38602-92,"68 11/16""","32 15/16""","2 13/16""",,18094,"High-Efficiency Black Vinyl Clutch Cable - 68-11/16""",no
985,fatbook_2026,1471,DYNA,For 06-14 FXDC,FXDC,2006,2014,,clutch,braided,0652-1482,06521482,38666-07,"64 11/16""","31 1/2""","3 1/8""",,30324,"High-Efficiency Braided Stainless Steel Clutch Cable - 64-11/16""",no
986,fatbook_2026,1471,DYNA,For 06-14 FXDC,FXDC,2006,2014,,clutch,black_vinyl,0652-1427,06521427,38666-07,"64 11/16""","31 1/2""","3 1/8""",,14344,"High-Efficiency Black Vinyl Clutch Cable - 64-11/16""",no
987,fatbook_2026,1471,DYNA,For 00-05 FXDX/T,FXDX/T,2000,2005,,clutch,braided,0652-1471,06521471,38666-00,"64 7/16""","32 15/16""","2 13/16""",,14391,"High-Efficiency Braided Stainless Steel Clutch Cable - 64-7/16""",no
988,fatbook_2026,1471,DYNA,For 00-05 FXDX/T,FXDX/T,2000,2005,,clutch,black_vinyl,0652-1416,06521416,38666-00,"64 7/16""","32 15/16""","2 13/16""",,29836,"High-Efficiency Black Vinyl Clutch Cable - 64-7/16""",no
989,fatbook_2026,1471,DYNA,For 06-17 FXDB w/ mini base apes,FXDB w/ mini base apes,2006,2017,,clutch,braided,0652-1484,06521484,38789-06A,"68 11/16""","31 1/2""","3 1/8""",,30325,"High-Efficiency Braided Stainless Steel Clutch Cable - 68-11/16""",no
990,fatbook_2026,1471,DYNA,For 06-17 FXDB w/ mini base apes,FXDB w/ mini base apes,2006,2017,,clutch,black_vinyl,0652-1429,06521429,38789-06A,"68 11/16""","31 1/2""","3 1/8""",,14164,"High-Efficiency Black Vinyl Clutch Cable - 68-11/16""",no
991,fatbook_2026,1471,DYNA,For 01-02 FXDWG CVO,FXDWG CVO,2001,2002,,clutch,braided,0652-1471,06521471,38666-00,"64 7/16""","32 15/16""","2 13/16""",,14391,"High-Efficiency Braided Stainless Steel Clutch Cable - 64-7/16""",no
992,fatbook_2026,1471,DYNA,For 01-02 FXDWG CVO,FXDWG CVO,2001,2002,,clutch,black_vinyl,0652-1416,06521416,38666-00,"64 7/16""","32 15/16""","2 13/16""",,29836,"High-Efficiency Black Vinyl Clutch Cable - 64-7/16""",no
993,fatbook_2026,1471,DYNA,For 14-17 FXDL,FXDL,2014,2017,,clutch,braided,0652-1484,06521484,38789-06A,"68 11/16""","32 15/16""","2 13/16""",,30325,"High-Efficiency Braided Stainless Steel Clutch Cable - 68-11/16""",no
994,fatbook_2026,1471,DYNA,For 14-17 FXDL,FXDL,2014,2017,,clutch,black_vinyl,0652-1429,06521429,38789-06A,"68 11/16""","32 15/16""","2 13/16""",,14164,"High-Efficiency Black Vinyl Clutch Cable - 68-11/16""",no
995,fatbook_2026,1471,DYNA,For 06-08 FXDL,FXDL,2006,2008,,clutch,braided,0652-1483,06521483,38788-06A,"66 11/16""","31 1/2""","3 1/8""",,14356,"High-Efficiency Braided Stainless Steel Clutch Cable - 66-11/16""",no
996,fatbook_2026,1471,DYNA,For 06-08 FXDL,FXDL,2006,2008,,clutch,black_vinyl,0652-1428,06521428,38788-06A,"66 11/16""","31 1/2""","3 1/8""",,14345,"High-Efficiency Black Vinyl Clutch Cable - 66-11/16""",no
997,fatbook_2026,1471,DYNA,For 01-05 FXDL,FXDL,2001,2005,,clutch,braided,0652-1471,06521471,38666-00,"64 7/16""","32 15/16""","2 13/16""",,14391,"High-Efficiency Braided Stainless Steel Clutch Cable - 64-7/16""",no
998,fatbook_2026,1471,DYNA,For 01-05 FXDL,FXDL,2001,2005,,clutch,black_vinyl,0652-1416,06521416,38666-00,"64 7/16""","32 15/16""","2 13/16""",,29836,"High-Efficiency Black Vinyl Clutch Cable - 64-7/16""",no
999,fatbook_2026,1471,DYNA,For 00 FXDL,FXDL,2000,2000,,clutch,braided,0652-1456,06521456,38602-92,"68 11/16""","32 15/16""","2 13/16""",,14350,"High-Efficiency Braided Stainless Steel Clutch Cable - 68-11/16""",no
1000,fatbook_2026,1471,DYNA,For 00 FXDL,FXDL,2000,2000,,clutch,black_vinyl,0652-1401,06521401,38602-92,"68 11/16""","32 15/16""","2 13/16""",,18094,"High-Efficiency Black Vinyl Clutch Cable - 68-11/16""",no
1001,fatbook_2026,1471,DYNA,For 99-00 FXDS CONV,FXDS CONV,1999,2000,,clutch,braided,0652-1456,06521456,38602-92,"68 11/16""","32 15/16""","2 13/16""",,14350,"High-Efficiency Braided Stainless Steel Clutch Cable - 68-11/16""",no
1002,fatbook_2026,1471,DYNA,For 99-00 FXDS CONV,FXDS CONV,1999,2000,,clutch,black_vinyl,0652-1401,06521401,38602-92,"68 11/16""","32 15/16""","2 13/16""",,18094,"High-Efficiency Black Vinyl Clutch Cable - 68-11/16""",no
1003,fatbook_2026,1471,DYNA,For 10-17 FXDWG,FXDWG,2010,2017,,clutch,braided,0652-1484,06521484,38789-06A,"68 11/16""","31 1/2""","3 1/8""",,30325,"High-Efficiency Braided Stainless Steel Clutch Cable - 68-11/16""",no
1004,fatbook_2026,1471,DYNA,For 10-17 FXDWG,FXDWG,2010,2017,,clutch,black_vinyl,0652-1429,06521429,38789-06A,"68 11/16""","31 1/2""","3 1/8""",,14164,"High-Efficiency Black Vinyl Clutch Cable - 68-11/16""",no
1005,fatbook_2026,1471,DYNA,For 06-08 FXDWG,FXDWG,2006,2008,,clutch,braided,0652-1484,06521484,38789-06A,"68 11/16""","31 1/2""","3 1/8""",,30325,"High-Efficiency Braided Stainless Steel Clutch Cable - 68-11/16""",no
1006,fatbook_2026,1471,DYNA,For 06-08 FXDWG,FXDWG,2006,2008,,clutch,black_vinyl,0652-1429,06521429,38789-06A,"68 11/16""","31 1/2""","3 1/8""",,14164,"High-Efficiency Black Vinyl Clutch Cable - 68-11/16""",no
1007,fatbook_2026,1471,DYNA,For 00-05 FXDWG,FXDWG,2000,2005,,clutch,braided,0652-1456,06521456,38661-00,"68 11/16""","32 15/16""","2 13/16""",,14350,"High-Efficiency Braided Stainless Steel Clutch Cable - 68-11/16""",no
1008,fatbook_2026,1471,DYNA,For 00-05 FXDWG,FXDWG,2000,2005,,clutch,black_vinyl,0652-1401,06521401,38661-00,"68 11/16""","32 15/16""","2 13/16""",,18094,"High-Efficiency Black Vinyl Clutch Cable - 68-11/16""",no
1009,fatbook_2026,1471,DYNA,For 99 FXDWG,FXDWG,1999,1999,,clutch,braided,0652-1456,06521456,38602-92,"68 11/16""","32 15/16""","2 13/16""",,14350,"High-Efficiency Braided Stainless Steel Clutch Cable - 68-11/16""",no
1010,fatbook_2026,1471,DYNA,For 99 FXDWG,FXDWG,1999,1999,,clutch,black_vinyl,0652-1401,06521401,38602-92,"68 11/16""","32 15/16""","2 13/16""",,18094,"High-Efficiency Black Vinyl Clutch Cable - 68-11/16""",no
1011,fatbook_2026,1471,DYNA,For 06 FXD35,FXD35,2006,2006,,clutch,braided,0652-1483,06521483,38787-06,"66 11/16""","31 1/2""","3 1/8""",,14356,"High-Efficiency Braided Stainless Steel Clutch Cable - 66-11/16""",no
1012,fatbook_2026,1471,DYNA,For 06 FXD35,FXD35,2006,2006,,clutch,black_vinyl,0652-1428,06521428,38787-06,"66 11/16""","31 1/2""","3 1/8""",,14345,"High-Efficiency Black Vinyl Clutch Cable - 66-11/16""",no
1013,fatbook_2026,1471,XL,For 04-09 XL883,XL883,2004,2009,,clutch,braided,0652-1475,06521475,38699-04,"54 3/4""","23 9/16""","2 13/16""",,30221,"High-Efficiency Braided Stainless Steel Clutch Cable - 54-3/4""",no
1014,fatbook_2026,1471,XL,For 04-09 XL883,XL883,2004,2009,,clutch,black_vinyl,0652-1420,06521420,38699-04,"54 3/4""","23 9/16""","2 13/16""",,8099,"High-Efficiency Black Vinyl Clutch Cable - 54-3/4""",no
1015,fatbook_2026,1471,XL,For 05-20 XL883L,XL883L,2005,2020,,clutch,braided,0652-1476,06521476,38702-05,"57 1/4""","25 7/16""","2 13/16""",,14392,"High-Efficiency Braided Stainless Steel Clutch Cable - 57-1/4""",no
1016,fatbook_2026,1471,XL,For 05-20 XL883L,XL883L,2005,2020,,clutch,black_vinyl,0652-1421,06521421,38702-05,"57 1/4""","25 7/16""","2 13/16""",,18097,"High-Efficiency Black Vinyl Clutch Cable - 57-1/4""",no
1017,fatbook_2026,1471,XL,For 06-11 XL1200L,XL1200L,2006,2011,,clutch,braided,0652-1476,06521476,38702-05A,"57 1/4""","25 7/16""","2 13/16""",,14392,"High-Efficiency Braided Stainless Steel Clutch Cable - 57-1/4""",no
1018,fatbook_2026,1471,XL,For 06-11 XL1200L,XL1200L,2006,2011,,clutch,black_vinyl,0652-1421,06521421,38702-05A,"57 1/4""","25 7/16""","2 13/16""",,18097,"High-Efficiency Black Vinyl Clutch Cable - 57-1/4""",no
1019,fatbook_2026,1471,XL,For 86-03 XLH883 Std.,XLH883 Std.,1986,2003,,clutch,braided,0652-1445,06521445,38619-86A,"52 3/4""","23 9/16""","2 9/16""",,18095,"High-Efficiency Braided Stainless Steel Clutch Cable - 52-3/4""",no
1020,fatbook_2026,1471,XL,For 86-03 XLH883 Std.,XLH883 Std.,1986,2003,,clutch,black_vinyl,0652-1390,06521390,38619-86A,"52 3/4""","23 9/16""","2 9/16""",,2330,"High-Efficiency Black Vinyl Clutch Cable - 52-3/4""",no
1021,fatbook_2026,1471,XL,For 87-91 XLH883 Deluxe,XLH883 Deluxe,1987,1991,,clutch,braided,0652-1445,06521445,38619-89A,"52 3/4""","23 9/16""","2 9/16""",,18095,"High-Efficiency Braided Stainless Steel Clutch Cable - 52-3/4""",no
1022,fatbook_2026,1471,XL,For 87-91 XLH883 Deluxe,XLH883 Deluxe,1987,1991,,clutch,black_vinyl,0652-1390,06521390,38619-89A,"52 3/4""","23 9/16""","2 9/16""",,2330,"High-Efficiency Black Vinyl Clutch Cable - 52-3/4""",no
1023,fatbook_2026,1471,XL,For 04-10 XL883C,XL883C,2004,2010,,clutch,braided,0652-1475,06521475,38699-04,"54 3/4""","23 9/16""","2 13/16""",,30221,"High-Efficiency Braided Stainless Steel Clutch Cable - 54-3/4""",no
1024,fatbook_2026,1471,XL,For 04-10 XL883C,XL883C,2004,2010,,clutch,black_vinyl,0652-1420,06521420,38699-04,"54 3/4""","23 9/16""","2 13/16""",,8099,"High-Efficiency Black Vinyl Clutch Cable - 54-3/4""",no
1025,fatbook_2026,1471,XL,For 00-03 XL883C,XL883C,2000,2003,,clutch,braided,0652-1445,06521445,38663-00,"52 3/4""","23 9/16""","2 9/16""",,18095,"High-Efficiency Braided Stainless Steel Clutch Cable - 52-3/4""",no
1026,fatbook_2026,1471,XL,For 00-03 XL883C,XL883C,2000,2003,,clutch,black_vinyl,0652-1390,06521390,38663-00,"52 3/4""","23 9/16""","2 9/16""",,2330,"High-Efficiency Black Vinyl Clutch Cable - 52-3/4""",no
1027,fatbook_2026,1471,XL,For 09-22 XL883N,XL883N,2009,2022,,clutch,braided,0652-1476,06521476,38702-05,"57 1/4""","25 7/16""","2 13/16""",,14392,"High-Efficiency Braided Stainless Steel Clutch Cable - 57-1/4""",no
1028,fatbook_2026,1471,XL,For 09-22 XL883N,XL883N,2009,2022,,clutch,black_vinyl,0652-1421,06521421,38702-05,"57 1/4""","25 7/16""","2 13/16""",,18097,"High-Efficiency Black Vinyl Clutch Cable - 57-1/4""",no
1029,fatbook_2026,1471,XL,For 06-11 XL883R,XL883R,2006,2011,,clutch,braided,0652-1475,06521475,38699-04,"54 3/4""","23 9/16""","2 13/16""",,30221,"High-Efficiency Braided Stainless Steel Clutch Cable - 54-3/4""",no
1030,fatbook_2026,1471,XL,For 06-11 XL883R,XL883R,2006,2011,,clutch,black_vinyl,0652-1420,06521420,38699-04,"54 3/4""","23 9/16""","2 13/16""",,8099,"High-Efficiency Black Vinyl Clutch Cable - 54-3/4""",no
1031,fatbook_2026,1471,XL,For 02-03 XL883R,XL883R,2002,2003,,clutch,braided,0652-1445,06521445,38663-00,"52 3/4""","23 9/16""","2 9/16""",,18095,"High-Efficiency Braided Stainless Steel Clutch Cable - 52-3/4""",no
1032,fatbook_2026,1471,XL,For 02-03 XL883R,XL883R,2002,2003,,clutch,black_vinyl,0652-1390,06521390,38663-00,"52 3/4""","23 9/16""","2 9/16""",,2330,"High-Efficiency Black Vinyl Clutch Cable - 52-3/4""",no
1033,fatbook_2026,1471,XL,For 13-20 XL1200CB,XL1200CB,2013,2020,,clutch,black_vinyl,0652-1917,06521917,37000041,"63""","20 3/4""","2 13/16""",,30333,"High-Efficiency Black Vinyl Clutch Cable - 63""",no
1034,fatbook_2026,1471,XL,For 19-20 XL1200NS,XL1200NS,2019,2020,,clutch,black_vinyl,0652-1917,06521917,37000041,"63""","20 3/4""","2 13/16""",,30333,"High-Efficiency Black Vinyl Clutch Cable - 63""",no
1035,fatbook_2026,1471,XL,For 19-20 XL1200XS,XL1200XS,2019,2020,,clutch,braided,0652-1476,06521476,38702-05,"57 1/4""","25 7/16""","2 13/16""",,14392,"High-Efficiency Braided Stainless Steel Clutch Cable - 57-1/4""",no
1036,fatbook_2026,1471,XL,For 19-20 XL1200XS,XL1200XS,2019,2020,,clutch,black_vinyl,0652-1421,06521421,38702-05,"57 1/4""","25 7/16""","2 13/16""",,18097,"High-Efficiency Black Vinyl Clutch Cable - 57-1/4""",no
1037,fatbook_2026,1471,XL,For 11-17 XL1200CP,XL1200CP,2011,2017,,clutch,black_vinyl,0652-1917,06521917,37000041,"63""","20 3/4""","2 13/16""",,30333,"High-Efficiency Black Vinyl Clutch Cable - 63""",no
1038,fatbook_2026,1471,XL,For 13-17 XL1200V,XL1200V,2013,2017,,clutch,black_vinyl,0652-1917,06521917,37000041,"63""","20 3/4""","2 13/16""",,30333,"High-Efficiency Black Vinyl Clutch Cable - 63""",no
1039,fatbook_2026,1471,XL,For 04-20 XL1200C w/ OEM pullbacks,XL1200C w/ OEM pullbacks,2004,2020,,clutch,braided,0652-1475,06521475,38699-04,"54 3/4""","23 9/16""","2 13/16""",,30221,"High-Efficiency Braided Stainless Steel Clutch Cable - 54-3/4""",no
1040,fatbook_2026,1471,XL,For 04-20 XL1200C w/ OEM pullbacks,XL1200C w/ OEM pullbacks,2004,2020,,clutch,black_vinyl,0652-1420,06521420,38699-04,"54 3/4""","23 9/16""","2 13/16""",,8099,"High-Efficiency Black Vinyl Clutch Cable - 54-3/4""",no
1041,fatbook_2026,1471,XL,For 00-03 XL1200C,XL1200C,2000,2003,,clutch,braided,0652-1445,06521445,38663-00,"52 3/4""","23 9/16""","2 9/16""",,18095,"High-Efficiency Braided Stainless Steel Clutch Cable - 52-3/4""",no
1042,fatbook_2026,1471,XL,For 00-03 XL1200C,XL1200C,2000,2003,,clutch,black_vinyl,0652-1390,06521390,38663-00,"52 3/4""","23 9/16""","2 9/16""",,2330,"High-Efficiency Black Vinyl Clutch Cable - 52-3/4""",no
1043,fatbook_2026,1471,XL,For 07-12 XL1200N,XL1200N,2007,2012,,clutch,braided,0652-1475,06521475,38699-04,"54 3/4""","23 9/16""","2 13/16""",,30221,"High-Efficiency Braided Stainless Steel Clutch Cable - 54-3/4""",no
1044,fatbook_2026,1471,XL,For 07-12 XL1200N,XL1200N,2007,2012,,clutch,black_vinyl,0652-1420,06521420,38699-04,"54 3/4""","23 9/16""","2 13/16""",,8099,"High-Efficiency Black Vinyl Clutch Cable - 54-3/4""",no
1045,fatbook_2026,1471,XL,For 04-09 XL1200R,XL1200R,2004,2009,,clutch,braided,0652-1475,06521475,38699-04,"54 3/4""","23 9/16""","2 13/16""",,30221,"High-Efficiency Braided Stainless Steel Clutch Cable - 54-3/4""",no
1046,fatbook_2026,1471,XL,For 04-09 XL1200R,XL1200R,2004,2009,,clutch,black_vinyl,0652-1420,06521420,38699-04,"54 3/4""","23 9/16""","2 13/16""",,8099,"High-Efficiency Black Vinyl Clutch Cable - 54-3/4""",no
1047,fatbook_2026,1471,XL,For 96-03 XL1200S,XL1200S,1996,2003,,clutch,braided,0652-1445,06521445,38663-00,"52 3/4""","23 9/16""","2 9/16""",,18095,"High-Efficiency Braided Stainless Steel Clutch Cable - 52-3/4""",no
1048,fatbook_2026,1471,XL,For 96-03 XL1200S,XL1200S,1996,2003,,clutch,black_vinyl,0652-1390,06521390,38663-00,"52 3/4""","23 9/16""","2 9/16""",,2330,"High-Efficiency Black Vinyl Clutch Cable - 52-3/4""",no
1049,fatbook_2026,1471,XL,For 14-17 XL1200T,XL1200T,2014,2017,,clutch,braided,0652-1475,06521475,38699-04,"54 3/4""","23 9/16""","2 13/16""",,30221,"High-Efficiency Braided Stainless Steel Clutch Cable - 54-3/4""",no
1050,fatbook_2026,1471,XL,For 14-17 XL1200T,XL1200T,2014,2017,,clutch,black_vinyl,0652-1420,06521420,38699-04,"54 3/4""","23 9/16""","2 13/16""",,8099,"High-Efficiency Black Vinyl Clutch Cable - 54-3/4""",no
1051,fatbook_2026,1471,XL,For 10-22 XL1200X,XL1200X,2010,2022,,clutch,braided,0652-1475,06521475,38699-04,"54 3/4""","23 9/16""","2 13/16""",,30221,"High-Efficiency Braided Stainless Steel Clutch Cable - 54-3/4""",no
1052,fatbook_2026,1471,XL,For 10-22 XL1200X,XL1200X,2010,2022,,clutch,black_vinyl,0652-1420,06521420,38699-04,"54 3/4""","23 9/16""","2 13/16""",,8099,"High-Efficiency Black Vinyl Clutch Cable - 54-3/4""",no
1053,fatbook_2026,1471,XL,For 96-03 XLH883 Hugger,XLH883 Hugger,1996,2003,,clutch,braided,0652-1470,06521470,38662-00,"57 1/4""","20 1/2""","2 9/16""",,2782,"High-Efficiency Braided Stainless Steel Clutch Cable - 57-1/4""",no
1054,fatbook_2026,1471,XL,For 96-03 XLH883 Hugger,XLH883 Hugger,1996,2003,,clutch,black_vinyl,0652-1415,06521415,38662-00,"57 1/4""","20 1/2""","2 9/16""",,30146,"High-Efficiency Black Vinyl Clutch Cable - 57-1/4""",no
1055,fatbook_2026,1471,XL,For 99 XL883C,XL883C,1999,1999,,clutch,braided,0652-1470,06521470,38662-00,"57 1/4""","20 1/2""","2 9/16""",,2782,"High-Efficiency Braided Stainless Steel Clutch Cable - 57-1/4""",no
1056,fatbook_2026,1471,XL,For 99 XL883C,XL883C,1999,1999,,clutch,black_vinyl,0652-1415,06521415,38662-00,"57 1/4""","20 1/2""","2 9/16""",,30146,"High-Efficiency Black Vinyl Clutch Cable - 57-1/4""",no
1057,fatbook_2026,1471,XL,For 96-03 XLH1200,XLH1200,1996,2003,,clutch,braided,0652-1470,06521470,38662-00,"57 1/4""","20 1/2""","2 9/16""",,2782,"High-Efficiency Braided Stainless Steel Clutch Cable - 57-1/4""",no
1058,fatbook_2026,1471,XL,For 96-03 XLH1200,XLH1200,1996,2003,,clutch,black_vinyl,0652-1415,06521415,38662-00,"57 1/4""","20 1/2""","2 9/16""",,30146,"High-Efficiency Black Vinyl Clutch Cable - 57-1/4""",no
1059,fatbook_2026,1471,XL,For 96-99 XL1200C,XL1200C,1996,1999,,clutch,braided,0652-1470,06521470,38620-96,"57 1/4""","20 1/2""","2 9/16""",,2782,"High-Efficiency Braided Stainless Steel Clutch Cable - 57-1/4""",no
1060,fatbook_2026,1471,XL,For 96-99 XL1200C,XL1200C,1996,1999,,clutch,black_vinyl,0652-1415,06521415,38620-96,"57 1/4""","20 1/2""","2 9/16""",,30146,"High-Efficiency Black Vinyl Clutch Cable - 57-1/4""",no
1061,fatbook_2026,1471,XL,For 86-87 XLH1100,XLH1100,1986,1987,,clutch,braided,0652-1448,06521448,38621-86A,"61 1/4""","23 1/2""","2 9/16""",,29847,"High-Efficiency Braided Stainless Steel Clutch Cable - 61-1/14""",no
1062,fatbook_2026,1471,XL,For 86-87 XLH1100,XLH1100,1986,1987,,clutch,black_vinyl,0652-1393,06521393,38621-86A,"61 1/4""","23 1/2""","2 9/16""",,30195,"High-Efficiency Black Vinyl Clutch Cable - 61-1/4""",no
1063,fatbook_2026,1471,XL,For 92-95 XLH883 Deluxe,XLH883 Deluxe,1992,1995,,clutch,braided,0652-1448,06521448,38621-86A,"61 1/4""","23 1/2""","2 9/16""",,29847,"High-Efficiency Braided Stainless Steel Clutch Cable - 61-1/14""",no
1064,fatbook_2026,1471,XL,For 92-95 XLH883 Deluxe,XLH883 Deluxe,1992,1995,,clutch,black_vinyl,0652-1393,06521393,38621-86A,"61 1/4""","23 1/2""","2 9/16""",,30195,"High-Efficiency Black Vinyl Clutch Cable - 61-1/4""",no
1065,fatbook_2026,1471,XL,For 87-95 XLH883 Hugger,XLH883 Hugger,1987,1995,,clutch,braided,0652-1448,06521448,38621-86A,"61 1/4""","23 1/2""","2 9/16""",,29847,"High-Efficiency Braided Stainless Steel Clutch Cable - 61-1/14""",no
1066,fatbook_2026,1471,XL,For 87-95 XLH883 Hugger,XLH883 Hugger,1987,1995,,clutch,black_vinyl,0652-1393,06521393,38621-86A,"61 1/4""","23 1/2""","2 9/16""",,30195,"High-Efficiency Black Vinyl Clutch Cable - 61-1/4""",no
1067,fatbook_2026,1471,XL,For 88-95 XLH1200,XLH1200,1988,1995,,clutch,braided,0652-1448,06521448,38621-86A,"61 1/4""","23 1/2""","2 9/16""",,29847,"High-Efficiency Braided Stainless Steel Clutch Cable - 61-1/14""",no
1068,fatbook_2026,1471,XL,For 88-95 XLH1200,XLH1200,1988,1995,,clutch,black_vinyl,0652-1393,06521393,38621-86A,"61 1/4""","23 1/2""","2 9/16""",,30195,"High-Efficiency Black Vinyl Clutch Cable - 61-1/4""",no
