norm,product_id_a,product_id_b,sku_a,sku_b,vendor_a,vendor_b
CTX20HBSFT,13701,55060,21130780,WPS-49-3034,PU,WPS
CTX20HLBSFT,13702,55061,21130781,WPS-49-3035,PU,WPS
16201,36885,71022,VT-32-3043,WPS-132-7013,VTWIN,WPS
E250091BD10,13704,90595,21130798,VT-32-1979,PU,VTWIN
E250091BD11,13706,90596,21130799,VT-32-1980,PU,VTWIN
9960,1328,69009,22120798,VT-30-1283,PU,VTWIN
DP3G,58777,90984,WPS-850-08020,VT-32-9618,WPS,VTWIN
DP3G,11279,90984,21200053,VT-32-9618,PU,VTWIN
83440,13745,87822,17310208,VT-23-1787,PU,VTWIN
SOLIDPINS,58760,90967,WPS-850-08002,VT-32-9602,WPS,VTWIN
SOLIDPINS,8500,90967,21200071,VT-32-9602,PU,VTWIN
87159,13760,50623,17310417,WPS-820-50610,PU,WPS
371032,44309,70707,VT-32-1543,WPS-820-50845,VTWIN,WPS
NHCXFX25,34295,71163,VT-32-6699,21201446,VTWIN,PU
7122,77276,96409,VT-10-0427,VT-40-9907,VTWIN,VTWIN
77958,62081,73149,VT-34-0744,VT-15-7958,VTWIN,VTWIN
E250091BD6,13808,90592,21130735,VT-32-1975,PU,VTWIN
E250091BD7,13809,90593,21130736,VT-32-1976,PU,VTWIN
3507X,24089,61038,VT-11-9762,3507X,VTWIN,PU
102009,13843,53447,21020332,WPS-820-60412,PU,WPS
B281256,4236,56042,13102496,WPS-750-05580,PU,WPS
351567,13881,95345,23300268,VT-50-0279,PU,VTWIN
351567,13881,58465,23300268,WPS-820-52354,PU,WPS
351567,58465,95345,VT-50-0279,WPS-820-52354,VTWIN,WPS
24572,92987,95983,VT-73-0041,VT-37-9057,VTWIN,VTWIN
W160331,29956,92689,02140374,VT-37-0999,PU,VTWIN
78287,62124,77477,VT-15-8287,VT-42-0267,VTWIN,VTWIN
H070587B,30042,67329,06100221,VT-26-2113,PU,VTWIN
NM334710302,8480,91013,21200338,VT-32-9697,PU,VTWIN
NM334710302,58864,91013,WPS-850-08305,VT-32-9697,WPS,VTWIN
210035,4576,86894,14011076,VT-18-8328,PU,VTWIN
78113,8347,68478,14050086,VT-29-0206,PU,VTWIN
792103,14108,57615,792103,WPS-279-2103,PU,WPS
31SI,26785,64156,VT-20-0909,11200433,VTWIN,PU
801001,14109,57621,801001,WPS-280-1001,PU,WPS
320459NU,14145,89145,05100270,VT-27-1695,PU,VTWIN
A24032SET,30649,96410,VT-10-0428,DS196135,VTWIN,PU
77401,11692,93976,16010203,VT-42-9913,PU,VTWIN
NM334720601,11261,90996,21200318,VT-32-9677,PU,VTWIN
NM334720601,58887,90996,WPS-850-08311,VT-32-9677,WPS,VTWIN
55129,14197,37520,04070192,WPS-22-55129,PU,WPS
190389,787,93894,VT-42-0927,78050012,VTWIN,PU
GBDU001,8751,57320,17104921,WPS-17-DU001,PU,WPS
305,28663,94161,17420047,VT-43-1050,PU,VTWIN
A1745266,14618,84182,09270009,VT-12-2115,PU,VTWIN
A6466W,14620,84008,09270025,VT-12-1193,PU,VTWIN
55135,27249,37522,WPS-22-55135,06360607,WPS,PU
76581,11167,92842,08030331,VT-38-0789,PU,VTWIN
D26014029,2586,64080,VT-20-0526,12030020,VTWIN,PU
A3150365,14640,86367,21100235,VT-17-1502,PU,VTWIN
A3343850,14641,96481,DS194120,VT-10-0721,PU,VTWIN
A2555136,14642,84094,DS194164,VT-12-1441,PU,VTWIN
A3510036,14647,86498,DS194282,VT-17-9761,PU,VTWIN
A3578936,14663,96488,DS194135,VT-10-0729,PU,VTWIN
300067,21479,31647,06010824,17104712,PU,PU
110065,14770,39043,17416843,WPS-57-10065,PU,WPS
4091,14827,41005,09280025,WPS-811-04091,PU,WPS
4055,14829,41000,09290024,WPS-811-04055,PU,WPS
9962,14853,77709,22120861,VT-42-1104,PU,VTWIN
8040,14862,67776,09250950,VT-27-1067,PU,VTWIN
120041,16674,36805,WPS-12-0041,04120666,WPS,PU
120041,36805,41800,WPS-12-0041,WPS-820-50510,WPS,WPS
120041,36805,71715,WPS-12-0041,VT-33-0310,WPS,VTWIN
120041,7924,16674,07060019,04120666,PU,PU
120041,7924,41800,07060019,WPS-820-50510,PU,WPS
120041,7924,71715,07060019,VT-33-0310,PU,VTWIN
120041,16674,41800,04120666,WPS-820-50510,PU,WPS
120041,16674,71715,04120666,VT-33-0310,PU,VTWIN
120041,41800,71715,WPS-820-50510,VT-33-0310,WPS,VTWIN
2075,14865,40986,09240238,WPS-811-02075,PU,WPS
2075,14865,51489,09240238,WPS-85-02075,PU,WPS
2075,40986,51489,WPS-811-02075,WPS-85-02075,WPS,WPS
C6131T,23770,42584,24010287,WPS-830-1064,PU,WPS
2061,14875,40981,09250535,WPS-811-02061,PU,WPS
2061,14875,77199,09250535,VT-40-1467,PU,VTWIN
2061,40981,77199,WPS-811-02061,VT-40-1467,WPS,VTWIN
2064,14896,40983,09250628,WPS-811-02064,PU,WPS
5468,14909,14992,10103320,19010757,PU,PU
8022,14923,53309,24010993,WPS-56-8022,PU,WPS
GBDU011,14937,57326,17104931,WPS-17-DU011,PU,WPS
86264,942,58650,17310415,WPS-820-32010,PU,WPS
86264,942,87413,17310415,VT-23-0288,PU,VTWIN
86264,58650,87413,WPS-820-32010,VT-23-0288,WPS,VTWIN
87158,13762,50555,17310420,WPS-820-50609,PU,WPS
87158,13762,87830,17310420,VT-23-1827,PU,VTWIN
87158,50555,87830,WPS-820-50609,VT-23-1827,WPS,VTWIN
83117,7134,93474,17310121,VT-39-1130,PU,VTWIN
87717,13766,50625,17310544,WPS-820-50612,PU,WPS
87717,13766,87740,17310544,VT-23-1212,PU,VTWIN
87717,50625,87740,WPS-820-50612,VT-23-1212,WPS,VTWIN
3512537,14988,86065,DS195016,VT-17-0220,PU,VTWIN
323494,9399,46933,WPS-232-3494,03650045,WPS,PU
2402354,15006,83829,DS198839,VT-12-0613,PU,VTWIN
JGI3498604,15052,84799,09350109,VT-14-0995,PU,VTWIN
JGI1863348F,15053,85470,09343432,VT-15-1438,PU,VTWIN
JGI11125XMSF,15055,61790,09341582,VT-15-1281,PU,VTWIN
660411,7117,49373,17410868,WPS-70-660411,PU,WPS
JGI3490107F,15058,85450,09341623,VT-15-1395,PU,VTWIN
4532,2794,68416,17411002,VT-29-0031,PU,VTWIN
JGI1769507,15062,85474,09342099,VT-15-1446,PU,VTWIN
JGI3490194F,15065,61834,09344630,VT-15-1336,PU,VTWIN
3561465,85992,85995,VT-17-0128,VT-17-0125,VTWIN,VTWIN
JGI2541699DL,15073,61786,09350090,VT-15-1277,PU,VTWIN
5521,21593,30972,17411032,10103147,PU,PU
JGI2909595,15079,85085,DS173445,VT-15-0596,PU,VTWIN
JGI1677999X,15084,85415,DS174203,VT-15-1245,PU,VTWIN
JGI1703466,15090,85187,DS173242,VT-15-0823,PU,VTWIN
JGI1863448C,15092,85237,DS173377,VT-15-0927,PU,VTWIN
JGI1863236,15094,85235,DS173454,VT-15-0925,PU,VTWIN
JGI6056790,15095,85149,DS173476,VT-15-0703,PU,VTWIN
JGI3490679A,15096,85150,DS173478,VT-15-0704,PU,VTWIN
JGI6053881C,15098,85219,DS174352,VT-15-0900,PU,VTWIN
JGI6056736,15099,85232,DS174380,VT-15-0920,PU,VTWIN
JGI11124,15103,84647,DS194420,VT-14-0600,PU,VTWIN
JGI6053989X,15104,85220,DS174382,VT-15-0902,PU,VTWIN
NTBWX04,34272,70517,VT-32-1205,21200244,VTWIN,PU
70291,70003,84906,VT-32-3114,VT-15-0176,VTWIN,VTWIN
MCCBR7,38009,90244,WPS-275-01016,VT-32-0460,WPS,VTWIN
204257,15195,60864,09260409,VT-11-6000,PU,VTWIN
204257,15195,57517,09260409,WPS-191-17013,PU,WPS
204257,57517,60864,VT-11-6000,WPS-191-17013,VTWIN,WPS
2022650,15201,60466,09263210,VT-11-2027,PU,VTWIN
2022450,15203,60464,09263314,VT-11-2025,PU,VTWIN
204323,15205,37378,09260762,WPS-191-57040,PU,WPS
204101,15207,83550,09261452,VT-11-6095,PU,VTWIN
2020325,15213,57516,09260195,WPS-191-17012,PU,WPS
2020325,15213,83552,09260195,VT-11-6120,PU,VTWIN
2020325,57516,83552,WPS-191-17012,VT-11-6120,WPS,VTWIN
202024M,15216,60530,09262270,VT-11-2304,PU,VTWIN
202121M,15217,60542,09262302,VT-11-2317,PU,VTWIN
202134M,15218,60550,09262311,VT-11-2325,PU,VTWIN
202123,15219,37404,09260725,WPS-191-57054,PU,WPS
202022C,15220,60032,09260748,VT-11-0968,PU,VTWIN
202022C,15220,37385,09260748,WPS-191-57043C,PU,WPS
202022C,37385,60032,VT-11-0968,WPS-191-57043C,VTWIN,WPS
204324,15221,60074,09260763,VT-11-1023,PU,VTWIN
120402D,8162,72067,09026321,VT-33-1158,PU,VTWIN
2022350,15227,60470,09263208,VT-11-2031,PU,VTWIN
710304,15230,43369,09350458,WPS-191-37022,PU,WPS
710304,15230,84787,09350458,VT-14-0983,PU,VTWIN
710304,43369,84787,WPS-191-37022,VT-14-0983,WPS,VTWIN
2021040,15231,47673,24011105,WPS-191-58018,PU,WPS
2021040,15231,60116,24011105,VT-11-1103,PU,VTWIN
2021040,47673,60116,WPS-191-58018,VT-11-1103,WPS,VTWIN
204320,15233,37334,09260744,WPS-191-57003,PU,WPS
204320,15233,60071,09260744,VT-11-1019,PU,VTWIN
204320,37334,60071,WPS-191-57003,VT-11-1019,WPS,VTWIN
202052M,15238,60554,09262284,VT-11-2328,PU,VTWIN
202060M,15239,60557,09262287,VT-11-2331,PU,VTWIN
2021500,15245,61452,09263001,VT-13-2150,PU,VTWIN
204170,15251,60870,DS198974,VT-11-6009,PU,VTWIN
204170,15251,57507,DS198974,WPS-191-17002,PU,WPS
204170,57507,60870,VT-11-6009,WPS-191-17002,VTWIN,WPS
060177,58251,87428,VT-23-0313,WPS-70-6177,VTWIN,WPS
CC120E,26795,64107,VT-20-0628,11300176,VTWIN,PU
BA080030,15301,54443,22100662,WPS-27-57014,PU,WPS
BA050903,15303,37814,22100403,WPS-27-5795,PU,WPS
BA064921,31922,54446,WPS-28-61048,22100665,WPS,PU
41972,33503,72557,VT-33-2062,11321110,VTWIN,PU
H070595S,17487,67311,06102319,VT-26-1050,PU,VTWIN
A1855536,3408,96444,VT-10-0516,DS193141,VTWIN,PU
PCC133,5449,87006,12040128,VT-20-0478,PU,VTWIN
500770TIN,8818,51024,16211056,WPS-812-55052,PU,WPS
5154,15636,78506,17103641,VT-44-5154,PU,VTWIN
70357,36569,76482,VT-39-0128,10102973,VTWIN,PU
202033C,9308,37356,WPS-191-57020C,09260751,WPS,PU
202033C,37356,60040,WPS-191-57020C,VT-11-0977,WPS,VTWIN
202033C,9308,60040,09260751,VT-11-0977,PU,VTWIN
78479,62158,72258,VT-33-1581,VT-15-8479,VTWIN,VTWIN
3300379,15771,96448,09290050,VT-10-0521,PU,VTWIN
78297,62131,93232,VT-15-8297,VT-40-0116,VTWIN,VTWIN
P4817,8744,45812,24010995,WPS-830-1094,PU,WPS
125,13768,50127,17420044,WPS-571-6114,PU,WPS
335177,15829,59571,20072510,VT-10-5177,PU,VTWIN
T030161,1076,93210,07110243,VT-40-0922,PU,VTWIN
31170,6323,28667,17420117,17410302,PU,PU
902053,15869,61474,DS199729,VT-13-9226,PU,VTWIN
NHCXCB14,49040,71155,VT-32-6686,WPS-850-08717,VTWIN,WPS
NHCXCB14,34301,71155,VT-32-6686,21200783,VTWIN,PU
A3604836,4463,86031,DS196171,VT-17-0173,PU,VTWIN
6004,6503,83857,18010488,VT-12-0751,PU,VTWIN
71049,16028,78200,10103170,VT-44-0365,PU,VTWIN
47627,10496,16041,18002625,17411694,PU,PU
2403,70262,70963,VT-32-2134,VT-32-0236,VTWIN,VTWIN
13155,4598,60104,06401391,VT-11-1073,PU,VTWIN
291130,3265,25750,05100260,DS199320,PU,PU
291130,3265,59504,05100260,VT-10-2651,PU,VTWIN
291130,3265,44298,05100260,WPS-820-0541,PU,WPS
291130,25750,59504,DS199320,VT-10-2651,PU,VTWIN
291130,25750,44298,DS199320,WPS-820-0541,PU,WPS
291130,44298,59504,VT-10-2651,WPS-820-0541,VTWIN,WPS
102110,8776,51751,06401668,WPS-812-02111,PU,WPS
8062,16116,53313,09250955,WPS-56-8062,PU,WPS
102110B,34571,51753,06401669,WPS-812-02113,PU,WPS
102130B,8779,51712,06401675,WPS-812-02119,PU,WPS
JGI1735592,3648,85280,DS174423,VT-15-0997,PU,VTWIN
20744,43016,74096,WPS-865-01168,VT-35-0458,WPS,VTWIN
T030100C,30349,91927,07050555,VT-35-9021,PU,VTWIN
140020CKNU,3277,76858,07120642,VT-40-0075,PU,VTWIN
140020BKNU,3140,76857,07120643,VT-40-0074,PU,VTWIN
76694,34039,67616,08010741,VT-27-0704,PU,VTWIN
SPC004,28104,75139,24040044,VT-37-0435,PU,VTWIN
1825,8872,59378,VT-10-1825,09290044,VTWIN,PU
2020709C,31804,37417,09262021,WPS-191-57062C,PU,WPS
776020,23965,67419,24040364,VT-27-0066,PU,VTWIN
10111,5863,54539,24040648,WPS-576-04281,PU,WPS
34262,3845,44112,06510001,WPS-18-95091,PU,WPS
3001,14919,40990,WPS-811-03001,24010201,WPS,PU
801002,29703,57622,801002,WPS-280-1002,PU,WPS
78286,62123,77475,VT-42-0265,VT-15-8286,VTWIN,VTWIN
060151,31942,58241,18611639,WPS-70-6151,PU,WPS
086097,7242,51163,WPS-820-2245,15010743,WPS,PU
L2465D9CLEDK,29121,71949,VT-33-0911,20100572,VTWIN,PU
52742,15712,56706,06360670,WPS-194-52742,PU,WPS
120003,36792,77176,VT-40-1252,WPS-12-0003,VTWIN,WPS
120003,12924,77176,VT-40-1252,04030166,VTWIN,PU
120003,12924,36792,WPS-12-0003,04030166,WPS,PU
5609,16932,31107,17411064,10103344,PU,PU
290340,24812,64120,VT-20-0702,DS199461,VTWIN,PU
5020001078,26608,86855,VT-18-8227,DS223743,VTWIN,PU
78387,85614,88452,VT-15-8387,VT-24-1750,VTWIN,VTWIN
291320,7259,87215,16021507,VT-21-0998,PU,VTWIN
500761B,8750,49415,16202282,WPS-812-55005,PU,WPS
500751TIN,11446,49413,16202280,WPS-812-55003,PU,WPS
1013030014,2119,92202,DS223887,VT-36-2505,PU,VTWIN
77323,67146,83022,VT-15-7323,VT-26-0116,VTWIN,VTWIN
821,29692,75732,VT-37-8902,DS098821,VTWIN,PU
78422,62145,90525,VT-32-1630,VT-15-8422,VTWIN,VTWIN
3504X,24077,61078,3504X,VT-11-9901,PU,VTWIN
0810157,38697,62389,WPS-56-1149,VT-16-0595,WPS,VTWIN
202132M,31733,60548,VT-11-2323,09262309,VTWIN,PU
C230238,16557,61565,04030047,VT-14-0998,PU,VTWIN
40099,27338,62716,VT-16-1941,21200890,VTWIN,PU
7539,65353,76885,VT-40-0202,VT-23-1004,VTWIN,VTWIN
1704904X,58097,85480,WPS-681-5217,VT-15-1452,WPS,VTWIN
1311CR,9518,74728,VT-35-9309,DS390240,VTWIN,PU
6311CR,35050,74730,VT-35-9313,DS390260,VTWIN,PU
170437,33707,67707,VT-27-0897,10120235,VTWIN,PU
H070780MB2,8239,88788,06101876,VT-26-2221,PU,VTWIN
120427,47516,72955,VT-34-0288,WPS-820-50576,VTWIN,WPS
02201,12896,37768,17010675,WPS-27-10902,PU,WPS
212260,4224,59450,09250291,VT-10-2260,PU,VTWIN
33105,12815,38067,17104580,WPS-28-2038S,PU,WPS
BDL1413,25214,64089,DS360005,VT-20-0603,PU,VTWIN
76032,18639,89514,08010455,VT-30-0288,PU,VTWIN
90095,13168,72893,VT-34-0148,24010500,VTWIN,PU
JGI1703057,1458,85190,DS173335,VT-15-0827,PU,VTWIN
78257,62100,77761,VT-15-8257,VT-42-1208,VTWIN,VTWIN
NHD6835505,49097,90645,WPS-850-08776,VT-32-5063,WPS,VTWIN
NHD6835505,1260,90645,VT-32-5063,21200604,VTWIN,PU
77429,61907,62590,VT-15-7429,VT-16-1286,VTWIN,VTWIN
323493,9402,46932,03650044,WPS-232-3493,PU,WPS
JGI1754148C,15093,85289,DS173435,VT-15-1006,PU,VTWIN
120045,33131,76486,07060023,VT-39-0144,PU,VTWIN
120045,36810,76486,WPS-12-0045,VT-39-0144,WPS,VTWIN
A1748357,14624,84266,VT-13-0100,09270012,VTWIN,PU
2M4805,51718,60288,VT-11-1397,WPS-865-2046,VTWIN,WPS
C10198F1,6655,85487,VT-15-1473,09345961,VTWIN,PU
89023,19147,43106,08220634,WPS-87-9431,PU,WPS
K2789,3285,19193,09101998,11120042,PU,PU
V13117,19238,83909,09120967,VT-12-0924,PU,VTWIN
7078,19481,86755,VT-18-3120,09320035,VTWIN,PU
7078,57848,86755,VT-18-3120,WPS-681-4313,VTWIN,WPS
7078,19481,57848,09320035,WPS-681-4313,PU,WPS
JGI1754099X,9163,85399,VT-15-1213,DS174533,VTWIN,PU
2063,19299,40982,09250627,WPS-811-02063,PU,WPS
1021,19304,25187,09250674,DS325781,PU,PU
1021,19304,63067,09250674,VT-17-1021,PU,VTWIN
1021,25187,63067,DS325781,VT-17-1021,PU,VTWIN
212970,19307,59519,09250585,VT-10-2970,PU,VTWIN
202131,19349,37367,09260321,WPS-191-57030,PU,WPS
202122,19354,37402,09260721,WPS-191-57053,PU,WPS
202031C,19356,60038,09260747,VT-11-0975,PU,VTWIN
202031C,19356,37351,09260747,WPS-191-57018C,PU,WPS
202031C,37351,60038,VT-11-0975,WPS-191-57018C,VTWIN,WPS
202030C,19361,60139,09260745,VT-11-1167,PU,VTWIN
202030C,19361,37349,09260745,WPS-191-57017C,PU,WPS
202030C,37349,60139,VT-11-1167,WPS-191-57017C,VTWIN,WPS
202034C,19362,60041,09260753,VT-11-0978,PU,VTWIN
202034C,19362,37358,09260753,WPS-191-57021C,PU,WPS
202034C,37358,60041,VT-11-0978,WPS-191-57021C,VTWIN,WPS
202032C,19363,37354,09260749,WPS-191-57019C,PU,WPS
202032C,19363,60039,09260749,VT-11-0976,PU,VTWIN
202032C,37354,60039,WPS-191-57019C,VT-11-0976,WPS,VTWIN
202000,19370,61442,09260806,VT-13-2000,PU,VTWIN
202026C,19374,60035,09261976,VT-11-0971,PU,VTWIN
202026C,19374,37391,09261976,WPS-191-57046C,PU,WPS
202026C,37391,60035,VT-11-0971,WPS-191-57046C,VTWIN,WPS
202028,19379,60024,09261977,VT-11-0956,PU,VTWIN
202036,19380,60027,09261982,VT-11-0963,PU,VTWIN
202064C,19381,37361,09261996,WPS-191-57025C,PU,WPS
202064C,19381,60064,09261996,VT-11-1007,PU,VTWIN
202064C,37361,60064,WPS-191-57025C,VT-11-1007,WPS,VTWIN
2020855,19392,60323,09262928,VT-11-1477,PU,VTWIN
202120M,19393,60541,09262301,VT-11-2316,PU,VTWIN
202130M,19394,60546,09262307,VT-11-2321,PU,VTWIN
770045NU,14050,90037,VT-31-9924,DS110857,VTWIN,PU
204096C,19397,60126,09262794,VT-11-1138,PU,VTWIN
2021300,19401,61450,09262999,VT-13-2130,PU,VTWIN
710104,19407,43368,09263204,WPS-191-37020,PU,WPS
2022600,19408,60566,09263209,VT-11-2340,PU,VTWIN
10HC447,19416,55600,09263358,WPS-191-57104,PU,WPS
4080,19442,41004,09280103,WPS-811-04080,PU,WPS
202104,19446,37307,09300059,WPS-191-27789,PU,WPS
202104,19446,69155,09300059,VT-30-2104,PU,VTWIN
202104,37307,69155,WPS-191-27789,VT-30-2104,WPS,VTWIN
316296,19482,61328,09320151,VT-12-8009,PU,VTWIN
42812,23387,87949,21201497,VT-23-3082,PU,VTWIN
JGI2526304KX,19533,61778,09341200,VT-15-1266,PU,VTWIN
CW20,24408,61048,CW20,VT-11-9779,PU,VTWIN
JGI3490107,19551,85449,09341622,VT-15-1394,PU,VTWIN
110418,19749,73921,10020002,VT-35-0013,PU,VTWIN
531062,48865,69556,WPS-820-2264,VT-31-0379,WPS,VTWIN
70201,71190,86804,VT-32-7201,VT-18-3605,VTWIN,VTWIN
253030,4234,86424,VT-17-8243,DS199432,VTWIN,PU
71370,78716,86496,VT-17-9758,VT-46-0342,VTWIN,VTWIN
18752,19904,71432,10102478,VT-32-8752,PU,VTWIN
A6775,19936,83854,09250285,VT-12-0718,PU,VTWIN
255115,3755,37534,255115,WPS-225-5115,PU,WPS
71077,19966,90216,10103111,VT-32-0408,PU,VTWIN
316271,24753,61712,VT-15-0658,DS194246,VTWIN,PU
58929,64278,78511,VT-44-8929,VT-20-8829,VTWIN,VTWIN
3200,20063,62747,10120247,VT-16-3200,PU,VTWIN
5515,10466,62564,VT-16-1196,17411029,VTWIN,PU
JGI1703004X,31534,61889,09341849,VT-15-1454,PU,VTWIN
TALONOEM14LB,11387,46265,WPS-827-05398,14011015,WPS,PU
170461,10801,67881,17420482,VT-27-1557,PU,VTWIN
161100,20181,73939,10500337,VT-35-0106,PU,VTWIN
161100,20181,95539,10500337,VT-50-1166,PU,VTWIN
161100,73939,95539,VT-35-0106,VT-50-1166,VTWIN,VTWIN
I350028,20221,94119,11050033,VT-43-0786,PU,VTWIN
1056,20232,64686,11040005,VT-21-3000,PU,VTWIN
1056,20232,63071,11040005,VT-17-1036,PU,VTWIN
1056,63071,64686,VT-21-3000,VT-17-1036,VTWIN,VTWIN
1035,20233,63070,11040004,VT-17-1035,PU,VTWIN
1035,20233,77370,11040004,VT-41-1035,PU,VTWIN
1035,63070,77370,VT-17-1035,VT-41-1035,VTWIN,VTWIN
A909523,20244,86306,11060045,VT-17-1147,PU,VTWIN
3200358,19266,59151,VT-10-0847,09220122,VTWIN,PU
4731SE5,2085,64111,VT-20-0633,DS360105,VTWIN,PU
H070574NMB,21411,88715,VT-26-0961,06102301,VTWIN,PU
78441,62146,89827,VT-15-8441,VT-31-0915,VTWIN,VTWIN
JGI1753670X,396,61780,09340948,VT-15-1270,PU,VTWIN
1009,31055,36888,WPS-132-7016,09250430,WPS,PU
D110299,2606,58409,11070325,WPS-820-2631,PU,WPS
2009,36894,64594,WPS-132-7021,VT-21-0858,WPS,VTWIN
DC71,36929,71294,WPS-133-1086,VT-32-7793,WPS,VTWIN
DC71,24417,71294,DC71,VT-32-7793,PU,VTWIN
70304,70294,84869,VT-15-0123,VT-32-3119,VTWIN,VTWIN
NTBW3231008,51530,92084,WPS-850-08210,VT-36-0792,WPS,VTWIN
NTBW3231008,34279,92084,21300347,VT-36-0792,PU,VTWIN
030106,30099,41622,WPS-820-1320C,06030003,WPS,PU
030106,41622,88487,WPS-820-1320C,VT-25-2108,WPS,VTWIN
030106,30099,88487,06030003,VT-25-2108,PU,VTWIN
300534,75425,75426,VT-37-2013,VT-37-2012,VTWIN,VTWIN
260202B,20342,63318,11120032,VT-17-9923,PU,VTWIN
2M6198010,45193,59747,VT-11-0162,WPS-865-02015,VTWIN,WPS
253101,20355,37513,11200162,WPS-22-53101,PU,WPS
191205,20368,46060,11200413,WPS-820-52652,PU,WPS
191205,20368,63647,11200413,VT-19-0027,PU,VTWIN
191205,46060,63647,WPS-820-52652,VT-19-0027,WPS,VTWIN
CC100S,20387,64106,11300177,VT-20-0627,PU,VTWIN
150002,38980,90963,WPS-57-0002,VT-32-9350,WPS,VTWIN
120014B,41513,91301,VT-33-1973,WPS-820-0340B,VTWIN,WPS
A11000,20457,83885,11320270,VT-12-0900,PU,VTWIN
78104,33155,78957,VT-47-0848,14050023,VTWIN,PU
78268,62109,93957,VT-15-8268,VT-42-1746,VTWIN,VTWIN
H070592N,1628,88720,VT-26-0966,06102312,VTWIN,PU
SPC016,23951,75112,VT-37-0400,24040052,VTWIN,PU
281111,20586,37506,13020001,WPS-22-81111,PU,WPS
120202,3143,83629,VT-12-0203,09066317,VTWIN,PU
H070730MB,30168,67265,06102254,VT-26-0959,PU,VTWIN
02207,26148,37769,WPS-27-10903,17010681,WPS,PU
87161,44162,87831,VT-23-1828,WPS-830-1188,VTWIN,WPS
87161,50626,87831,VT-23-1828,WPS-820-50613,VTWIN,WPS
87161,2530,87831,VT-23-1828,17310419,VTWIN,PU
87161,44162,50626,WPS-830-1188,WPS-820-50613,WPS,WPS
87161,2530,44162,WPS-830-1188,17310419,WPS,PU
87161,2530,50626,WPS-820-50613,17310419,WPS,PU
120411D,13813,72072,20100783,VT-33-1164,PU,VTWIN
T030101B,8883,91928,07050556,VT-35-9022,PU,VTWIN
206035WI,29339,71708,20010099,VT-33-0293,PU,VTWIN
L216106E,22312,72131,20010957,VT-33-1302,PU,VTWIN
H070592MB,29779,88713,06100795,VT-26-0955,PU,VTWIN
W160332,16470,94445,02140449,VT-44-0742,PU,VTWIN
H070592S,17492,65107,06102314,VT-26-0979,PU,VTWIN
JGI1677066A,440,85293,09342190,VT-15-1010,PU,VTWIN
TALON2114LB,20799,46256,14010982,WPS-827-05383,PU,WPS
78056,20807,93509,14050079,VT-40-0090,PU,VTWIN
340102,39285,72583,WPS-57-9726,VT-33-2173,WPS,VTWIN
2023,68542,87855,VT-29-2023,VT-23-1988,VTWIN,VTWIN
2023,14907,68542,VT-29-2023,09344746,VTWIN,PU
2023,14907,87855,VT-23-1988,09344746,VTWIN,PU
80312,39151,41225,WPS-57-6565,WPS-817-01802,WPS,WPS
40114,4499,71153,20101457,VT-32-6683,PU,VTWIN
40114,4499,37960,20101457,WPS-274-0015,PU,WPS
40114,4499,90310,20101457,VT-32-0636,PU,VTWIN
40114,37960,71153,VT-32-6683,WPS-274-0015,VTWIN,WPS
40114,71153,90310,VT-32-6683,VT-32-0636,VTWIN,VTWIN
77796,64423,85567,VT-21-0264,VT-15-7796,VTWIN,VTWIN
H070730SMB,29830,67316,06102328,VT-26-1055,PU,VTWIN
102130TIN,8727,51758,06401676,WPS-812-02121,PU,WPS
C770139,20922,95588,15100163,VT-50-1523,PU,VTWIN
80856,19267,59345,VT-10-1609,09230689,VTWIN,PU
80856,57128,59345,VT-10-1609,WPS-820-58023,VTWIN,WPS
80856,19267,57128,09230689,WPS-820-58023,PU,WPS
52675,41956,54963,WPS-820-52010,WPS-194-52675,WPS,WPS
52675,35899,41956,WPS-820-52010,06360522,WPS,PU
105020G,8810,49400,04040497,WPS-812-52302,PU,WPS
DC21,6734,71292,DC21,VT-32-7790,PU,VTWIN
1228,31084,75326,VT-37-1082,09300247,VTWIN,PU
50152,27357,38054,06360612,WPS-28-2025,PU,WPS
500773B,21062,51769,16100683,WPS-812-02140,PU,WPS
6627,59755,69273,VT-11-0170,VT-30-4011,VTWIN,VTWIN
601002,26112,91817,10140301,VT-35-1002,PU,VTWIN
352002,13801,75835,VT-37-9526,24010700,VTWIN,PU
170404,12450,73237,VT-34-1015,DS289211,VTWIN,PU
L226828RC,29078,72120,20200401,VT-33-1276,PU,VTWIN
78561,21172,62176,16202476,VT-15-8561,PU,VTWIN
78561,21172,67452,16202476,VT-27-0208,PU,VTWIN
78561,62176,67452,VT-15-8561,VT-27-0208,VTWIN,VTWIN
62138,21201,92950,16210098,VT-37-8944,PU,VTWIN
H070574C,8256,41649,06140162,WPS-820-1515C,PU,WPS
210207,20263,42188,11070044,WPS-820-54600,PU,WPS
210207,20263,90237,11070044,VT-32-0439,PU,VTWIN
210207,42188,90237,WPS-820-54600,VT-32-0439,WPS,VTWIN
95753,61578,63615,VT-14-5753,VT-18-8284,VTWIN,VTWIN
B160731MB,7095,87918,17010759,VT-23-2363,PU,VTWIN
2020701C,31705,37345,09262017,WPS-191-57012C,PU,WPS
2020701C,31705,60101,09262017,VT-11-1064,PU,VTWIN
2020701C,37345,60101,WPS-191-57012C,VT-11-1064,WPS,VTWIN
B160723,21348,87907,17010695,VT-23-2352,PU,VTWIN
2021009H,31814,45026,09262952,WPS-191-17042,PU,WPS
2021009H,31814,60177,09262952,VT-11-1218,PU,VTWIN
2021009H,45026,60177,WPS-191-17042,VT-11-1218,WPS,VTWIN
89235,21382,65306,17020464,VT-23-0812,PU,VTWIN
291127,24807,59251,VT-10-1180,DS199344,VTWIN,PU
291151,4218,59252,VT-10-1183,DS199447,VTWIN,PU
79100,34151,88990,VT-28-1790,08050033,VTWIN,PU
NDP30037,48933,71556,WPS-850-08401,VT-32-9644,WPS,VTWIN
5528,986,8572,17411036,10103152,PU,PU
JGI6056790DL,1407,85047,VT-15-0465,78081027,VTWIN,PU
NAFH01,48950,71130,WPS-850-08433,VT-32-6577,WPS,VTWIN
NAFH01,23208,71130,21200425,VT-32-6577,PU,VTWIN
030040L,18433,91703,07050282,VT-35-0498,PU,VTWIN
02211,12895,37771,17010605,WPS-27-10904,PU,WPS
A2558273,720,96469,09240273,VT-10-0708,PU,VTWIN
202111,31725,60461,09261445,VT-11-2022,PU,VTWIN
6139,12142,73620,17103643,VT-34-1791,PU,VTWIN
299180,2022,86447,11060068,VT-17-9180,PU,VTWIN
76760,11162,85513,08020767,VT-15-1536,PU,VTWIN
78659,72525,85711,VT-33-1946,VT-15-8659,VTWIN,VTWIN
3619,21595,75512,17411629,VT-37-6141,PU,VTWIN
8185,45595,72794,VT-33-8185,WPS-60-1947,VTWIN,WPS
8185,72794,89790,VT-33-8185,VT-31-0582,VTWIN,VTWIN
8185,45595,89790,WPS-60-1947,VT-31-0582,WPS,VTWIN
600016,41557,72963,VT-34-0300,WPS-820-0800C,VTWIN,WPS
600016,12786,72963,VT-34-0300,10102654,VTWIN,PU
600016,12786,41557,WPS-820-0800C,10102654,WPS,PU
121230,19864,41812,10100552,WPS-820-50525,PU,WPS
2021022,9317,45032,09262959,WPS-191-57072,PU,WPS
2021022,9317,60181,09262959,VT-11-1222,PU,VTWIN
2021022,45032,60181,WPS-191-57072,VT-11-1222,WPS,VTWIN
2020690,9330,37338,09262005,WPS-191-57009,PU,WPS
202012,9372,31642,09260784,DS202012,PU,PU
202012,9372,60884,09260784,VT-11-6073,PU,VTWIN
202012,31642,60884,DS202012,VT-11-6073,PU,VTWIN
2021030,43842,60185,VT-11-1226,WPS-191-57074,VTWIN,WPS
2021030,19403,60185,VT-11-1226,09262961,VTWIN,PU
2021030,19403,43842,WPS-191-57074,09262961,WPS,PU
JGI4357135,1560,84951,DS174512,VT-15-0231,PU,VTWIN
70288,75541,86219,VT-37-7031,VT-17-0912,VTWIN,VTWIN
C8042,23768,42579,WPS-830-1058,24010296,WPS,PU
202240,11417,43708,202240,WPS-812-02060,PU,WPS
IN1000,25249,64172,VT-20-0938,DS360427,VTWIN,PU
IN1500,26816,64173,VT-20-0940,20175002,VTWIN,PU
E280033,8167,89820,09330054,VT-31-0887,PU,VTWIN
2060,8544,40979,09250434,WPS-811-02060,PU,WPS
JGI1863599F,9020,85431,09342108,VT-15-1296,PU,VTWIN
77121,21806,78641,17416279,VT-45-0937,PU,VTWIN
H070575B,30061,88730,06130202,VT-26-0983,PU,VTWIN
2021060H,9301,55589,09263343,WPS-191-17048,PU,WPS
2022250,9355,60469,09263312,VT-11-2030,PU,VTWIN
202134C,9367,37353,09260733,WPS-191-57033C,PU,WPS
202134C,9367,60161,09260733,VT-11-1192,PU,VTWIN
202134C,37353,60161,WPS-191-57033C,VT-11-1192,WPS,VTWIN
23365PK,91709,91734,VT-37-0144,VT-37-0143,VTWIN,VTWIN
327094,31821,37565,WPS-232-7094,03650056,WPS,PU
GBDU007,8766,57324,WPS-17-DU007,17104927,WPS,PU
327091,8499,37562,WPS-232-7091,03650053,WPS,PU
NFATO1,3988,90707,21300083,VT-32-6561,PU,VTWIN
NFATO1,58911,90707,WPS-850-08414,VT-32-6561,WPS,VTWIN
9348DC,60849,60850,VT-11-4055,VT-11-4056,VTWIN,VTWIN
DC61,36922,71293,WPS-133-1080,VT-32-7792,WPS,VTWIN
DC61,28362,71293,DC61,VT-32-7792,PU,VTWIN
C230237,29968,41771,04030046,WPS-820-2712,PU,WPS
C230237,29968,61552,04030046,VT-14-0942,PU,VTWIN
C230237,41771,61552,WPS-820-2712,VT-14-0942,WPS,VTWIN
28324,38625,41475,WPS-50-28324,WPS-82-8324,WPS,WPS
500748TIN,21046,51764,WPS-812-02135,16030390,WPS,PU
46495+4650209,88395,88396,VT-24-1338,VT-24-1337,VTWIN,VTWIN
105030,11407,49399,04040496,WPS-812-52301,PU,WPS
MCRLY3,38013,70309,WPS-275-01092,VT-32-0448,WPS,VTWIN
47331,22001,65100,18002578,VT-22-7331,PU,VTWIN
K1607,36638,61024,VT-11-9727,K1607,VTWIN,PU
030106ANUB,30037,41625,WPS-820-1325B,06030811,WPS,PU
A3507879,4517,83794,DS193148,VT-12-0557,PU,VTWIN
202021C,31794,60031,09260746,VT-11-0967,PU,VTWIN
202021C,31794,37383,09260746,WPS-191-57042C,PU,WPS
202021C,37383,60031,VT-11-0967,WPS-191-57042C,VTWIN,WPS
CM4274,37854,79216,VT-48-0598,WPS-27-M427,VTWIN,WPS
JGI6054706,393,85421,09341196,VT-15-1254,PU,VTWIN
500063,12889,19770,06303264,10030460,PU,PU
JGI6110985C,3699,85326,DS174515,VT-15-1065,PU,VTWIN
7145C,21485,94422,VT-44-0653,17104784,VTWIN,PU
MCSPA3,57598,90260,WPS-275-01072,VT-32-0519,WPS,VTWIN
251370,13904,37508,A251370,WPS-22-51370,PU,WPS
H0708021,14154,66644,06102201,VT-26-2261,PU,VTWIN
6003,22037,94019,18010362,VT-43-0128,PU,VTWIN
820,42622,72717,WPS-830-6003,VT-33-3820,WPS,VTWIN
820,20504,42622,WPS-830-6003,12042729,WPS,PU
820,20504,72717,VT-33-3820,12042729,VTWIN,PU
3088,36907,71058,VT-32-3089,WPS-132-7042,VTWIN,WPS
3088,30967,71058,VT-32-3089,07100260,VTWIN,PU
3088,30967,36907,WPS-132-7042,07100260,WPS,PU
78292,62129,76143,VT-15-8292,VT-38-0777,VTWIN,VTWIN
NWR210020,33498,54003,21201315,WPS-850-09211,PU,WPS
20311,46081,66627,VT-25-0463,WPS-830-0316,VTWIN,WPS
8032,14889,53311,09250841,WPS-56-8032,PU,WPS
JGI2526386X,404,61775,VT-15-1255,09341185,VTWIN,PU
400160,4521,86339,11060075,VT-17-1306,PU,VTWIN
1092,8607,46135,WPS-830-0379,09251059,WPS,PU
202023,37386,60021,WPS-191-57044,VT-11-0953,WPS,VTWIN
47221,16011,33569,18000745,17411683,PU,PU
78465,67744,85666,VT-15-8465,VT-27-1004,VTWIN,VTWIN
H070810C1,17509,67053,06110206,VT-26-2263,PU,VTWIN
1803,14995,59365,VT-10-1803,DS194347,VTWIN,PU
1800,3492,59085,DS194342,VT-10-0657,PU,VTWIN
79071,19025,77212,08050039,VT-40-1762,PU,VTWIN
18446,12867,65561,VT-23-2170,10102063,VTWIN,PU
18446,48069,65561,VT-23-2170,WPS-865-01428,VTWIN,WPS
18446,12867,48069,10102063,WPS-865-01428,PU,WPS
61006,21115,81246,VT-52-0183,16201480,VTWIN,PU
207610,22261,44146,19133014,WPS-830-1131,PU,WPS
986826,22263,44165,19133008,WPS-830-1193,PU,WPS
202063C,19377,60063,09261994,VT-11-1006,PU,VTWIN
JGI91XL,24489,61770,DS174531,VT-15-1225,PU,VTWIN
111523,24838,66438,DS222045,VT-24-2045,PU,VTWIN
63696,66244,74846,VT-36-0740,VT-24-1419,VTWIN,VTWIN
8114,69357,72787,VT-33-8114,VT-30-8114,VTWIN,VTWIN
110073,39051,92159,WPS-57-10073,VT-36-1977,WPS,VTWIN
75005,44274,93862,VT-42-0765,WPS-820-52416,VTWIN,WPS
202020C,37381,60138,WPS-191-57041C,VT-11-1166,WPS,VTWIN
202020C,31763,37381,WPS-191-57041C,09260754,WPS,PU
202020C,31763,60138,VT-11-1166,09260754,VTWIN,PU
71555,26224,88858,02100378,VT-27-0055,PU,VTWIN
02212,5021,37772,WPS-27-10905,17010606,WPS,PU
13165,26362,64035,06401206,VT-20-0228,PU,VTWIN
78594,62188,65080,VT-15-8594,VT-22-1840,VTWIN,VTWIN
191200,28849,43362,11200390,WPS-820-52650,PU,WPS
161274,22381,72280,20100745,VT-33-1606,PU,VTWIN
120411C,22388,72071,20100782,VT-33-1163,PU,VTWIN
77898,80180,84737,VT-49-1785,VT-14-0824,VTWIN,VTWIN
10003,39433,42728,WPS-58-5370,WPS-85-2008,WPS,WPS
328087,16545,75632,VT-37-8529,03650029,VTWIN,PU
20033,26241,70925,04110178,VT-32-2004,PU,VTWIN
NDP38061,48938,71551,VT-32-9639,WPS-850-08407,VTWIN,WPS
78680,62214,85537,VT-15-8680,VT-15-1768,VTWIN,VTWIN
78680,3229,62214,VT-15-8680,09347522,VTWIN,PU
78680,3229,85537,VT-15-1768,09347522,VTWIN,PU
JGI2627380AM,15105,85255,DS174429,VT-15-0953,PU,VTWIN
18429,48054,71367,VT-32-8429,WPS-865-01418,VTWIN,WPS
NA1750631,23201,90742,21200406,VT-32-7438,PU,VTWIN
NA1750631,58759,90742,WPS-850-08118,VT-32-7438,WPS,VTWIN
260128S16,20475,64056,VT-20-0346,12010231,VTWIN,PU
70251,26009,71069,21070201,VT-32-3101,PU,VTWIN
20200,27258,66686,08200259,VT-25-0633,PU,VTWIN
20200,27258,62390,08200259,VT-16-0603,PU,VTWIN
20200,27258,89384,08200259,VT-28-0987,PU,VTWIN
20200,62390,66686,VT-25-0633,VT-16-0603,VTWIN,VTWIN
20200,66686,89384,VT-25-0633,VT-28-0987,VTWIN,VTWIN
20200,62390,89384,VT-16-0603,VT-28-0987,VTWIN,VTWIN
20781,42777,52705,WPS-57-020781,WPS-865-01038,WPS,WPS
792108,13855,57619,21100327,WPS-279-2108,PU,WPS
77464,61138,80436,VT-15-7464,VT-50-0010,VTWIN,VTWIN
206589SRBLED,45565,72707,WPS-820-0376R,VT-33-3047,WPS,VTWIN
50355,27353,88612,06360575,VT-25-2291,PU,VTWIN
202053C,31704,60057,09261986,VT-11-0999,PU,VTWIN
JGI3491799,1441,85411,DS173191,VT-15-1232,PU,VTWIN
7542,33541,76906,17416261,VT-40-0245,PU,VTWIN
C9693,28184,61666,09341356,VT-15-0480,PU,VTWIN
210209K,22959,70793,21060252,VT-32-1699,PU,VTWIN
794005,29238,50225,21100995,WPS-279-2205,PU,WPS
210209GB,22960,90485,21060225,VT-32-1362,PU,VTWIN
NFATO3,159,90708,21300084,VT-32-6562,PU,VTWIN
NFATO3,58912,90708,WPS-850-08415,VT-32-6562,WPS,VTWIN
70267,22986,61321,21070309,VT-12-7026,PU,VTWIN
801017,13838,50227,21101102,WPS-280-1151,PU,WPS
327093,37564,92930,WPS-232-7093,VT-37-8888,WPS,VTWIN
327093,31829,37564,WPS-232-7093,03650055,WPS,PU
327093,31829,92930,VT-37-8888,03650055,VTWIN,PU
792112,23048,50220,21101100,WPS-279-2111,PU,WPS
K1611,36665,61027,VT-11-9731,K1611,VTWIN,PU
202160,2034,86413,VT-17-8229,DS199410,VTWIN,PU
792111,23051,50219,21101099,WPS-279-1103,PU,WPS
JGI3680179,9103,85322,DS174326,VT-15-1050,PU,VTWIN
46467,23121,47427,78053045,WPS-820-32018,PU,WPS
46467,23121,65259,78053045,VT-23-0555,PU,VTWIN
46467,47427,65259,WPS-820-32018,VT-23-0555,WPS,VTWIN
E250091BT3,23155,70903,21130664,VT-32-1908,PU,VTWIN
NHCXJ08,23197,71147,21200368,VT-32-6677,PU,VTWIN
NHCXJ15,23198,71149,21200370,VT-32-6679,PU,VTWIN
11420,39118,62243,VT-16-0049,WPS-57-6302,VTWIN,WPS
NHD7267311,23246,90641,21200676,VT-32-5057,PU,VTWIN
NHD7267311,49107,90641,WPS-850-08793,VT-32-5057,WPS,VTWIN
NOBPPCB,23249,71101,21200811,VT-32-5062,PU,VTWIN
1013040017,1840,74797,VT-36-0760,DS223913,VTWIN,PU
HZ030001,23373,55536,21201390,WPS-28-61025,PU,WPS
JGI3521185DL,1552,84715,DS174458,VT-14-0685,PU,VTWIN
DDKS08OEMC,23413,46181,22010171,WPS-827-05046,PU,WPS
19371A,94280,94328,VT-44-0389,VT-44-0310,VTWIN,VTWIN
9723,62780,62784,VT-16-9723,VT-16-9727,VTWIN,VTWIN
10110,23968,54538,24040647,WPS-576-04280,PU,WPS
45217,7677,58647,WPS-820-32007,78053044,WPS,PU
45217,58647,87545,WPS-820-32007,VT-23-0587,WPS,VTWIN
45217,7677,87545,78053044,VT-23-0587,PU,VTWIN
120014,41514,91133,WPS-820-0340C,VT-33-0305,WPS,VTWIN
JGI3490179A,9124,85346,DS174321,VT-15-1115,PU,VTWIN
JGI79FLH,24459,61740,DS173373,VT-15-0853,PU,VTWIN
20804,23761,44147,24010123,WPS-830-1132,PU,WPS
22656,23766,44151,24010119,WPS-830-1137,PU,WPS
21071,36921,70599,VT-32-1376,WPS-132-7093,VTWIN,WPS
C2037,23767,42557,24010286,WPS-830-1026,PU,WPS
DR8G,11258,90977,21200047,VT-32-9612,PU,VTWIN
DR8G,58772,90977,WPS-850-08014,VT-32-9612,WPS,VTWIN
4548,33110,75504,17411011,VT-37-4548,PU,VTWIN
H070585NMB,30138,88717,06102305,VT-26-0963,PU,VTWIN
352006,23824,75836,24010704,VT-37-9528,PU,VTWIN
SSE2,25302,74113,VT-35-0521,DS391666,VTWIN,PU
SSE2,46305,74113,VT-35-0521,WPS-274-0507,VTWIN,WPS
SSE2,25302,46305,DS391666,WPS-274-0507,PU,WPS
202026,31799,60023,VT-11-0955,09261975,VTWIN,PU
202026,37390,60023,VT-11-0955,WPS-191-57046,VTWIN,WPS
202026,31799,37390,09261975,WPS-191-57046,PU,WPS
D2KI3P,6727,71471,21010029,VT-32-9152,PU,VTWIN
D2KI3P,36954,71471,VT-32-9152,WPS-133-3016,VTWIN,WPS
TP33,26809,64124,VT-20-0707,DS360168,VTWIN,PU
NCBISCM,49023,70911,WPS-850-08659,VT-32-1918,WPS,VTWIN
S770132,24008,69736,35010304,VT-31-0970,PU,VTWIN
S770149C,24028,79989,35011087,VT-49-1011,PU,VTWIN
SFK3P,6731,70395,21010048,VT-32-0802,PU,VTWIN
SFK3P,36957,70395,WPS-133-3020,VT-32-0802,WPS,VTWIN
251692,14281,37512,02150963,WPS-22-51692,PU,WPS
S770149B,24030,79990,35011088,VT-49-1012,PU,VTWIN
JGI1795536XL,31583,84707,VT-14-0668,DS194489,VTWIN,PU
72223,61241,78721,VT-46-0410,VT-12-1414,VTWIN,VTWIN
C320478GB,30311,67504,VT-27-0301,05100318,VTWIN,PU
3537X,24125,61040,3537X,VT-11-9765,PU,VTWIN
NWR010020,23368,53996,21201309,WPS-850-09205,PU,WPS
120000,12765,36789,WPS-12-0000,04030163,WPS,PU
NWR0210020,33104,53997,21201310,WPS-850-09206,PU,WPS
3204591NU,30307,67961,05100264,VT-27-1817,PU,VTWIN
102010,2828,53448,21020333,WPS-820-60413,PU,WPS
NWR4010020,23369,54006,21201318,WPS-850-09214,PU,WPS
102017,7339,53453,21020416,WPS-820-60417,PU,WPS
030320AB,30320,76316,07030231,VT-38-1740,PU,VTWIN
NWR5610020,23365,54008,21201320,WPS-850-09216,PU,WPS
935076,24347,82242,935076,VT-7132-89,PU,VTWIN
33306,33513,78816,06500114,VT-46-3306,PU,VTWIN
SS1P,35046,46303,WPS-274-0505,DS391663,WPS,PU
110419,24423,74721,DS0419,VT-35-9229,PU,VTWIN
JGI6385995,24468,85374,DS173469,VT-15-1161,PU,VTWIN
JGI36FLH,24469,61765,DS173524,VT-15-1184,PU,VTWIN
JGI6053881K,24470,85204,DS173525,VT-15-0865,PU,VTWIN
JGI1678799,24473,85406,DS173539,VT-15-1222,PU,VTWIN
JGI1677496,24475,85351,DS174117,VT-15-1121,PU,VTWIN
JGI2685689,24476,84779,DS174284,VT-14-0963,PU,VTWIN
JGI1677794S,24479,85345,DS174307,VT-15-1101,PU,VTWIN
JGIEV1,24490,61722,DS174749,VT-15-0726,PU,VTWIN
JGI4584984A,24491,84500,DS174784,VT-14-0044,PU,VTWIN
JGI4584973,24492,61493,DS174786,VT-14-0040,PU,VTWIN
JGI3490185K,24497,85208,DS174953,VT-15-0870,PU,VTWIN
JGI6053994K,24499,85214,DS174950,VT-15-0876,PU,VTWIN
JGI6053989KX,24500,85206,DS174951,VT-15-0868,PU,VTWIN
JGI4584984K,24503,61495,DS174904,VT-14-0045,PU,VTWIN
P101701,24506,42555,DS175005,WPS-830-1017,PU,WPS
JGI1677066S,24511,85087,DS174914,VT-15-0599,PU,VTWIN
P80148,24517,92383,DS175014,VT-37-0266,PU,VTWIN
879812,24524,44163,DS189811,WPS-830-1190,PU,WPS
P8839,8739,42571,24010303,WPS-830-1046,PU,WPS
74112,18693,24736,DS193411,08011178,PU,PU
78073,24740,93948,DS193807,VT-42-1391,PU,VTWIN
316206,24743,61326,DS194061,VT-12-8003,PU,VTWIN
A6771,24746,83852,DS194072,VT-12-0716,PU,VTWIN
202051C,31721,37298,WPS-191-57002C,09260755,WPS,PU
202051C,37298,60055,WPS-191-57002C,VT-11-0997,WPS,VTWIN
202051C,31721,60055,09260755,VT-11-0997,PU,VTWIN
A25550SET,24751,84116,DS194162,VT-12-1508,PU,VTWIN
24611,24755,59083,DS194275,VT-10-0644,PU,VTWIN
24641,24757,59080,DS194371,VT-10-0635,PU,VTWIN
792101,7977,57614,792101,WPS-279-2101,PU,WPS
801009,24325,57627,801009,WPS-280-1009,PU,WPS
A11007,3426,83889,DS188008,VT-12-0904,PU,VTWIN
298150,24795,59606,DS199076,VT-10-8123,PU,VTWIN
50214,5921,87582,44020593,VT-23-0704,PU,VTWIN
288137,24796,59615,DS199180,VT-10-8137,PU,VTWIN
935096,24798,60902,DS199241,VT-11-7717,PU,VTWIN
291113,24801,59246,DS199323,VT-10-1171,PU,VTWIN
5113010004,24802,63475,DS199219,VT-18-1152,PU,VTWIN
298145,24803,59620,DS199196,VT-10-8145,PU,VTWIN
201105,24804,63265,DS199406,VT-17-8225,PU,VTWIN
288155G,24805,59613,DS199249,VT-10-8135,PU,VTWIN
290294,24811,64127,DS199479,VT-20-0709,PU,VTWIN
117248,19831,66484,10060319,VT-24-7248,PU,VTWIN
5422,7046,8611,06510417,10103136,PU,PU
88102,24844,49892,DS222792,WPS-276-02060,PU,WPS
5019010069,24874,61475,DS223741,VT-13-9228,PU,VTWIN
19507,63013,70092,VT-31-4192,VT-17-0858,VTWIN,VTWIN
1005,36886,70423,WPS-132-7014,VT-32-1005,WPS,VTWIN
1005,36886,87874,WPS-132-7014,VT-23-2212,WPS,VTWIN
1005,70423,87874,VT-32-1005,VT-23-2212,VTWIN,VTWIN
1227,30951,61957,09300246,VT-15-2127,PU,VTWIN
7075,30952,86773,09320030,VT-18-3201,PU,VTWIN
7075,30952,88401,09320030,VT-24-1369,PU,VTWIN
7075,30952,41018,09320030,WPS-811-07075,PU,WPS
7075,86773,88401,VT-18-3201,VT-24-1369,VTWIN,VTWIN
7075,41018,86773,VT-18-3201,WPS-811-07075,VTWIN,WPS
7075,41018,88401,VT-24-1369,WPS-811-07075,VTWIN,WPS
110450,15876,74722,DS0452,VT-35-9230,PU,VTWIN
8730,36966,75994,WPS-133-4015,VT-38-0445,WPS,VTWIN
13163,26134,87360,06401204,VT-23-0115,PU,VTWIN
77947,62070,95555,VT-15-7947,VT-50-1196,VTWIN,VTWIN
JGI3495567F,15063,85461,VT-15-1424,09342113,VTWIN,PU
76295,34147,77661,08040622,VT-42-0986,PU,VTWIN
110044,39038,74810,WPS-57-10044,VT-36-0515,WPS,VTWIN
110044,18248,74810,VT-36-0515,06580007,VTWIN,PU
070308A,63320,89262,VT-17-9934,VT-28-0204,VTWIN,VTWIN
JGI1676973,1571,85265,VT-15-0974,DS174800,VTWIN,PU
JGI1754148B,1564,85290,DS174660,VT-15-1007,PU,VTWIN
110045,39039,74829,WPS-57-10045,VT-36-0607,WPS,VTWIN
8150,68582,72792,VT-33-8150,VT-29-8150,VTWIN,VTWIN
8708,25128,56786,DS290352,WPS-874-1224,PU,WPS
7010,31042,87588,09320089,VT-23-0711,PU,VTWIN
A3272630,3352,90104,21050118,VT-32-0123,PU,VTWIN
JGI3495589F,9022,85460,09342117,VT-15-1423,PU,VTWIN
78151,25163,88061,14050196,VT-23-9272,PU,VTWIN
JGI3565279A,3608,85320,DS174131,VT-15-1048,PU,VTWIN
5205,31059,55492,09210787,WPS-82-96413,PU,WPS
1019,25188,31023,DS325779,09250672,PU,PU
1019,25188,63065,DS325779,VT-17-1019,PU,VTWIN
1019,31023,63065,09250672,VT-17-1019,PU,VTWIN
3556,25221,68373,VT-28-3556,DS3556,VTWIN,PU
76473S,25223,64100,DS360113,VT-20-0621,PU,VTWIN
6239TK1,25235,64092,DS360104,VT-20-0611,PU,VTWIN
4731SK3,25236,64103,DS360107,VT-20-0624,PU,VTWIN
81027,30412,95290,VT-50-0031,04140734,VTWIN,PU
81027,12955,95290,VT-50-0031,10102123,VTWIN,PU
81027,57124,95290,VT-50-0031,WPS-820-53030,VTWIN,WPS
81027,12955,30412,04140734,10102123,PU,PU
81027,30412,57124,04140734,WPS-820-53030,PU,WPS
81027,12955,57124,10102123,WPS-820-53030,PU,WPS
H170579,29766,89346,06300373,VT-28-0628,PU,VTWIN
1080,31074,61375,09262925,VT-12-9976,PU,VTWIN
1080,31074,50112,09262925,WPS-571-6109,PU,WPS
1080,50112,61375,VT-12-9976,WPS-571-6109,VTWIN,WPS
NA1750621,4039,90741,21200405,VT-32-7437,PU,VTWIN
NA1750621,58827,90741,WPS-850-08117,VT-32-7437,WPS,VTWIN
5432,8612,10624,06510425,10103142,PU,PU
TP34,25238,64125,DS360169,VT-20-0708,PU,VTWIN
JGI48FL,31565,61738,DS173410,VT-15-0851,PU,VTWIN
6141SK4,5484,64095,DS360101,VT-20-0614,PU,VTWIN
E210214,22958,90439,21060249,VT-32-1084,PU,VTWIN
JGI3774167A,1460,84689,DS173426,VT-14-0645,PU,VTWIN
JGI12010,1524,84649,DS174375,VT-14-0602,PU,VTWIN
JGI6583468SC,15080,85333,DS173461,VT-15-1074,PU,VTWIN
JGI2699597X,1476,84643,DS173479,VT-14-0573,PU,VTWIN
E210221,13859,90506,21060588,VT-32-1519,PU,VTWIN
JGI3490685X,9090,85391,DS173535,VT-15-1202,PU,VTWIN
JGI1754069A,3609,85287,DS174182,VT-15-1004,PU,VTWIN
JGI2924283,3640,85297,DS174336,VT-15-1018,PU,VTWIN
801003,13707,57623,21100445,WPS-280-1003,PU,WPS
801003,13707,71102,21100445,VT-32-5117,PU,VTWIN
801003,57623,71102,WPS-280-1003,VT-32-5117,WPS,VTWIN
JGI1677421,1533,84979,DS174405,VT-15-0271,PU,VTWIN
T030100B,3107,91926,07050554,VT-35-9020,PU,VTWIN
T036240K20,23956,74652,VT-35-6240,24020213,VTWIN,PU
JGI2625750A,1565,85248,DS174690,VT-15-0944,PU,VTWIN
JGI4584984,24496,84496,DS174781,VT-14-0038,PU,VTWIN
77967,62089,62294,VT-15-7967,VT-16-0215,VTWIN,VTWIN
A2392887,334,96591,09240264,VT-10-1278,PU,VTWIN
10480007,51846,63417,WPS-827-07010,VT-18-0545,WPS,VTWIN
JGI3482436,1574,85314,DS174890,VT-15-1038,PU,VTWIN
31472,4689,65973,VT-24-0171,11320718,VTWIN,PU
7450597C,2910,90402,21120784,VT-32-0950,PU,VTWIN
JGI2524499,1208,85389,DS173228,VT-15-1198,PU,VTWIN
JGI1735884,9073,85284,DS174915,VT-15-1001,PU,VTWIN
A11218,3262,83636,VT-12-0209,09210143,VTWIN,PU
JGI3495575K,31558,85211,DS174956,VT-15-0873,PU,VTWIN
JGI3490179B,3619,85221,DS174959,VT-15-0904,PU,VTWIN
7945,68946,69341,VT-30-7945,VT-30-0923,VTWIN,VTWIN
102100B,11443,51752,WPS-812-02112,06401666,WPS,PU
JGI3495252A,1587,85317,DS174963,VT-15-1042,PU,VTWIN
JGI1703383S,9074,85385,DS174972,VT-15-1191,PU,VTWIN
JGI2627380B,9144,85254,DS174826,VT-15-0952,PU,VTWIN
K1625,25470,61033,K1625,VT-11-9740,PU,VTWIN
74700021B,1206,90499,21121207,VT-32-1460,PU,VTWIN
74700025C,2880,90541,21121315,VT-32-1708,PU,VTWIN
K1660,25480,61070,K1660,VT-11-9890,PU,VTWIN
420105,25999,84046,VT-12-1309,16230558,VTWIN,PU
120416M,13812,71957,VT-33-0929,20100780,VTWIN,PU
78673,61591,91439,VT-14-8673,VT-34-0090,VTWIN,VTWIN
70287,71043,86218,VT-17-0911,VT-32-3074,VTWIN,VTWIN
77326,61969,94968,VT-15-7326,VT-49-0834,VTWIN,VTWIN
310000,36322,58963,VT-10-0000,DS194303,VTWIN,PU
E250091BT1,23152,70901,21130661,VT-32-1906,PU,VTWIN
JGI1702970,3587,85179,DS173239,VT-15-0804,PU,VTWIN
240030,25730,61063,09280026,VT-11-9872,PU,VTWIN
292088,25741,60475,DS199013,VT-11-2088,PU,VTWIN
E250091BD5,7481,90591,21130734,VT-32-1974,PU,VTWIN
288121G,25744,59609,DS199250,VT-10-8130,PU,VTWIN
JGI1677048X,9133,85292,DS174402,VT-15-1009,PU,VTWIN
212130,25746,59445,DS199283,VT-10-2130,PU,VTWIN
212965,25749,59518,09250584,VT-10-2965,PU,VTWIN
291123,25758,59227,DS199097,VT-10-1123,PU,VTWIN
DR2G,1228,90969,21200039,VT-32-9604,PU,VTWIN
DR2G,58763,90969,WPS-850-08006,VT-32-9604,WPS,VTWIN
DR6G,3991,90975,21200045,VT-32-9610,PU,VTWIN
DR6G,58769,90975,WPS-850-08012,VT-32-9610,WPS,VTWIN
212011,25760,59424,DS199301,VT-10-2011,PU,VTWIN
292025,25764,42154,DS193123,WPS-820-54204,PU,WPS
212320,25766,59455,DS199347,VT-10-2320,PU,VTWIN
DR8B,3992,90978,21200048,VT-32-9613,PU,VTWIN
DR8B,58771,90978,WPS-850-08013,VT-32-9613,WPS,VTWIN
201020,25767,63246,DS199411,VT-17-6656,PU,VTWIN
272110,25770,61480,DS199736,VT-13-9250,PU,VTWIN
254850,25772,63216,DS199436,VT-17-4850,PU,VTWIN
DR12G,11286,90979,21200049,VT-32-9614,PU,VTWIN
DP2B,11278,90983,21200052,VT-32-9617,PU,VTWIN
DP2B,58774,90983,WPS-850-08017,VT-32-9617,WPS,VTWIN
292215,25773,60959,DS193852,VT-11-9221,PU,VTWIN
DP3B,3993,90985,21200054,VT-32-9619,PU,VTWIN
DP3B,58776,90985,WPS-850-08019,VT-32-9619,WPS,VTWIN
DP6G,8511,90988,21200057,VT-32-9622,PU,VTWIN
DP6G,58781,90988,WPS-850-08024,VT-32-9622,WPS,VTWIN
288126G,25783,59610,DS199117,VT-10-8131,PU,VTWIN
212150,25789,59446,DS199324,VT-10-2150,PU,VTWIN
200369,63961,90052,VT-19-3000,VT-31-9986,VTWIN,VTWIN
DP8G,8513,90990,21200059,VT-32-9624,PU,VTWIN
DP8G,58783,90990,WPS-850-08026,VT-32-9624,WPS,VTWIN
288126,25790,59608,DS199179,VT-10-8127,PU,VTWIN
5544,31106,33113,17411044,10103326,PU,PU
290344,25792,64129,DS199478,VT-20-0711,PU,VTWIN
271100,25793,61065,DS199735,VT-11-9877,PU,VTWIN
8030,53310,66613,WPS-56-8030,VT-25-0433,WPS,VTWIN
8030,8656,53310,WPS-56-8030,09250839,WPS,PU
8030,8656,66613,VT-25-0433,09250839,VTWIN,PU
JGI6709887,1651,84767,DS193631,VT-14-0944,PU,VTWIN
1761166B,1654,83425,DS193819,VT-11-0539,PU,VTWIN
104636A,3480,96517,DS194014,VT-10-0809,PU,VTWIN
NM334721602,11263,91010,21200334,VT-32-9693,PU,VTWIN
NM334721602,58893,91010,WPS-850-08317,VT-32-9693,WPS,VTWIN
2400658,3497,96676,DS194086,VT-10-8325,PU,VTWIN
2459940,3488,96351,DS194090,VT-10-0240,PU,VTWIN
18445,25846,65560,10102062,VT-23-2169,PU,VTWIN
18445,25846,71375,10102062,VT-32-8445,PU,VTWIN
18445,65560,71375,VT-23-2169,VT-32-8445,VTWIN,VTWIN
77416,61997,70435,VT-32-0976,VT-15-7416,VTWIN,VTWIN
MDRPINS,1252,90678,21200399,VT-32-6514,PU,VTWIN
MDRPINS,58793,90678,WPS-850-08038,VT-32-6514,WPS,VTWIN
310005,15880,58965,DS194301,VT-10-0005,PU,VTWIN
71132,25904,92751,DS189981,VT-37-1954,PU,VTWIN
18803,25933,72871,10100060,VT-34-0101,PU,VTWIN
A3511352,4455,83916,DS194327,VT-12-0931,PU,VTWIN
A3752385,3432,83639,DS194361,VT-12-0212,PU,VTWIN
320081,65192,78686,VT-23-0081,VT-46-0123,VTWIN,VTWIN
JGI12030,3677,84655,DS194418,VT-14-0609,PU,VTWIN
20303A,46078,66572,VT-25-0174,WPS-830-0313,VTWIN,WPS
NM334720802,11262,91008,21200332,VT-32-9691,PU,VTWIN
NM334720802,58889,91008,WPS-850-08313,VT-32-9691,WPS,VTWIN
JGI12018,9152,84652,DS194480,VT-14-0605,PU,VTWIN
18181,25950,71359,10102539,VT-32-8181,PU,VTWIN
T030101C,30136,91929,07050557,VT-35-9023,PU,VTWIN
A3157581,1736,90809,DS195147,VT-32-7769,PU,VTWIN
A3536593,24768,63295,DS195168,VT-17-9606,PU,VTWIN
64391,69293,95879,VT-30-4391,VT-52-2037,VTWIN,VTWIN
700002,25962,49428,11070663,WPS-70-7002,PU,WPS
NHD69200897,1272,90646,21200655,VT-32-5064,PU,VTWIN
288160,25759,59622,DS199182,VT-10-8151,PU,VTWIN
8821,45594,56804,WPS-60-1946,WPS-874-1241,WPS,WPS
8821,56804,89731,VT-31-0327,WPS-874-1241,VTWIN,WPS
77349,61978,78369,VT-44-0889,VT-15-7349,VTWIN,VTWIN
288137G,24799,59611,DS199247,VT-10-8132,PU,VTWIN
70260,25997,70914,21070300,VT-32-1924,PU,VTWIN
70260,25997,90224,21070300,VT-32-0424,PU,VTWIN
70260,70914,90224,VT-32-1924,VT-32-0424,VTWIN,VTWIN
120040,16675,33360,07060018,04120665,PU,PU
120040,33360,41799,07060018,WPS-820-50509,PU,WPS
120040,16675,41799,04120665,WPS-820-50509,PU,WPS
120040,16675,36804,04120665,WPS-12-0040,PU,WPS
120040,36804,41799,WPS-820-50509,WPS-12-0040,WPS,WPS
70250,26013,71070,21070200,VT-32-3102,PU,VTWIN
291146,25794,59240,DS199327,VT-10-1146,PU,VTWIN
207650,1790,86402,DS199413,VT-17-7650,PU,VTWIN
NHD7240607A,1555,51532,WPS-850-08214,21201211,WPS,PU
202330C,19353,60084,VT-11-1039,09260699,VTWIN,PU
77901,35026,92112,VT-36-0893,16010154,VTWIN,PU
18535,26074,71387,10100587,VT-32-8535,PU,VTWIN
370494,2465,70271,VT-32-0263,06160204,VTWIN,PU
T030078,14416,91911,07070013,VT-35-6106,PU,VTWIN
DBR1,28360,71289,21010323,VT-32-7787,PU,VTWIN
JGI04XL,19557,61861,VT-15-1372,09341637,VTWIN,PU
6451,55451,73104,VT-34-0628,WPS-82-96333,VTWIN,WPS
6451,13104,73104,VT-34-0628,18002215,VTWIN,PU
1013040006,2124,92066,DS223407,VT-36-0705,PU,VTWIN
1023040021,2139,92141,DS223419,VT-36-1569,PU,VTWIN
JGI2706278,9143,84671,DS174822,VT-14-0626,PU,VTWIN
NHCXMB12,11287,71134,VT-32-6654,21200223,VTWIN,PU
NDP30036,48932,71555,WPS-850-08400,VT-32-9643,WPS,VTWIN
210009,26123,77766,14010743,VT-42-1218,PU,VTWIN
77483,62011,88501,VT-24-9911,VT-15-7483,VTWIN,VTWIN
NDP38063,48939,71552,WPS-850-08408,VT-32-9640,WPS,VTWIN
A6778,14628,84027,VT-12-1258,09250286,VTWIN,PU
1013040015,5294,92072,DS223919,VT-36-0720,PU,VTWIN
DR3G,58765,90971,WPS-850-08008,VT-32-9606,WPS,VTWIN
DR3G,4024,90971,21200041,VT-32-9606,PU,VTWIN
NHD3243597,11307,90621,21201447,VT-32-2227,PU,VTWIN
NFATO5,1294,90709,21300085,VT-32-6563,PU,VTWIN
NFATO5,58913,90709,WPS-850-08416,VT-32-6563,WPS,VTWIN
60121,5926,26215,44010188,16202665,PU,PU
NTBW3231008A,23406,92085,21300348,VT-36-0793,PU,VTWIN
NTBW3231008A,51393,92085,WPS-850-08211,VT-36-0793,WPS,VTWIN
71600,26227,78578,02130800,VT-45-0697,PU,VTWIN
210006,26257,77585,14010741,VT-42-0617,PU,VTWIN
84419,13549,87648,17310209,VT-23-0857,PU,VTWIN
18040,26276,55040,10112851,WPS-58-54085,PU,WPS
H070603,8238,67088,06101684,VT-26-0002,PU,VTWIN
202032,24819,37352,DS202032,WPS-191-57019,PU,WPS
78406,70672,85628,VT-15-8406,VT-32-1481,VTWIN,VTWIN
18442,26312,71373,10101463,VT-32-8442,PU,VTWIN
77715,74259,83932,VT-35-0850,VT-15-7715,VTWIN,VTWIN
40127,71341,90912,VT-32-9097,VT-32-8097,VTWIN,VTWIN
359016,37571,62775,VT-16-9016,WPS-235-9016,VTWIN,WPS
81034,26321,90773,10102094,VT-32-7561,PU,VTWIN
4124038C,34705,81877,VT-54-0038,DS310038,VTWIN,PU
300200,26353,31664,12102784,06012851,PU,PU
300200,26353,63906,12102784,VT-19-0768,PU,VTWIN
300200,26353,63749,12102784,VT-19-0287,PU,VTWIN
300200,31664,63906,06012851,VT-19-0768,PU,VTWIN
300200,31664,63749,06012851,VT-19-0287,PU,VTWIN
300200,63749,63906,VT-19-0768,VT-19-0287,VTWIN,VTWIN
77703,11693,95193,VT-49-2562,16010179,VTWIN,PU
78543,62172,85659,VT-15-8453,VT-15-8543,VTWIN,VTWIN
112187,35216,74708,10030353,VT-35-9183,PU,VTWIN
18500,26403,42055,DS288880,WPS-820-52800,PU,WPS
18500,26403,72874,DS288880,VT-34-0112,PU,VTWIN
18500,42055,72874,WPS-820-52800,VT-34-0112,WPS,VTWIN
472019,26412,91861,10090080,VT-35-1727,PU,VTWIN
472019,50216,91861,WPS-24-72019,VT-35-1727,WPS,VTWIN
40049,4641,12610,20402676,10102954,PU,PU
DP8B,8466,90991,21200060,VT-32-9625,PU,VTWIN
DP8B,58782,90991,WPS-850-08025,VT-32-9625,WPS,VTWIN
300905,4462,16977,24011697,06015662,PU,PU
111131,24839,66439,VT-24-2048,DS222048,VTWIN,PU
H0707904,8215,88795,06150275,VT-26-2229,PU,VTWIN
JGI6053994KF,19573,61831,09344616,VT-15-1333,PU,VTWIN
251394,2824,57531,251394,WPS-22-51394,PU,WPS
63584D,2761,76126,VT-38-0736,07010836,VTWIN,PU
6083010011,26563,63480,11300205,VT-18-1157,PU,VTWIN
6083010098,26606,63581,DS223720,VT-18-3852,PU,VTWIN
6083010090,26643,63580,DS223721,VT-18-3842,PU,VTWIN
S770134,7614,94961,35010603,VT-49-0798,PU,VTWIN
6083010036,26645,63578,DS223723,VT-18-3822,PU,VTWIN
3073010011,26646,63523,DS223739,VT-18-3233,PU,VTWIN
DC65,36925,71520,VT-32-9285,WPS-133-1082,VTWIN,WPS
DC65,28363,71520,VT-32-9285,DC65,VTWIN,PU
78711,62223,91890,VT-15-8711,VT-35-2000,VTWIN,VTWIN
21201,45611,74367,VT-35-1201,WPS-830-0130,VTWIN,WPS
BTX14,26798,40973,11311805,WPS-810-5008,PU,WPS
TPS29,26817,64114,DS360047,VT-20-0651,PU,VTWIN
76472S,26830,64099,DS360115,VT-20-0619,PU,VTWIN
NWR2410020,18517,54004,WPS-850-09212,21201316,WPS,PU
81016,2232,30408,DS193710,04140733,PU,PU
BA080000,15297,51672,22100607,WPS-27-57011,PU,WPS
H070587,30284,67249,06100220,VT-26-0895,PU,VTWIN
350103,87353,92873,VT-37-8660,VT-23-0107,VTWIN,VTWIN
77081,27086,77829,24010535,VT-42-1534,PU,VTWIN
1013030008,4922,92200,VT-36-2503,DS223876,VTWIN,PU
BA080020,15306,54442,22100661,WPS-27-57013,PU,WPS
202122C,31762,60152,09260723,VT-11-1184,PU,VTWIN
202122C,31762,37403,09260723,WPS-191-57053C,PU,WPS
202122C,37403,60152,VT-11-1184,WPS-191-57053C,VTWIN,WPS
3497X,23827,61035,VT-11-9759,3497X,VTWIN,PU
P4829,23856,45813,24010998,WPS-830-1096,PU,WPS
062015,28672,44336,WPS-820-70207,17310611,WPS,PU
358034,2560,45910,13020654,WPS-820-5384,PU,WPS
HD2,4190,93543,VT-40-0378,06040002,VTWIN,PU
BA064911,9513,54445,22100664,WPS-28-61047,PU,WPS
339909,51188,94192,VT-44-0008,WPS-820-54160,VTWIN,WPS
JGI2522570X,9100,85154,DS174201,VT-15-0713,PU,VTWIN
1214,73702,92736,VT-34-2114,VT-37-1423,VTWIN,VTWIN
B281257,27214,56043,13102497,WPS-750-05581,PU,WPS
JGI1735304,441,85477,VT-15-1449,09341848,VTWIN,PU
2025,68543,93578,VT-40-0525,VT-29-2025,VTWIN,VTWIN
2028,68544,93579,VT-40-0527,VT-29-2028,VTWIN,VTWIN
70007,27294,94570,24040632,VT-45-0329,PU,VTWIN
A2434687A,8502,96649,09240170,VT-10-2556,PU,VTWIN
40373,12655,27319,20101499,10102895,PU,PU
40373,27319,82623,20101499,VT-73-373,PU,VTWIN
40373,12655,82623,10102895,VT-73-373,PU,VTWIN
50117,27336,50173,44020582,WPS-85-4176,PU,WPS
BDL30853ST,26827,63986,DS360007,VT-20-0100,PU,VTWIN
40174,27363,70524,20101456,VT-32-1216,PU,VTWIN
BDL138K,26818,64109,DS360086,VT-20-0630,PU,VTWIN
70021,27375,94933,24040839,VT-49-0628,PU,VTWIN
3200403,35955,59530,09220113,VT-10-3500,PU,VTWIN
202140,34610,43673,DS375001,WPS-812-02054,PU,WPS
206589SALED,7921,41324,WPS-820-0370A,78052069,WPS,PU
206589SALED,41324,71789,WPS-820-0370A,VT-33-0473,WPS,VTWIN
206589SALED,7921,71789,78052069,VT-33-0473,PU,VTWIN
987316,27522,44168,19133012,WPS-830-1196,PU,WPS
4311CH,35027,74681,DS390233,VT-35-9085,PU,VTWIN
4311CR,35049,74729,DS390250,VT-35-9311,PU,VTWIN
13608,66099,88109,VT-24-0663,VT-24-0095,VTWIN,VTWIN
202024,37388,60022,WPS-191-57045,VT-11-0954,WPS,VTWIN
102011,2721,53449,21020334,WPS-820-60414,PU,WPS
22971,27615,45570,24010439,WPS-830-1204,PU,WPS
9971,69693,89721,VT-31-0831,VT-31-0276,VTWIN,VTWIN
NHD69200193,8496,91020,VT-32-9712,21200930,VTWIN,PU
NHD69200193,58881,91020,VT-32-9712,WPS-850-08197,VTWIN,WPS
160902,13872,91314,22120105,VT-33-2024,PU,VTWIN
BA072100,9508,46417,22110185,WPS-28-61005,PU,WPS
160901,2725,91315,22120106,VT-33-2025,PU,VTWIN
710334,31708,61497,VT-14-0143,09262044,VTWIN,PU
14216,41832,50169,WPS-820-50565,WPS-85-4173,WPS,WPS
DD2000HD2EP,6733,71463,21010044,VT-32-9113,PU,VTWIN
DD2000HD2EP,36946,71463,WPS-133-3010,VT-32-9113,WPS,VTWIN
NA1736451,3959,90667,21200192,VT-32-6500,PU,VTWIN
NA1736451,58813,90667,WPS-850-08101,VT-32-6500,WPS,VTWIN
2396180A3,14993,96683,DS194005,VT-10-8357,PU,VTWIN
334146,4047,84247,DS194483,VT-12-9942,PU,VTWIN
JGI11190V2,24766,61525,DS194487,VT-14-0672,PU,VTWIN
JGI4584977,24761,84456,DS194496,VT-14-0037,PU,VTWIN
20036,16668,27826,24010514,04110179,PU,PU
20036,27826,70930,24010514,VT-32-2018,PU,VTWIN
20036,16668,70930,04110179,VT-32-2018,PU,VTWIN
BA072110,9511,54448,22120893,WPS-28-61049,PU,WPS
A3507084,4470,85943,DS196237,VT-17-0062,PU,VTWIN
PS1500,26810,63860,22145006,VT-19-0601,PU,VTWIN
PS1500,26810,38126,22145006,WPS-290-01001,PU,WPS
PS1500,38126,63860,VT-19-0601,WPS-290-01001,VTWIN,WPS
BA050510,31909,44931,22120737,WPS-28-61011,PU,WPS
6251,27940,79153,18000635,VT-48-0302,PU,VTWIN
6251,55481,79153,VT-48-0302,WPS-82-96382,VTWIN,WPS
76154,27967,34112,24010458,08040292,PU,PU
6477,27974,69212,18002166,VT-30-3034,PU,VTWIN
88187,2264,83518,VT-11-1194,09310710,VTWIN,PU
88187,44989,83518,VT-11-1194,WPS-820-51549,VTWIN,WPS
88187,2264,44989,09310710,WPS-820-51549,PU,WPS
6853B,27979,57257,18002257,WPS-82-96507,PU,WPS
40173,27278,92838,20101455,VT-37-8573,PU,VTWIN
40173,27278,70523,20101455,VT-32-1215,PU,VTWIN
40173,70523,92838,VT-37-8573,VT-32-1215,VTWIN,VTWIN
1075,14897,62684,09261166,VT-16-1845,PU,VTWIN
1075,14897,50106,09261166,WPS-571-6107,PU,WPS
1075,50106,62684,VT-16-1845,WPS-571-6107,VTWIN,WPS
3073020013,26572,63533,VT-18-3271,11313882,VTWIN,PU
3527X,24127,61039,VT-11-9764,3527X,VTWIN,PU
JGI3329536X,3704,85084,VT-15-0595,DS174755,VTWIN,PU
40241,75490,96328,VT-37-4241,VT-10-0198,VTWIN,VTWIN
67312B,47265,76986,VT-40-0457,WPS-274-0765,VTWIN,WPS
02205,5192,37767,17010679,WPS-27-10901,PU,WPS
6055,6508,77913,18010719,VT-42-6055,PU,VTWIN
6020,14987,28016,18010365,09402010,PU,PU
6020,28016,59153,18010365,VT-10-0849,PU,VTWIN
6020,14987,59153,09402010,VT-10-0849,PU,VTWIN
62052,34995,74216,VT-35-0751,07050030,VTWIN,PU
40265,71352,75498,VT-32-8124,VT-37-4265,VTWIN,VTWIN
1218,30950,72290,VT-34-0170,09300155,VTWIN,PU
1218,72290,80857,VT-34-0170,VT-50-2200,VTWIN,VTWIN
1218,30950,80857,09300155,VT-50-2200,PU,VTWIN
M6XL5,38212,63560,VT-18-3684,WPS-39-1204,VTWIN,WPS
94640,64204,88472,VT-20-4640,VT-24-1926,VTWIN,VTWIN
H070780MB3,146,88792,06150270,VT-26-2226,PU,VTWIN
323055,14185,76826,07100253,VT-40-0022,PU,VTWIN
080529,39259,95414,VT-50-0807,WPS-57-8529,VTWIN,WPS
1215,3451,43091,09262976,WPS-59-9124,PU,WPS
1215,3451,57158,09262976,WPS-27-4736,PU,WPS
1215,3451,73703,09262976,VT-34-2115,PU,VTWIN
1215,43091,57158,WPS-59-9124,WPS-27-4736,WPS,WPS
1215,43091,73703,WPS-59-9124,VT-34-2115,WPS,VTWIN
1215,57158,73703,WPS-27-4736,VT-34-2115,WPS,VTWIN
D26014132,727,87002,12030015,VT-20-0706,PU,VTWIN
261210,28096,67381,24010426,VT-2612-10TW,PU,VTWIN
21058,28098,58586,19133005,WPS-830-1134,PU,WPS
5462,31351,72746,VT-33-5462,19010526,VTWIN,PU
76191,28133,44157,DS193619,WPS-830-1177,PU,WPS
76191,28133,61701,DS193619,VT-15-0623,PU,VTWIN
76191,44157,61701,WPS-830-1177,VT-15-0623,WPS,VTWIN
750820,28134,43959,DS193766,WPS-830-1109,PU,WPS
193002,47520,64065,VT-20-0371,WPS-820-51225,VTWIN,WPS
84411,28144,58641,DS190892,WPS-820-32000,PU,WPS
84411,28144,87510,DS190892,VT-23-0499,PU,VTWIN
84411,58641,87510,WPS-820-32000,VT-23-0499,WPS,VTWIN
214040,28155,43492,DS193829,WPS-830-1103,PU,WPS
214040,28155,59547,DS193829,VT-10-4040,PU,VTWIN
214040,25726,28155,DS193829,09250590,PU,PU
214040,43492,59547,WPS-830-1103,VT-10-4040,WPS,VTWIN
214040,25726,43492,WPS-830-1103,09250590,WPS,PU
214040,25726,59547,VT-10-4040,09250590,VTWIN,PU
K1746,36617,61094,VT-11-9954,09030583,VTWIN,PU
292017,25776,60172,09280095,VT-11-1208,PU,VTWIN
C10248,28242,85489,09351031,VT-15-1475,PU,VTWIN
DC101,28266,71455,DC101,VT-32-9035,PU,VTWIN
NWR1010020,11247,53998,WPS-850-09207,21201311,WPS,PU
NDP38064,48937,71548,WPS-850-08405,VT-32-9636,WPS,VTWIN
371036,44308,70706,WPS-820-50844,VT-32-1542,WPS,VTWIN
86160,72759,89877,VT-31-1315,VT-33-6160,VTWIN,VTWIN
D2KI1P,28348,71473,21010027,VT-32-9159,PU,VTWIN
D2KI1P,36950,71473,WPS-133-3014,VT-32-9159,WPS,VTWIN
D2KI2P,28349,71470,21010028,VT-32-9151,PU,VTWIN
D2KI2P,36953,71470,WPS-133-3015,VT-32-9151,WPS,VTWIN
DC68,28352,90441,21020307,VT-32-1086,PU,VTWIN
DC68,36928,90441,WPS-133-1085,VT-32-1086,WPS,VTWIN
8401,37965,67717,WPS-274-0044,VT-27-0930,WPS,VTWIN
8401,67717,70231,VT-32-0107,VT-27-0930,VTWIN,VTWIN
D2KI5P,28353,71472,21010031,VT-32-9155,PU,VTWIN
D2KI5P,36955,71472,VT-32-9155,WPS-133-3018,VTWIN,WPS
DC31,28357,71324,DC31,VT-32-8055,PU,VTWIN
DC31,36932,71324,VT-32-8055,WPS-133-1089,VTWIN,WPS
DSPT1,28359,71467,21010071,VT-32-9123,PU,VTWIN
DSPT1,36942,71467,WPS-133-3007,VT-32-9123,WPS,VTWIN
DSK62,28367,70393,DSK62,VT-32-0800,PU,VTWIN
DSK62,36939,70393,WPS-133-3004,VT-32-0800,WPS,VTWIN
JGI6053994F,9052,61835,09344631,VT-15-1337,PU,VTWIN
K2822,4392,88332,04050326,VT-24-0907,PU,VTWIN
202322C,31701,60083,09260706,VT-11-1036,PU,VTWIN
148407,20471,63376,11321828,VT-18-0272,PU,VTWIN
8105,28400,72785,DS289306,VT-33-8105,PU,VTWIN
8105,28400,69354,DS289306,VT-30-8105,PU,VTWIN
8105,69354,72785,VT-33-8105,VT-30-8105,VTWIN,VTWIN
8102,28401,88853,DS289303,VT-27-0049,PU,VTWIN
L126024CE,7313,71623,20300579,VT-33-0086,PU,VTWIN
NCBH02,11282,70982,VT-32-2216,21201403,VTWIN,PU
3300166,19305,96659,09250741,VT-10-8167,PU,VTWIN
JGI2699598,9006,84717,VT-14-0689,09340549,VTWIN,PU
6311BH,11679,46300,WPS-274-0501,07050092,WPS,PU
76312FCS,47257,74143,WPS-274-0720,VT-35-0595,WPS,VTWIN
106200,34532,47743,04080373,WPS-812-52297,PU,WPS
2023000,9293,60567,09263217,VT-11-2341,PU,VTWIN
6311CHO,25295,46299,WPS-274-0500,DS390510,WPS,PU
140110A,28797,72860,10110881,VT-34-0079,PU,VTWIN
112195,19750,74312,10030042,VT-35-0978,PU,VTWIN
120231,20061,41806,10120162,WPS-820-50514,PU,WPS
8070,31094,31337,09251612,11100043,PU,PU
8070,31094,53314,09251612,WPS-56-8070,PU,WPS
8070,31337,53314,11100043,WPS-56-8070,PU,WPS
350027,28616,94111,11050034,VT-43-0504,PU,VTWIN
71585,26222,78590,02100423,VT-45-0736,PU,VTWIN
H070601,29778,67095,VT-26-0009,06100792,VTWIN,PU
52672,41959,54960,WPS-194-52672,WPS-820-52100,WPS,WPS
52672,35861,41959,WPS-820-52100,06360651,WPS,PU
A3150165,3053,86368,21100450,VT-17-1503,PU,VTWIN
253103,20365,37515,11200281,WPS-22-53103,PU,WPS
B160917P,2546,87734,17020346,VT-23-1127,PU,VTWIN
20732,6552,58574,24010107,WPS-830-1102,PU,WPS
20732,6552,42976,24010107,WPS-865-01161,PU,WPS
20732,6552,91667,24010107,VT-35-0381,PU,VTWIN
20732,42976,58574,WPS-830-1102,WPS-865-01161,WPS,WPS
20732,58574,91667,WPS-830-1102,VT-35-0381,WPS,VTWIN
20732,42976,91667,WPS-865-01161,VT-35-0381,WPS,VTWIN
96784,47276,86760,WPS-820-54497,VT-18-3129,WPS,VTWIN
3023020009,2135,63566,VT-18-3693,DS223731,VTWIN,PU
28322,38612,41472,WPS-50-28322,WPS-82-8322,WPS,WPS
76281,71124,94107,VT-32-6281,VT-43-0458,VTWIN,VTWIN
420027,4267,85732,16100632,VT-16-0041,PU,VTWIN
DP4G,11280,90986,21200055,VT-32-9620,PU,VTWIN
DP4G,58779,90986,WPS-850-08022,VT-32-9620,WPS,VTWIN
46472,18514,77071,07100033,VT-40-0668,PU,VTWIN
18536,19858,71388,10100588,VT-32-8536,PU,VTWIN
201403,28758,51171,12102667,WPS-820-51158,PU,WPS
120230,28792,41805,10120161,WPS-820-50513,PU,WPS
A922128,28798,96372,09240181,VT-10-0320,PU,VTWIN
79059,34095,67828,08070011,VT-27-1305,PU,VTWIN
20092,66820,73988,VT-25-1122,VT-35-0235,VTWIN,VTWIN
20092,64074,66820,VT-25-1122,VT-20-0492,VTWIN,VTWIN
20092,64074,73988,VT-35-0235,VT-20-0492,VTWIN,VTWIN
201400,28806,51172,12102668,WPS-820-51159,PU,WPS
201406,28811,51169,12102662,WPS-820-51156,PU,WPS
7060,19479,41009,09320023,WPS-811-07060,PU,WPS
7060,19479,92625,09320023,VT-37-0799,PU,VTWIN
7060,41009,92625,WPS-811-07060,VT-37-0799,WPS,VTWIN
18014,36911,71024,WPS-132-7060,VT-32-3045,WPS,VTWIN
18014,36911,62841,WPS-132-7060,VT-17-0261,WPS,VTWIN
18014,62841,71024,VT-32-3045,VT-17-0261,VTWIN,VTWIN
260202CK,28842,77963,11050041,VT-43-0107,PU,VTWIN
NSAIH01,49019,70983,WPS-850-08655,VT-32-2223,WPS,VTWIN
NSAIH01,34339,70983,21201065,VT-32-2223,PU,VTWIN
1221,68858,75323,VT-37-1079,VT-30-0727,VTWIN,VTWIN
D330110,28852,93935,11070489,VT-42-1232,PU,VTWIN
NFAXH12,23336,71166,21201165,VT-32-7026,PU,VTWIN
NFAXH12,51060,71166,VT-32-7026,WPS-850-08992,VTWIN,WPS
76276,8385,85116,08020887,VT-15-0647,PU,VTWIN
500812,81486,95418,VT-52-0812,VT-50-0813,VTWIN,VTWIN
1001,14824,62400,09250513,VT-16-0643,PU,VTWIN
52830,15720,46380,WPS-820-0082,06360322,WPS,PU
52830,46380,51836,WPS-820-0082,WPS-194-52830,WPS,WPS
A6003,1685,86546,DS194280,VT-17-9853,PU,VTWIN
18753,25862,71433,10102479,VT-32-8753,PU,VTWIN
KB272.010,42339,60501,WPS-824-01258,VT-11-2230,WPS,VTWIN
BDL1185,25226,63993,DS360009,VT-20-0117,PU,VTWIN
170418N,28913,89028,16210160,VT-27-0914,PU,VTWIN
770070,29262,70150,VT-31-9951,35010159,VTWIN,PU
106A,39003,77328,WPS-57-0106,VT-41-0132,WPS,VTWIN
350131,75747,92886,VT-37-8787,VT-37-8969,VTWIN,VTWIN
K1662,36667,61072,K1662,VT-11-9892,PU,VTWIN
JGI2522536CX,9069,61779,09341184,VT-15-1267,PU,VTWIN
144005,28960,48876,11321476,WPS-820-52463,PU,WPS
144005,28960,63412,11321476,VT-18-0534,PU,VTWIN
144005,48876,63412,WPS-820-52463,VT-18-0534,WPS,VTWIN
77324,67147,83163,VT-15-7324,VT-26-0117,VTWIN,VTWIN
762,78447,93846,VT-47-2206,VT-42-0700,VTWIN,VTWIN
762,78447,79045,VT-47-2206,VT-47-2205,VTWIN,VTWIN
762,79045,93846,VT-42-0700,VT-47-2205,VTWIN,VTWIN
1066068,3858,61306,VT-12-5240,09250512,VTWIN,PU
P776005,41673,67614,WPS-820-1963,VT-27-0702,WPS,VTWIN
18505,4514,72907,10100179,VT-34-0178,PU,VTWIN
F510646ME,29041,95299,20401963,VT-50-0046,PU,VTWIN
F510646CE,29042,95298,20401964,VT-50-0045,PU,VTWIN
62054,18422,74737,07050031,VT-35-9353,PU,VTWIN
E210214K,29047,90442,21060248,VT-32-1088,PU,VTWIN
210209GBK,29048,70789,21060253,VT-32-1690,PU,VTWIN
T030150,14189,93624,07110213,VT-40-0830,PU,VTWIN
76387,11152,29050,20300171,08030230,PU,PU
E210214GBK,29053,90540,21060250,VT-32-1698,PU,VTWIN
76705F,29057,77425,21070053,VT-42-0168,PU,VTWIN
110296K,28839,41756,11070036,WPS-820-2670,PU,WPS
70277,61961,93746,VT-15-7027,VT-42-0300,VTWIN,VTWIN
JGI3523136,3670,84681,DS174892,VT-14-0638,PU,VTWIN
77971,62092,90543,VT-15-7971,VT-32-1725,VTWIN,VTWIN
78283,62120,77755,VT-15-8283,VT-42-1200,VTWIN,VTWIN
V30HTCBB,34440,56655,06303420,WPS-206-40114,PU,WPS
H070574S,17485,67267,06102302,VT-26-0973,PU,VTWIN
JGI4584377,3632,84694,DS173420,VT-14-0652,PU,VTWIN
241003,29750,41641,06020400,WPS-820-1347C,PU,WPS
78587,62185,86408,VT-15-8587,VT-17-8084,VTWIN,VTWIN
4731SK2,5469,64102,DS360108,VT-20-0623,PU,VTWIN
A3512936,4440,83903,VT-12-0918,DS188066,VTWIN,PU
H0707892,21681,67360,VT-26-2218,06101873,VTWIN,PU
202036M,19391,60538,09262279,VT-11-2313,PU,VTWIN
110050,18218,69530,06580009,VT-31-0338,PU,VTWIN
110050,18218,74830,06580009,VT-36-0610,PU,VTWIN
110050,39042,74830,WPS-57-10050,VT-36-0610,WPS,VTWIN
110050,69530,74830,VT-31-0338,VT-36-0610,VTWIN,VTWIN
JGI1703478S,24515,85384,DS174982,VT-15-1188,PU,VTWIN
E250091BD2,29389,70875,VT-32-1866,21130665,VTWIN,PU
JGI1677763,1558,85274,DS174479,VT-15-0989,PU,VTWIN
352102,29215,93104,24010689,VT-37-9541,PU,VTWIN
216326,25780,59617,VT-10-8139,09250113,VTWIN,PU
88461,30377,45805,09310822,WPS-820-51547,PU,WPS
88461,30377,83519,09310822,VT-11-1195,PU,VTWIN
88461,45805,83519,WPS-820-51547,VT-11-1195,WPS,VTWIN
E250091BT5,29226,70905,21130668,VT-32-1910,PU,VTWIN
E250091BT2,29230,70902,21130663,VT-32-1907,PU,VTWIN
148138,29234,63619,21100205,VT-18-8307,PU,VTWIN
323499,31836,46934,03650046,WPS-232-3499,PU,WPS
AH4620,71638,72446,VT-33-0141,VT-33-1823,VTWIN,VTWIN
E250091BD9,29247,90594,21130797,VT-32-1978,PU,VTWIN
120002,5125,36791,WPS-12-0002,04030165,WPS,PU
770044CKNU,29263,89809,35010258,VT-31-0818,PU,VTWIN
6482010,45209,59762,VT-11-0177,WPS-865-02032,VTWIN,WPS
6482020,45210,59763,VT-11-0178,WPS-865-02033,VTWIN,WPS
H070591N,1627,88718,06102308,VT-26-0964,PU,VTWIN
6127020,45201,59772,VT-11-0187,WPS-865-02023,VTWIN,WPS
792105,29325,57617,21100072,WPS-279-2105,PU,WPS
792106,29326,57618,21100073,WPS-279-2106,PU,WPS
801004,29370,71103,21100446,VT-32-5118,PU,VTWIN
801004,29370,57624,21100446,WPS-280-1004,PU,WPS
801004,57624,71103,VT-32-5118,WPS-280-1004,VTWIN,WPS
40120,4684,71142,16100526,VT-32-6672,PU,VTWIN
102031,29374,90256,21020220,VT-32-0513,PU,VTWIN
120049RW,22508,41520,WPS-820-0386,20300016,WPS,PU
103070B,8819,51018,06040235,WPS-812-52401,PU,WPS
E250091BD1,29387,70866,21130662,VT-32-1846,PU,VTWIN
110042,39037,92178,WPS-57-10042,VT-36-2416,WPS,VTWIN
110042,34004,92178,VT-36-2416,06580005,VTWIN,PU
77432,61915,88367,VT-15-7432,VT-24-1063,VTWIN,VTWIN
NM334820802,11290,91004,21200328,VT-32-9687,PU,VTWIN
NM334820802,58903,91004,WPS-850-08328,VT-32-9687,WPS,VTWIN
76722,18654,59123,08010745,VT-10-0786,PU,VTWIN
8636,53321,77964,WPS-56-8636,VT-43-0145,WPS,VTWIN
512HF,15628,65647,17220738,VT-23-4550,PU,VTWIN
201401,20528,51173,12102669,WPS-820-51160,PU,WPS
500751B,34541,49410,WPS-812-55001,16202278,WPS,PU
BA051211,31930,43984,22110170,WPS-27-5797BK,PU,WPS
23145,47392,84949,WPS-820-50573,VT-15-0228,WPS,VTWIN
352118,29429,93100,24010697,VT-37-9535,PU,VTWIN
H070593,29787,67086,06101682,VT-26-0000,PU,VTWIN
MDP3B,1245,90694,21200310,VT-32-6539,PU,VTWIN
MDP3B,58803,90694,WPS-850-08047,VT-32-6539,WPS,VTWIN
352018,29434,75840,24010715,VT-37-9533,PU,VTWIN
781212,24523,44159,WPS-830-1181,DS189812,WPS,PU
500761,8734,49414,WPS-812-55004,16202281,WPS,PU
MCCBR4,38007,90235,WPS-275-01013,VT-32-0436,WPS,VTWIN
46468,29480,47429,78053040,WPS-820-32020,PU,WPS
46468,29480,87542,78053040,VT-23-0582,PU,VTWIN
46468,47429,87542,WPS-820-32020,VT-23-0582,WPS,VTWIN
JGI12026B,1709,84654,VT-14-0608,DS194455,VTWIN,PU
NNSEP01,34217,75237,VT-37-1075,11050236,VTWIN,PU
NNSEP01,49178,75237,VT-37-1075,WPS-850-08980,VTWIN,WPS
77460,14482,61762,21070329,VT-15-7460,PU,VTWIN
C8042T,31146,42581,WPS-830-1061,24010295,WPS,PU
B160728MB,2507,87912,17010755,VT-23-2357,PU,VTWIN
781114,24741,44158,WPS-830-1180,DS193811,WPS,PU
JGI12066,3645,84705,VT-14-0665,DS194084,VTWIN,PU
D110307,14187,93649,07100284,VT-40-1103,PU,VTWIN
78647,70865,85705,VT-32-1845,VT-15-8647,VTWIN,VTWIN
78270,62111,93253,VT-15-8270,VT-38-0987,VTWIN,VTWIN
NM334720801,3999,90997,21200319,VT-32-9678,PU,VTWIN
NM334720801,58888,90997,WPS-850-08312,VT-32-9678,WPS,VTWIN
27361,6538,58590,04040307,WPS-830-1164,PU,WPS
440520,3263,84050,VT-12-1313,11060232,VTWIN,PU
78260,62102,62103,VT-15-8260,VT-15-8259,VTWIN,VTWIN
78260,62103,93867,VT-15-8260,VT-42-0787,VTWIN,VTWIN
78260,62102,93867,VT-15-8259,VT-42-0787,VTWIN,VTWIN
61126,81887,84004,VT-54-0105,VT-12-1188,VTWIN,VTWIN
304,28661,94047,17420046,VT-43-0198,PU,VTWIN
78291,62128,77748,VT-42-1192,VT-15-8291,VTWIN,VTWIN
A8905,29872,83719,09240586,VT-12-0398,PU,VTWIN
323057,29874,76828,07100255,VT-40-0024,PU,VTWIN
H070574SMB,17490,67268,06102303,VT-26-0974,PU,VTWIN
84889,29917,66191,04140527,VT-24-1243,PU,VTWIN
W160333,29933,92300,02140450,VT-37-0041,PU,VTWIN
20358,5124,78585,04150051,VT-45-0714,PU,VTWIN
2620491A,29936,84238,09320189,VT-12-9929,PU,VTWIN
H0707804,30014,88791,06150273,VT-26-2224,PU,VTWIN
NWR110020,33135,54000,21201313,WPS-850-09209,PU,WPS
26388,2042,58578,24010913,WPS-830-1106,PU,WPS
L216094,22281,72107,20010278,VT-33-1245,PU,VTWIN
A25313SET,3359,84117,09500364,VT-12-1509,PU,VTWIN
R122RS,30142,83682,11320198,VT-12-0341,PU,VTWIN
120201,14206,91176,09066316,VT-33-0615,PU,VTWIN
594,30359,82772,07060005,VT-8206-9,PU,VTWIN
87972,29867,44974,04140528,WPS-820-52289,PU,WPS
87972,29867,66229,04140528,VT-24-1378,PU,VTWIN
87972,44974,66229,WPS-820-52289,VT-24-1378,WPS,VTWIN
71541,26220,89502,02100356,VT-30-0208,PU,VTWIN
DR3B,1229,90972,21200042,VT-32-9607,PU,VTWIN
DR3B,58764,90972,WPS-850-08007,VT-32-9607,WPS,VTWIN
030320ABA,14402,41716,07030815,WPS-820-2307,PU,WPS
030320ABA,14402,76315,07030815,VT-38-1739,PU,VTWIN
030320ABA,41716,76315,WPS-820-2307,VT-38-1739,WPS,VTWIN
A6767B,30648,61180,09270008,VT-12-0715,PU,VTWIN
9015,41025,86818,VT-23-9115,WPS-811-09015,VTWIN,WPS
9015,22131,86818,VT-23-9115,18610403,VTWIN,PU
9015,22131,41025,WPS-811-09015,18610403,WPS,PU
70257,71071,90102,VT-32-3103,VT-32-0121,VTWIN,VTWIN
110066,30656,39044,17416839,WPS-57-10066,PU,WPS
1703286MLS,394,58100,09341587,WPS-681-5220,PU,WPS
110067,30658,39045,17416845,WPS-57-10067,PU,WPS
110067,30658,92215,17416845,VT-36-2570,PU,VTWIN
110067,39045,92215,WPS-57-10067,VT-36-2570,WPS,VTWIN
P9658,30697,42589,24010307,WPS-830-1068,PU,WPS
0610,35353,39502,WPS-60-1305,08220614,WPS,PU
P8815,30906,42562,DS175021,WPS-830-1032,PU,WPS
1235,30930,89020,09270043,VT-27-0900,PU,VTWIN
JGI12074,3507,84719,09350123,VT-14-0696,PU,VTWIN
3026,30931,40992,24010203,WPS-811-03026,PU,WPS
354,29291,66981,17420109,VT-25-2201,PU,VTWIN
JGI3495575X,1586,85368,DS174961,VT-15-1153,PU,VTWIN
2070,30937,40984,09250436,WPS-811-02070,PU,WPS
1002,30938,79967,09250514,VT-49-0945,PU,VTWIN
4000,30946,40995,09290005,WPS-811-04000,PU,WPS
H070601MB,8045,67096,06100793,VT-26-0010,PU,VTWIN
ST80082,72012,72043,VT-33-1096,VT-33-1036,VTWIN,VTWIN
4061,30948,41001,09290018,WPS-811-04061,PU,WPS
5607,30962,67466,10103342,VT-27-0230,PU,VTWIN
3075,30966,51490,07100272,WPS-85-03075,PU,WPS
3048,30984,40994,24010816,WPS-811-03048,PU,WPS
7088,14817,85972,09251061,VT-17-0097,PU,VTWIN
5523,6373,31011,10103149,17411033,PU,PU
600,18545,25158,07110063,DS305504,PU,PU
600,18545,50123,07110063,WPS-571-6110,PU,WPS
600,13058,18545,07110063,21200547,PU,PU
600,25158,50123,DS305504,WPS-571-6110,PU,WPS
600,13058,25158,DS305504,21200547,PU,PU
600,13058,50123,WPS-571-6110,21200547,WPS,PU
JGI1705499,1058,61841,VT-15-1350,20112101,VTWIN,PU
76716,34075,67166,08010769,VT-26-0415,PU,VTWIN
2020412,31833,37434,24010578,WPS-191-57096,PU,WPS
1008,31028,36887,09250429,WPS-132-7015,PU,WPS
3033,31041,90014,24010874,VT-31-4186,PU,VTWIN
352100,13876,93105,24010688,VT-37-9545,PU,VTWIN
PCC1311,1780,87066,12040112,VT-20-4022,PU,VTWIN
NU3426,25126,73230,VT-34-0984,DS289514,VTWIN,PU
1000,31073,87491,09250670,VT-23-0437,PU,VTWIN
1217,31082,73771,09300237,VT-34-2706,PU,VTWIN
JGI3680187X,9140,85409,DS174539,VT-15-1230,PU,VTWIN
5421,10623,31110,10103135,06510416,PU,PU
352015,29220,75839,24010712,VT-37-9532,PU,VTWIN
20049,43922,90191,VT-32-0354,WPS-85-1036,VTWIN,WPS
53129,35885,69654,06360267,VT-31-0737,PU,VTWIN
53129,50757,69654,WPS-194-53129,VT-31-0737,WPS,VTWIN
P101407,31151,42563,24010277,WPS-830-1038,PU,WPS
3042,14852,40993,24010813,WPS-811-03042,PU,WPS
A4356035A,16459,61181,02130387,VT-12-0720,PU,VTWIN
GBDU003,31171,57322,17104923,WPS-17-DU003,PU,WPS
MDP6B,58805,90695,VT-32-6540,WPS-850-08049,VTWIN,WPS
MDP6B,4037,90695,VT-32-6540,21200397,VTWIN,PU
NA1740562,58810,90696,VT-32-6541,WPS-850-08119,VTWIN,WPS
NA1740562,4038,90696,VT-32-6541,21200401,VTWIN,PU
78636,62205,68239,VT-28-0667,VT-15-8636,VTWIN,VTWIN
3303176L,31325,86395,DS174297,VT-17-6010,PU,VTWIN
24761,31326,59077,DS194273,VT-10-0631,PU,VTWIN
700000,4400,49426,WPS-70-7000,11070647,WPS,PU
8960,31329,82243,11200242,VT-7134-8,PU,VTWIN
1370,31000,31330,DS199555,09250748,PU,PU
1020,31331,51485,DS325780,WPS-85-01020,PU,WPS
1020,31331,63066,DS325780,VT-17-1020,PU,VTWIN
1020,8634,31331,DS325780,09250673,PU,PU
1020,51485,63066,WPS-85-01020,VT-17-1020,WPS,VTWIN
1020,8634,51485,WPS-85-01020,09250673,WPS,PU
1020,8634,63066,VT-17-1020,09250673,VTWIN,PU
1747,31332,71178,02140838,VT-32-7126,PU,VTWIN
8600,31333,63189,11030064,VT-17-2147,PU,VTWIN
8611,31334,63191,11030066,VT-17-2149,PU,VTWIN
8612,31335,63192,11030067,VT-17-2150,PU,VTWIN
P104808,23857,45809,24011001,WPS-830-1090,PU,WPS
2401780,31341,83827,DS198836,VT-12-0610,PU,VTWIN
77445,61623,87314,VT-22-1679,VT-15-7445,VTWIN,VTWIN
7003,59728,87312,VT-22-0965,VT-11-0109,VTWIN,VTWIN
24621,31343,59079,DS194369,VT-10-0634,PU,VTWIN
24561,31344,59084,DS194107,VT-10-0645,PU,VTWIN
E210218,7574,90241,21060548,VT-32-0451,PU,VTWIN
5401,31113,31350,19010419,10102831,PU,PU
5401,31350,72745,19010419,VT-33-5401,PU,VTWIN
5401,31113,72745,10102831,VT-33-5401,PU,VTWIN
24741,31352,59076,DS194272,VT-10-0630,PU,VTWIN
3303180,31355,63236,DS174298,VT-17-6020,PU,VTWIN
71188,77163,89482,VT-40-1188,VT-30-0112,VTWIN,VTWIN
62141,35015,61534,VT-14-0701,13040340,VTWIN,PU
O390303Z,1364,92717,24011601,VT-37-1087,PU,VTWIN
5810,52724,62552,WPS-57-05810,VT-16-1184,WPS,VTWIN
8020,8712,53308,WPS-56-8020,24010127,WPS,PU
73101,27285,78687,VT-46-0124,21020484,VTWIN,PU
3067,8648,69141,24011102,VT-30-1915,PU,VTWIN
H070595NMB,29824,88723,06102318,VT-26-0969,PU,VTWIN
40039,5859,55581,20402028,WPS-820-27502,PU,WPS
JGI6054706K,31506,61776,09341201,VT-15-1264,PU,VTWIN
JGI1704292X,31517,61830,09341726,VT-15-1359,PU,VTWIN
NA14803500,8524,90839,21200417,VT-32-8032,PU,VTWIN
NA14803500,58843,90839,WPS-850-08152,VT-32-8032,WPS,VTWIN
JGI1677084A,31542,85041,DS174924,VT-15-0414,PU,VTWIN
JGI1704798,31544,61773,DS173219,VT-15-1235,PU,VTWIN
JGI2522570K,31546,85209,DS173319,VT-15-0871,PU,VTWIN
O390302Z,13796,92716,24011600,VT-37-1086,PU,VTWIN
JGI92FLHR,31548,61771,DS173382,VT-15-1226,PU,VTWIN
JGI3490194K,31556,85213,DS174952,VT-15-0875,PU,VTWIN
105125G,34589,50273,WPS-812-52313,04040566,WPS,PU
120025,36821,71762,VT-33-0407,WPS-12-0250,VTWIN,WPS
120025,34024,71762,VT-33-0407,24010390,VTWIN,PU
JGI1677766SX,31559,85352,DS174980,VT-15-1122,PU,VTWIN
JGI1703890,31561,85199,DS173315,VT-15-0847,PU,VTWIN
JGI54XL,31563,61735,DS173407,VT-15-0849,PU,VTWIN
JGI81FL,31564,61741,DS173374,VT-15-0854,PU,VTWIN
JGI1795548FL,31567,84706,DS194493,VT-14-0667,PU,VTWIN
NCBH01C,34250,70910,VT-32-1917,21200973,VTWIN,PU
NCBH01C,49018,70910,VT-32-1917,WPS-850-08654,VTWIN,WPS
JGI1735884A,31569,85285,DS174413,VT-15-1002,PU,VTWIN
JGI1704192A,31570,85180,DS174532,VT-15-0808,PU,VTWIN
JGISE1,31571,61757,DS174743,VT-15-1075,PU,VTWIN
JGI4584975,31572,84498,DS174785,VT-14-0041,PU,VTWIN
JGI4584971,31573,84497,DS174787,VT-14-0039,PU,VTWIN
JGI12050K,31576,61764,DS174907,VT-15-1166,PU,VTWIN
JGI3523039K,31577,85375,DS174909,VT-15-1164,PU,VTWIN
JGI11133V2,31580,84709,DS194458,VT-14-0671,PU,VTWIN
JGI6111177,9138,85327,DS174516,VT-15-1066,PU,VTWIN
28021M,59748,60393,VT-11-0163,VT-11-1735,VTWIN,VTWIN
500748B,11409,51763,WPS-812-02134,16030389,WPS,PU
204171R,31698,60878,09260126,VT-11-6018,PU,VTWIN
202121,31700,37400,09260319,WPS-191-57052,PU,WPS
323056,8132,76827,VT-40-0023,07100254,VTWIN,PU
202036C,31703,60042,09261983,VT-11-0979,PU,VTWIN
346,29175,66971,VT-25-3460,17420369,VTWIN,PU
202021M,31709,60527,09262267,VT-11-2301,PU,VTWIN
202029M,31710,60533,09262273,VT-11-2307,PU,VTWIN
202064M,31711,60560,09262290,VT-11-2334,PU,VTWIN
2022100,31715,60563,09263309,VT-11-2337,PU,VTWIN
2022550,31716,60465,09263316,VT-11-2026,PU,VTWIN
2020810,31719,37423,09230367,WPS-191-57083,PU,WPS
204322,31722,37376,09260761,WPS-191-57039,PU,WPS
2020132,31724,37329,09260802,WPS-191-27003S,PU,WPS
2020132,31724,61444,09260802,VT-13-2085,PU,VTWIN
2020132,37329,61444,WPS-191-27003S,VT-13-2085,WPS,VTWIN
202210,31728,61454,09260799,VT-13-2210,PU,VTWIN
204321,31740,37336,DS199765,WPS-191-57004,PU,WPS
204321,31740,60072,DS199765,VT-11-1020,PU,VTWIN
204321,37336,60072,WPS-191-57004,VT-11-1020,WPS,VTWIN
10SC541,31744,37433,09260324,WPS-191-57095,PU,WPS
NTBW32700050A,50970,92086,WPS-850-08212,VT-36-0794,WPS,VTWIN
NTBW32700050A,34280,92086,VT-36-0794,21300349,VTWIN,PU
202332C,31747,60086,09260707,VT-11-1041,PU,VTWIN
202034,31749,37357,09261981,WPS-191-57021,PU,WPS
202038,31750,60028,09261984,VT-11-0964,PU,VTWIN
202056C,31751,37395,09261991,WPS-191-57049C,PU,WPS
202056C,31751,60058,09261991,VT-11-1001,PU,VTWIN
202056C,37395,60058,WPS-191-57049C,VT-11-1001,WPS,VTWIN
202068C,31752,60066,09262004,VT-11-1009,PU,VTWIN
202039M,31757,60540,09262281,VT-11-2315,PU,VTWIN
202054M,31758,60555,09262285,VT-11-2329,PU,VTWIN
202062C,31764,37360,09260758,WPS-191-57023C,PU,WPS
202062C,31764,60062,09260758,VT-11-1005,PU,VTWIN
202062C,37360,60062,WPS-191-57023C,VT-11-1005,WPS,VTWIN
510054,31765,60460,09260774,VT-11-2021,PU,VTWIN
2022150,31781,60463,09263310,VT-11-2024,PU,VTWIN
200645,31789,59113,09230468,VT-10-0765,PU,VTWIN
202132,31790,37369,09260722,WPS-191-57031,PU,WPS
202133,31791,37371,09260726,WPS-191-57032,PU,WPS
202061C,31795,37347,09260756,WPS-191-57014C,PU,WPS
202061C,31795,60061,09260756,VT-11-1004,PU,VTWIN
202061C,37347,60061,WPS-191-57014C,VT-11-1004,WPS,VTWIN
202028C,31800,60036,09261978,VT-11-0972,PU,VTWIN
204194,15232,60865,VT-11-6001,DS198971,VTWIN,PU
204194,57508,60865,VT-11-6001,WPS-191-17003,VTWIN,WPS
204194,15232,57508,DS198971,WPS-191-17003,PU,WPS
202029C,31801,60037,09261980,VT-11-0973,PU,VTWIN
202022M,31805,60528,09262268,VT-11-2302,PU,VTWIN
202033M,31806,60536,09262277,VT-11-2311,PU,VTWIN
202038M,31807,60539,09262280,VT-11-2314,PU,VTWIN
710114,31820,43370,09263205,WPS-191-37021,PU,WPS
2022400,31823,60564,09263313,VT-11-2338,PU,VTWIN
160042,58427,68175,VT-28-0418,WPS-820-2691,VTWIN,WPS
160042,68175,89301,VT-28-0418,VT-28-0416,VTWIN,VTWIN
160042,1365,68175,VT-28-0418,07100084,VTWIN,PU
160042,58427,89301,WPS-820-2691,VT-28-0416,WPS,VTWIN
160042,1365,58427,WPS-820-2691,07100084,WPS,PU
160042,1365,89301,VT-28-0416,07100084,VTWIN,PU
76981,8102,78216,08010843,VT-44-0404,PU,VTWIN
204169,31834,60875,DS198973,VT-11-6014,PU,VTWIN
MDR3B,3998,90692,21200311,VT-32-6537,PU,VTWIN
MDR3B,58796,90692,WPS-850-08041,VT-32-6537,WPS,VTWIN
160903,13691,91316,22120104,VT-33-2026,PU,VTWIN
SPC012,28106,75150,24040048,VT-37-0462,PU,VTWIN
JGI1705305X,3523,85436,09341595,VT-15-1340,PU,VTWIN
JGI6056790F,3536,85459,09342120,VT-15-1421,PU,VTWIN
BA072010,31917,54449,22120892,WPS-28-61050,PU,WPS
78500,78880,85670,VT-47-0372,VT-15-8500,VTWIN,VTWIN
BA053001,31925,46429,22120788,WPS-28-61007,PU,WPS
BA053111,31926,47581,22120815,WPS-28-61009,PU,WPS
BA051221,31931,43986,22110171,WPS-27-5798S,PU,WPS
BA050907,31932,44932,22100496,WPS-28-61013,PU,WPS
70008,23970,94573,24040633,VT-45-0336,PU,VTWIN
466002,74351,74552,VT-35-1889,VT-35-1068,VTWIN,VTWIN
466002,50212,74552,VT-35-1889,WPS-22-66002,VTWIN,WPS
466002,26417,74552,VT-35-1889,10500451,VTWIN,PU
466002,50212,74351,VT-35-1068,WPS-22-66002,VTWIN,WPS
466002,26417,74351,VT-35-1068,10500451,VTWIN,PU
310010,15867,58970,310010,VT-10-0030,PU,VTWIN
PCC128,5442,87007,12040129,VT-20-0479,PU,VTWIN
PS750,5462,63843,22145003,VT-19-0569,PU,VTWIN
DEI2113EB,11366,46183,14010986,WPS-827-05060,PU,WPS
PCC136118,26783,87055,12040119,VT-20-4004,PU,VTWIN
86265,13759,87828,17310416,VT-23-1825,PU,VTWIN
102028,29372,71266,21020213,VT-32-7573,PU,VTWIN
102028,29372,53440,21020213,WPS-820-60405,PU,WPS
102028,53440,71266,VT-32-7573,WPS-820-60405,VTWIN,WPS
120012,31886,36798,120012,WPS-12-0012,PU,WPS
120012,31886,91049,120012,VT-33-0504,PU,VTWIN
120012,4732,31886,120012,04030176,PU,PU
120012,36798,91049,WPS-12-0012,VT-33-0504,WPS,VTWIN
120012,4732,36798,WPS-12-0012,04030176,WPS,PU
120012,4732,91049,VT-33-0504,04030176,VTWIN,PU
2020920,9386,55569,09262947,WPS-191-17035,PU,WPS
BDLSPC13320,13601,87029,12040053,VT-20-0787,PU,VTWIN
2076,14866,40987,09240239,WPS-811-02076,PU,WPS
191319,20527,43525,12102670,WPS-820-54693,PU,WPS
191319,20527,63863,12102670,VT-19-0607,PU,VTWIN
191319,43525,63863,WPS-820-54693,VT-19-0607,WPS,VTWIN
C9147,28168,61908,09341207,VT-15-1514,PU,VTWIN
MC200,39552,77371,WPS-62-5110,VT-41-1036,WPS,VTWIN
202130C,31748,60157,09260717,VT-11-1188,PU,VTWIN
202130C,31748,37366,09260717,WPS-191-57029C,PU,WPS
202130C,37366,60157,VT-11-1188,WPS-191-57029C,VTWIN,WPS
50820,26110,57418,10102701,WPS-194-50820,PU,WPS
JGI11377K,19645,61782,VT-15-1273,09350107,VTWIN,PU
BA077400,9492,55531,22120905,WPS-28-61020,PU,WPS
JGI1705405,15060,61844,09341718,VT-15-1353,PU,VTWIN
20309,46080,66552,VT-25-0052,WPS-830-0315,VTWIN,WPS
77598,34160,61686,08210991,VT-15-0538,PU,VTWIN
103070TIN,8723,51017,06040238,WPS-812-52400,PU,WPS
NTI45TRI,34254,54022,WPS-850-09231,20500504,WPS,PU
NU3413,25114,73215,DS289504,VT-34-0905,PU,VTWIN
H070592,17375,88712,06100794,VT-26-0952,PU,VTWIN
EV180,26821,64168,VT-20-0930,DS360404,VTWIN,PU
C6132T,31096,42586,24010288,WPS-830-1065,PU,WPS
JGI1703140,1453,85381,DS173367,VT-15-1182,PU,VTWIN
105420,34497,50281,04040626,WPS-812-52320,PU,WPS
C8041T,8746,42580,WPS-830-1060,24010294,WPS,PU
H070591,8236,67155,06100790,VT-26-0325,PU,VTWIN
986924,26172,44166,19133009,WPS-830-1194,PU,WPS
NMLRT01,48890,62637,WPS-850-08125,VT-16-1618,WPS,VTWIN
600034AK,41560,73866,VT-34-6023,WPS-820-0813,VTWIN,WPS
78276,62115,76839,VT-40-0051,VT-15-8276,VTWIN,VTWIN
NMCON04P,1286,51531,WPS-850-08213,21201210,WPS,PU
83445,28764,87938,17010180,VT-23-3051,PU,VTWIN
9042,23500,87249,22120610,VT-23-9142,PU,VTWIN
JGI3303041,1454,61878,DS173370,VT-15-1418,PU,VTWIN
A3414036,3431,86002,DS194214,VT-17-0135,PU,VTWIN
6311CRK,9472,46302,07050033,WPS-274-0503,PU,WPS
258120,2480,86411,DS199403,VT-17-8120,PU,VTWIN
102110TIN,34597,51755,WPS-812-02115,06401670,WPS,PU
A10998,706,83935,11320286,VT-12-0951,PU,VTWIN
ND15497399,23344,51533,21201212,WPS-850-08215,PU,WPS
6521,22059,57209,WPS-82-96349,18011302,WPS,PU
6478B,21979,57218,WPS-82-96397,18002293,WPS,PU
1023030024,166,74894,DS223987,VT-36-1504,PU,VTWIN
61022,27333,78516,16201482,VT-45-0109,PU,VTWIN
110015,76823,92022,VT-36-0408,VT-40-0015,VTWIN,VTWIN
NTBWX12,23182,70518,21200246,VT-32-1206,PU,VTWIN
76782,8358,87689,08020530,VT-23-0969,PU,VTWIN
76388,11189,29072,08020325,20300172,PU,PU
76388,11189,71783,08020325,VT-33-0460,PU,VTWIN
76388,29072,71783,20300172,VT-33-0460,PU,VTWIN
78138,24542,86628,VT-17-9989,DS189967,VTWIN,PU
352116,23822,93099,VT-37-9534,24010696,VTWIN,PU
DSK61,28364,70394,DSK61,VT-32-0801,PU,VTWIN
DSK61,36938,70394,WPS-133-3003,VT-32-0801,WPS,VTWIN
6311CRL,35024,46306,21070000,WPS-274-0508,PU,WPS
112339P,36140,73956,10030196,VT-35-0150,PU,VTWIN
193090,28822,64181,12010105,VT-20-3090,PU,VTWIN
204329C,19383,37419,09262031,WPS-191-57064C,PU,WPS
2021018K,31818,45027,09263019,WPS-191-17045,PU,WPS
IN250,26834,64170,VT-20-0935,DS360424,VTWIN,PU
H070591SMB,17488,67222,06102311,VT-26-0978,PU,VTWIN
62072RS,636,61165,11060010,VT-12-0587,PU,VTWIN
IN750,26838,64171,VT-20-0937,DS360426,VTWIN,PU
77002,47238,69698,VT-31-0845,WPS-276-02080,VTWIN,WPS
102032,22889,70333,21020219,VT-32-0514,PU,VTWIN
V30HTCHH,11344,56659,06303424,WPS-206-40118,PU,WPS
120009,36794,41815,WPS-820-50530,WPS-12-0009,WPS,WPS
70289,71061,86207,VT-32-3093,VT-17-0900,VTWIN,VTWIN
40353,5942,82610,20101497,VT-73-353,PU,VTWIN
105410G,16599,50279,04040625,WPS-812-52319,PU,WPS
105420G,34529,50283,04040628,WPS-812-52322,PU,WPS
81000,4273,29876,10102102,07100281,PU,PU
A6750,20250,59272,11060021,VT-10-1257,PU,VTWIN
102120TIN,11413,51757,06401673,WPS-812-02120,PU,WPS
70263,26010,75542,21070303,VT-37-7032,PU,VTWIN
102100,11442,51750,06401665,WPS-812-02110,PU,WPS
2021045,47672,60115,WPS-191-58016,VT-11-1101,WPS,VTWIN
2021045,31737,47672,WPS-191-58016,24011107,WPS,PU
2021045,31737,60115,VT-11-1101,24011107,VTWIN,PU
GB053170,3468,57037,17220973,WPS-17-53170,PU,WPS
030026B,18298,93216,07030431,VT-38-0539,PU,VTWIN
190388,13943,93781,78050076,VT-42-0453,PU,VTWIN
78112,20808,70619,14050085,VT-32-1402,PU,VTWIN
291321,21013,87222,16021508,VT-21-1344,PU,VTWIN
C320431B,14143,89043,05100216,VT-27-1032,PU,VTWIN
C770078,20921,80702,15100157,VT-50-1210,PU,VTWIN
080070,39170,62654,VT-16-1729,WPS-57-8070,VTWIN,WPS
40375,19945,82625,10102896,VT-73-375,PU,VTWIN
3303176E,31324,63235,DS174296,VT-17-6009,PU,VTWIN
286113,8148,61476,08200010,VT-13-9236,PU,VTWIN
H070593N,30201,88724,06102321,VT-26-0970,PU,VTWIN
78658,61590,72523,VT-14-8658,VT-33-1943,VTWIN,VTWIN
76712,34074,76659,08010765,VT-39-0730,PU,VTWIN
NHCXMB15,23191,71135,21200224,VT-32-6655,PU,VTWIN
C9976,13228,61864,09341662,VT-15-1375,PU,VTWIN
202120C,9328,37399,09260716,WPS-191-57051C,PU,WPS
202120C,9328,60150,09260716,VT-11-1182,PU,VTWIN
202120C,37399,60150,WPS-191-57051C,VT-11-1182,WPS,VTWIN
A2465887,5041,96595,09240267,VT-10-1283,PU,VTWIN
102120,17916,51756,06401671,WPS-812-02116,PU,WPS
420107,3419,12973,02130559,16230560,PU,PU
96781,47274,92807,VT-37-6781,WPS-820-54495,VTWIN,WPS
JGI11133FLH,31581,61524,DS194486,VT-14-0669,PU,VTWIN
H0707802,30044,88787,06100586,VT-26-2220,PU,VTWIN
7812,89250,94068,VT-28-0150,VT-43-0233,VTWIN,VTWIN
H0707891,2697,67371,06101872,VT-26-2239,PU,VTWIN
JGI1677648XF,9042,61885,09343141,VT-15-1440,PU,VTWIN
1013040009,4931,92068,DS223911,VT-36-0709,PU,VTWIN
17923,21928,90896,18000448,VT-32-9060,PU,VTWIN
6291CH,11697,74687,DS390213,VT-35-9094,PU,VTWIN
202050M,19389,60552,09262282,VT-11-2326,PU,VTWIN
7061,8654,41010,09320024,WPS-811-07061,PU,WPS
7061,8654,95930,09320024,VT-54-0410,PU,VTWIN
7061,41010,95930,WPS-811-07061,VT-54-0410,WPS,VTWIN
84517,21369,87410,17020124,VT-23-0276,PU,VTWIN
JGI6054706F,3526,85456,09341626,VT-15-1417,PU,VTWIN
F510645M,22580,58400,20400587,WPS-820-0401,PU,WPS
76244,11193,73003,VT-34-0394,08020520,VTWIN,PU
JGI1747538,1529,84665,DS174414,VT-14-0620,PU,VTWIN
JGI3774167K,3695,85413,DS174456,VT-15-1238,PU,VTWIN
334249,19486,61362,09320128,VT-12-9909,PU,VTWIN
901914,30875,36133,09344753,06016154,PU,PU
73100,4682,94624,21020483,VT-46-0117,PU,VTWIN
B160723MB,21355,87908,17010696,VT-23-2353,PU,VTWIN
200210,34547,43715,DS189140,WPS-812-02040,PU,WPS
212267,25740,59453,09250293,VT-10-2267,PU,VTWIN
3532238,8895,96497,DS194252,VT-10-0738,PU,VTWIN
NU3412,4109,91489,VT-34-0904,DS289502,VTWIN,PU
JGI2541699KT,9024,61870,11050038,VT-15-1384,PU,VTWIN
76969,34051,62266,08010845,VT-16-0118,PU,VTWIN
79067,8234,95352,08050028,VT-50-0353,PU,VTWIN
2024450,31736,69863,35500438,VT-31-1582,PU,VTWIN
2021021,15225,45031,09262957,WPS-191-57071,PU,WPS
2021021,15225,60180,09262957,VT-11-1221,PU,VTWIN
2021021,45031,60180,WPS-191-57071,VT-11-1221,WPS,VTWIN
420100,14661,84042,11060081,VT-12-1305,PU,VTWIN
420100,5184,14661,11060081,16230555,PU,PU
420100,5184,84042,VT-12-1305,16230555,VTWIN,PU
77412,61993,80404,VT-15-7412,VT-49-4133,VTWIN,VTWIN
2041951,15235,60877,09260782,VT-11-6016,PU,VTWIN
NHD69200722,33129,90644,21200894,VT-32-5060,PU,VTWIN
NHD69200722,49105,90644,WPS-850-08792,VT-32-5060,WPS,VTWIN
BA053011,15296,46428,22120789,WPS-28-61006,PU,WPS
SPC023,27621,75154,24040055,VT-37-0466,PU,VTWIN
NHD7023304A,23346,90622,21201237,VT-32-2228,PU,VTWIN
301711,19678,77696,09401179,VT-42-1082,PU,VTWIN
258080,4215,86404,DS199402,VT-17-8080,PU,VTWIN
V30HTCBZ,11352,56657,06303422,WPS-206-40116,PU,WPS
V30HTCBZ,56007,56657,WPS-206-40101,WPS-206-40116,WPS,WPS
A2498300,774,83714,09500224,VT-12-0392,PU,VTWIN
251366,1332,57528,A251366,WPS-22-51366,PU,WPS
77685,69815,69816,VT-31-1351,VT-31-1353,VTWIN,VTWIN
291137,30184,44299,05100378,WPS-820-0542,PU,WPS
DC81,24418,71334,DC81,VT-32-8086,PU,VTWIN
3073010013,5280,63568,DS223472,VT-18-3695,PU,VTWIN
JGI2707778,3662,85340,DS174492,VT-15-1086,PU,VTWIN
302,24438,94095,DS098302,VT-43-0359,PU,VTWIN
354128,7253,67748,16201333,VT-27-1009,PU,VTWIN
C9690,13315,61663,DS172088,VT-15-0477,PU,VTWIN
110069,30659,39047,17416847,WPS-57-10069,PU,WPS
H070592SMB,17489,67310,06102315,VT-26-1049,PU,VTWIN
JGI1702970A,1457,85178,DS173323,VT-15-0803,PU,VTWIN
JGI1702848,3627,85177,DS173326,VT-15-0801,PU,VTWIN
20351,26114,94577,04150038,VT-45-0409,PU,VTWIN
JGI4573348,3628,84693,DS173348,VT-14-0651,PU,VTWIN
JGI1863348D,15091,85236,DS173376,VT-15-0926,PU,VTWIN
6331CH,11700,74078,DS390285,VT-35-0420,PU,VTWIN
JGI3303170,1465,85193,DS173418,VT-15-0836,PU,VTWIN
208650,1786,86428,DS199417,VT-17-8501,PU,VTWIN
JGI6386906,9001,61784,09341197,VT-15-1275,PU,VTWIN
A35327SET,1687,63080,DS194184,VT-17-1132,PU,VTWIN
JGI2707778X,3597,85363,DS173446,VT-15-1144,PU,VTWIN
JGI2905988X,9119,85365,DS173441,VT-15-1147,PU,VTWIN
81190,57121,91984,WPS-820-51515,VT-35-9356,WPS,VTWIN
JGI1795548,9120,85361,DS173468,VT-15-1138,PU,VTWIN
H070595MB,30187,67091,06101954,VT-26-0005,PU,VTWIN
C770100GB,785,92724,15100319,VT-37-1159,PU,VTWIN
120021,20480,26243,120021,04030183,PU,PU
JGI3565279X,1489,85394,DS174133,VT-15-1207,PU,VTWIN
D110298,7073,58408,11070324,WPS-820-2629,PU,WPS
PV31504,13355,56705,WPS-133-4033,10204288,WPS,PU
1091,352,51488,WPS-85-01091,09251058,WPS,PU
JGI2699586A,1515,84669,DS174368,VT-14-0624,PU,VTWIN
K1606,12690,61023,VT-11-9726,K1606,VTWIN,PU
JGI1677385T,3690,85338,DS174404,VT-15-1083,PU,VTWIN
A4329182,1754,94532,DS195413,VT-44-2028,PU,VTWIN
JGI3132180,1543,85261,DS174442,VT-15-0966,PU,VTWIN
JGI1735386,1549,85276,DS174483,VT-15-0991,PU,VTWIN
JGI6583468X,3667,85332,DS174746,VT-15-1073,PU,VTWIN
JGI1677648,2902,85270,DS174410,VT-15-0986,PU,VTWIN
1013040014,2128,74986,DS223917,VT-36-2506,PU,VTWIN
A2558293,329,96703,09240275,VT-10-8536,PU,VTWIN
JGI3495575,1480,85227,DS174015,VT-15-0912,PU,VTWIN
JGI3680187A,1518,85323,DS174372,VT-15-1051,PU,VTWIN
JGI3602536,1576,85321,DS174899,VT-15-1049,PU,VTWIN
JGI1677066X,1589,85294,DS174911,VT-15-1011,PU,VTWIN
JGI1677385,24510,85337,DS174912,VT-15-1082,PU,VTWIN
JGI3490179,1585,85225,DS174958,VT-15-0909,PU,VTWIN
JGI6054036K,31543,85196,DS174968,VT-15-0844,PU,VTWIN
JGI1703438,9111,85185,DS174975,VT-15-0820,PU,VTWIN
C8014,1661,92966,DS193860,VT-37-8985,PU,VTWIN
13401,26365,76475,06400490,VT-39-0108,PU,VTWIN
579H.CT,12140,65530,17211760,VT-23-1785,PU,VTWIN
JGI3303185,1449,85194,DS173243,VT-15-0841,PU,VTWIN
A10991,3367,84041,11060082,VT-12-1304,PU,VTWIN
47219,33568,36631,17411682,18000752,PU,PU
JGI1735584A,9134,85279,DS174411,VT-15-0996,PU,VTWIN
JGI12051,9108,84662,DS174342,VT-14-0617,PU,VTWIN
G320323,716,89047,12020069,VT-27-1115,PU,VTWIN
92134,13183,58584,DS193768,WPS-830-1128,PU,WPS
2400156,1663,96687,DS194073,VT-10-8362,PU,VTWIN
A11046,116,83945,DS188027,VT-12-0961,PU,VTWIN
2020700C,31755,37343,09262015,WPS-191-57011C,PU,WPS
2020700C,31755,60100,09262015,VT-11-1063,PU,VTWIN
2020700C,37343,60100,WPS-191-57011C,VT-11-1063,WPS,VTWIN
A2555336,1670,84085,DS194166,VT-12-1426,PU,VTWIN
A2398518,1694,83627,DS194300,VT-12-0201,PU,VTWIN
24711,14994,59078,DS194276,VT-10-0632,PU,VTWIN
24711,14994,46133,DS194276,WPS-830-0376,PU,WPS
24711,46133,59078,VT-10-0632,WPS-830-0376,VTWIN,WPS
A3533756,14653,83917,DS194324,VT-12-0932,PU,VTWIN
JGI12049DL,3676,84660,DS194417,VT-14-0615,PU,VTWIN
120075,39093,71772,WPS-57-20075,VT-33-0434,WPS,VTWIN
120075,8024,71772,24010558,VT-33-0434,PU,VTWIN
JGI4537887,3679,84691,DS194453,VT-14-0648,PU,VTWIN
JGI4751983A,1714,84700,DS194463,VT-14-0659,PU,VTWIN
JGI11101XL,31582,84708,DS194488,VT-14-0670,PU,VTWIN
8031,31005,66612,VT-25-0431,09250840,VTWIN,PU
980710,1603,58580,DS189701,WPS-830-1116,PU,WPS
JGI1677766X,24516,85353,DS174983,VT-15-1123,PU,VTWIN
JGI6270252,1577,85372,DS174815,VT-15-1158,PU,VTWIN
2020322,15212,57515,09260193,WPS-191-17011,PU,WPS
2020322,15212,60888,09260193,VT-11-6119,PU,VTWIN
2020322,57515,60888,WPS-191-17011,VT-11-6119,WPS,VTWIN
204195,1782,60869,DS198970,VT-11-6007,PU,VTWIN
204195,1782,57509,DS198970,WPS-191-17004,PU,WPS
204195,57509,60869,VT-11-6007,WPS-191-17004,VTWIN,WPS
4552,2795,70146,VT-31-9943,17411013,VTWIN,PU
JGI3774182K,24509,85376,DS174908,VT-15-1165,PU,VTWIN
212020,12743,59430,DS199302,VT-10-2020,PU,VTWIN
298140,25787,59618,DS199296,VT-10-8140,PU,VTWIN
7272,8686,62656,09251620,VT-16-1731,PU,VTWIN
212030,25788,59433,DS199303,VT-10-2030,PU,VTWIN
212310,25765,59454,DS199317,VT-10-2310,PU,VTWIN
206215,1787,63074,DS199426,VT-17-1048,PU,VTWIN
296555,2033,86555,DS199453,VT-17-9863,PU,VTWIN
4124013C,11474,81957,DS222004,VT-54-2004,PU,VTWIN
111120,24841,66433,DS222040,VT-24-2040,PU,VTWIN
3023010013,2108,86795,DS223353,VT-18-3250,PU,VTWIN
1013030018,1822,92077,DS223578,VT-36-0764,PU,VTWIN
1013030903,2129,92188,DS223865,VT-36-2460,PU,VTWIN
1013030901,4929,92189,DS223878,VT-36-2462,PU,VTWIN
1013030020,2118,92069,DS223881,VT-36-0711,PU,VTWIN
1013030015,1833,92071,DS223889,VT-36-0717,PU,VTWIN
1013040005,1834,92196,DS223905,VT-36-2491,PU,VTWIN
DC112,22879,71539,21020024,VT-32-9342,PU,VTWIN
202058C,31802,60059,09261992,VT-11-1002,PU,VTWIN
77837,69690,85347,VT-15-7837,VT-31-0828,VTWIN,VTWIN
A2634954,373,84099,09320033,VT-12-1450,PU,VTWIN
JGI68FL,24467,61739,DS173409,VT-15-0852,PU,VTWIN
JGI4592773,1710,84696,DS194457,VT-14-0655,PU,VTWIN
JGI6053885KF,31527,61833,09344612,VT-15-1335,PU,VTWIN
70203,71039,89260,VT-32-3070,VT-28-0201,VTWIN,VTWIN
JGILINKERT,31578,61758,DS289108,VT-15-1102,PU,VTWIN
40374,4340,82624,20101500,VT-73-374,PU,VTWIN
801014,7477,57630,21100248,WPS-280-1014,PU,WPS
62139,35029,75788,16010208,VT-37-9129,PU,VTWIN
JGI2624541,1548,84871,DS174480,VT-15-0126,PU,VTWIN
4124029C,11489,81884,DS310087,VT-54-0087,PU,VTWIN
JGI2541482DL,9151,84667,DS194454,VT-14-0622,PU,VTWIN
08100696,38691,62668,VT-16-1794,WPS-56-1138,VTWIN,WPS
ILL01D,49195,72088,VT-33-1192,WPS-850-09018,VTWIN,WPS
78466,67743,85667,VT-15-8466,VT-27-1003,VTWIN,VTWIN
H170513T,41660,68230,VT-28-0645,WPS-820-1708,VTWIN,WPS
300,29690,50116,DS098300,WPS-571-6101,PU,WPS
75031,6582,94293,VT-44-0329,DS190919,VTWIN,PU
70130,90736,93747,VT-32-7130,VT-42-0301,VTWIN,VTWIN
8004,8878,31009,09320086,11010029,PU,PU
A2555236,604,84084,DS194165,VT-12-1425,PU,VTWIN
11328,41270,80670,WPS-817-01843,VT-50-0944,WPS,VTWIN
11328,31253,80670,11328E,VT-50-0944,PU,VTWIN
76181,34191,72988,08020485,VT-34-0365,PU,VTWIN
76181,24735,34191,08020485,DS193004,PU,PU
76181,24735,72988,VT-34-0365,DS193004,VTWIN,PU
790TD6X2,3004,77028,DS245274,VT-40-0581,PU,VTWIN
BDL371442,5482,63989,DS360013,VT-20-0104,PU,VTWIN
3517,33783,68371,DS3517,VT-28-3517,PU,VTWIN
TPS28,2081,64113,DS360046,VT-20-0650,PU,VTWIN
4731SE4,26840,64104,DS360106,VT-20-0625,PU,VTWIN
76107,34099,71752,08030305,VT-33-0387,PU,VTWIN
TP30,26841,64122,DS360165,VT-20-0704,PU,VTWIN
TP32,26820,64116,DS360167,VT-20-0661,PU,VTWIN
202120,11419,37398,DS375744,WPS-191-57051,PU,WPS
202120,11419,15250,DS375744,09260318,PU,PU
202120,15250,37398,WPS-191-57051,09260318,WPS,PU
6391CH,35040,46301,DS390237,WPS-274-0502,PU,WPS
6391CH,35040,74683,DS390237,VT-35-9087,PU,VTWIN
6391CH,46301,74683,WPS-274-0502,VT-35-9087,WPS,VTWIN
K2806,12671,61108,09031680,VT-11-9987,PU,VTWIN
76240,34171,61716,08020516,VT-15-0671,PU,VTWIN
1703291MLS,58098,61857,WPS-681-5218,VT-15-1368,WPS,VTWIN
1703291MLS,3520,58098,WPS-681-5218,09341588,WPS,PU
1703291MLS,3520,61857,VT-15-1368,09341588,VTWIN,PU
SS1C,25298,74112,DS391662,VT-35-0519,PU,VTWIN
SS1C,25298,46304,DS391662,WPS-274-0506,PU,WPS
SS1C,46304,74112,VT-35-0519,WPS-274-0506,VTWIN,WPS
2020555,31770,60890,VT-11-6126,09262871,VTWIN,PU
76106,34203,71750,08030304,VT-33-0383,PU,VTWIN
2020699C,19372,37413,09262012,WPS-191-57059C,PU,WPS
8413,67796,73262,VT-27-1209,VT-34-1102,VTWIN,VTWIN
78025,34213,95585,DS265502,VT-50-1509,PU,VTWIN
JGI2522593,1522,85239,DS174386,VT-15-0930,PU,VTWIN
11330,41271,78589,WPS-817-01844,VT-45-0735,WPS,VTWIN
11330,31292,78589,11330E,VT-45-0735,PU,VTWIN
99001,1355,95846,VT-52-0967,24010679,VTWIN,PU
99001,49303,95846,VT-52-0967,WPS-276-02200,VTWIN,WPS
99001,1355,49303,24010679,WPS-276-02200,PU,WPS
JGI11293TC,31545,61529,DS173247,VT-14-0686,PU,VTWIN
79104,34226,78116,DS900232,VT-43-2167,PU,VTWIN
053590,17477,51190,06102259,WPS-820-54376,PU,WPS
DP12B,4028,90993,21200062,VT-32-9627,PU,VTWIN
DP12B,58784,90993,WPS-850-08027,VT-32-9627,WPS,VTWIN
19145,80873,87166,VT-50-9145,VT-21-0475,VTWIN,VTWIN
292245,25785,60960,DS193851,VT-11-9224,PU,VTWIN
292245,25785,94401,DS193851,VT-44-0594,PU,VTWIN
292245,60960,94401,VT-11-9224,VT-44-0594,VTWIN,VTWIN
4062,31079,41002,09290022,WPS-811-04062,PU,WPS
P80150,1619,42574,WPS-830-1052,DS190136,WPS,PU
NTBW4201,34316,71127,21200343,VT-32-6651,PU,VTWIN
NTBW4201,49082,71127,WPS-850-08757,VT-32-6651,WPS,VTWIN
NTI45,34323,49252,20101358,WPS-850-09079,PU,WPS
NHCXMB04,34329,71128,21200221,VT-32-6652,PU,VTWIN
ILLCBC,34333,72092,20500247,VT-33-1196,PU,VTWIN
ILLCBC,49209,72092,WPS-850-09032,VT-33-1196,WPS,VTWIN
NTSX3601,34335,71084,21200629,VT-32-3601,PU,VTWIN
76738,34054,88579,08011062,VT-25-0985,PU,VTWIN
8196,34400,72795,21030188,VT-33-8196,PU,VTWIN
2115,34403,68554,BPR5EIX11,VT-29-2115,PU,VTWIN
2115,37427,68554,WPS-2-BPR5EIX-11,VT-29-2115,WPS,VTWIN
77813,85577,88455,VT-24-1764,VT-15-7813,VTWIN,VTWIN
THICKYOEM14LC,34443,46289,14011009,WPS-827-05424,PU,WPS
TALONOEM14LC,34444,46266,14011016,WPS-827-05399,PU,WPS
TALON2314LC,34445,46263,14011019,WPS-827-05390,PU,WPS
DEIOEM14LC,34446,46200,14011025,WPS-827-05079,PU,WPS
JGI1702836,9110,85176,DS174965,VT-15-0800,PU,VTWIN
1824,8871,59377,09290043,VT-10-1824,PU,VTWIN
20400,4575,46105,15101073,WPS-830-0344,PU,WPS
DDKS08OEMR,34466,46182,22010167,WPS-827-05047,PU,WPS
SG1,26831,64169,DS360157,VT-20-0933,PU,VTWIN
SG1,26831,74525,DS360157,VT-35-1807,PU,VTWIN
SG1,64169,74525,VT-20-0933,VT-35-1807,VTWIN,VTWIN
50191,67042,93619,VT-40-0788,VT-25-5019,VTWIN,VTWIN
11324,31227,57832,11324E,WPS-681-4275,PU,WPS
11324,31227,78638,11324E,VT-45-0927,PU,VTWIN
11324,57832,78638,WPS-681-4275,VT-45-0927,WPS,VTWIN
11324,41267,57832,WPS-681-4275,WPS-817-01841,WPS,WPS
11324,41267,78638,VT-45-0927,WPS-817-01841,VTWIN,WPS
NM334824001,1234,91002,21200326,VT-32-9685,PU,VTWIN
NM334824001,58899,91002,WPS-850-08324,VT-32-9685,WPS,VTWIN
77467,61567,89227,VT-15-7467,VT-28-0054,VTWIN,VTWIN
HZ030002,31885,55537,21201391,WPS-28-61026,PU,WPS
2390980,3490,83337,DS194190,VT-10-8318,PU,VTWIN
290,29689,92601,DS098290,VT-37-0747,PU,VTWIN
070655,64788,67156,VT-26-0328,VT-22-0378,VTWIN,VTWIN
77625,33808,93734,35010977,VT-42-0187,PU,VTWIN
11332,31228,78636,11332E,VT-45-0922,PU,VTWIN
11332,45751,78636,VT-45-0922,WPS-817-01798,VTWIN,WPS
76248,11204,71667,08020524,VT-33-0215,PU,VTWIN
NM330121002,8506,91018,21200341,VT-32-9701,PU,VTWIN
NM330121002,58883,91018,VT-32-9701,WPS-850-08301,VTWIN,WPS
DEI2313EB,34514,46191,14011036,WPS-827-05066,PU,WPS
DDKS08OEMB,34526,46179,22010188,WPS-827-05045,PU,WPS
18744,12781,71426,VT-32-8744,10102475,VTWIN,PU
DUTY50%,92299,93632,VT-40-0847,VT-37-0036,VTWIN,VTWIN
DUTY50%,93632,93657,VT-40-0847,VT-40-1424,VTWIN,VTWIN
DUTY50%,93632,93879,VT-40-0847,VT-42-0871,VTWIN,VTWIN
DUTY50%,62308,93632,VT-40-0847,VT-16-0333,VTWIN,VTWIN
DUTY50%,93632,95671,VT-40-0847,VT-50-2016,VTWIN,VTWIN
DUTY50%,80711,93632,VT-40-0847,VT-50-1235,VTWIN,VTWIN
DUTY50%,77189,93632,VT-40-0847,VT-40-1295,VTWIN,VTWIN
DUTY50%,83137,93632,VT-40-0847,VT-9682-5T,VTWIN,VTWIN
DUTY50%,86809,93632,VT-40-0847,VT-18-3614,VTWIN,VTWIN
DUTY50%,87499,93632,VT-40-0847,VT-23-0448,VTWIN,VTWIN
DUTY50%,88175,93632,VT-40-0847,VT-24-0250,VTWIN,VTWIN
DUTY50%,89396,93632,VT-40-0847,VT-28-1952,VTWIN,VTWIN
DUTY50%,91200,93632,VT-40-0847,VT-33-1064,VTWIN,VTWIN
DUTY50%,91534,93632,VT-40-0847,VT-34-1468,VTWIN,VTWIN
DUTY50%,92299,93657,VT-37-0036,VT-40-1424,VTWIN,VTWIN
DUTY50%,92299,93879,VT-37-0036,VT-42-0871,VTWIN,VTWIN
DUTY50%,62308,92299,VT-37-0036,VT-16-0333,VTWIN,VTWIN
DUTY50%,92299,95671,VT-37-0036,VT-50-2016,VTWIN,VTWIN
DUTY50%,80711,92299,VT-37-0036,VT-50-1235,VTWIN,VTWIN
DUTY50%,77189,92299,VT-37-0036,VT-40-1295,VTWIN,VTWIN
DUTY50%,83137,92299,VT-37-0036,VT-9682-5T,VTWIN,VTWIN
DUTY50%,86809,92299,VT-37-0036,VT-18-3614,VTWIN,VTWIN
DUTY50%,87499,92299,VT-37-0036,VT-23-0448,VTWIN,VTWIN
DUTY50%,88175,92299,VT-37-0036,VT-24-0250,VTWIN,VTWIN
DUTY50%,89396,92299,VT-37-0036,VT-28-1952,VTWIN,VTWIN
DUTY50%,91200,92299,VT-37-0036,VT-33-1064,VTWIN,VTWIN
DUTY50%,91534,92299,VT-37-0036,VT-34-1468,VTWIN,VTWIN
DUTY50%,93657,93879,VT-40-1424,VT-42-0871,VTWIN,VTWIN
DUTY50%,62308,93657,VT-40-1424,VT-16-0333,VTWIN,VTWIN
DUTY50%,93657,95671,VT-40-1424,VT-50-2016,VTWIN,VTWIN
DUTY50%,80711,93657,VT-40-1424,VT-50-1235,VTWIN,VTWIN
DUTY50%,77189,93657,VT-40-1424,VT-40-1295,VTWIN,VTWIN
DUTY50%,83137,93657,VT-40-1424,VT-9682-5T,VTWIN,VTWIN
DUTY50%,86809,93657,VT-40-1424,VT-18-3614,VTWIN,VTWIN
DUTY50%,87499,93657,VT-40-1424,VT-23-0448,VTWIN,VTWIN
DUTY50%,88175,93657,VT-40-1424,VT-24-0250,VTWIN,VTWIN
DUTY50%,89396,93657,VT-40-1424,VT-28-1952,VTWIN,VTWIN
DUTY50%,91200,93657,VT-40-1424,VT-33-1064,VTWIN,VTWIN
DUTY50%,91534,93657,VT-40-1424,VT-34-1468,VTWIN,VTWIN
DUTY50%,62308,93879,VT-42-0871,VT-16-0333,VTWIN,VTWIN
DUTY50%,93879,95671,VT-42-0871,VT-50-2016,VTWIN,VTWIN
DUTY50%,80711,93879,VT-42-0871,VT-50-1235,VTWIN,VTWIN
DUTY50%,77189,93879,VT-42-0871,VT-40-1295,VTWIN,VTWIN
DUTY50%,83137,93879,VT-42-0871,VT-9682-5T,VTWIN,VTWIN
DUTY50%,86809,93879,VT-42-0871,VT-18-3614,VTWIN,VTWIN
DUTY50%,87499,93879,VT-42-0871,VT-23-0448,VTWIN,VTWIN
DUTY50%,88175,93879,VT-42-0871,VT-24-0250,VTWIN,VTWIN
DUTY50%,89396,93879,VT-42-0871,VT-28-1952,VTWIN,VTWIN
DUTY50%,91200,93879,VT-42-0871,VT-33-1064,VTWIN,VTWIN
DUTY50%,91534,93879,VT-42-0871,VT-34-1468,VTWIN,VTWIN
DUTY50%,62308,95671,VT-16-0333,VT-50-2016,VTWIN,VTWIN
DUTY50%,62308,80711,VT-16-0333,VT-50-1235,VTWIN,VTWIN
DUTY50%,62308,77189,VT-16-0333,VT-40-1295,VTWIN,VTWIN
DUTY50%,62308,83137,VT-16-0333,VT-9682-5T,VTWIN,VTWIN
DUTY50%,62308,86809,VT-16-0333,VT-18-3614,VTWIN,VTWIN
DUTY50%,62308,87499,VT-16-0333,VT-23-0448,VTWIN,VTWIN
DUTY50%,62308,88175,VT-16-0333,VT-24-0250,VTWIN,VTWIN
DUTY50%,62308,89396,VT-16-0333,VT-28-1952,VTWIN,VTWIN
DUTY50%,62308,91200,VT-16-0333,VT-33-1064,VTWIN,VTWIN
DUTY50%,62308,91534,VT-16-0333,VT-34-1468,VTWIN,VTWIN
DUTY50%,80711,95671,VT-50-2016,VT-50-1235,VTWIN,VTWIN
DUTY50%,77189,95671,VT-50-2016,VT-40-1295,VTWIN,VTWIN
DUTY50%,83137,95671,VT-50-2016,VT-9682-5T,VTWIN,VTWIN
DUTY50%,86809,95671,VT-50-2016,VT-18-3614,VTWIN,VTWIN
DUTY50%,87499,95671,VT-50-2016,VT-23-0448,VTWIN,VTWIN
DUTY50%,88175,95671,VT-50-2016,VT-24-0250,VTWIN,VTWIN
DUTY50%,89396,95671,VT-50-2016,VT-28-1952,VTWIN,VTWIN
DUTY50%,91200,95671,VT-50-2016,VT-33-1064,VTWIN,VTWIN
DUTY50%,91534,95671,VT-50-2016,VT-34-1468,VTWIN,VTWIN
DUTY50%,77189,80711,VT-50-1235,VT-40-1295,VTWIN,VTWIN
DUTY50%,80711,83137,VT-50-1235,VT-9682-5T,VTWIN,VTWIN
DUTY50%,80711,86809,VT-50-1235,VT-18-3614,VTWIN,VTWIN
DUTY50%,80711,87499,VT-50-1235,VT-23-0448,VTWIN,VTWIN
DUTY50%,80711,88175,VT-50-1235,VT-24-0250,VTWIN,VTWIN
DUTY50%,80711,89396,VT-50-1235,VT-28-1952,VTWIN,VTWIN
DUTY50%,80711,91200,VT-50-1235,VT-33-1064,VTWIN,VTWIN
DUTY50%,80711,91534,VT-50-1235,VT-34-1468,VTWIN,VTWIN
DUTY50%,77189,83137,VT-40-1295,VT-9682-5T,VTWIN,VTWIN
DUTY50%,77189,86809,VT-40-1295,VT-18-3614,VTWIN,VTWIN
DUTY50%,77189,87499,VT-40-1295,VT-23-0448,VTWIN,VTWIN
DUTY50%,77189,88175,VT-40-1295,VT-24-0250,VTWIN,VTWIN
DUTY50%,77189,89396,VT-40-1295,VT-28-1952,VTWIN,VTWIN
DUTY50%,77189,91200,VT-40-1295,VT-33-1064,VTWIN,VTWIN
DUTY50%,77189,91534,VT-40-1295,VT-34-1468,VTWIN,VTWIN
DUTY50%,83137,86809,VT-9682-5T,VT-18-3614,VTWIN,VTWIN
DUTY50%,83137,87499,VT-9682-5T,VT-23-0448,VTWIN,VTWIN
DUTY50%,83137,88175,VT-9682-5T,VT-24-0250,VTWIN,VTWIN
DUTY50%,83137,89396,VT-9682-5T,VT-28-1952,VTWIN,VTWIN
DUTY50%,83137,91200,VT-9682-5T,VT-33-1064,VTWIN,VTWIN
DUTY50%,83137,91534,VT-9682-5T,VT-34-1468,VTWIN,VTWIN
DUTY50%,86809,87499,VT-18-3614,VT-23-0448,VTWIN,VTWIN
DUTY50%,86809,88175,VT-18-3614,VT-24-0250,VTWIN,VTWIN
DUTY50%,86809,89396,VT-18-3614,VT-28-1952,VTWIN,VTWIN
DUTY50%,86809,91200,VT-18-3614,VT-33-1064,VTWIN,VTWIN
DUTY50%,86809,91534,VT-18-3614,VT-34-1468,VTWIN,VTWIN
DUTY50%,87499,88175,VT-23-0448,VT-24-0250,VTWIN,VTWIN
DUTY50%,87499,89396,VT-23-0448,VT-28-1952,VTWIN,VTWIN
DUTY50%,87499,91200,VT-23-0448,VT-33-1064,VTWIN,VTWIN
DUTY50%,87499,91534,VT-23-0448,VT-34-1468,VTWIN,VTWIN
DUTY50%,88175,89396,VT-24-0250,VT-28-1952,VTWIN,VTWIN
DUTY50%,88175,91200,VT-24-0250,VT-33-1064,VTWIN,VTWIN
DUTY50%,88175,91534,VT-24-0250,VT-34-1468,VTWIN,VTWIN
DUTY50%,89396,91200,VT-28-1952,VT-33-1064,VTWIN,VTWIN
DUTY50%,89396,91534,VT-28-1952,VT-34-1468,VTWIN,VTWIN
DUTY50%,91200,91534,VT-33-1064,VT-34-1468,VTWIN,VTWIN
78476,62155,72336,VT-15-8476,VT-33-1680,VTWIN,VTWIN
JGI4751972,1711,84699,DS194459,VT-14-0658,PU,VTWIN
JGI3774182A,1715,84690,DS194468,VT-14-0646,PU,VTWIN
500747,34535,51759,16100676,WPS-812-02130,PU,WPS
909109B,34549,43732,20201541,WPS-812-02103,PU,WPS
77403,61986,83126,VT-15-7403,VT-9669-9T,VTWIN,VTWIN
76714,18658,92119,08010767,VT-36-0959,PU,VTWIN
JGI1705205,3521,85441,09341592,VT-15-1344,PU,VTWIN
3200361,36081,59534,09210524,VT-10-3504,PU,VTWIN
B160732MB,821,87922,17010777,VT-23-2367,PU,VTWIN
40288,74940,75499,VT-37-4288,VT-36-1608,VTWIN,VTWIN
203950,34560,43720,DS288819,WPS-812-02070,PU,WPS
201407,28826,51168,12102663,WPS-820-51155,PU,WPS
7089,30926,85990,09251062,VT-17-0123,PU,VTWIN
500747TIN,34562,51761,16100678,WPS-812-02132,PU,WPS
2020709,9282,37416,09262020,WPS-191-57061,PU,WPS
296330,9315,86550,DS199451,VT-17-9858,PU,VTWIN
A2400172,4529,96405,VT-10-0415,09220133,VTWIN,PU
7196,14821,83699,09251255,VT-12-0365,PU,VTWIN
202240B,34567,43701,11070252,WPS-812-02061,PU,WPS
33254,3811,93638,VT-40-0903,06500401,VTWIN,PU
50192,67020,93639,VT-40-0905,VT-25-2290,VTWIN,VTWIN
909109,34581,43730,20201540,WPS-812-02102,PU,WPS
NA14803490,4005,90840,21200409,VT-32-8033,PU,VTWIN
NA14803490,58833,90840,WPS-850-08144,VT-32-8033,WPS,VTWIN
600259,11420,26308,10103403,DS326641,PU,PU
A3679384,4420,86870,11320701,VT-18-8266,PU,VTWIN
103423,34585,43712,DS222842,WPS-812-02016,PU,WPS
4070,31100,41003,09280010,WPS-811-04070,PU,WPS
7070,8676,41012,09320027,WPS-811-07070,PU,WPS
7071,8641,41014,09320069,WPS-811-07071,PU,WPS
7076,14900,41020,09320071,WPS-811-07076,PU,WPS
7076,14900,87802,09320071,VT-23-1732,PU,VTWIN
7076,41020,87802,WPS-811-07076,VT-23-1732,WPS,VTWIN
8037,14903,67766,09320193,VT-27-1056,PU,VTWIN
600239,12943,34586,DS325758,10103239,PU,PU
203950B,34593,43721,10101321,WPS-812-02071,PU,WPS
A3462875,3375,86330,11060087,VT-17-1189,PU,VTWIN
77434,61944,74300,VT-15-7434,VT-35-0954,VTWIN,VTWIN
2030,8565,68545,09345984,VT-29-2030,PU,VTWIN
339199,43488,94462,VT-44-0801,WPS-820-54127,VTWIN,WPS
75632,19081,88946,08220098,VT-27-0503,PU,VTWIN
1311CH,9535,74680,DS390231,VT-35-9083,PU,VTWIN
71103,12617,74659,10103297,VT-35-7113,PU,VTWIN
1746,14998,71186,02140837,VT-32-7144,PU,VTWIN
A35840SET,1686,86297,DS194187,VT-17-1133,PU,VTWIN
354129,28943,64611,16030286,VT-21-0926,PU,VTWIN
111132,34690,66441,DS222057,VT-24-2057,PU,VTWIN
13159,12798,63288,06401395,VT-17-9257,PU,VTWIN
20225,2221,61373,DS190143,VT-12-9972,PU,VTWIN
NOBPP01,8462,90714,21300101,VT-32-6579,PU,VTWIN
NOBPP01,58955,90714,WPS-850-08789,VT-32-6579,WPS,VTWIN
4124012C,34703,81956,DS222003,VT-54-2003,PU,VTWIN
4322,3224,10865,08200045,06500708,PU,PU
77339,61970,78370,VT-15-7339,VT-44-0890,VTWIN,VTWIN
76869,11124,78610,08010924,VT-45-0792,PU,VTWIN
76159,8292,61703,08040291,VT-15-0625,PU,VTWIN
4096,30945,46778,09280105,WPS-811-04096,PU,WPS
7074,14899,41017,09320029,WPS-811-07074,PU,WPS
7074,14899,88256,09320029,VT-24-0603,PU,VTWIN
7074,41017,88256,WPS-811-07074,VT-24-0603,WPS,VTWIN
H070593MB,30301,67087,06101683,VT-26-0001,PU,VTWIN
7020,8553,61492,09320196,VT-14-0034,PU,VTWIN
4124006C,34739,81876,DS310033,VT-54-0033,PU,VTWIN
400315,645,84048,11060077,VT-12-1311,PU,VTWIN
60200,4314,69301,16201777,VT-30-6200,PU,VTWIN
55113,8188,37516,04070057,WPS-22-55113,PU,WPS
105125B,16589,50272,04040565,WPS-812-52312,PU,WPS
11352,8813,75664,11352E,VT-37-8682,PU,VTWIN
11352,41282,75664,VT-37-8682,WPS-817-01854,VTWIN,WPS
18510,12859,72908,10100351,VT-34-0184,PU,VTWIN
202098,31792,37425,DS199771,WPS-191-57086,PU,WPS
202098,31792,93036,DS199771,VT-37-9259,PU,VTWIN
202098,37425,93036,WPS-191-57086,VT-37-9259,WPS,VTWIN
64390,69292,95881,VT-52-2041,VT-30-4390,VTWIN,VTWIN
B160687,7096,89352,17030085,VT-28-0687,PU,VTWIN
A3408379,3373,84295,11060049,VT-13-0131,PU,VTWIN
62071,4045,91739,07050055,VT-35-0701,PU,VTWIN
MDP12B,8470,90688,21200312,VT-32-6526,PU,VTWIN
MDP12B,58807,90688,WPS-850-08051,VT-32-6526,WPS,VTWIN
1705499MLS,3524,57749,09341598,WPS-681-4017,PU,WPS
JGI1754069X,3537,85151,09342189,VT-15-0705,PU,VTWIN
JGI3303105,3525,85448,09341618,VT-15-1391,PU,VTWIN
700006,26065,56465,11070651,WPS-70-700006,PU,WPS
120020,4473,31936,120020,04030182,PU,PU
2041971,9340,60886,09260780,VT-11-6108,PU,VTWIN
JGI11125XMS,9018,61789,09341183,VT-15-1280,PU,VTWIN
K0008000,9491,47567,21200843,WPS-27-5836,PU,WPS
37633,6344,81634,17410385,VT-52-1404,PU,VTWIN
791101,1403,38026,791101,WPS-279-1101,PU,WPS
NA14803190,8434,90910,21200418,VT-32-9095,PU,VTWIN
NA14803190,58844,90910,WPS-850-08153,VT-32-9095,WPS,VTWIN
K1685,36648,61081,VT-11-9913,K1685,VTWIN,PU
78386,81932,85613,VT-54-0545,VT-15-8386,VTWIN,VTWIN
110062,8389,42912,WPS-87-10062,17416835,WPS,PU
110062,42912,92058,WPS-87-10062,VT-36-0622,WPS,VTWIN
110062,8389,92058,17416835,VT-36-0622,PU,VTWIN
DC111,28355,71538,21020023,VT-32-9341,PU,VTWIN
102023,1086,53436,21020215,WPS-820-60401,PU,WPS
HDEG118,95781,95793,VT-51-1093,VT-51-1345,VTWIN,VTWIN
61000673,93214,93246,VT-38-0869,VT-38-0532,VTWIN,VTWIN
50334,26079,66937,10101603,VT-25-2017,PU,VTWIN
NHD7023302,49096,90623,WPS-850-08774,VT-32-2229,WPS,VTWIN
3300718,15773,59448,09290085,VT-10-2201,PU,VTWIN
MDR8B,3974,90683,21200393,VT-32-6521,PU,VTWIN
MDR8B,58799,90683,WPS-850-08044,VT-32-6521,WPS,VTWIN
75061,8284,67342,VT-26-2171,08021110,VTWIN,PU
T0300A3,3275,91916,VT-35-6113,07070077,VTWIN,PU
8412,67780,67781,VT-27-1074,VT-27-1075,VTWIN,VTWIN
77841,62326,85718,VT-15-8741,VT-16-0407,VTWIN,VTWIN
77707,35022,85119,16010514,VT-15-0652,PU,VTWIN
8136,13361,68578,10070005,VT-29-8136,PU,VTWIN
8136,13361,72789,10070005,VT-33-8136,PU,VTWIN
8136,36964,68578,WPS-133-4013,VT-29-8136,WPS,VTWIN
8136,36964,72789,WPS-133-4013,VT-33-8136,WPS,VTWIN
8136,68578,72789,VT-29-8136,VT-33-8136,VTWIN,VTWIN
7620,92513,92738,VT-37-1432,VT-37-0436,VTWIN,VTWIN
JGI1704292SS,24488,85405,DS174501,VT-15-1221,PU,VTWIN
62130,35031,92936,16210069,VT-37-8917,PU,VTWIN
1702686MLS,3519,61855,09341585,VT-15-1366,PU,VTWIN
84261,7246,87876,17010178,VT-23-2215,PU,VTWIN
77800,35032,85571,16010171,VT-15-7800,PU,VTWIN
2021020,9316,45030,09262955,WPS-191-57070,PU,WPS
2021020,9316,60179,09262955,VT-11-1220,PU,VTWIN
2021020,45030,60179,WPS-191-57070,VT-11-1220,WPS,VTWIN
62144,35037,61549,44020058,VT-14-0939,PU,VTWIN
202050C,19352,37324,09260759,WPS-191-57001C,PU,WPS
202050C,19352,60053,09260759,VT-11-0996,PU,VTWIN
202050C,37324,60053,WPS-191-57001C,VT-11-0996,WPS,VTWIN
MDR6B,4036,90693,21200392,VT-32-6538,PU,VTWIN
MDR6B,58798,90693,VT-32-6538,WPS-850-08043,VTWIN,WPS
18498,5118,73017,DS288882,VT-34-1128,PU,VTWIN
JGI2700289K,31584,84785,DS174381,VT-14-0976,PU,VTWIN
70204,4651,71191,21070161,VT-32-7204,PU,VTWIN
70204,4651,87200,21070161,VT-21-0901,PU,VTWIN
70204,71191,87200,VT-32-7204,VT-21-0901,VTWIN,VTWIN
NO2BP,34288,70582,21201169,VT-32-1930,PU,VTWIN
NO2BP,51058,70582,VT-32-1930,WPS-850-08990,VTWIN,WPS
71516,25809,86763,02100403,VT-18-3155,PU,VTWIN
H070603MB,17434,67089,06101685,VT-26-0003,PU,VTWIN
H070805MB1,17475,88548,06102197,VT-26-2260,PU,VTWIN
160492,12437,73994,160492,VT-35-0258,PU,VTWIN
NRARS1,34285,51056,WPS-850-08850,44010274,WPS,PU
NSXHRG2,23331,70739,21201148,VT-32-1604,PU,VTWIN
NSXHRG2,49948,70739,WPS-850-08830,VT-32-1604,WPS,VTWIN
A2555090,6787,83350,09250288,VT-10-1314,PU,VTWIN
JGI3303191,3592,85195,DS173371,VT-15-0842,PU,VTWIN
JGI3733736,9136,84684,DS174474,VT-14-0640,PU,VTWIN
060161,58243,63681,VT-19-0113,WPS-70-6161,VTWIN,WPS
JGI2522452A,1482,85335,DS174050,VT-15-1078,PU,VTWIN
710074,27477,31767,04040571,09260795,PU,PU
*7859,92583,92801,VT-37-0720,VT-37-6139,VTWIN,VTWIN
NU3424,12590,91493,DS289510,VT-34-0913,PU,VTWIN
2433536,31353,59112,VT-10-0758,DS197066,VTWIN,PU
86186,50,50634,04040314,WPS-820-52466,PU,WPS
292140,25786,61059,DS193112,VT-11-9866,PU,VTWIN
A9123,3223,96692,VT-10-8503,09200072,VTWIN,PU
81080,44985,84223,VT-12-9809,WPS-820-50002,VTWIN,WPS
81080,7052,84223,VT-12-9809,09320304,VTWIN,PU
81080,7052,44985,WPS-820-50002,09320304,WPS,PU
78284,62121,77757,VT-15-8284,VT-42-1202,VTWIN,VTWIN
316203,15877,61325,DS194062,VT-12-8002,PU,VTWIN
A3513181,14645,86022,DS194181,VT-17-0164,PU,VTWIN
SPC014,28107,75152,VT-37-0464,24040050,VTWIN,PU
210037,26125,63537,14011094,VT-18-3334,PU,VTWIN
B160921,2549,87872,17020740,VT-23-2074,PU,VTWIN
12171,73730,91333,VT-34-2171,VT-33-2122,VTWIN,VTWIN
120417M,29250,71960,20100778,VT-33-0933,PU,VTWIN
13214,75672,93750,VT-37-8704,VT-42-0304,VTWIN,VTWIN
120224,7386,91151,20200391,VT-33-0465,PU,VTWIN
053591,30244,51191,06102260,WPS-820-54377,PU,WPS
NM334724001,11289,90995,21200316,VT-32-9675,PU,VTWIN
NM334724001,58875,90995,WPS-850-08308,VT-32-9675,WPS,VTWIN
DR4G,8510,90973,21200043,VT-32-9608,PU,VTWIN
DR4G,58767,90973,WPS-850-08010,VT-32-9608,WPS,VTWIN
998244,61505,61508,VT-14-0260,VT-14-0256,VTWIN,VTWIN
212358,2413,59459,09250296,VT-10-2358,PU,VTWIN
19132,58553,89180,WPS-865-01201,VT-27-2145,WPS,VTWIN
810,28971,42618,WPS-830-6001,12042726,WPS,PU
JGI3303106,426,61874,09341619,VT-15-1392,PU,VTWIN
GA030100,15305,55535,20012923,WPS-28-61024,PU,WPS
210550,8855,25729,DS194498,35500136,PU,PU
210550,25729,43727,DS194498,WPS-812-02076,PU,WPS
210550,25729,63233,DS194498,VT-17-6004,PU,VTWIN
210550,8855,43727,35500136,WPS-812-02076,PU,WPS
210550,8855,63233,35500136,VT-17-6004,PU,VTWIN
210550,43727,63233,WPS-812-02076,VT-17-6004,WPS,VTWIN
5457,20001,31349,10103315,09500605,PU,PU
5206,14887,87578,09210938,VT-23-0694,PU,VTWIN
5206,14887,55487,09210938,WPS-82-96402,PU,WPS
5206,55487,87578,VT-23-0694,WPS-82-96402,VTWIN,WPS
B2102,73223,91481,VT-34-0945S,VT-34-0778,VTWIN,VTWIN
B2102,73223,91482,VT-34-0945S,VT-34-0780,VTWIN,VTWIN
B2102,91481,91482,VT-34-0778,VT-34-0780,VTWIN,VTWIN
10480041,51748,63415,VT-18-0542,WPS-827-07013,VTWIN,WPS
53136,17950,52960,WPS-194-53136,06500742,WPS,PU
53136,12244,17950,06360270,06500742,PU,PU
DC64,24410,71518,DC64,VT-32-9264,PU,VTWIN
DC64,36924,71518,WPS-133-1081,VT-32-9264,WPS,VTWIN
A11219,796,83642,09500220,VT-12-0215,PU,VTWIN
030320AA,30219,93231,07030230,VT-38-0656,PU,VTWIN
1311CHV,9495,73963,21070002,VT-35-0166,PU,VTWIN
21409,46092,65431,VT-23-1409,WPS-830-0333,VTWIN,WPS
BA051201,15307,43983,22110169,WPS-27-5797S,PU,WPS
NM334721201,4029,90998,21200320,VT-32-9679,PU,VTWIN
NM334721201,58890,90998,WPS-850-08314,VT-32-9679,WPS,VTWIN
19265,65578,80879,VT-23-2319,VT-50-9265,VTWIN,VTWIN
28022M,59749,60394,VT-11-1736,VT-11-0164,VTWIN,VTWIN
K1623,25478,61031,K1623,VT-11-9738,PU,VTWIN
78026,11220,88707,VT-26-0846,DS265501,VTWIN,PU
87789,45804,76645,VT-39-0617,WPS-820-2734,VTWIN,WPS
JGI4751958,1467,84698,DS173428,VT-14-0657,PU,VTWIN
B160730MB,7093,87916,17010757,VT-23-2361,PU,VTWIN
JGI2625868B,3693,85251,DS174428,VT-15-0949,PU,VTWIN
NA14802850,3973,90911,21200415,VT-32-9096,PU,VTWIN
NA14802850,58839,90911,WPS-850-08150,VT-32-9096,WPS,VTWIN
202330,9327,60078,09260697,VT-11-1029,PU,VTWIN
105030B,34563,49403,04040500,WPS-812-52305,PU,WPS
792104,13854,57616,21100319,WPS-279-2104,PU,WPS
13154,5089,86653,06401390,VT-18-0169,PU,VTWIN
120416A,29255,71958,20100799,VT-33-0930,PU,VTWIN
NWR1910020,11248,54001,21201314,WPS-850-09210,PU,WPS
600249,19986,25198,10103249,DS326640,PU,PU
C320434,14258,41534,05100183,WPS-820-0513,PU,WPS
C320434,14258,84337,05100183,VT-13-0176,PU,VTWIN
C320434,41534,84337,WPS-820-0513,VT-13-0176,WPS,VTWIN
4124035C,34746,81885,DS310089,VT-54-0089,PU,VTWIN
A11150,4515,83934,DS188032,VT-12-0950,PU,VTWIN
DP2G,8465,90982,21200051,VT-32-9616,PU,VTWIN
DP2G,58775,90982,WPS-850-08018,VT-32-9616,WPS,VTWIN
BDLSPC13520,2589,87028,VT-20-0786,12040057,VTWIN,PU
77353,61979,73194,VT-15-7353,VT-34-0843,VTWIN,VTWIN
JGI1678799X,31552,61859,DS173540,VT-15-1370,PU,VTWIN
508094,25118,61556,DS289935,VT-14-0957,PU,VTWIN
P101501,23769,42553,24010298,WPS-830-1015,PU,WPS
JGI2526386F,498,85465,09346490,VT-15-1433,PU,VTWIN
C10181HB030014,28265,46662,09345946,WPS-68-10181-HB-030-014,PU,WPS
46778,7245,87865,17020121,VT-23-1999,PU,VTWIN
H070789MB2,29785,67361,06101875,VT-26-2219,PU,VTWIN
H070595N,30249,88722,06102317,VT-26-0968,PU,VTWIN
A2636336,3398,84278,DS194223,VT-13-0113,PU,VTWIN
846H.HF,4066,65528,17220760,VT-23-1781,PU,VTWIN
3204541,30308,67561,05100265,VT-27-0538,PU,VTWIN
A3339136,29858,84292,21100362,VT-13-0128,PU,VTWIN
4731TK1,2089,64101,DS360109,VT-20-0622,PU,VTWIN
102016,13686,53452,21020397,WPS-820-60416,PU,WPS
102016,13686,90496,21020397,VT-32-1456,PU,VTWIN
102016,53452,90496,WPS-820-60416,VT-32-1456,WPS,VTWIN
9010,41023,86586,VT-23-9110,WPS-811-09010,VTWIN,WPS
13028,4318,68258,06400208,VT-28-0748,PU,VTWIN
46469,2652,87896,17020122,VT-23-2279,PU,VTWIN
70200,26210,42122,21070157,WPS-820-53221,PU,WPS
902212,8367,36195,09262921,06016140,PU,PU
120042,36806,71713,WPS-12-0042,VT-33-0306,WPS,VTWIN
120042,33405,71713,07060020,VT-33-0306,PU,VTWIN
2M6482030,45206,60274,WPS-865-02029,VT-11-1371,WPS,VTWIN
251691,14423,37511,WPS-22-51691,02150962,WPS,PU
6143,35738,69129,17103644,VT-30-1902,PU,VTWIN
NRACA1,34286,51057,WPS-850-08851,44010275,WPS,PU
117247,19843,66483,VT-24-7247,10060318,VTWIN,PU
202062,37359,60050,VT-11-0991,WPS-191-57023,VTWIN,WPS
110404,24421,73919,VT-35-0005,DS0404,VTWIN,PU
300400,9256,22455,06012845,20201170,PU,PU
300400,9256,45536,06012845,WPS-230-0400,PU,WPS
300400,22455,45536,20201170,WPS-230-0400,PU,WPS
2005,68539,70927,VT-32-2013,VT-29-2005,VTWIN,VTWIN
2005,36892,70927,VT-32-2013,WPS-132-7019,VTWIN,WPS
2005,70927,71878,VT-32-2013,VT-33-0699,VTWIN,VTWIN
2005,36892,68539,VT-29-2005,WPS-132-7019,VTWIN,WPS
2005,68539,71878,VT-29-2005,VT-33-0699,VTWIN,VTWIN
2005,36892,71878,WPS-132-7019,VT-33-0699,WPS,VTWIN
1013010004,5235,92165,VT-36-2362,06521313,VTWIN,PU
ABIG7B2C,48006,72333,WPS-227-0033,VT-33-1674,WPS,VTWIN
40SI,20367,64154,VT-20-0907,11200425,VTWIN,PU
B160686,2463,89351,17030084,VT-28-0686,PU,VTWIN
150157,19318,59658,VT-10-8273,09251168,VTWIN,PU
78850,68114,93496,VT-28-0026,VT-39-1873,VTWIN,VTWIN
JGI2607290X,3702,85392,VT-15-1205,DS174549,VTWIN,PU
314009,34672,35941,09240386,04160111,PU,PU
3300165,35949,96658,09250740,VT-10-8166,PU,VTWIN
JGI1677048,453,85291,09342191,VT-15-1008,PU,VTWIN
371030,44307,70705,WPS-820-50843,VT-32-1541,WPS,VTWIN
11326,41268,57802,WPS-817-01842,WPS-681-4183,WPS,WPS
11326,41268,78555,WPS-817-01842,VT-45-0587,WPS,VTWIN
11326,57802,78555,WPS-681-4183,VT-45-0587,WPS,VTWIN
11326,8812,57802,WPS-681-4183,11326E,WPS,PU
11326,8812,78555,VT-45-0587,11326E,VTWIN,PU
H070591S,17491,67181,06102310,VT-26-0977,PU,VTWIN
70280,71056,86208,VT-32-3087,VT-17-0901,VTWIN,VTWIN
161620,36030,74663,10500352,VT-35-8021,PU,VTWIN
JGI1677086S,24485,85215,DS174403,VT-15-0877,PU,VTWIN
77430,61914,79829,VT-15-7430,VT-49-0534,VTWIN,VTWIN
28323,38624,41474,WPS-50-28323,WPS-82-8323,WPS,WPS
CTX30LBSFT,7375,55062,WPS-49-3036,21130782,WPS,PU
70283,71053,86213,VT-32-3084,VT-17-0906,VTWIN,VTWIN
316295,36068,61327,09320150,VT-12-8008,PU,VTWIN
14014,41908,88864,WPS-820-51578,VT-27-0109,WPS,VTWIN
77461,61767,89085,VT-15-7461,VT-27-1453,VTWIN,VTWIN
241275,42192,86941,WPS-820-54670,VT-19-0299,WPS,VTWIN
16200,36883,71021,WPS-132-7010,VT-32-3042,WPS,VTWIN
1007EX,36902,70442,WPS-132-7037,VT-32-1007,WPS,VTWIN
3008,36906,71057,WPS-132-7041,VT-32-3088,WPS,VTWIN
ATS03BF,49182,72629,VT-33-2278,WPS-850-09003,VTWIN,WPS
170336,12298,73261,10101966,VT-34-1098,PU,VTWIN
A1849278,347,59044,VT-10-0501,09290020,VTWIN,PU
3200359,12395,59539,VT-10-3512,09220112,VTWIN,PU
87716,50624,87739,WPS-820-50611,VT-23-1211,WPS,VTWIN
87716,2531,50624,WPS-820-50611,17310543,WPS,PU
87716,2531,87739,VT-23-1211,17310543,VTWIN,PU
1100099,36137,74346,10010043,VT-35-1050,PU,VTWIN
102002,22884,53435,WPS-820-60400,21020226,WPS,PU
NWR910020,11299,54017,21201255,WPS-850-09227,PU,WPS
NWR410020,34367,54007,21201319,WPS-850-09215,PU,WPS
S535,36650,61047,VT-11-9777,S535,VTWIN,PU
110470,12366,74739,VT-35-9368,10010018,VTWIN,PU
78429,73946,85645,VT-35-0123,VT-15-8429,VTWIN,VTWIN
JGI11125XM,3531,61791,VT-15-1282,09340943,VTWIN,PU
7502000,42296,42300,WPS-821-2009,WPS-821-2003,WPS,WPS
7536,33545,67801,VT-27-1233,17416260,VTWIN,PU
204170R,9273,60879,VT-11-6019,09260127,VTWIN,PU
20010,38848,80885,WPS-562-20210C,VT-51-0004,WPS,VTWIN
20010,80885,80961,VT-51-0004,VT-51-0304,VTWIN,VTWIN
16541,42752,74676,WPS-865-01010,VT-35-9075,WPS,VTWIN
A2579177,4543,96512,VT-10-0803,DS195007,VTWIN,PU
080220,39198,62295,WPS-57-8220,VT-16-0220,WPS,VTWIN
63425,19689,93920,VT-42-1156,09401316,VTWIN,PU
78454,68287,85660,VT-15-8454,VT-28-0895,VTWIN,VTWIN
72378,86141,93989,VT-42-9941,VT-17-0514,VTWIN,VTWIN
565089,36187,62912,11200148,VT-17-0465,PU,VTWIN
70301,70360,84893,VT-32-3122,VT-15-0158,VTWIN,VTWIN
335064,36201,59564,09250418,VT-10-5045,PU,VTWIN
160207,41720,93844,VT-42-0686,WPS-820-2380,VTWIN,WPS
770032,7898,90032,VT-31-9909,DS110852,VTWIN,PU
2020690C,19378,37339,09262006,WPS-191-57009C,PU,WPS
2020690C,19378,60097,09262006,VT-11-1060,PU,VTWIN
2020690C,37339,60097,WPS-191-57009C,VT-11-1060,WPS,VTWIN
298135,4197,78129,VT-43-8135,09250072,VTWIN,PU
77425,62005,64614,VT-15-7425,VT-21-0932,VTWIN,VTWIN
110420,12369,74100,VT-35-0471,10020025,VTWIN,PU
6141SE1,2202,64096,VT-20-0615,DS360099,VTWIN,PU
1310,44183,72577,WPS-830-5039,VT-33-2155,WPS,VTWIN
78595,62189,65082,VT-15-8595,VT-22-1842,VTWIN,VTWIN
CTX24HLBS,11516,38578,WPS-49-2291,21130205,WPS,PU
191327,28827,63905,VT-19-0767,12102671,VTWIN,PU
191327,48868,63905,VT-19-0767,WPS-820-51151,VTWIN,WPS
191327,28827,48868,12102671,WPS-820-51151,PU,WPS
W5731,36651,61044,VT-11-9773,W5731,VTWIN,PU
CE85T,37934,70547,VT-32-1280,WPS-273-1133,VTWIN,WPS
7080,14901,86753,VT-18-3118,09320091,VTWIN,PU
335175,36285,61127,DS199321,VT-12-0126,PU,VTWIN
352112,7469,93103,VT-37-9539,24010694,VTWIN,PU
JGI1703089X,19558,61852,VT-15-1363,09341852,VTWIN,PU
334275,36286,59559,DS199532,VT-10-4275,PU,VTWIN
BA035K00HD,9510,44929,WPS-28-61003,22100492,WPS,PU
202122M,31760,60543,09262303,VT-11-2318,PU,VTWIN
NTBWJ15,23260,71158,VT-32-6689,21200839,VTWIN,PU
202124M,9383,60545,09262305,VT-11-2320,PU,VTWIN
110401,36296,73915,DS0401,VT-35-0001,PU,VTWIN
110402,36297,73916,DS0402,VT-35-0002,PU,VTWIN
879410,28152,44011,DS190491,WPS-830-1115,PU,WPS
110407,36302,73918,DS0407,VT-35-0004,PU,VTWIN
18440,4269,72912,VT-34-0192,10101461,VTWIN,PU
70266,22991,71050,VT-32-3081,21070308,VTWIN,PU
NMTRT01,48927,62638,WPS-850-08302,VT-16-1619,WPS,VTWIN
78275,62114,94967,VT-49-0829,VT-15-8275,VTWIN,VTWIN
347004,36308,59004,DS194652,VT-10-0260,PU,VTWIN
NDP39000,48941,71550,WPS-850-08411,VT-32-9638,WPS,VTWIN
2021012H,31779,60176,09263305,VT-11-1217,PU,VTWIN
2021012H,31779,45024,09263305,WPS-191-17040,PU,WPS
2021012H,45024,60176,VT-11-1217,WPS-191-17040,VTWIN,WPS
63633,65235,87414,VT-23-0293,VT-23-0290,VTWIN,VTWIN
AX068K10,31914,45623,WPS-27-5833,06310179,WPS,PU
310003,36323,58964,DS194305,VT-10-0003,PU,VTWIN
88263,44991,66228,VT-24-1377,WPS-820-52284,VTWIN,WPS
78710,61945,62222,VT-15-8710,VT-15-1769,VTWIN,VTWIN
C9607F1,6662,61812,09344809,VT-15-1310,PU,VTWIN
71061,12602,77524,VT-42-0421,10102946,VTWIN,PU
27161,41438,52708,WPS-82-7161,WPS-57-027161,WPS,WPS
1065896,19301,61126,VT-12-0125,09250456,VTWIN,PU
20761,42779,74223,VT-35-0761,WPS-865-01061,VTWIN,WPS
18447,65504,71376,VT-23-1672,VT-32-8447,VTWIN,VTWIN
18447,5154,65504,VT-23-1672,10102064,VTWIN,PU
18447,5154,71376,VT-32-8447,10102064,VTWIN,PU
103413,11453,43709,WPS-812-02015,DS221926,WPS,PU
210540,11416,43723,WPS-812-02075,35500135,WPS,PU
909102,17542,43728,WPS-812-02096,20201319,WPS,PU
352065,23976,75841,VT-37-9546,24040984,VTWIN,PU
I010150,451,41489,09342560,WPS-820-0102,PU,WPS
28621,38092,44915,WPS-82-8292,WPS-29-1121,WPS,WPS
A2555436,1666,84086,DS194167,VT-12-1427,PU,VTWIN
2059,14888,75745,09250753,VT-37-8963,PU,VTWIN
42818,58648,87538,VT-23-0552,WPS-820-32008,VTWIN,WPS
A2403470,1749,96422,DS196138,VT-10-0444,PU,VTWIN
SPC025,27632,75155,24040057,VT-37-0467,PU,VTWIN
NU3423,1919,91492,DS289507,VT-34-0911,PU,VTWIN
18741,4944,71423,VT-32-8741,10102472,VTWIN,PU
202124C,37406,60154,VT-11-1186,WPS-191-57055C,VTWIN,WPS
202124C,19360,60154,VT-11-1186,09260732,VTWIN,PU
202124C,19360,37406,WPS-191-57055C,09260732,WPS,PU
JGI3565398,3582,85496,DS173192,VT-15-1500,PU,VTWIN
20103,46071,96438,WPS-830-0305,VT-10-0487,WPS,VTWIN
21403,46091,65429,WPS-830-0332,VT-23-1403,WPS,VTWIN
9026,22136,86993,18610578,VT-23-9126,PU,VTWIN
1827,8891,59381,VT-10-1827,09290046,VTWIN,PU
71104,36573,74660,10103299,VT-35-7114,PU,VTWIN
77482,62010,93283,VT-15-7482,VT-38-6555,VTWIN,VTWIN
70393,36584,91546,10102919,VT-34-1530,PU,VTWIN
3300017,15747,59572,VT-10-5182,09250540,VTWIN,PU
52676,41955,54964,WPS-820-52009,WPS-194-52676,WPS,WPS
52676,35856,41955,WPS-820-52009,06360523,WPS,PU
89450,47428,65375,VT-23-1071,WPS-820-32019,VTWIN,WPS
HDEG115,81187,95788,VT-51-1221,VT-51-1220,VTWIN,VTWIN
K1608,36639,61025,K1608,VT-11-9728,PU,VTWIN
K1624,36640,61032,K1624,VT-11-9739,PU,VTWIN
K1626,36641,61034,K1626,VT-11-9741,PU,VTWIN
K1605,36645,61022,K1605,VT-11-9725,PU,VTWIN
202023C,37387,60033,WPS-191-57044C,VT-11-0969,WPS,VTWIN
202023C,9368,37387,WPS-191-57044C,09260750,WPS,PU
202023C,9368,60033,VT-11-0969,09260750,VTWIN,PU
715,42616,50136,WPS-830-6000,WPS-571-6122,WPS,WPS
K1602,36664,61019,K1602,VT-11-9722,PU,VTWIN
JGI3490486,3590,85316,DS173343,VT-15-1041,PU,VTWIN
16202,36884,71023,WPS-132-7011,VT-32-3044,WPS,VTWIN
2006KIT,36903,70445,WPS-132-7038,VT-32-1015,WPS,VTWIN
2006,36905,68540,WPS-132-7040,VT-29-2006,WPS,VTWIN
3005,36908,40991,WPS-132-7054,WPS-811-03005,WPS,WPS
3005,36908,71006,WPS-132-7054,VT-32-3015,WPS,VTWIN
3005,30877,36908,WPS-132-7054,24010825,WPS,PU
3005,40991,71006,WPS-811-03005,VT-32-3015,WPS,VTWIN
3005,30877,40991,WPS-811-03005,24010825,WPS,PU
3005,30877,71006,VT-32-3015,24010825,VTWIN,PU
1005EX,36913,71032,WPS-132-7077,VT-32-3053,WPS,VTWIN
C320435,41535,84371,WPS-820-0514,VT-13-0545,WPS,VTWIN
C320435,3074,41535,WPS-820-0514,05100184,WPS,PU
C320435,3074,84371,VT-13-0545,05100184,VTWIN,PU
21054,36919,66665,WPS-132-7091,VT-25-0565,WPS,VTWIN
21054,36919,70597,WPS-132-7091,VT-32-1374,WPS,VTWIN
21054,66665,70597,VT-25-0565,VT-32-1374,VTWIN,VTWIN
40098,23263,62717,VT-16-1977,21200902,VTWIN,PU
21062,36920,70598,WPS-132-7092,VT-32-1375,WPS,VTWIN
21062,36920,95104,WPS-132-7092,VT-49-1873,WPS,VTWIN
21062,70598,95104,VT-32-1375,VT-49-1873,VTWIN,VTWIN
33214,10767,78655,06500399,VT-45-3214,PU,VTWIN
DC69,36930,90440,WPS-133-1087,VT-32-1085,WPS,VTWIN
DC69,2102,90440,VT-32-1085,21020283,VTWIN,PU
DS61,36934,71286,WPS-133-3001,VT-32-7778,WPS,VTWIN
DS61,13341,71286,VT-32-7778,DS61,VTWIN,PU
MDP2B,58802,90685,WPS-850-08046,VT-32-6523,WPS,VTWIN
MDP2B,8429,90685,VT-32-6523,21200395,VTWIN,PU
MDP4B,58804,90686,WPS-850-08048,VT-32-6524,WPS,VTWIN
MDP4B,4004,90686,VT-32-6524,21200396,VTWIN,PU
103070R,34555,51019,WPS-812-52402,06040236,WPS,PU
110298P,2607,92293,11070339,VT-37-0005,PU,VTWIN
36505,38060,81651,VT-52-1421,WPS-28-2030X,VTWIN,WPS
4085,8568,31078,09280040,BPR6HIX,PU,PU
NDP38060,48935,71546,WPS-850-08403,VT-32-9634,WPS,VTWIN
NDP38065,48940,71553,WPS-850-08409,VT-32-9641,WPS,VTWIN
FA409,37235,87702,WPS-15-409,VT-23-0998,WPS,VTWIN
FA409,3325,87702,VT-23-0998,17220603,VTWIN,PU
H070585SMB,17483,88727,06102307,VT-26-0976,PU,VTWIN
H070730N,8090,67266,06102325,VT-26-0972,PU,VTWIN
NFMAX40,3987,90712,21300082,VT-32-6566,PU,VTWIN
NFMAX40,58916,90712,WPS-850-08423,VT-32-6566,WPS,VTWIN
E210214GB,22968,90539,21060251,VT-32-1697,PU,VTWIN
IHL02,49186,72600,WPS-850-09006,VT-33-2216,WPS,VTWIN
ILLPROIII,49214,72595,WPS-850-09035,VT-33-2207,WPS,VTWIN
A2462399B,16363,83859,09240122,VT-12-0754,PU,VTWIN
2020326R,9326,37313,WPS-191-17017,09260196,WPS,PU
2020364,9274,37330,WPS-191-27004S,09260184,WPS,PU
204320C,37335,60068,WPS-191-57003C,VT-11-1014,WPS,VTWIN
204320C,31832,37335,WPS-191-57003C,09260718,WPS,PU
204320C,31832,60068,VT-11-1014,09260718,VTWIN,PU
204321C,37337,60069,WPS-191-57004C,VT-11-1015,WPS,VTWIN
204321C,9362,37337,WPS-191-57004C,DS199760,WPS,PU
204321C,9362,60069,VT-11-1015,DS199760,VTWIN,PU
2020700,9281,37342,WPS-191-57011,09262014,WPS,PU
2020701,9332,37344,WPS-191-57012,09262016,WPS,PU
202060C,37346,60060,WPS-191-57013C,VT-11-1003,WPS,VTWIN
202060C,19359,37346,WPS-191-57013C,09260760,WPS,PU
202060C,19359,60060,VT-11-1003,09260760,VTWIN,PU
202066C,37362,60065,WPS-191-57026C,VT-11-1008,WPS,VTWIN
2020702,15236,37363,WPS-191-57027,09262018,WPS,PU
2020702,37363,60096,WPS-191-57027,VT-11-1059,WPS,VTWIN
2020702,15236,60096,09262018,VT-11-1059,PU,VTWIN
2020702C,19385,37364,WPS-191-57027C,09262019,WPS,PU
202130,31827,37365,WPS-191-57029,09260320,WPS,PU
202130,34611,37365,WPS-191-57029,DS375745,WPS,PU
202130,31827,34611,09260320,DS375745,PU,PU
500751,8728,49409,WPS-812-55000,16202277,WPS,PU
202131C,37368,60158,WPS-191-57030C,VT-11-1189,WPS,VTWIN
202131C,19348,37368,WPS-191-57030C,09260720,WPS,PU
202131C,19348,60158,VT-11-1189,09260720,VTWIN,PU
202132C,37370,60159,WPS-191-57031C,VT-11-1190,WPS,VTWIN
202132C,19357,37370,WPS-191-57031C,09260724,WPS,PU
202132C,19357,60159,VT-11-1190,09260724,VTWIN,PU
500751R,21157,49411,WPS-812-55002,16202279,WPS,PU
204322C,31739,37377,WPS-191-57039C,DS199761,WPS,PU
204322C,37377,60070,WPS-191-57039C,VT-11-1016,WPS,VTWIN
204322C,31739,60070,DS199761,VT-11-1016,PU,VTWIN
202052C,37393,60056,WPS-191-57047C,VT-11-0998,WPS,VTWIN
202052C,31796,37393,WPS-191-57047C,09260757,WPS,PU
202052C,31796,60056,VT-11-0998,09260757,VTWIN,PU
060139,31934,58234,18611636,WPS-70-6139,PU,WPS
202123C,37405,60153,WPS-191-57054C,VT-11-1185,WPS,VTWIN
202123C,19355,37405,WPS-191-57054C,09260727,WPS,PU
202123C,19355,60153,VT-11-1185,09260727,VTWIN,PU
700001,26297,49427,WPS-70-7001,11070664,WPS,PU
71033A,93717,93960,VT-42-0102,VT-42-1980,VTWIN,VTWIN
3073010090,24877,63606,VT-18-8248,DS223763,VTWIN,PU
204329,9377,37418,WPS-191-57063,09262030,WPS,PU
764,79042,93719,VT-42-0104,VT-47-2202,VTWIN,VTWIN
8080,14891,53316,WPS-56-8080,09251068,WPS,PU
2020812,31788,37424,WPS-191-57084,09230368,WPS,PU
830704,3747,37426,WPS-191-57087,DS199772,WPS,PU
299110,20257,63275,VT-17-9110,11060064,VTWIN,PU
202106,19424,37429,WPS-191-57088,09270024,WPS,PU
202106,37429,96605,WPS-191-57088,VT-10-2106,WPS,VTWIN
202106,19424,96605,09270024,VT-10-2106,PU,VTWIN
202107,37430,59441,WPS-191-57089,VT-10-2107,WPS,VTWIN
202108,37431,59442,WPS-191-57090,VT-10-2108,WPS,VTWIN
10SC446,9394,37432,WPS-191-57092,09260325,WPS,PU
302910,54466,93731,VT-42-0165,WPS-820-51925,VTWIN,WPS
3521,6269,37451,WPS-2-CR9EIX,DS3521,WPS,PU
3521,6269,11329,DS3521,CR9EIX,PU,PU
JGI2625868D,1567,84876,DS174720,VT-15-0134,PU,VTWIN
11309,31243,78559,11309E,VT-45-0622,PU,VTWIN
11309,41254,78559,WPS-817-01829,VT-45-0622,WPS,VTWIN
H070810MB1,29834,67072,VT-26-2264,06110207,VTWIN,PU
221068,3142,37503,WPS-22-1068,04100294,WPS,PU
253102,28847,37514,WPS-22-53102,11200217,WPS,PU
55119,14217,37517,WPS-22-55119,04070058,WPS,PU
H070574B,41648,88729,VT-26-0982,WPS-820-1515B,VTWIN,WPS
H070574B,17530,88729,VT-26-0982,06130201,VTWIN,PU
H070574B,17530,41648,WPS-820-1515B,06130201,WPS,PU
281139,7276,37521,WPS-22-81139,13020091,WPS,PU
302911,54467,93733,VT-42-0186,WPS-820-51926,VTWIN,WPS
64217,52730,80913,WPS-57-064217,VT-51-0059,WPS,VTWIN
95840,52732,84495,WPS-57-068569,VT-14-5840,WPS,VTWIN
281095,2669,37529,WPS-22-81095,13020084,WPS,PU
H070574,30279,88700,06100126,VT-26-0780,PU,VTWIN
78574,75869,85693,VT-15-8574,VT-38-0020,VTWIN,VTWIN
CM420,37827,79514,WPS-27-M420,VT-48-1707,WPS,VTWIN
110041,39036,92126,WPS-57-10041,VT-36-0992,WPS,VTWIN
110041,34003,92126,06580004,VT-36-0992,PU,VTWIN
CM4213,37839,79516,WPS-27-M421,VT-48-1740,WPS,VTWIN
JGI3495589X,3620,85369,VT-15-1154,DS174960,VTWIN,PU
75312,34092,93737,VT-42-0202,08220097,VTWIN,PU
CM253,37847,79546,WPS-27-M253,VT-48-1800,WPS,VTWIN
CM418,37849,79513,WPS-27-M418,VT-48-1706,WPS,VTWIN
CM4232,37850,79520,WPS-27-M423,VT-48-1759,WPS,VTWIN
CM4304,37855,79518,WPS-27-M430,VT-48-1754,WPS,VTWIN
3895VM,33508,61088,VT-11-9926,09120288,VTWIN,PU
VT2719,16068,61091,VT-11-9938,09030791,VTWIN,PU
120425,47512,73164,WPS-820-50574,VT-34-0767,WPS,VTWIN
22005,46774,80996,WPS-57-1111,VT-51-0371,WPS,VTWIN
NHD3243599,4017,90620,21200818,VT-32-2226,PU,VTWIN
NHD3243599,58949,90620,WPS-850-08771,VT-32-2226,WPS,VTWIN
19137,58566,87483,WPS-865-01206,VT-23-0429,WPS,VTWIN
C9889,19515,61806,09340744,VT-15-1304,PU,VTWIN
NWR610020,33542,54010,21201322,WPS-850-09218,PU,WPS
216321,25779,59616,09250112,VT-10-8138,PU,VTWIN
20159,63177,66812,VT-25-0991,VT-17-2019,VTWIN,VTWIN
791102,23017,38027,WPS-279-1102,21100320,WPS,PU
H070574BB,30080,41650,WPS-820-1516B,06140708,WPS,PU
202320C,31746,60081,09260698,VT-11-1034,PU,VTWIN
HDEG116,81188,95789,VT-51-1222,VT-51-1223,VTWIN,VTWIN
900,50133,62726,WPS-571-6119,VT-16-2131,WPS,VTWIN
72651,67428,75908,VT-38-0122,VT-27-0094,VTWIN,VTWIN
19134,58481,65576,VT-23-2316,WPS-865-01203,VTWIN,WPS
T030151,8142,77101,07110214,VT-40-0831,PU,VTWIN
78633,61589,90552,VT-14-8633,VT-32-1754,VTWIN,VTWIN
102100TIN,34596,51754,WPS-812-02114,06401667,WPS,PU
10105,40798,54548,WPS-576-04288,WPS-78-9829,WPS,WPS
206589SABLED,45564,72706,WPS-820-0376A,VT-33-3044,WPS,VTWIN
76110,39115,75968,WPS-57-6226,VT-38-0326,WPS,VTWIN
206220,1794,86414,VT-17-8230,DS199415,VTWIN,PU
NDP422,48934,62350,WPS-850-08402,VT-16-0478,WPS,VTWIN
200370,63962,89699,VT-19-3001,VT-31-0206,VTWIN,VTWIN
170571DB,17577,89312,06300268,VT-28-0451,PU,VTWIN
20180,41628,66721,WPS-820-1326C,VT-25-0729,WPS,VTWIN
120023,5034,36800,WPS-12-0023,04030184,WPS,PU
CHD412,34775,38592,WPS-490-2128,RCHD412,WPS,PU
1030,36891,50126,WPS-571-6113,WPS-132-7018,WPS,WPS
1008EX,36914,71035,WPS-132-7078,VT-32-3056,WPS,VTWIN
191202,43363,63648,WPS-820-52651,VT-19-0028,WPS,VTWIN
2400739,1683,96674,DS194143,VT-10-8323,PU,VTWIN
A33212SET,30639,86548,VT-17-9855,11060035,VTWIN,PU
NTBW4202,23245,71156,21200651,VT-32-6687,PU,VTWIN
NTBW4202,49083,71156,WPS-850-08758,VT-32-6687,WPS,VTWIN
H070790MB3,14239,88794,06150272,VT-26-2228,PU,VTWIN
20050,38867,89404,WPS-562-20230C,VT-28-2004,WPS,VTWIN
20050,80968,89404,VT-51-0327,VT-28-2004,VTWIN,VTWIN
14206,41822,51789,WPS-05-1084,WPS-820-50555,WPS,WPS
3021,43740,71027,WPS-132-7044,VT-32-3048,WPS,VTWIN
1009EX,36915,71037,WPS-132-7079,VT-32-3058,WPS,VTWIN
DS62,36935,71285,WPS-133-3002,VT-32-7777,WPS,VTWIN
DS62,13342,71285,VT-32-7777,DS62,VTWIN,PU
4124018C,34667,81958,DS222009,VT-54-2009,PU,VTWIN
202010,15222,31697,09260789,DS202011,PU,PU
202010,15222,60883,09260789,VT-11-6072,PU,VTWIN
202010,31697,60883,DS202011,VT-11-6072,PU,VTWIN
202110,15223,25260,09260800,DS373964,PU,PU
202110,15223,61448,09260800,VT-13-2110,PU,VTWIN
202110,25260,61448,DS373964,VT-13-2110,PU,VTWIN
2024400,15241,55592,09263458,WPS-191-27027S,PU,WPS
2020265,15242,83554,09262868,VT-11-6128,PU,VTWIN
2020915,15243,55563,09262946,WPS-191-17034,PU,WPS
87758,21374,50621,17020605,WPS-820-32023,PU,WPS
BA064902,15304,54444,22100663,WPS-28-61046,PU,WPS
312321,23839,92953,24010885,VT-37-8951,PU,VTWIN
V30ITWBS,56022,56023,WPS-206-40123,WPS-206-40122,WPS,WPS
2400130,3481,96669,DS194080,VT-10-8314,PU,VTWIN
3200353,12270,59538,VT-10-3510,09220111,VTWIN,PU
C9173,28175,61826,VT-15-1326,09341221,VTWIN,PU
106004,29061,90360,21020418,VT-32-0778,PU,VTWIN
214045,12736,59548,VT-10-4045,09250591,VTWIN,PU
20701,2206,46084,24011120,WPS-830-0319,PU,WPS
76312BCS,47251,74140,WPS-274-0714,VT-35-0591,WPS,VTWIN
6211CH,11702,74706,DS390211,VT-35-9178,PU,VTWIN
MCVOS2,57612,90904,WPS-275-01151,VT-32-9079,WPS,VTWIN
202066,31221,60052,07110096,VT-11-0994,PU,VTWIN
CM251,37845,79554,VT-48-1810,WPS-27-M251,VTWIN,WPS
201409,13568,51167,12102665,WPS-820-51154,PU,WPS
2022050,9354,60462,09263308,VT-11-2023,PU,VTWIN
6051865DLK,9023,39913,WPS-681-4781,09342119,WPS,PU
794002,29330,50222,21100993,WPS-279-2202,PU,WPS
6000,13090,51491,WPS-85-06000,18010359,WPS,PU
C9688,6685,61661,VT-15-0475,DS172086,VTWIN,PU
105120G,4043,49406,04040541,WPS-812-52308,PU,WPS
2020550,15208,60889,09262870,VT-11-6125,PU,VTWIN
70261,22985,71059,21070301,VT-32-3090,PU,VTWIN
030318AA,30318,41714,07030228,WPS-820-2305,PU,WPS
030318AA,30318,76312,07030228,VT-38-1736,PU,VTWIN
030318AA,41714,76312,WPS-820-2305,VT-38-1736,WPS,VTWIN
370293,29913,48866,08200152,WPS-820-2268,PU,WPS
C9886,13230,61803,09340742,VT-15-1302,PU,VTWIN
53128,53984,90232,WPS-194-53128,VT-32-0432,WPS,VTWIN
53128,17823,90232,06360450,VT-32-0432,PU,VTWIN
NWR10910020,23364,53999,WPS-850-09208,21201312,WPS,PU
120400,29027,71723,20100561,VT-33-0325,PU,VTWIN
10109,48777,54552,WPS-576-04291,WPS-820-51915,WPS,WPS
20093,75658,89259,VT-37-8635,VT-28-0200,VTWIN,VTWIN
20093,67015,75658,VT-37-8635,VT-25-2280,VTWIN,VTWIN
20093,67015,89259,VT-28-0200,VT-25-2280,VTWIN,VTWIN
053326,30111,46355,06100211,WPS-820-54351,PU,WPS
202133C,9305,37372,WPS-191-57032C,09260728,WPS,PU
202133C,37372,60160,WPS-191-57032C,VT-11-1191,WPS,VTWIN
202133C,9305,60160,09260728,VT-11-1191,PU,VTWIN
1705599MLS,424,39813,WPS-681-4006,09341601,WPS,PU
1705599MLS,39813,61838,WPS-681-4006,VT-15-1347,WPS,VTWIN
1705599MLS,424,61838,09341601,VT-15-1347,PU,VTWIN
206589SRLED,29479,41409,78052070,WPS-820-0370R,PU,WPS
210716,26150,44150,19133007,WPS-830-1136,PU,WPS
JGI1739307,9030,84773,09350371,VT-14-0955,PU,VTWIN
JGI1739307,9030,85476,09350371,VT-15-1448,PU,VTWIN
JGI1739307,84773,85476,VT-14-0955,VT-15-1448,VTWIN,VTWIN
11246,39849,81279,WPS-681-4332,VT-52-0026,WPS,VTWIN
846H.CT,4067,65529,17220761,VT-23-1782,PU,VTWIN
H070605MB,17454,67094,06101956,VT-26-0008,PU,VTWIN
161200,36317,91615,DS289231,VT-35-0101,PU,VTWIN
1677496XT1,9008,58119,09341583,WPS-681-5334,PU,WPS
1677496XT1,9008,61862,09341583,VT-15-1373,PU,VTWIN
1677496XT1,58119,61862,WPS-681-5334,VT-15-1373,WPS,VTWIN
K0216P2,19180,60234,09031582,VT-11-1321,PU,VTWIN
5020001008,26597,63569,DS199218,VT-18-3696,PU,VTWIN
3487341,94905,95090,VT-49-0419,VT-49-1722,VTWIN,VTWIN
74012,28142,88135,DS243851,VT-24-0142,PU,VTWIN
78570,88882,89054,VT-27-0183,VT-27-1131,VTWIN,VTWIN
112906,9558,74710,DS289111,VT-35-9185,PU,VTWIN
660325,13540,40247,WPS-70-660325,17412900,WPS,PU
2M6127020,45196,60268,VT-11-1365,WPS-865-02018,VTWIN,WPS
296550,4208,86553,DS199452,VT-17-9861,PU,VTWIN
298130,24800,59605,VT-10-8122,DS199075,VTWIN,PU
L226828M,29025,72118,20200399,VT-33-1273,PU,VTWIN
P7443,8749,75662,DS190693,VT-37-8672,PU,VTWIN
V30HTCGRB,11335,56661,06303426,WPS-206-40120,PU,WPS
117246,12419,66482,10060317,VT-24-7246,PU,VTWIN
K1609,12677,61026,K1609,VT-11-9729,PU,VTWIN
A1745157,4388,84183,09270011,VT-12-2116,PU,VTWIN
125001,12762,48763,04110191,WPS-820-51890,PU,WPS
120019,12766,71711,04030181,VT-33-0301,PU,VTWIN
120049,36811,70053,WPS-12-0049,VT-31-3943,WPS,VTWIN
120049,18444,70053,VT-31-3943,07060038,VTWIN,PU
K2804,19183,61106,VT-11-9985,09031678,VTWIN,PU
VRK1,9529,74727,VT-35-9290,DS390225,VTWIN,PU
328126,15253,75633,03650022,VT-37-8530,PU,VTWIN
A9110,4329,96696,09200068,VT-10-8523,PU,VTWIN
1229,15658,72904,20010124,VT-34-0175,PU,VTWIN
1229,15658,19452,20010124,09300248,PU,PU
1229,19452,72904,VT-34-0175,09300248,VTWIN,PU
298165,25742,59628,VT-10-8165,DS199114,VTWIN,PU
BTX5,26792,40969,WPS-810-5003,11311801,WPS,PU
2071,31017,40985,WPS-811-02071,09250537,WPS,PU
3000,31119,40989,WPS-811-03000,24010128,WPS,PU
JGI12053A,1674,84664,VT-14-0619,DS194089,VTWIN,PU
4025,19435,40996,WPS-811-04025,09290017,WPS,PU
4017,31080,40997,WPS-811-04050,09290072,WPS,PU
4017,40997,76942,WPS-811-04050,VT-40-0346,WPS,VTWIN
4017,31080,76942,09290072,VT-40-0346,PU,VTWIN
4018,31039,40998,WPS-811-04051,09290073,WPS,PU
1900005,20178,74121,10500302,VT-35-0548,PU,VTWIN
7000,14905,41006,WPS-811-07000,09320018,WPS,PU
7000,41006,87779,WPS-811-07000,VT-23-1727,WPS,VTWIN
7000,14905,87779,09320018,VT-23-1727,PU,VTWIN
7001,31037,41007,WPS-811-07001,09320019,WPS,PU
7001,41007,87358,WPS-811-07001,VT-23-0113,WPS,VTWIN
7001,31037,87358,09320019,VT-23-0113,PU,VTWIN
7050,41008,83755,WPS-811-07050,VT-12-0509,WPS,VTWIN
H070585N,21650,88716,06102304,VT-26-0962,PU,VTWIN
7062,14906,41011,WPS-811-07062,09320026,WPS,PU
7062,41011,95932,WPS-811-07062,VT-54-0412,WPS,VTWIN
7062,14906,95932,09320026,VT-54-0412,PU,VTWIN
7072,8551,41015,WPS-811-07072,09320028,WPS,PU
7073,41016,88246,WPS-811-07073,VT-24-0522,WPS,VTWIN
7073,41016,83770,WPS-811-07073,VT-12-0527,WPS,VTWIN
7073,83770,88246,VT-24-0522,VT-12-0527,VTWIN,VTWIN
77911,61323,93946,VT-12-7911,VT-42-1376,VTWIN,VTWIN
T101,13343,37638,WPS-26-44801,D101,WPS,PU
2M6198,45191,59745,VT-11-0160,WPS-865-02013,VTWIN,WPS
210209,22963,90146,21060224,VT-32-0241,PU,VTWIN
207770,1791,86403,DS199414,VT-17-7651,PU,VTWIN
78611,62195,70837,VT-15-8611,VT-32-1773,VTWIN,VTWIN
C320436,85,41536,05100182,WPS-820-0515,PU,WPS
A6773,4378,83853,09250284,VT-12-0717,PU,VTWIN
010127,744,41486,09342556,WPS-820-0080,PU,WPS
H0708051,29820,88790,06102196,VT-26-2259,PU,VTWIN
296900,12753,86421,DS199424,VT-17-8238,PU,VTWIN
217460,25723,59575,09251166,VT-10-5272,PU,VTWIN
206812CWH,25601,72606,20401182,VT-33-2241,PU,VTWIN
290304,25769,64128,DS199477,VT-20-0710,PU,VTWIN
294150,25771,61481,DS199739,VT-13-9251,PU,VTWIN
27162,41439,88482,WPS-82-7162,VT-24-7162,WPS,VTWIN
DP12G,3995,90992,21200061,VT-32-9626,PU,VTWIN
DP12G,58785,90992,WPS-850-08028,VT-32-9626,WPS,VTWIN
18754,26094,71434,10102480,VT-32-8754,PU,VTWIN
010107,40150,41483,WPS-820-0001,WPS-70-11071,WPS,WPS
320464,87,41529,WPS-820-0504,05100334,WPS,PU
21555,41570,76293,WPS-820-1104,VT-38-1555,WPS,VTWIN
21561,41571,93269,WPS-820-1105,VT-38-1561,WPS,VTWIN
316172A,41579,66816,WPS-820-1123C,VT-25-1095,WPS,VTWIN
200412,29405,72129,20010101,VT-33-1300,PU,VTWIN
126015,29028,71863,20100563,VT-33-0676,PU,VTWIN
310086S,41595,66698,WPS-820-1151C,VT-25-0658,WPS,VTWIN
19131,44279,58434,WPS-865-01200,WPS-820-50540,WPS,WPS
W150562,13588,89252,12010844,VT-28-2261,PU,VTWIN
20252B,41652,66857,WPS-820-1517B,VT-25-1293,WPS,VTWIN
110100,31939,38708,K110100,WPS-56-4256,PU,WPS
160024,41663,87202,WPS-820-1901,VT-21-0903,WPS,VTWIN
120069,7897,8388,07060207,17416863,PU,PU
V30HTCBS,17738,56656,06303421,WPS-206-40115,PU,WPS
202056,18553,60047,07110093,VT-11-0987,PU,VTWIN
71554,26053,89041,02100377,VT-27-1563,PU,VTWIN
A2620783,1678,84276,DS194207,VT-13-0111,PU,VTWIN
P80110,31125,75631,DS096647,VT-37-8517,PU,VTWIN
316275,19488,61639,09320149,VT-15-0361,PU,VTWIN
110293K,28627,41755,WPS-820-2667,11070035,WPS,PU
2020323R,31699,37319,09260194,WPS-191-17024,PU,WPS
190401B,41765,70512,WPS-820-2697,VT-32-1195,WPS,VTWIN
120185,28863,41802,WPS-820-50512,10130036,WPS,PU
148151,41845,63488,WPS-820-50951,VT-18-1221,WPS,VTWIN
105125,34588,50271,04040564,WPS-812-52311,PU,WPS
314011,4099,34614,04140744,09500885,PU,PU
78444,85653,91263,VT-15-8444,VT-33-1565,VTWIN,VTWIN
112355,35039,74079,DS289141,VT-35-0421,PU,VTWIN
20763,42781,74225,VT-35-0763,WPS-865-01063,VTWIN,WPS
3200351,36199,59540,VT-10-3513,09220123,VTWIN,PU
160497,36025,73933,10500360,VT-35-0086,PU,VTWIN
112084,36159,73958,112084,VT-35-0152,PU,VTWIN
5500502,36185,70812,21010346,VT-32-1732,PU,VTWIN
7082,56794,86730,WPS-874-1231,VT-18-1213,WPS,VTWIN
117249,36225,66485,10060320,VT-24-7249,PU,VTWIN
76238,26485,85517,DS189966,VT-15-1540,PU,VTWIN
78700,62219,87778,VT-23-1666,VT-15-8700,VTWIN,VTWIN
E250091BD3,23153,70896,21130666,VT-32-1895,PU,VTWIN
1705405MLS,422,57785,09341596,WPS-681-4011,PU,WPS
1705405MLS,422,85442,09341596,VT-15-1345,PU,VTWIN
1705405MLS,57785,85442,WPS-681-4011,VT-15-1345,WPS,VTWIN
BDLPA133118,64183,87013,VT-20-4001,VT-20-0586,VTWIN,VTWIN
47OFP,2196,64148,DS360417,VT-20-0900,PU,VTWIN
161800,42015,72077,WPS-820-52361,VT-33-1175,WPS,VTWIN
161801,42016,72078,WPS-820-52362,VT-33-1176,WPS,VTWIN
161802,42017,72079,WPS-820-52363,VT-33-1177,WPS,VTWIN
161803,42018,72081,WPS-820-52364,VT-33-1178,WPS,VTWIN
3200360,15837,59542,09220158,VT-10-3515,PU,VTWIN
81029,8134,25853,10102125,07100282,PU,PU
81029,25853,74101,10102125,VT-35-0472,PU,VTWIN
81029,8134,74101,07100282,VT-35-0472,PU,VTWIN
JGI81FLH,24466,61742,VT-15-0855,DS173408,VTWIN,PU
1704092MLS,57862,61851,VT-15-1362,WPS-681-4384,VTWIN,WPS
1704092MLS,395,61851,VT-15-1362,09340947,VTWIN,PU
1704092MLS,395,57862,WPS-681-4384,09340947,WPS,PU
2022300,9390,60570,09263207,VT-11-2344,PU,VTWIN
70220,42124,71196,WPS-820-53223,VT-32-7220,WPS,VTWIN
77000,74458,85509,VT-35-1673,VT-15-1532,VTWIN,VTWIN
056268,7236,42157,WPS-820-54207,16020137,WPS,PU
6141SE2,5468,64097,DS360098,VT-20-0616,PU,VTWIN
45EVSH,5474,64150,DS360416,VT-20-0903,PU,VTWIN
NA1749662,11233,90699,21200403,VT-32-6543,PU,VTWIN
NA1749662,58828,90699,WPS-850-08121,VT-32-6543,WPS,VTWIN
A8972,3418,96429,09500368,VT-10-0466,PU,VTWIN
S770145ACDS,1381,80160,VT-49-1695,35010865,VTWIN,PU
280108,42279,42280,WPS-820-70456,WPS-820-70455,WPS,WPS
217520,25782,59580,09251365,VT-10-5276,PU,VTWIN
KB258.020,42319,60492,VT-11-2219,WPS-824-01003,VTWIN,WPS
302866,42292,80906,WPS-820-80005,VT-51-0049,WPS,VTWIN
KB305.005,42321,60516,WPS-824-01007,VT-11-2258,WPS,VTWIN
KB266.005,42325,60495,WPS-824-01013,VT-11-2223,WPS,VTWIN
KB266.010,42326,60496,WPS-824-01014,VT-11-2224,WPS,VTWIN
KB288.010,42330,60504,WPS-824-01152,VT-11-2236,WPS,VTWIN
KB297.020,42331,60512,WPS-824-01159,VT-11-2254,WPS,VTWIN
KB272.STD,42338,60499,WPS-824-01256,VT-11-2228,WPS,VTWIN
KB348.STD,42344,60521,WPS-824-01361,VT-11-2274,WPS,VTWIN
148420,2704,43524,11320698,WPS-820-54690,PU,WPS
78092,6577,76092,DS193809,VT-38-0661,PU,VTWIN
A4361292,1751,94253,DS195407,VT-44-0236,PU,VTWIN
471064,2048,74633,10090215,VT-35-4764,PU,VTWIN
471064,55788,74633,WPS-24-71064,VT-35-4764,WPS,VTWIN
352104,29428,93101,24010690,VT-37-9537,PU,VTWIN
77003,27971,69699,24010646,VT-31-0846,PU,VTWIN
S770151,7622,95069,35011179,VT-49-1420,PU,VTWIN
A2491858,1404,84121,10120103,VT-12-1513,PU,VTWIN
1013030016,2141,74980,DS223538,VT-36-2477,PU,VTWIN
3193010003,26620,63485,DS223757,VT-18-1217,PU,VTWIN
202014,9276,57513,09260329,WPS-191-17008,PU,WPS
202014,9276,83549,09260329,VT-11-6094,PU,VTWIN
202014,57513,83549,WPS-191-17008,VT-11-6094,WPS,VTWIN
24571,92986,95981,VT-73-0040,VT-37-9056,VTWIN,VTWIN
20724,26248,44145,19133013,WPS-830-1130,PU,WPS
20724,26248,91663,19133013,VT-35-0377,PU,VTWIN
20724,44145,91663,WPS-830-1130,VT-35-0377,WPS,VTWIN
A11019,1593,83991,DS188013,VT-12-1159,PU,VTWIN
70199Z,63511,63553,VT-18-3648,VT-18-3128,VTWIN,VTWIN
78256,62099,77763,VT-15-8256,VT-42-1210,VTWIN,VTWIN
70253,22984,71068,21070287,VT-32-3100,PU,VTWIN
5013210068,2115,84326,DS223760,VT-13-0163,PU,VTWIN
A11016,1596,83921,DS188012,VT-12-0938,PU,VTWIN
A6067885,1608,83952,DS188082,VT-12-0969,PU,VTWIN
40130063014,2123,86796,DS223354,VT-18-3251,PU,VTWIN
A3757444,3384,84302,11320621,VT-13-0138,PU,VTWIN
A2403270,3394,96420,DS196136,VT-10-0442,PU,VTWIN
A2462140,3388,96336,DS194098,VT-10-0208,PU,VTWIN
A2403370,3410,96421,DS196137,VT-10-0443,PU,VTWIN
204280,4116,86416,DS199409,VT-17-8232,PU,VTWIN
1013040012,4909,92080,DS223593,VT-36-0768,PU,VTWIN
344,28774,71075,VT-32-3440,17420065,VTWIN,PU
78285,62122,77473,VT-15-8285,VT-42-0263,VTWIN,VTWIN
210242,43429,89714,VT-31-0242,WPS-820-50805,VTWIN,WPS
T030162,1067,93184,07110242,VT-40-0921,PU,VTWIN
710464,359,45029,09262971,WPS-191-37032,PU,WPS
334246,12326,84231,09320126,VT-12-9907,PU,VTWIN
87935,6586,43971,DS190490,WPS-830-1114,PU,WPS
1013030002,4915,92198,DS223897,VT-36-2501,PU,VTWIN
6083030017,26558,63481,11300298,VT-18-1158,PU,VTWIN
255580,4228,86431,DS199439,VT-17-8580,PU,VTWIN
A1826002,380,83521,09261092,VT-11-1233,PU,VTWIN
A2578530A,3421,96477,DS194192,VT-10-0716,PU,VTWIN
NMCON02P,1288,11252,21201406,21201424,PU,PU
3213002017,26579,63478,11321000,VT-18-1155,PU,VTWIN
A2555036,4496,84093,DS194163,VT-12-1440,PU,VTWIN
1863348A/C,3646,57876,DS174360,WPS-681-4467,PU,WPS
K2834,4393,88329,04050329,VT-24-0904,PU,VTWIN
A2555536,14651,84087,DS194168,VT-12-1428,PU,VTWIN
281204,7077,57535,13020367,WPS-22-81204,PU,WPS
A4412472,2509,87803,DS324613,VT-23-1733,PU,VTWIN
A3749684,205,83798,DS193157,VT-12-0564,PU,VTWIN
L240436CRLED,7483,41485,20100772,WPS-820-0351,PU,WPS
A8970,646,84040,11060092,VT-12-1303,PU,VTWIN
87804,1604,58593,DS189844,WPS-830-1186,PU,WPS
102024,2709,53437,21020216,WPS-820-60402,PU,WPS
77743,75749,85559,VT-37-8976,VT-15-7743,VTWIN,VTWIN
846H.LS,4064,87965,17212452,VT-23-4559,PU,VTWIN
6239SK2,26839,64093,DS360103,VT-20-0612,PU,VTWIN
105130G,11422,49407,04040542,WPS-812-52309,PU,WPS
JGI4584949,24760,84494,DS194494,VT-14-0036,PU,VTWIN
31861,13164,88281,04100325,VT-24-0667,PU,VTWIN
JGI2700688,31540,91681,DS289109,VT-35-0422,PU,VTWIN
JGI6053885K,31547,85205,DS173351,VT-15-0866,PU,VTWIN
H070595SMB,17484,67312,06102320,VT-26-1051,PU,VTWIN
9261,60760,61504,VT-11-3253,VT-14-0254,VTWIN,VTWIN
9261,60760,83987,VT-11-3253,VT-12-1156,VTWIN,VTWIN
9261,61504,83987,VT-14-0254,VT-12-1156,VTWIN,VTWIN
201402,20538,51170,12102666,WPS-820-51157,PU,WPS
JGI2522593K,31562,85210,DS173318,VT-15-0872,PU,VTWIN
C3204331,16749,67962,05100193,VT-27-1818,PU,VTWIN
78713,62225,91892,VT-15-8713,VT-35-2002,VTWIN,VTWIN
89236,21375,65577,VT-23-2318,17020463,VTWIN,PU
89236,50620,65577,VT-23-2318,WPS-820-32022,VTWIN,WPS
89236,21375,50620,17020463,WPS-820-32022,PU,WPS
210150,24759,63229,DS194499,VT-17-6000,PU,VTWIN
A2400803,4365,83881,09500357,VT-12-0821,PU,VTWIN
21064,22260,44149,19133006,WPS-830-1135,PU,WPS
E280042,3284,92657,05211235,VT-37-0902,PU,VTWIN
314004,4079,8856,04140511,09240211,PU,PU
251002,7639,57526,A251002,WPS-22-51002,PU,WPS
P101401,30660,42552,WPS-830-1014,24010297,WPS,PU
205120,2020,86417,DS199420,VT-17-8233,PU,VTWIN
P101708,24504,42556,WPS-830-1021,DS175008,WPS,PU
3023020011,2144,63563,DS223737,VT-18-3690,PU,VTWIN
500775B,34601,51772,16021496,WPS-812-02143,PU,WPS
40121,26184,71143,16100527,VT-32-6673,PU,VTWIN
160904,1325,91313,22120103,VT-33-2023,PU,VTWIN
1013030017,5286,92070,DS223885,VT-36-0715,PU,VTWIN
78588,62186,86409,VT-15-8588,VT-17-8085,VTWIN,VTWIN
110411,36303,73917,DS0411,VT-35-0003,PU,VTWIN
78589,62187,86410,VT-15-8589,VT-17-8086,VTWIN,VTWIN
296700,4117,86578,DS199423,VT-17-9897,PU,VTWIN
1013010016,2090,74983,06521305,VT-36-2495,PU,VTWIN
A3749641,1643,83754,DS193158,VT-12-0508,PU,VTWIN
102005,1084,53446,21020278,WPS-820-60411,PU,WPS
102005,1084,16693,21020278,04160060,PU,PU
102005,16693,53446,WPS-820-60411,04160060,WPS,PU
206011PA,7555,71604,20010249,VT-33-0030,PU,VTWIN
053324,17333,46354,06100210,WPS-820-54350,PU,WPS
C6132,42583,93029,WPS-830-1063,VT-37-9236,WPS,VTWIN
102002C,7338,70317,21020415,VT-32-0474,PU,VTWIN
61129,42598,81900,WPS-830-1084,VT-54-0175,WPS,VTWIN
1101,8682,42601,WPS-830-5000,09261466,WPS,PU
A3743636,1632,86524,DS193152,VT-17-9830,PU,VTWIN
1710,42611,62414,WPS-830-5010,VT-16-0705,WPS,VTWIN
A3513180,1667,86125,DS194179,VT-17-0414,PU,VTWIN
204260,2024,86415,DS199408,VT-17-8231,PU,VTWIN
20760,42778,74222,WPS-865-01060,VT-35-0760,WPS,VTWIN
20762,42780,74651,WPS-865-01062,VT-35-6100,WPS,VTWIN
E280041,3283,92658,05211234,VT-37-0903,PU,VTWIN
5020001004,9365,86797,DS223355,VT-18-3252,PU,VTWIN
JGI1676973T,3673,85355,DS174913,VT-15-1130,PU,VTWIN
40111,27284,37956,WPS-274-0011,35011863,WPS,PU
40111,27284,90289,35011863,VT-32-0633,PU,VTWIN
1013030007,1831,92192,DS223883,VT-36-2468,PU,VTWIN
6311CH,11698,74684,DS390235,VT-35-9088,PU,VTWIN
JGI3565406X,3533,85424,09341192,VT-15-1259,PU,VTWIN
JGI8316251,3681,84704,DS194464,VT-14-0663,PU,VTWIN
78478,62157,72338,VT-15-8478,VT-33-1682,VTWIN,VTWIN
210450,4201,63232,DS194500,VT-17-6003,PU,VTWIN
20157,63175,66797,VT-17-2017,VT-25-0951,VTWIN,VTWIN
920212,13182,44019,DS193767,WPS-830-1126,PU,WPS
JGI3307637,3660,84673,DS174478,VT-14-0630,PU,VTWIN
A2400906,574,83879,09500358,VT-12-0819,PU,VTWIN
A4329382,1752,94534,DS195411,VT-44-2030,PU,VTWIN
86631,14194,61376,VT-12-9990,09320088,VTWIN,PU
A3581236,4497,86019,DS195169,VT-17-0161,PU,VTWIN
202031,37350,60025,WPS-191-57018,VT-11-0959,WPS,VTWIN
4021,39028,64451,WPS-57-04021,VT-21-0343,WPS,VTWIN
F510216GB,773,80518,14110040,VT-50-0288,PU,VTWIN
105130,53,49405,04040540,WPS-812-52307,PU,WPS
A4119683,1742,94340,DS195402,VT-44-0423,PU,VTWIN
71192,1335,77166,24010432,VT-40-1192,PU,VTWIN
16205,43095,93361,WPS-87-9417,VT-39-0117,WPS,VTWIN
161300,25096,91616,DS289232,VT-35-0102,PU,VTWIN
105120,11408,49404,04040539,WPS-812-52306,PU,WPS
A2403901A,4367,83873,09500229,VT-12-0813,PU,VTWIN
B160733MB,822,87924,17010781,VT-23-2369,PU,VTWIN
B160920,2646,87871,17020739,VT-23-2073,PU,VTWIN
120401,3131,91127,09026319,VT-33-0238,PU,VTWIN
2400654A,3489,96675,DS194141,VT-10-8324,PU,VTWIN
40188,70808,92851,VT-32-1723,VT-37-8588,VTWIN,VTWIN
237230,25753,70369,21020204,VT-32-0709,PU,VTWIN
K0210P2,12683,60227,09031567,VT-11-1314,PU,VTWIN
053843,17478,54469,06102258,WPS-820-54378,PU,WPS
JGI4584987,31585,84499,DS174782,VT-14-0042,PU,VTWIN
710468,15246,61566,09263027,VT-14-1000,PU,VTWIN
A3312694,3245,90952,21100229,VT-32-9281,PU,VTWIN
A3404052,3372,83902,11060018,VT-12-0917,PU,VTWIN
112914,36155,74696,10030453,VT-35-9142,PU,VTWIN
254710,1789,86432,DS199440,VT-17-8710,PU,VTWIN
205340,1801,86418,DS199425,VT-17-8234,PU,VTWIN
794004,23046,50224,21100994,WPS-279-2204,PU,WPS
78475,62154,72335,VT-15-8475,VT-33-1679,VTWIN,VTWIN
A2558136,1681,96465,DS194147,VT-10-0704,PU,VTWIN
JGI1703399,24455,85397,DS173218,VT-15-1210,PU,VTWIN
700005,20300,56464,11070650,WPS-70-700005,PU,WPS
110409,12444,73920,VT-35-0009,DS0409,VTWIN,PU
DC66,6732,90435,21020141,VT-32-1065,PU,VTWIN
DC66,36926,90435,WPS-133-1083,VT-32-1065,WPS,VTWIN
70256,26211,69551,21070288,VT-32-3106,PU,VTWIN
70256,26211,91191,21070288,VT-33-0903,PU,VTWIN
70256,69551,91191,VT-32-3106,VT-33-0903,VTWIN,VTWIN
206588ALED,22516,71943,20300115,VT-33-0902,PU,VTWIN
A3758341,701,86750,11320622,VT-18-3114,PU,VTWIN
A1849248,4350,96439,09290019,VT-10-0500,PU,VTWIN
1013040016,4927,92078,DS223541,VT-36-0765,PU,VTWIN
987016,6561,44167,19133011,WPS-830-1195,PU,WPS
A3581036,1933,83910,DS188069,VT-12-0925,PU,VTWIN
1023010015,2065,74910,06521303,VT-36-1536,PU,VTWIN
150131,3411,59649,DS194195,VT-10-8260,PU,VTWIN
302450,43510,79960,WPS-820-54666,VT-49-0900,WPS,VTWIN
148423,43512,86738,WPS-820-54680,VT-18-2159,WPS,VTWIN
302288,43513,95717,WPS-820-54669,VT-51-0482,WPS,VTWIN
16106,25570,71028,V16106,VT-32-3049,PU,VTWIN
148400,13660,43514,WPS-820-54681,11320697,WPS,PU
148141,13659,43515,WPS-820-54683,11321379,WPS,PU
148108,43516,86884,WPS-820-54685,VT-18-8310,WPS,VTWIN
237240,25737,70370,21020205,VT-32-0712,PU,VTWIN
A3339350,3400,83632,DS194350,VT-12-0206,PU,VTWIN
A5707,712,86872,11320658,VT-18-8269,PU,VTWIN
148111,43521,86885,WPS-820-54686,VT-18-8311,WPS,VTWIN
JGI3495504K,31535,61746,VT-15-0881,09340952,VTWIN,PU
40130047060,2148,86704,DS223772,VT-18-1118,PU,VTWIN
16739,42772,74057,WPS-865-01030,VT-35-0363,WPS,VTWIN
A6754,20249,86492,11060026,VT-17-9751,PU,VTWIN
78021,24730,77453,DS193002,VT-42-0226,PU,VTWIN
5016610041,5283,61381,DS223759,VT-13-0172,PU,VTWIN
191318,43527,63862,WPS-820-54692,VT-19-0606,WPS,VTWIN
110019,76824,92060,VT-40-0019,VT-36-0627,VTWIN,VTWIN
A3790500,704,86674,11320281,VT-18-0455,PU,VTWIN
296800,4211,86579,11060061,VT-17-9898,PU,VTWIN
191322,43528,63866,WPS-820-54696,VT-19-0610,WPS,VTWIN
62142,11690,61533,16010225,VT-14-0700,PU,VTWIN
A2498166,571,84124,09500227,VT-12-1516,PU,VTWIN
JGI2700289,1519,84670,DS174373,VT-14-0625,PU,VTWIN
JGI2526386,1514,85241,DS174367,VT-15-0932,PU,VTWIN
JGI1754148A,15075,85288,DS174470,VT-15-1005,PU,VTWIN
S521,36649,61046,S521,VT-11-9776,PU,VTWIN
A3505052,580,86217,09500418,VT-17-0910,PU,VTWIN
1066051,36190,60900,09280023,VT-11-7715,PU,VTWIN
202038C,9280,60043,09261985,VT-11-0980,PU,VTWIN
62137,35036,67162,VT-26-0400,44020048,VTWIN,PU
27400040,90615,91896,VT-35-2424,VT-32-2185,VTWIN,VTWIN
BG001801,9516,37807,18610522,WPS-27-5728,PU,WPS
2021031,43881,60186,WPS-191-57075,VT-11-1227,WPS,VTWIN
2021031,31774,43881,WPS-191-57075,09262963,WPS,PU
2021031,31774,60186,VT-11-1227,09262963,VTWIN,PU
JGI1705399,3624,85395,DS173222,VT-15-1208,PU,VTWIN
42815,58644,87539,VT-23-0554,WPS-820-32004,VTWIN,WPS
190401,41764,70376,WPS-820-2696,VT-32-0742,WPS,VTWIN
DR6B,1230,90976,21200046,VT-32-9611,PU,VTWIN
DR6B,58768,90976,WPS-850-08011,VT-32-9611,WPS,VTWIN
BA051231,31912,43985,WPS-27-5798BK,22110172,WPS,PU
20813,28092,44148,WPS-830-1133,24010124,WPS,PU
84081,1601,44161,WPS-830-1185,DS189975,WPS,PU
JGI1738699,1440,85388,DS173223,VT-15-1195,PU,VTWIN
JGI2925078,1917,85298,DS289104,VT-15-1019,PU,VTWIN
40130089070,4911,86702,DS223753,VT-18-1116,PU,VTWIN
990417,6554,44169,WPS-830-1197,19133010,WPS,PU
H070789MB1,30305,67372,06101874,VT-26-2240,PU,VTWIN
1201,44178,77366,WPS-830-5033,VT-41-0988,WPS,VTWIN
1201,8561,44178,WPS-830-5033,09261469,WPS,PU
1201,8561,77366,VT-41-0988,09261469,VTWIN,PU
1304,14816,44181,WPS-830-5037,09250728,WPS,PU
8050,67768,69348,VT-27-1060,VT-30-8050,VTWIN,VTWIN
3534,33677,67779,VT-27-1072,DS3534,VTWIN,PU
8374,53318,68062,WPS-56-8374,VT-27-8374,WPS,VTWIN
JGI1703007X,31519,61890,09342097,VT-15-1455,PU,VTWIN
2291,68034,68877,VT-27-2291,VT-30-0776,VTWIN,VTWIN
302860,44321,95378,WPS-820-52453,VT-50-0622,WPS,VTWIN
JGI3014358,3605,85302,DS174040,VT-15-1023,PU,VTWIN
302861,44322,80607,WPS-820-52454,VT-50-0623,WPS,VTWIN
302862,44323,89619,WPS-820-52455,VT-31-0025,WPS,VTWIN
108,39004,77330,WPS-57-0108,VT-41-0134,WPS,VTWIN
JGI3490105KF,31529,61832,09344617,VT-15-1334,PU,VTWIN
28629,38094,44920,WPS-82-8299,WPS-29-1123,WPS,WPS
2M4942005,44949,60255,WPS-865-02001,VT-11-1351,WPS,VTWIN
350153,64906,92888,VT-37-8790,VT-22-0760,VTWIN,VTWIN
88186,44988,60163,WPS-820-51548,VT-11-1196,WPS,VTWIN
606009,8139,72982,VT-34-0351,07110041,VTWIN,PU
36028,44993,65978,WPS-820-52286,VT-24-0198,WPS,VTWIN
2M6164005,45182,60261,WPS-865-02004,VT-11-1358,WPS,VTWIN
6164,45186,59775,WPS-865-02008,VT-11-0190,WPS,VTWIN
6164010,45188,59777,WPS-865-02010,VT-11-0192,WPS,VTWIN
6164020,45189,59778,WPS-865-02011,VT-11-0193,WPS,VTWIN
6164030,45190,59779,WPS-865-02012,VT-11-0194,WPS,VTWIN
2M6127,45194,60266,WPS-865-02016,VT-11-1363,WPS,VTWIN
2M6127030,45197,60269,WPS-865-02019,VT-11-1366,WPS,VTWIN
2M6127040,45198,60270,WPS-865-02020,VT-11-1367,WPS,VTWIN
6127,45199,59770,WPS-865-02021,VT-11-0185,WPS,VTWIN
6127030,45202,59773,WPS-865-02024,VT-11-0188,WPS,VTWIN
2M6482,45203,60271,WPS-865-02026,VT-11-1368,WPS,VTWIN
2M6482010,45204,60272,WPS-865-02027,VT-11-1369,WPS,VTWIN
500140,31671,95528,06302835,VT-50-1140,PU,VTWIN
2M6482020,45205,60273,WPS-865-02028,VT-11-1370,WPS,VTWIN
2M6482040,45207,60275,WPS-865-02030,VT-11-1372,WPS,VTWIN
6482,45208,59761,WPS-865-02031,VT-11-0176,WPS,VTWIN
CM255,45279,79556,WPS-27-M255,VT-48-1812,WPS,VTWIN
CM256,45280,79217,WPS-27-M256,VT-48-0599,WPS,VTWIN
2021250,9360,45372,WPS-191-27050,09500887,WPS,PU
241276,45405,84381,WPS-820-54660,VT-13-0871,WPS,VTWIN
241276,7070,45405,WPS-820-54660,11200444,WPS,PU
241276,7070,84381,VT-13-0871,11200444,VTWIN,PU
148422,45407,63504,WPS-820-54720,VT-18-2158,WPS,VTWIN
148422,28961,45407,WPS-820-54720,11321583,WPS,PU
148422,28961,63504,VT-18-2158,11321583,VTWIN,PU
2020260,31729,83553,09262866,VT-11-6127,PU,VTWIN
15500,45447,62263,WPS-132-7065,VT-16-0388,WPS,VTWIN
353064,45552,67535,WPS-820-4064,VT-27-0457,WPS,VTWIN
AX068M00,31907,45620,WPS-27-5830,06310180,WPS,PU
JGI6053989KF,9044,61804,09344618,VT-15-1332,PU,VTWIN
70139,89480,90738,VT-30-0109,VT-32-7139,VTWIN,VTWIN
70300,70249,84909,VT-32-3116,VT-15-0179,VTWIN,VTWIN
190310JBS,29253,70250,VT-32-0178,21050124,VTWIN,PU
NOBDPYH,23390,90642,21300138,VT-32-5058,PU,VTWIN
NOBDPYH,49103,90642,WPS-850-08788,VT-32-5058,WPS,VTWIN
DP4B,3994,90987,21200056,VT-32-9621,PU,VTWIN
DP4B,58778,90987,WPS-850-08021,VT-32-9621,WPS,VTWIN
110061,42911,92210,WPS-87-10061,VT-36-2552,WPS,VTWIN
19301,46017,80871,WPS-830-0300,VT-50-2600,WPS,VTWIN
19314,46070,77586,WPS-830-0303,VT-42-0618,WPS,VTWIN
20118,46076,58577,WPS-830-0310,WPS-830-1100,WPS,WPS
20118,46076,67033,WPS-830-0310,VT-25-3253,WPS,VTWIN
20118,58577,67033,WPS-830-1100,VT-25-3253,WPS,VTWIN
20301,4395,46077,WPS-830-0312,35110027,WPS,PU
20308,46079,66550,WPS-830-0314,VT-25-0050,WPS,VTWIN
20314,46082,66747,WPS-830-0317,VT-25-0771,WPS,VTWIN
20318,46083,67018,WPS-830-0318,VT-25-2288,WPS,VTWIN
BZ080000,31929,55533,22100695,WPS-28-61022,PU,WPS
21414,46099,65434,WPS-830-0339,VT-23-1414,WPS,VTWIN
21418,46101,65437,WPS-830-0341,VT-23-1418,WPS,VTWIN
77623,8406,77433,35010975,VT-42-0189,PU,VTWIN
U080217,68675,89538,VT-30-0240,VT-30-0601,VTWIN,VTWIN
21411,46125,65433,WPS-830-0367,VT-23-1411,WPS,VTWIN
3576,5255,95948,DS3576,VT-54-0438,PU,VTWIN
286082,77423,77664,VT-42-0998,VT-42-0164,VTWIN,VTWIN
2022,30927,76952,VT-40-0359,07120318,VTWIN,PU
77031,71167,89752,VT-31-0429,VT-32-7031,VTWIN,VTWIN
DEI2114LB,8689,46188,WPS-827-05063,14010985,WPS,PU
DEIOEM14LS,8659,46201,WPS-827-05080,14010984,WPS,PU
DEIOEMB,11398,46202,WPS-827-05081,14011032,WPS,PU
DEIOEMC,11388,46203,WPS-827-05082,14011033,WPS,PU
TALONOEMB,8668,46268,WPS-827-05401,14011022,WPS,PU
610,9512,18540,DS305501,07110045,PU,PU
NHCXJ12,34319,71148,21200369,VT-32-6678,PU,VTWIN
1212,3440,73725,VT-34-2150,09263368,VTWIN,PU
79600,11182,90763,08010462,VT-32-7539,PU,VTWIN
302291,93916,94632,VT-42-1054,VT-46-0339,VTWIN,VTWIN
DC121,28356,71540,21020025,VT-32-9343,PU,VTWIN
PCC128118,20501,86978,12040123,VT-20-0060,PU,VTWIN
250029GB,2766,93924,VT-42-1164,21130494,VTWIN,PU
80176B,80743,80759,VT-50-1514,VT-50-1305,VTWIN,VTWIN
JGI6056536,1570,85231,DS174780,VT-15-0919,PU,VTWIN
JGI2624668D,1568,85245,VT-15-0939,DS174730,VTWIN,PU
80211,95582,95650,VT-50-1875,VT-50-1505,VTWIN,VTWIN
HBCLF0201,38613,62710,WPS-490-9950,VT-16-1898,WPS,VTWIN
358885,37530,62246,WPS-235-8885,VT-16-0066,WPS,VTWIN
89445,47041,59103,WPS-820-51408,VT-10-0691,WPS,VTWIN
11503,83361,96321,VT-10-1770,VT-10-0175,VTWIN,VTWIN
120411MD,7484,72075,20100777,VT-33-1169,PU,VTWIN
8106,69355,72786,VT-33-8106,VT-30-8106,VTWIN,VTWIN
BDL30884,5476,63992,DS360011,VT-20-0115,PU,VTWIN
20581,2210,58585,19133001,WPS-830-1129,PU,WPS
77001,47239,85443,WPS-276-02081,VT-15-1376,WPS,VTWIN
JGI3482479,1590,85315,DS174831,VT-15-1039,PU,VTWIN
208700,4229,86429,VT-17-8502,DS199418,VTWIN,PU
4550,21588,47454,WPS-821-2026,17411012,WPS,PU
056319,28645,47471,WPS-820-0536,16220554,WPS,PU
84966,47499,87633,WPS-820-32021,VT-23-0810,WPS,VTWIN
84966,13635,47499,WPS-820-32021,17020119,WPS,PU
84966,13635,87633,VT-23-0810,17020119,VTWIN,PU
120429,47518,72950,WPS-820-50578,VT-34-0279,WPS,VTWIN
193000,47519,64063,WPS-820-51223,VT-20-0369,WPS,VTWIN
BA053101,23510,47574,WPS-28-61008,22120814,WPS,PU
77933,62066,74271,VT-15-7933,VT-35-0872,VTWIN,VTWIN
40175,70525,92840,VT-37-8575,VT-32-1217,VTWIN,VTWIN
10560002,47606,64078,WPS-827-07000,VT-20-0516,WPS,VTWIN
10560005,47607,64082,WPS-827-07002,VT-20-0550,WPS,VTWIN
10560006,47608,64138,WPS-827-07003,VT-20-0769,WPS,VTWIN
10560020,47611,64139,WPS-827-07005,VT-20-0770,WPS,VTWIN
10560026,47612,64140,WPS-827-07006,VT-20-0771,WPS,VTWIN
10560027,47613,64141,WPS-827-07007,VT-20-0772,WPS,VTWIN
55404,47640,62470,WPS-139-10014,VT-16-0920,WPS,VTWIN
12361,50164,72903,VT-34-0174,WPS-85-4165,VTWIN,WPS
DR4B,4025,90974,21200044,VT-32-9609,PU,VTWIN
DR4B,58766,90974,WPS-850-08009,VT-32-9609,WPS,VTWIN
2021800,9353,47670,WPS-191-27792T,09263276,WPS,PU
2021850,9296,47671,WPS-191-27793S,09263277,WPS,PU
334148,36288,59475,334148,VT-10-2560,PU,VTWIN
A4356035,16460,83846,02130388,VT-12-0708,PU,VTWIN
L226828AC,7316,72119,20200400,VT-33-1274,PU,VTWIN
106200B,8763,47744,WPS-812-52299,04080374,WPS,PU
2023150,15202,60468,VT-11-2029,09263220,VTWIN,PU
18438,48062,71371,WPS-865-01426,VT-32-8438,WPS,VTWIN
19259,48082,93371,WPS-865-01434,VT-39-0143,WPS,VTWIN
19260,48083,87710,WPS-865-01435,VT-23-1019,WPS,VTWIN
19260,48083,93368,WPS-865-01435,VT-39-0140,WPS,VTWIN
19260,87710,93368,VT-23-1019,VT-39-0140,VTWIN,VTWIN
1012,30925,94989,09250433,VT-49-0909,PU,VTWIN
2021016H,48369,60178,WPS-191-17046,VT-11-1219,WPS,VTWIN
2021016H,19412,48369,WPS-191-17046,09263306,WPS,PU
2021016H,19412,60178,VT-11-1219,09263306,VTWIN,PU
JGI3491790X,1434,85410,DS173193,VT-15-1231,PU,VTWIN
062400,11105,48667,WPS-820-1365,06521570,WPS,PU
KB258.010,42318,60491,VT-11-2218,WPS-824-01002,VTWIN,WPS
403,39029,66995,WPS-57-0403,VT-25-2223,WPS,VTWIN
347013,12445,59005,VT-10-0268,DS194027,VTWIN,PU
C10178FP,28186,61895,VT-15-1479,09346316,VTWIN,PU
77717,84062,89882,VT-15-7717,VT-31-1349,VTWIN,VTWIN
78280,62118,76845,VT-15-8280,VT-40-0057,VTWIN,VTWIN
78282,62119,77753,VT-15-8282,VT-42-1198,VTWIN,VTWIN
3023010007,26647,63473,VT-18-1123,DS223762,VTWIN,PU
20304,4565,66813,35150227,VT-25-0992,PU,VTWIN
20733,43741,74040,WPS-865-01162,VT-35-0338,WPS,VTWIN
77900,9501,66240,16010175,VT-24-1405,PU,VTWIN
77900,9501,84830,16010175,VT-14-7900,PU,VTWIN
77900,66240,84830,VT-24-1405,VT-14-7900,VTWIN,VTWIN
JGI6714136,1575,85329,DS174893,VT-15-1070,PU,VTWIN
BDL13838K,23516,64110,VT-20-0631,23021252,VTWIN,PU
A2001C,35038,73983,DS390208,VT-35-0218,PU,VTWIN
6482030,45211,59764,WPS-865-02034,VT-11-0179,WPS,VTWIN
302180,13484,94036,VT-43-0156,09400440,VTWIN,PU
JGI7019,1655,84710,DS193632,VT-14-0674,PU,VTWIN
93111,11111,60726,07010285,VT-11-3111,PU,VTWIN
40150,27371,70451,20402382,VT-32-1041,PU,VTWIN
8751,59678,68064,VT-10-8751,VT-27-8751,VTWIN,VTWIN
8751,59678,68596,VT-10-8751,VT-29-8751,VTWIN,VTWIN
8751,68064,68596,VT-27-8751,VT-29-8751,VTWIN,VTWIN
NBR01,49098,90713,WPS-850-08782,VT-32-6578,WPS,VTWIN
78060,18293,91436,14050080,VT-34-0083,PU,VTWIN
NO2X1202,49101,70569,WPS-850-08784,VT-32-1315,WPS,VTWIN
NO2X1202,34258,70569,18610789,VT-32-1315,PU,VTWIN
NOBDPYHCB,49104,90643,WPS-850-08790,VT-32-5059,WPS,VTWIN
NOBDPYHCB,23253,90643,VT-32-5059,21200810,VTWIN,PU
NHD69201599A,49108,90648,WPS-850-08794,VT-32-5066,WPS,VTWIN
NHD69201599A,34340,90648,21201070,VT-32-5066,PU,VTWIN
ATS03A,49180,72627,WPS-850-09001,VT-33-2276,WPS,VTWIN
ATS03B,49181,72628,WPS-850-09002,VT-33-2277,WPS,VTWIN
ATS03D,49183,70391,WPS-850-09004,VT-32-0794,WPS,VTWIN
ILL01,49184,71865,WPS-850-09013,VT-33-0713,WPS,VTWIN
ILL01A,49191,71922,WPS-850-09014,VT-33-0816,WPS,VTWIN
ILL01B,49193,71921,WPS-850-09016,VT-33-0815,WPS,VTWIN
ILL01E,49196,72089,WPS-850-09019,VT-33-1193,WPS,VTWIN
71350,78710,89940,VT-31-2104,VT-46-0256,VTWIN,VTWIN
ILLCBA,49207,72090,WPS-850-09030,VT-33-1194,WPS,VTWIN
ILLCBB,49208,72091,WPS-850-09031,VT-33-1195,WPS,VTWIN
ILLCBDR,49213,72304,WPS-850-09034,VT-33-1637,WPS,VTWIN
JGI3490194KF,19572,61829,09344613,VT-15-1331,PU,VTWIN
5113010904,4891,63476,VT-18-1153,11312051,VTWIN,PU
LE03,49223,72571,WPS-850-09046,VT-33-2138,WPS,VTWIN
LE03A,49224,72598,WPS-850-09047,VT-33-2213,WPS,VTWIN
LE03C,49225,72599,WPS-850-09048,VT-33-2214,WPS,VTWIN
352236,49226,88898,WPS-820-1988,VT-27-0207,WPS,VTWIN
LE03SR,49228,70966,WPS-850-09050,VT-32-2143,WPS,VTWIN
LECBA,49231,70967,WPS-850-09053,VT-32-2144,WPS,VTWIN
6046B,22060,57247,18011266,WPS-82-96419,PU,WPS
LECBB,49232,70968,WPS-850-09054,VT-32-2145,WPS,VTWIN
LECBC,49233,70970,WPS-850-09055,VT-32-2147,WPS,VTWIN
LECBD,49234,70969,WPS-850-09056,VT-32-2146,WPS,VTWIN
352239,49271,67455,WPS-820-1989,VT-27-0196,WPS,VTWIN
20179,43924,66720,WPS-85-1046,VT-25-0728,WPS,VTWIN
148425,49332,86690,WPS-820-54724,VT-18-0671,WPS,VTWIN
148425,7281,49332,WPS-820-54724,11321829,WPS,PU
148425,7281,86690,VT-18-0671,11321829,VTWIN,PU
1010,62658,70449,VT-32-1036,VT-16-1747,VTWIN,VTWIN
1010,37802,70449,VT-32-1036,WPS-27-4730,VTWIN,WPS
1010,36890,70449,VT-32-1036,WPS-132-7017,VTWIN,WPS
1010,37802,62658,VT-16-1747,WPS-27-4730,VTWIN,WPS
1010,36890,62658,VT-16-1747,WPS-132-7017,VTWIN,WPS
1010,36890,37802,WPS-27-4730,WPS-132-7017,WPS,WPS
604,27631,62695,21200548,VT-16-1882,PU,VTWIN
7201,31030,56855,09250533,WPS-874-1935,PU,WPS
6164005,45187,59776,WPS-865-02009,VT-11-0191,WPS,VTWIN
MCSCT1,38014,71316,VT-32-8042,WPS-275-01100,VTWIN,WPS
40261,71348,75495,VT-32-8120,VT-37-4261,VTWIN,VTWIN
200306C,71634,72461,VT-33-0113,VT-33-1838,VTWIN,VTWIN
7544,33133,76905,17416262,VT-40-0244,PU,VTWIN
105020,8764,49398,WPS-812-52300,04040495,WPS,PU
105030G,16584,49401,WPS-812-52303,04040498,WPS,PU
105020B,34533,49402,WPS-812-52304,04040499,WPS,PU
7443796,1316,24975,22100287,DS243612,PU,PU
105120B,4044,49408,WPS-812-52310,04040543,WPS,PU
200444,22266,72665,VT-33-2357,20010095,VTWIN,PU
80319,39152,41231,WPS-57-6566,WPS-817-01808,WPS,WPS
1062A,64687,73425,VT-34-1457,VT-21-3001,VTWIN,VTWIN
20200390,69457,72613,VT-33-2259,VT-31-0079,VTWIN,VTWIN
20200390,7350,72613,VT-33-2259,20200390,VTWIN,PU
20200390,7350,69457,VT-31-0079,20200390,VTWIN,PU
291,24441,92602,VT-37-0748,DS098291,VTWIN,PU
20305,2230,66643,DS190141,VT-25-0488,PU,VTWIN
20305,2230,5841,DS190141,35150228,PU,PU
20305,5841,66643,VT-25-0488,35150228,VTWIN,PU
600012,5076,91452,10102650,VT-34-0319,PU,VTWIN
110291P,666,92942,VT-37-8934,11070326,VTWIN,PU
TPS30,5467,64115,DS360048,VT-20-0652,PU,VTWIN
JGI12068,1447,84730,DS173214,VT-14-0810,PU,VTWIN
801015,7537,50226,WPS-280-1150,21101101,WPS,PU
1013030006,26636,92065,DS223373,VT-36-0703,PU,VTWIN
19007,35761,65168,18610869,VT-23-0029,PU,VTWIN
JGI2522536A,3656,85334,DS174422,VT-15-1077,PU,VTWIN
105135,16594,50274,WPS-812-52314,04040567,WPS,PU
105135B,8720,50275,WPS-812-52315,04040568,WPS,PU
105135G,34566,50276,WPS-812-52316,04040569,WPS,PU
71373A,90214,90873,VT-32-0406,VT-32-8930,VTWIN,VTWIN
500,30355,50118,WPS-571-6103,07060016,WPS,PU
500762B,34602,50290,WPS-812-55013,16202331,WPS,PU
1390,14863,62588,09251037,VT-16-1283,PU,VTWIN
JGI1750748,9135,85336,DS174425,VT-15-1079,PU,VTWIN
210202,695,90240,VT-32-0449,11320005,VTWIN,PU
NA14803030,3976,90701,21200411,VT-32-6547,PU,VTWIN
NA14803030,58835,90701,WPS-850-08146,VT-32-6547,WPS,VTWIN
42817,58646,87537,VT-23-0551,WPS-820-32006,VTWIN,WPS
CM252,37846,79523,VT-48-1762,WPS-27-M252,VTWIN,WPS
3517X,12688,61036,VT-11-9760,3517X,VTWIN,PU
78288,62125,77479,VT-42-0269,VT-15-8288,VTWIN,VTWIN
52072RS,58608,61166,VT-12-0588,WPS-22-53104,VTWIN,WPS
216348,4196,59597,09250598,VT-10-6348,PU,VTWIN
G320316,717,86983,VT-20-0240,12020070,VTWIN,PU
87116,50592,87634,WPS-820-32026,VT-23-0811,WPS,VTWIN
H170571T,17543,89372,06300613,VT-28-0857,PU,VTWIN
86271,50630,91736,WPS-820-51511,VT-35-0652,WPS,VTWIN
86285,50631,91975,WPS-820-51512,VT-35-9195,WPS,VTWIN
86187,3155,50633,WPS-820-52465,04040315,WPS,PU
28188,50635,88111,WPS-820-52467,VT-24-0097,WPS,VTWIN
28187,50636,88226,WPS-820-52468,VT-24-0449,WPS,VTWIN
28186,50637,88150,WPS-820-52469,VT-24-0181,WPS,VTWIN
28185,50638,88151,WPS-820-52470,VT-24-0182,WPS,VTWIN
37488,50639,88228,WPS-820-52471,VT-24-0451,WPS,VTWIN
37487,50640,88227,WPS-820-52472,VT-24-0450,WPS,VTWIN
89786,50641,59344,WPS-820-58021,VT-10-1608,WPS,VTWIN
80041,29929,50642,WPS-820-58022,09230630,WPS,PU
80041,50642,59343,WPS-820-58022,VT-10-1607,WPS,VTWIN
80041,29929,59343,09230630,VT-10-1607,PU,VTWIN
801007,57626,71097,VT-32-5120,WPS-280-1007,VTWIN,WPS
801007,7981,71097,VT-32-5120,801007,VTWIN,PU
801007,7981,57626,WPS-280-1007,801007,WPS,PU
2021,64615,76951,VT-40-0358,VT-21-0934,VTWIN,VTWIN
NTT182,34275,77351,21300374,VT-41-0198,PU,VTWIN
NHCXMB08,34313,71133,21200222,VT-32-6653,PU,VTWIN
DTMHP,34331,90680,21200309,VT-32-6518,PU,VTWIN
DTMHP,58808,90680,WPS-850-08052,VT-32-6518,WPS,VTWIN
NCBH01A,34336,70980,21200769,VT-32-2213,PU,VTWIN
NCBH01A,49017,70980,WPS-850-08653,VT-32-2213,WPS,VTWIN
SOLIDSOCKETS,58761,90968,WPS-850-08003,VT-32-9603,WPS,VTWIN
SOLIDSOCKETS,1236,90968,VT-32-9603,21200072,VTWIN,PU
10043,39391,79292,VT-48-1004,WPS-58-5200,VTWIN,WPS
500770,11415,51020,WPS-812-55050,16211054,WPS,PU
2M4805005,51719,60289,VT-11-1398,WPS-865-2047,VTWIN,WPS
500770B,11436,51023,WPS-812-55051,16211055,WPS,PU
120027,23757,91300,24010096,VT-33-1969,PU,VTWIN
120027,36823,91300,WPS-12-0270,VT-33-1969,WPS,VTWIN
327092,9405,37563,03650054,WPS-232-7092,PU,WPS
327092,9405,92929,03650054,VT-37-8887,PU,VTWIN
327092,37563,92929,WPS-232-7092,VT-37-8887,WPS,VTWIN
T216924,1313,93384,22100198,VT-39-0213,PU,VTWIN
8140719000,35179,35192,08220592,08011364,PU,PU
78468,59145,61759,VT-10-0834,VT-15-1103,VTWIN,VTWIN
201408,13589,51166,WPS-820-51153,12102664,WPS,PU
88721,19492,28078,09320219,04040303,PU,PU
339187,51185,78336,WPS-820-54157,VT-44-0760,WPS,VTWIN
339907,51186,94190,WPS-820-54158,VT-44-0006,WPS,VTWIN
339908,51187,94191,WPS-820-54159,VT-44-0007,WPS,VTWIN
302840,51192,94121,WPS-820-70210,VT-43-0796,WPS,VTWIN
JGI1705599X,22425,61839,20112099,VT-15-1348,PU,VTWIN
78357,85591,85597,VT-15-8357,VT-15-8366,VTWIN,VTWIN
3020,43739,71026,VT-32-3047,WPS-132-7043,VTWIN,WPS
25003,35113,91769,09344730,VT-35-0771,PU,VTWIN
JGI1705505X,31525,85438,09351093,VT-15-1342,PU,VTWIN
223,84739,92597,VT-37-0742,VT-14-0900,VTWIN,VTWIN
78114,70620,89527,VT-32-1403,VT-30-0488,VTWIN,VTWIN
78114,70620,74672,VT-32-1403,VT-35-8114,VTWIN,VTWIN
78114,74672,89527,VT-30-0488,VT-35-8114,VTWIN,VTWIN
61000676,93230,93247,VT-38-0870,VT-38-0633,VTWIN,VTWIN
500773TIN,34603,51770,WPS-812-02141,16100684,WPS,PU
500775,11429,51771,WPS-812-02142,16021495,WPS,PU
500779,20973,51774,WPS-812-02145,16010571,WPS,PU
500779B,34542,51775,WPS-812-02146,16010572,WPS,PU
JGI2541670DL,15051,61788,09350074,VT-15-1279,PU,VTWIN
6795,6514,57255,18002321,WPS-82-96505,PU,WPS
19135,58564,89062,VT-27-1227,WPS-865-01204,VTWIN,WPS
JGI12067AK,24508,85377,DS174906,VT-15-1167,PU,VTWIN
78390,85617,93943,VT-42-1279,VT-15-8390,VTWIN,VTWIN
78361,67539,85594,VT-15-8361,VT-27-0471,VTWIN,VTWIN
10560030,51844,64142,WPS-827-07008,VT-20-0773,WPS,VTWIN
78564,84831,87286,VT-14-8564,VT-22-0132,VTWIN,VTWIN
70279,71218,86209,VT-17-0902,VT-32-7279,VTWIN,VTWIN
901106,12315,40870,WPS-790-01034,09300006,WPS,PU
3033010019,26574,63535,11313325,VT-18-3273,PU,VTWIN
JGI6064565,3610,85230,VT-15-0917,DS174230,VTWIN,PU
PV41504,28403,56704,10204287,WPS-133-4023,PU,WPS
9948,611,89544,VT-30-0684,10220119,VTWIN,PU
1013010001,5234,92161,06521307,VT-36-2350,PU,VTWIN
STAMPSOCKETS,3990,90966,21200038,VT-32-9601,PU,VTWIN
STAMPSOCKETS,58758,90966,WPS-850-08001,VT-32-9601,WPS,VTWIN
150117,3396,59652,VT-10-8264,DS194172,VTWIN,PU
99771,23765,43024,WPS-830-1201,24010118,WPS,PU
JGI1863348KF,9003,61613,VT-15-0070,09343434,VTWIN,PU
78392,85619,94184,VT-15-8392,VT-43-9169,VTWIN,VTWIN
55151,17849,88847,06360611,VT-27-0019,PU,VTWIN
40130047010,1827,86728,VT-18-1148,DS223746,VTWIN,PU
78399,76096,85622,VT-15-8399,VT-38-0665,VTWIN,VTWIN
NSC01,11269,70912,20500244,VT-32-1919,PU,VTWIN
NSC01,49022,70912,VT-32-1919,WPS-850-08658,VTWIN,WPS
78009,65171,87628,VT-23-0800,VT-23-0042,VTWIN,VTWIN
C770139GB,7241,95602,15101112,VT-50-1598,PU,VTWIN
77325,83198,85217,VT-15-7325,VT-15-0888,VTWIN,VTWIN
71093,36612,77973,10140361,VT-43-0192,PU,VTWIN
77810,85574,95026,VT-49-1006,VT-15-7810,VTWIN,VTWIN
A9125,1019,96693,VT-10-8505,09200073,VTWIN,PU
16455,36598,63878,18010606,VT-19-0673,PU,VTWIN
76753,34189,69672,08020764,VT-31-0790,PU,VTWIN
72694,83604,84155,VT-12-0161,VT-12-1767,VTWIN,VTWIN
WT001C,80263,80264,VT-49-2494,VT-49-2495,VTWIN,VTWIN
76279,34097,84752,08020890,VT-14-0917,PU,VTWIN
2023100,15228,60568,VT-11-2342,09263219,VTWIN,PU
78532,72312,85676,VT-33-1648,VT-15-8532,VTWIN,VTWIN
76306B3,72886,72889,VT-34-0138,VT-34-0141,VTWIN,VTWIN
PCC125118,26786,87005,12040130,VT-20-0456,PU,VTWIN
204323C,31769,37379,09260729,WPS-191-57040C,PU,WPS
61026,4481,81291,16201484,VT-52-0071,PU,VTWIN
JGI3495589K,24501,85212,VT-15-0874,DS174955,VTWIN,PU
78612,62196,72375,VT-33-1726,VT-15-8612,VTWIN,VTWIN
86162,72761,89871,VT-33-6162,VT-31-1300,VTWIN,VTWIN
4793,64674,67625,VT-27-0722,VT-21-2025,VTWIN,VTWIN
102130,34540,51668,WPS-812-02117,06401674,WPS,PU
40115,4401,71154,VT-32-6684,20101458,VTWIN,PU
8483,69274,91207,VT-30-4012,VT-33-1107,VTWIN,VTWIN
7353,68522,77517,VT-42-0386,VT-29-1164,VTWIN,VTWIN
MCCBR1,38004,90928,WPS-275-01010,VT-32-9207,WPS,VTWIN
678H.HF,35737,65652,VT-23-4556,17211923,VTWIN,PU
2C5232,51715,60308,VT-11-1430,WPS-865-2043,VTWIN,WPS
77340,61971,78373,VT-15-7340,VT-44-0894,VTWIN,VTWIN
NM334722001,1246,91000,21200322,VT-32-9681,PU,VTWIN
NM334722001,58894,91000,WPS-850-08318,VT-32-9681,WPS,VTWIN
L226828R,22443,72117,VT-33-1272,20200398,VTWIN,PU
76033,18641,72589,08010456,VT-33-2194,PU,VTWIN
TJA063,53298,91496,WPS-820-50678,VT-34-0934,WPS,VTWIN
40371,12599,82621,VT-73-371,10102894,VTWIN,PU
JGI2607793,9002,85349,VT-15-1117,09343431,VTWIN,PU
40177,70788,92843,VT-37-8577,VT-32-1687,VTWIN,VTWIN
H4P43T2,29335,71651,VT-33-0181,20010378,VTWIN,PU
76182,18833,71722,08020486,VT-33-0361,PU,VTWIN
040901AGB,29356,75828,24011046,VT-37-9399,PU,VTWIN
86132,72757,87860,VT-23-1995,VT-33-6132,VTWIN,VTWIN
2M4941005,51722,60295,WPS-865-2050,VT-11-1414,WPS,VTWIN
2M4941005,51722,60258,WPS-865-2050,VT-11-1355,WPS,VTWIN
2M4941005,60258,60295,VT-11-1414,VT-11-1355,VTWIN,VTWIN
THICKYOEM14LS,8621,46291,WPS-827-05425,14010979,WPS,PU
B060198ASP,845,87667,VT-23-0908,17103155,VTWIN,PU
2021017H,19404,48370,WPS-191-17047,09263018,WPS,PU
94643,64207,66414,VT-20-4643,VT-24-1932,VTWIN,VTWIN
94644,64208,88466,VT-20-4644,VT-24-1909,VTWIN,VTWIN
AC1156AR,46745,72264,WPS-227-0016,VT-33-1587,WPS,VTWIN
C770081,41744,80445,WPS-820-2626,VT-50-0040,WPS,VTWIN
102025B,1085,53438,WPS-820-60403,21020308,WPS,PU
102029,7331,53441,WPS-820-60406,21020228,WPS,PU
102001,53443,90345,WPS-820-60408,VT-32-0743,WPS,VTWIN
102001,2710,53443,WPS-820-60408,21020225,WPS,PU
102001,2710,90345,VT-32-0743,21020225,VTWIN,PU
102003,1083,53444,WPS-820-60409,21020244,WPS,PU
102003,11476,53444,WPS-820-60409,04160037,WPS,PU
102003,1083,11476,21020244,04160037,PU,PU
102004,53445,90354,WPS-820-60410,VT-32-0771,WPS,VTWIN
102004,2750,53445,WPS-820-60410,21020274,WPS,PU
102004,16686,53445,WPS-820-60410,04160038,WPS,PU
102004,2750,90354,VT-32-0771,21020274,VTWIN,PU
102004,16686,90354,VT-32-0771,04160038,VTWIN,PU
102004,2750,16686,21020274,04160038,PU,PU
402,39027,92983,VT-37-9040,WPS-57-0402,VTWIN,WPS
102014,7337,53450,WPS-820-60415,21020359,WPS,PU
H070593SMB,30141,67314,06102324,VT-26-1053,PU,VTWIN
9088,77701,77714,VT-42-1093,VT-42-1110,VTWIN,VTWIN
KB305.010,42322,60517,VT-11-2259,WPS-824-01008,VTWIN,WPS
2020691C,37341,60098,WPS-191-57010C,VT-11-1061,WPS,VTWIN
2020691C,15215,37341,WPS-191-57010C,09262008,WPS,PU
2020691C,15215,60098,VT-11-1061,09262008,VTWIN,PU
5517,6258,62559,VT-16-1191,17411030,VTWIN,PU
120074,34023,69633,VT-31-0686,24010557,VTWIN,PU
120074,39092,69633,VT-31-0686,WPS-57-20074,VTWIN,WPS
JGI1703466X,3584,85383,DS174973,VT-15-1187,PU,VTWIN
202024C,37389,60034,WPS-191-57045C,VT-11-0970,WPS,VTWIN
202024C,9309,37389,WPS-191-57045C,09260752,WPS,PU
202024C,9309,60034,VT-11-0970,09260752,VTWIN,PU
CM250,37844,79522,WPS-27-M250,VT-48-1761,WPS,VTWIN
DEI2114LC,11355,46189,WPS-827-05064,14011026,WPS,PU
DEI2313EC,34515,46192,WPS-827-05067,14011037,WPS,PU
302912,54468,77467,WPS-820-51927,VT-42-0249,WPS,VTWIN
053842,17474,54470,WPS-820-54379,06102257,WPS,PU
8476,67878,67943,VT-27-1762,VT-27-1549,VTWIN,VTWIN
76695,34042,89813,08010742,VT-31-0841,PU,VTWIN
SG2,5411,64175,VT-20-0965,DS360158,VTWIN,PU
40263,71350,75497,VT-37-4263,VT-32-8122,VTWIN,VTWIN
H070790MB4,3172,88796,VT-26-2230,06150276,VTWIN,PU
77720,84868,87576,VT-23-0680,VT-15-7720,VTWIN,VTWIN
EVRD1,26833,64166,VT-20-0928,DS360400,VTWIN,PU
CTX14LBSFT,13810,55059,WPS-49-3033,21130769,WPS,PU
20189,42750,66910,WPS-85-4060,VT-25-1838,WPS,VTWIN
78418,72300,85638,VT-33-1633,VT-15-8418,VTWIN,VTWIN
78545,69029,85681,VT-15-8545,VT-30-1312,VTWIN,VTWIN
A3001C,18421,46307,WPS-274-0509,07050082,WPS,PU
A1351T,82976,82977,VT-8861-8,VT-8860-8,VTWIN,VTWIN
202054C,19376,37394,WPS-191-57048C,09261988,WPS,PU
77428,62008,76598,VT-15-7428,VT-39-0459,VTWIN,VTWIN
8082,8528,53317,09251070,WPS-56-8082,PU,WPS
6057,55345,57950,WPS-82-96024,WPS-681-4638,WPS,WPS
6057,6521,57950,WPS-681-4638,18011244,WPS,PU
JGI6054065,3631,85354,DS173394,VT-15-1128,PU,VTWIN
6257,55480,87711,WPS-82-96381,VT-23-1020,WPS,VTWIN
6257,13101,87711,VT-23-1020,18020392,VTWIN,PU
78551,81858,85686,VT-15-8551,VT-53-0877,VTWIN,VTWIN
58606,52725,64243,VT-20-8606,WPS-57-058607,VTWIN,WPS
H070749,8098,67351,VT-26-2208,06120146,VTWIN,PU
H070585B,17327,88728,VT-26-0981,06100187,VTWIN,PU
KB348.010,42345,60523,WPS-824-01363,VT-11-2276,WPS,VTWIN
63664B,67356,67358,VT-26-2216,VT-26-2214,VTWIN,VTWIN
1013030021,5290,74849,VT-36-0762,DS223416,VTWIN,PU
2021061H,31717,55590,WPS-191-17049,09263344,WPS,PU
10HC350,31782,55595,WPS-191-57100,09263351,WPS,PU
808H.LS,15635,87839,VT-23-1952,17211752,VTWIN,PU
88252,45803,93593,WPS-820-26354,VT-40-0634,WPS,VTWIN
41SI,5436,64151,VT-20-0904,11200429,VTWIN,PU
40247,70769,75464,VT-37-4024,VT-32-1656,VTWIN,VTWIN
77033,71168,73479,VT-34-1565,VT-32-7033,VTWIN,VTWIN
B281350B,5776,56322,WPS-750-05582,13102333,WPS,PU
062430,11101,56444,WPS-70-602430,06523246,WPS,PU
V30HTCHB,34415,56658,WPS-206-40117,06303423,WPS,PU
V30HTCHU,34426,56660,WPS-206-40119,06303425,WPS,PU
1274,70559,71677,VT-33-0232,VT-32-1301,VTWIN,VTWIN
81033,29918,57125,WPS-820-53031,04140735,WPS,PU
81033,57125,66246,WPS-820-53031,VT-24-1428,WPS,VTWIN
81033,29918,66246,04140735,VT-24-1428,PU,VTWIN
81243,57127,66247,WPS-820-53033,VT-24-1429,WPS,VTWIN
4321,4737,94162,VT-43-1055,06500707,VTWIN,PU
8130,13368,69364,DS290149,VT-30-8130,PU,VTWIN
8130,36965,69364,VT-30-8130,WPS-133-4014,VTWIN,WPS
6986,27945,57233,WPS-82-96084,18001750,WPS,PU
6208RB,27984,57246,WPS-82-96418,18011219,WPS,PU
6957T,6413,57267,WPS-82-96559,18001829,WPS,PU
191321,43526,63865,WPS-820-54695,VT-19-0609,WPS,VTWIN
GBDU002,8775,57321,WPS-17-DU002,17104922,WPS,PU
GBDU004,8752,57323,WPS-17-DU004,17104924,WPS,PU
GBDU009,8754,57325,WPS-17-DU009,17104929,WPS,PU
3200355,15735,59535,VT-10-3506,09220143,VTWIN,PU
4542,19908,93465,17411007,VT-39-0941,PU,VTWIN
1023040014,2114,74900,VT-36-1514,DS224007,VTWIN,PU
81028,29877,95291,07100283,VT-50-0032,PU,VTWIN
204171,57506,60866,WPS-191-17001,VT-11-6002,WPS,VTWIN
204171,9322,57506,WPS-191-17001,DS198972,WPS,PU
204171,9322,60866,VT-11-6002,DS198972,VTWIN,PU
78149,85587,88059,VT-23-9270,VT-15-8149,VTWIN,VTWIN
202013,57512,83548,WPS-191-17007,VT-11-6093,WPS,VTWIN
202013,3737,57512,WPS-191-17007,09260328,WPS,PU
202013,3737,83548,VT-11-6093,09260328,VTWIN,PU
200789,57514,61421,WPS-191-27790,VT-13-0789,WPS,VTWIN
200789,3734,57514,WPS-191-27790,DS199209,WPS,PU
200789,3734,61421,VT-13-0789,DS199209,VTWIN,PU
216337,19282,59621,VT-10-8146,09250115,VTWIN,PU
204197,3733,57518,WPS-191-17015,DS198976,WPS,PU
204197,57518,60872,WPS-191-17015,VT-11-6010,WPS,VTWIN
204197,3733,60872,DS198976,VT-11-6010,PU,VTWIN
204196,57521,60868,WPS-191-17021,VT-11-6004,WPS,VTWIN
204196,1784,57521,WPS-191-17021,DS198975,WPS,PU
204196,1784,60868,VT-11-6004,DS198975,VTWIN,PU
251001,7919,57525,WPS-22-51001,A251001,WPS,PU
3200350,12258,59536,VT-10-3507,09220156,VTWIN,PU
251368,1333,57529,WPS-22-51368,A251368,WPS,PU
251369,7923,57530,WPS-22-51369,A251369,WPS,PU
901,62725,94988,VT-16-2130,VT-49-0908,VTWIN,VTWIN
60301,5832,69169,VT-30-2204,16210895,VTWIN,PU
34168,33256,67040,06510006,VT-25-4168,PU,VTWIN
JGI1677766S,1528,85275,VT-15-0990,DS174409,VTWIN,PU
9905,8711,90956,VT-32-9303,18611363,VTWIN,PU
JGI3565406F,3534,85425,09341193,VT-15-1260,PU,VTWIN
5554,6378,14847,10103330,17411050,PU,PU
P80147,31139,75251,DS175013,VT-37-0816,PU,VTWIN
MCDR90X,57591,90114,WPS-275-01023,VT-32-0157,WPS,VTWIN
MCSPA1,57596,90880,WPS-275-01070,VT-32-9020,WPS,VTWIN
MCSPA2,57597,90259,WPS-275-01071,VT-32-0518,WPS,VTWIN
MCNSS2,57600,90899,WPS-275-01081,VT-32-9065,WPS,VTWIN
MCNSS4,57602,90603,WPS-275-01083,VT-32-2025,WPS,VTWIN
MCNSS5,57603,90092,WPS-275-01084,VT-32-0069,WPS,VTWIN
MCRLY4,57606,90903,WPS-275-01093,VT-32-9076,WPS,VTWIN
MCRLY5,57607,90343,WPS-275-01094,VT-32-0737,WPS,VTWIN
MCRLY6,57608,90265,WPS-275-01095,VT-32-0536,WPS,VTWIN
76005,11190,88267,08021506,VT-24-0622,PU,VTWIN
MCRLY9,57610,90450,WPS-275-01097,VT-32-1160,WPS,VTWIN
5428,4789,31008,10103140,06510422,PU,PU
MCVOS3,57613,90906,WPS-275-01152,VT-32-9083,WPS,VTWIN
39904,83360,96320,VT-10-1769,VT-10-0174,VTWIN,VTWIN
801010,29699,57628,WPS-280-1010,801010,WPS,PU
801013,7539,57629,WPS-280-1013,21100247,WPS,PU
JGI1677036,439,85356,VT-15-1131,09342187,VTWIN,PU
1704907X,58096,85481,VT-15-1453,WPS-681-5216,VTWIN,WPS
76862,8107,87899,08010933,VT-23-2288,PU,VTWIN
JGI92FLH,24465,61743,DS173375,VT-15-0856,PU,VTWIN
76707,34193,94612,08030399,VT-45-0952,PU,VTWIN
77433,61943,89084,VT-15-7433,VT-27-1452,VTWIN,VTWIN
7199,8642,56871,09320231,WPS-874-1934,PU,WPS
50356,5932,88543,06360576,VT-25-0356,PU,VTWIN
50153,5822,38056,06360613,WPS-28-2027,PU,WPS
83009,34136,77652,VT-42-0949,08021193,VTWIN,PU
22001,39056,47636,WPS-139-10009,WPS-57-1110,WPS,WPS
148432,58701,86737,VT-18-2157,WPS-820-54719,VTWIN,WPS
170378,36318,73229,DS289404,VT-34-0981,PU,VTWIN
353061,45523,68275,WPS-820-4057,VT-28-0871,WPS,VTWIN
40262,71349,75496,VT-37-4262,VT-32-8121,VTWIN,VTWIN
C9632,57747,61580,WPS-68-9632,VT-14-5819,WPS,VTWIN
C9632,2241,61580,VT-14-5819,09350154,VTWIN,PU
JGI2699586D,383,61526,VT-14-0678,09340548,VTWIN,PU
61047,81365,81385,VT-52-0390,VT-52-0308,VTWIN,VTWIN
11063,41862,76231,WPS-820-51253,VT-38-0991,WPS,VTWIN
S410195006002,84857,84858,VT-15-0107,VT-15-0108,VTWIN,VTWIN
78161,24742,93995,VT-42-9996,DS193813,VTWIN,PU
JGI3495589,3604,85228,VT-15-0913,DS174014,VTWIN,PU
JGI8316251DL,1656,84714,VT-14-0680,DS194460,VTWIN,PU
94168,63968,88253,VT-24-0594,VT-19-4168,VTWIN,VTWIN
MCRLY8,57609,90351,VT-32-0768,WPS-275-01096,VTWIN,WPS
1704192MLS,57858,61849,WPS-681-4380,VT-15-1358,WPS,VTWIN
1704192MLS,421,57858,WPS-681-4380,09341591,WPS,PU
1704192MLS,421,61849,VT-15-1358,09341591,VTWIN,PU
1703583MLS,57860,61654,WPS-681-4382,VT-15-1360,WPS,VTWIN
1703583MLS,9009,57860,WPS-681-4382,09341589,WPS,PU
1703583MLS,9009,61654,VT-15-1360,09341589,VTWIN,PU
1703383MLS,3568,57864,WPS-681-4386,09340946,WPS,PU
1863448A/B,9155,57875,WPS-681-4466,DS174370,WPS,PU
101561,25549,66302,PS01561,VT-24-1561,PU,VTWIN
18432,48068,71368,WPS-865-01427,VT-32-8432,WPS,VTWIN
105410,34590,50277,WPS-812-52317,04040623,WPS,PU
78819,61608,61609,VT-15-0064,VT-15-0063,VTWIN,VTWIN
11062,41860,76229,WPS-820-51251,VT-38-0990,WPS,VTWIN
3143384A,57941,92940,WPS-681-4627,VT-37-8931,WPS,VTWIN
77446,61632,62575,VT-15-7446,VT-16-1262,VTWIN,VTWIN
11191,57978,84747,WPS-681-4686,VT-14-0913,WPS,VTWIN
291312,42152,87263,WPS-820-54202,VT-21-2065,WPS,VTWIN
6352957,58019,84545,WPS-681-4871,VT-14-0147,WPS,VTWIN
1702691MLS,58093,61856,WPS-681-5212,VT-15-1367,WPS,VTWIN
1702691MLS,387,58093,WPS-681-5212,09341586,WPS,PU
1702691MLS,387,61856,VT-15-1367,09341586,VTWIN,PU
NU9001,36538,73216,VT-34-0906,DS289509,VTWIN,PU
060173,58247,87421,WPS-70-6173,VT-23-0305,WPS,VTWIN
060174,58248,87425,WPS-70-6174,VT-23-0310,WPS,VTWIN
060175,58249,87427,WPS-70-6175,VT-23-0312,WPS,VTWIN
JGI3491706F,3569,85423,09341190,VT-15-1258,PU,VTWIN
080008,39154,85870,WPS-57-8008,VT-16-0992,WPS,VTWIN
F510642M,7321,58295,WPS-820-0393,20400584,WPS,PU
A3536352,14648,86296,DS194326,VT-17-1129,PU,VTWIN
NU3403,4110,91485,DS289500,VT-34-0900,PU,VTWIN
JGI6056765B,15086,85146,DS174305,VT-15-0700,PU,VTWIN
94165,63967,66222,VT-19-4165,VT-24-1354,VTWIN,VTWIN
78279,62117,76843,VT-40-0055,VT-15-8279,VTWIN,VTWIN
71102,12607,74658,10103295,VT-35-7112,PU,VTWIN
770037,58404,95470,WPS-820-2603,VT-50-1001,WPS,VTWIN
B350221,21081,58407,WPS-820-2628,16110032,WPS,PU
T030154,1077,93227,07110245,VT-40-0924,PU,VTWIN
JGI2524499K,31560,85485,DS173229,VT-15-1461,PU,VTWIN
PH125HD04C,70487,90650,VT-32-5116,VT-32-1151,VTWIN,VTWIN
351565,58464,95344,WPS-820-52353,VT-50-0278,WPS,VTWIN
JGI2522593X,1492,85155,VT-15-0722,DS174202,VTWIN,PU
77322,67145,82958,VT-15-7322,VT-26-0115,VTWIN,VTWIN
H1200,58510,90761,WPS-820-60114,VT-32-7534,WPS,VTWIN
H1200C,58511,90774,WPS-820-60115,VT-32-7562,WPS,VTWIN
NA14802880,11234,90885,21200424,VT-32-9033,PU,VTWIN
NA14802880,58850,90885,WPS-850-08159,VT-32-9033,WPS,VTWIN
H1075,58523,90302,WPS-820-60128,VT-32-0615,WPS,VTWIN
H4607,58529,90412,WPS-820-60134,VT-32-0981,WPS,VTWIN
H2386,58539,90778,WPS-820-60144,VT-32-7570,WPS,VTWIN
H0482,58541,90271,WPS-820-60146,VT-32-0620,WPS,VTWIN
H0478,58543,90303,WPS-820-60148,VT-32-0617,WPS,VTWIN
H614,58545,70352,WPS-820-60150,VT-32-0619,WPS,VTWIN
20276,61371,66554,VT-25-0134,VT-12-9969,VTWIN,VTWIN
14274,58556,89526,WPS-865-01002,VT-30-0487,WPS,VTWIN
19139,58568,87485,WPS-865-01208,VT-23-0431,WPS,VTWIN
JGI1863448F,15069,85471,09343433,VT-15-1439,PU,VTWIN
19140,58569,65812,WPS-865-01209,VT-23-9242,WPS,VTWIN
21462,58576,65460,WPS-830-1104,VT-23-1462,WPS,VTWIN
21462,1039,58576,WPS-830-1104,20053001,WPS,PU
21462,1039,65460,VT-23-1462,20053001,VTWIN,PU
98185,6583,58581,WPS-830-1117,DS189702,WPS,PU
06041,4805,58607,WPS-820-51289,23300024,WPS,PU
85124,58619,90812,WPS-820-50830,VT-32-7782,WPS,VTWIN
JGI3515152A,1703,84678,VT-14-0635,DS194415,VTWIN,PU
A1745073,3424,84187,VT-12-2122,09270013,VTWIN,PU
76693,34072,85434,08010740,VT-15-1329,PU,VTWIN
42816,58645,87541,WPS-820-32005,VT-23-0580,WPS,VTWIN
42844,58649,87570,WPS-820-32009,VT-23-0634,WPS,VTWIN
BDLSPC13324,7195,87067,12040092,VT-20-4023,PU,VTWIN
080526,39257,95409,VT-50-0801,WPS-57-8526,VTWIN,WPS
26533,58661,60980,WPS-820-58015,VT-11-9506,WPS,VTWIN
39898,58665,96573,WPS-820-58020,VT-10-1211,WPS,VTWIN
77418,61998,67691,VT-27-0863,VT-15-7418,VTWIN,VTWIN
111130,11475,66440,VT-24-2056,DS222056,VTWIN,PU
NM334810301,1241,91001,21200323,VT-32-9682,PU,VTWIN
NM334810301,58896,91001,WPS-850-08320,VT-32-9682,WPS,VTWIN
18420,58739,70644,WPS-865-01090,VT-32-1443,WPS,VTWIN
18427,58745,71365,WPS-865-01096,VT-32-8427,WPS,VTWIN
30100,58747,91748,WPS-865-01290,VT-35-0715,WPS,VTWIN
170129,1677,84526,VT-14-0125,DS194202,VTWIN,PU
STAMPPINS,58757,90965,WPS-850-08000,VT-32-9600,WPS,VTWIN
STAMPPINS,11257,90965,21200037,VT-32-9600,PU,VTWIN
202331C,9395,60085,09260703,VT-11-1040,PU,VTWIN
DR2B,58762,90970,WPS-850-08005,VT-32-9605,WPS,VTWIN
DR2B,4023,90970,VT-32-9605,21200040,VTWIN,PU
2022500,9356,60565,VT-11-2339,09263315,VTWIN,PU
DR12B,58773,90981,WPS-850-08015,VT-32-9615,WPS,VTWIN
DR12B,11259,90981,VT-32-9615,21200050,VTWIN,PU
DP6B,58780,90989,WPS-850-08023,VT-32-9623,WPS,VTWIN
DP6B,1231,90989,21200058,VT-32-9623,PU,VTWIN
MDR2B,58795,90681,WPS-850-08040,VT-32-6519,WPS,VTWIN
MDR2B,1248,90681,VT-32-6519,21200390,VTWIN,PU
MDR4B,58797,90682,WPS-850-08042,VT-32-6520,WPS,VTWIN
MDR4B,1250,90682,21200391,VT-32-6520,PU,VTWIN
MDR12B,58801,90684,WPS-850-08045,VT-32-6522,WPS,VTWIN
MDR12B,1251,90684,VT-32-6522,21200394,VTWIN,PU
MDP8B,58806,90687,WPS-850-08050,VT-32-6525,WPS,VTWIN
MDP8B,3975,90687,21200398,VT-32-6525,PU,VTWIN
NA1736311,58812,90398,WPS-850-08100,VT-32-0936,WPS,VTWIN
NA1736311,1235,90398,VT-32-0936,21200193,VTWIN,PU
13105,41894,93788,WPS-820-51451,VT-42-0499,WPS,VTWIN
NA1740572,58818,90697,WPS-850-08120,VT-32-6542,WPS,VTWIN
NA1740572,1239,90697,21200402,VT-32-6542,PU,VTWIN
NA1738502,58824,90677,WPS-850-08113,VT-32-6512,WPS,VTWIN
C770099GB,2660,92722,VT-37-1157,15100317,VTWIN,PU
NA14803180,58834,90909,WPS-850-08145,VT-32-9094,WPS,VTWIN
NA14803180,4040,90909,VT-32-9094,21200410,VTWIN,PU
NA14804240,58836,90703,WPS-850-08147,VT-32-6549,WPS,VTWIN
NA14804240,1254,90703,21200412,VT-32-6549,PU,VTWIN
NA14802700,58837,90842,WPS-850-08148,VT-32-8035,WPS,VTWIN
NA14802700,11296,90842,21200413,VT-32-8035,PU,VTWIN
24570,92985,95984,VT-73-0042,VT-37-9055,VTWIN,VTWIN
NA14802830,58838,90705,WPS-850-08149,VT-32-6551,WPS,VTWIN
NA14802830,1261,90705,VT-32-6551,21200414,VTWIN,PU
NA14802870,58841,90886,WPS-850-08151,VT-32-9034,WPS,VTWIN
NA14802870,3977,90886,VT-32-9034,21200416,VTWIN,PU
NA14803050,58845,90702,WPS-850-08154,VT-32-6548,WPS,VTWIN
NA14803050,1262,90702,21200419,VT-32-6548,PU,VTWIN
NA14804260,58846,90704,WPS-850-08155,VT-32-6550,WPS,VTWIN
NA14804260,3978,90704,VT-32-6550,21200420,VTWIN,PU
NA14803400,58847,90841,WPS-850-08156,VT-32-8034,WPS,VTWIN
NA14803400,4006,90841,21200421,VT-32-8034,PU,VTWIN
NA14803450,58848,90706,WPS-850-08157,VT-32-6552,WPS,VTWIN
NA14803450,11265,90706,21200422,VT-32-6552,PU,VTWIN
NA2820801,58853,91019,WPS-850-08161,VT-32-9702,WPS,VTWIN
20271,88537,91542,VT-25-0183,VT-34-1512,VTWIN,VTWIN
JGI1702691,3571,85183,20111001,VT-15-0818,PU,VTWIN
2M4941010,60237,60296,VT-11-1415,VT-11-1356,VTWIN,VTWIN
2M4941010,51723,60296,VT-11-1415,WPS-865-2051,VTWIN,WPS
2M4941010,51723,60237,VT-11-1356,WPS-865-2051,VTWIN,WPS
NM330001002,58882,91016,WPS-850-08300,VT-32-9700,WPS,VTWIN
NM330001002,1244,91016,VT-32-9700,21200342,VTWIN,PU
NM334710301,58885,90994,WPS-850-08304,VT-32-9673,WPS,VTWIN
NM334710301,8472,90994,VT-32-9673,21200314,VTWIN,PU
NM334821201,8488,91012,21200336,VT-32-9695,PU,VTWIN
NM334821201,58904,91012,WPS-850-08329,VT-32-9695,WPS,VTWIN
NM334721202,58891,91009,WPS-850-08315,VT-32-9692,WPS,VTWIN
NM334721202,4003,91009,VT-32-9692,21200333,VTWIN,PU
77816,65795,85715,VT-23-9160,VT-15-8716,VTWIN,VTWIN
NM334721601,58892,90999,WPS-850-08316,VT-32-9680,WPS,VTWIN
NM334721601,1233,90999,VT-32-9680,21200321,VTWIN,PU
78407,70674,85629,VT-32-1483,VT-15-8407,VTWIN,VTWIN
NM334810302,58897,91011,WPS-850-08321,VT-32-9694,WPS,VTWIN
NM334810302,1242,91011,VT-32-9694,21200335,VTWIN,PU
NM334823601,58901,91007,WPS-850-08326,VT-32-9690,WPS,VTWIN
NM334823601,11271,91007,VT-32-9690,21200331,VTWIN,PU
NM334820801,58902,91003,WPS-850-08327,VT-32-9686,WPS,VTWIN
NM334820801,4010,91003,21200327,VT-32-9686,PU,VTWIN
NM334821202,58905,91005,WPS-850-08330,VT-32-9688,WPS,VTWIN
NM334821202,4001,91005,VT-32-9688,21200329,VTWIN,PU
NM334821601,58906,91006,WPS-850-08331,VT-32-9689,WPS,VTWIN
NM334821601,4002,91006,VT-32-9689,21200330,VTWIN,PU
20000,89754,95706,VT-51-0299,VT-31-0442,VTWIN,VTWIN
NM334821602,58907,91014,WPS-850-08332,VT-32-9698,WPS,VTWIN
NM334821602,4035,91014,VT-32-9698,21200339,VTWIN,PU
NM343450001,58908,91015,WPS-850-08333,VT-32-9699,WPS,VTWIN
NM343450001,1243,91015,21200340,VT-32-9699,PU,VTWIN
NM314032100,4015,58909,WPS-850-08334,21200617,WPS,PU
NFATO10,58914,90710,WPS-850-08417,VT-32-6564,WPS,VTWIN
NFATO10,1295,90710,VT-32-6564,21300086,VTWIN,PU
NFATO15,58915,90711,WPS-850-08418,VT-32-6565,WPS,VTWIN
NFATO15,1293,90711,21300087,VT-32-6565,PU,VTWIN
70910B,80460,80462,VT-50-0065,VT-50-0067,VTWIN,VTWIN
5502,62512,69202,VT-16-1030,VT-30-3010,VTWIN,VTWIN
6938009BHP,89614,89618,VT-31-0013,VT-31-0022,VTWIN,VTWIN
NHD3243500,58950,90618,WPS-850-08772,VT-32-2224,WPS,VTWIN
NHD3243500,1257,90618,VT-32-2224,21200594,VTWIN,PU
NHD3243501,58951,90619,WPS-850-08773,VT-32-2225,WPS,VTWIN
NHD3243501,1259,90619,VT-32-2225,21200595,VTWIN,PU
NHD7015399,58952,90519,WPS-850-08775,VT-32-1616,WPS,VTWIN
NHD7015399,34308,90519,21201018,VT-32-1616,PU,VTWIN
NHD69200533,58953,90647,WPS-850-08777,VT-32-5065,WPS,VTWIN
NHD69200533,4033,90647,21200654,VT-32-5065,PU,VTWIN
20267,58987,66562,VT-10-0137,VT-25-0143,VTWIN,VTWIN
26529,22156,58988,VT-10-0138,18610709,VTWIN,PU
86269,58986,58989,VT-10-0144,VT-10-0156,VTWIN,VTWIN
2460058B,1764,59008,VT-10-0250,DS197067,VTWIN,PU
350,66982,90629,VT-25-2202,VT-32-3500,VTWIN,VTWIN
350,13573,66982,VT-25-2202,17420105,VTWIN,PU
350,13573,90629,VT-32-3500,17420105,VTWIN,PU
2021400,31735,61451,VT-13-2131,09263000,VTWIN,PU
1810,31321,59057,VT-10-0571,09290023,VTWIN,PU
24591,8896,59089,VT-10-0642,DS194271,VTWIN,PU
3200352,35930,59150,VT-10-0846,09220121,VTWIN,PU
2058,8606,75746,VT-37-8964,09250752,VTWIN,PU
4431,3827,67630,VT-27-0729,06510406,VTWIN,PU
A6506B,1376,59242,VT-10-1149,09220110,VTWIN,PU
3022,67942,67994,VT-27-1761,VT-27-1984,VTWIN,VTWIN
JGI3523039DL,1557,84680,VT-14-0637,DS174538,VTWIN,PU
78116,34088,96662,VT-10-8179,08200016,VTWIN,PU
78445,85654,87901,VT-15-8445,VT-23-2307,VTWIN,VTWIN
JGI1677984X,397,61774,VT-15-1252,09340949,VTWIN,PU
77845,85583,93452,VT-39-0704,VT-15-7845,VTWIN,VTWIN
JGI3259170,1495,85309,DS174240,VT-15-1032,PU,VTWIN
77968,62090,95587,VT-15-7968,VT-50-1513,VTWIN,VTWIN
77948,62071,95556,VT-15-7948,VT-50-1197,VTWIN,VTWIN
78459,68313,85663,VT-15-8459,VT-28-0984,VTWIN,VTWIN
5020001077,26607,63618,DS223742,VT-18-8306,PU,VTWIN
3100232,12333,59683,VT-10-8799,09010188,VTWIN,PU
6127010,45200,59771,VT-11-0186,WPS-865-02022,VTWIN,WPS
76292,34053,82701,VT-7824-12T,08010986,VTWIN,PU
200390,13850,59954,24010078,VT-11-0743,PU,VTWIN
A25319SET,4435,61266,VT-12-1530,DS194160,VTWIN,PU
202021,37382,60019,VT-11-0951,WPS-191-57042,VTWIN,WPS
202321,9279,60076,VT-11-1025,09260700,VTWIN,PU
202321C,19347,60082,VT-11-1035,09260702,VTWIN,PU
2020691,37340,60092,VT-11-1055,WPS-191-57010,VTWIN,WPS
2020691,31753,60092,VT-11-1055,09262007,VTWIN,PU
2020691,31753,37340,WPS-191-57010,09262007,WPS,PU
2020692,37396,60093,VT-11-1056,WPS-191-57050,VTWIN,WPS
2020692,31754,60093,VT-11-1056,09262009,VTWIN,PU
2020692,31754,37396,WPS-191-57050,09262009,WPS,PU
2020692C,37397,60099,VT-11-1062,WPS-191-57050C,VTWIN,WPS
2020692C,31803,60099,VT-11-1062,09262010,VTWIN,PU
2020692C,31803,37397,WPS-191-57050C,09262010,WPS,PU
202020,37380,60136,VT-11-1164,WPS-191-57041,VTWIN,WPS
202030,37348,60137,VT-11-1165,WPS-191-57017,VTWIN,WPS
PS1250,63845,63859,VT-19-0600,VT-19-0571,VTWIN,VTWIN
H070593S,29828,67313,06102323,VT-26-1052,PU,VTWIN
120417A,29251,71962,20100781,VT-33-0935,PU,VTWIN
77327,74738,83258,VT-15-7327,VT-35-9355,VTWIN,VTWIN
6083030011,5263,63479,11300209,VT-18-1156,PU,VTWIN
2M6127010,45195,60267,VT-11-1364,WPS-865-02017,VTWIN,WPS
3885VMF,16339,60301,VT-11-1423,09120932,VTWIN,PU
2C5231,51711,60304,VT-11-1426,WPS-865-2040,VTWIN,WPS
2023050,31775,60467,VT-11-2028,09263218,VTWIN,PU
202020M,9287,60526,VT-11-2300,09262266,VTWIN,PU
202030M,31738,60534,VT-11-2308,09262274,VTWIN,PU
202031M,9378,60535,VT-11-2309,09262275,VTWIN,PU
202051M,9336,60553,VT-11-2327,09262283,VTWIN,PU
2022000,31780,60562,VT-11-2336,09263307,VTWIN,PU
78661,62212,91268,VT-15-8661,VT-33-1612,VTWIN,VTWIN
EVBB2SL,1989,64108,VT-20-0629,11200247,VTWIN,PU
37017,2588,60635,VT-11-2700,17414263,VTWIN,PU
2000,60637,68912,VT-11-2703,VT-30-0837,VTWIN,VTWIN
78471,62150,76182,VT-15-8471,VT-38-0883,VTWIN,VTWIN
B060199ASP,13511,87666,VT-23-0907,17103157,VTWIN,PU
H070730,14295,67262,VT-26-0956,06102253,VTWIN,PU
78671,61606,84840,VT-15-0061,VT-15-0060,VTWIN,VTWIN
VT2797,12673,61100,VT-11-9975,09031170,VTWIN,PU
K2802,12686,61109,VT-11-9988,09031676,VTWIN,PU
77480,62009,89846,VT-15-7480,VT-31-1274,VTWIN,VTWIN
JGI2541670X,9160,85147,DS174457,VT-15-0701,PU,VTWIN
76385,13688,71782,VT-33-0457,20300169,VTWIN,PU
316200,15878,61324,VT-12-8001,DS194063,VTWIN,PU
70290,61622,71040,VT-32-3071,VT-15-0197,VTWIN,VTWIN
9885,79158,84089,VT-12-9885,VT-48-0307,VTWIN,VTWIN
334242,4032,61368,VT-12-9957,09320125,VTWIN,PU
74342B,61389,84170,VT-13-0352,VT-13-0482,VTWIN,VTWIN
77462,61879,88358,VT-24-1045,VT-15-7462,VTWIN,VTWIN
78388,64884,85615,VT-15-8388,VT-22-0716,VTWIN,VTWIN
2021550,9318,61453,VT-13-2151,09263002,VTWIN,PU
710344,19382,61498,VT-14-0144,09262047,VTWIN,PU
JGI4650801,31508,61522,VT-14-0587,09346496,VTWIN,PU
1795548FLR,39884,61544,VT-14-0823,WPS-681-4747,VTWIN,WPS
1795548FLR,3701,61544,VT-14-0823,DS174536,VTWIN,PU
1795548FLR,3701,39884,WPS-681-4747,DS174536,WPS,PU
5193020*N/A,59736,59738,VT-11-0122,VT-11-0119,VTWIN,VTWIN
89238,14201,66230,VT-24-1380,04140736,VTWIN,PU
C9691,2417,61664,VT-15-0478,DS172089,VTWIN,PU
A3735741,1646,86774,DS193159,VT-18-3202,PU,VTWIN
78477,62156,72337,VT-33-1681,VT-15-8477,VTWIN,VTWIN
JGI2541699X,3516,61769,VT-15-1224,09340289,VTWIN,PU
JGI1754148DL,3563,61781,VT-15-1271,09340726,VTWIN,PU
6532483KW2,9071,61783,VT-15-1274,18610459,VTWIN,PU
K2805,16065,61107,VT-11-9986,09031679,VTWIN,PU
JGI11125XMF,4106,61792,VT-15-1283,09341581,VTWIN,PU
JGI1705299X,3602,61845,VT-15-1354,DS173532,VTWIN,PU
JGI1705399X,3575,61846,VT-15-1355,20112098,VTWIN,PU
JGI6054706KF,31521,61880,VT-15-1426,09263301,VTWIN,PU
77872,62053,93349,VT-15-7872,VT-39-0030,VTWIN,VTWIN
77874,62054,88120,VT-15-7874,VT-24-0113,VTWIN,VTWIN
212335,12749,59456,DS199328,VT-10-2331,PU,VTWIN
78264,62106,87182,VT-15-8264,VT-21-0751,VTWIN,VTWIN
78277,62116,76841,VT-15-8277,VT-40-0053,VTWIN,VTWIN
78294,62130,76147,VT-15-8294,VT-38-0781,VTWIN,VTWIN
78586,62184,86407,VT-15-8586,VT-17-8083,VTWIN,VTWIN
78613,62197,72389,VT-15-8613,VT-33-1741,VTWIN,VTWIN
78642,62210,73065,VT-15-8642,VT-34-0494,VTWIN,VTWIN
80645,39472,90357,WPS-59-9195,VT-32-0775,WPS,VTWIN
937,62304,73381,VT-16-0322,VT-34-1390,VTWIN,VTWIN
3005SEX,36904,71007,WPS-132-7039,VT-32-3016,WPS,VTWIN
CE801007,57576,90379,WPS-273-1413,VT-32-0868,WPS,VTWIN
90201,62439,95475,VT-16-0807,VT-50-1010,VTWIN,VTWIN
78712,62224,91891,VT-15-8712,VT-35-2001,VTWIN,VTWIN
120417MA,7485,71963,VT-33-0936,20100779,VTWIN,PU
202034M,9335,60537,VT-11-2312,09262278,VTWIN,PU
JGI3014330,9083,85301,VT-15-1022,DS173386,VTWIN,PU
JGI1703091X,19559,61853,09341853,VT-15-1364,PU,VTWIN
2020851,60320,83515,VT-11-1474,VT-11-1153,VTWIN,VTWIN
98548,59680,59688,VT-10-9848,VT-10-8755,VTWIN,VTWIN
JGI3490107K,19552,61877,09341624,VT-15-1397,PU,VTWIN
77080,62825,93279,VT-17-0235,VT-38-5551,VTWIN,VTWIN
77945,62068,95526,VT-50-1135,VT-15-7945,VTWIN,VTWIN
3409106,62941,86341,VT-17-0594,VT-17-1308,VTWIN,VTWIN
H070575,2514,88785,06100127,VT-26-2203,PU,VTWIN
217450,4210,59574,09251165,VT-10-5271,PU,VTWIN
NDP38062,48936,71547,WPS-850-08404,VT-32-9635,WPS,VTWIN
500747B,8789,51760,WPS-812-02131,16100677,WPS,PU
A35326SET,3397,63299,VT-17-9752,DS194183,VTWIN,PU
3213002012,26580,63477,VT-18-1154,11320930,VTWIN,PU
2020940,31731,55588,09262992,WPS-191-17038,PU,WPS
3063020018,20453,63532,VT-18-3270,11314007,VTWIN,PU
3043010005,24873,63558,VT-18-3667,DS223727,VTWIN,PU
3073020011,5292,63564,VT-18-3691,DS223750,VTWIN,PU
3023020013,5291,63567,VT-18-3694,DS223471,VTWIN,PU
6083010086,4910,63579,VT-18-3833,DS223722,VTWIN,PU
6083010009,20378,63582,VT-18-3853,11300138,VTWIN,PU
94101,63706,88315,VT-19-0167,VT-24-0841,VTWIN,VTWIN
947,62300,63081,VT-16-0315,VT-19-9470,VTWIN,VTWIN
202026M,15198,60531,09262271,VT-11-2305,PU,VTWIN
370314,22951,44306,21060011,WPS-820-50842,PU,WPS
CS34A,5424,63853,VT-19-0593,11200292,VTWIN,PU
203375,25795,63268,DS199404,VT-17-8228,PU,VTWIN
94213,63969,66138,VT-19-4213,VT-24-0962,VTWIN,VTWIN
JGI1676957,3672,85295,DS174900,VT-15-1012,PU,VTWIN
EVBB3TRB,5421,64091,VT-20-0610,11200250,VTWIN,PU
77463,61114,64384,VT-21-0072,VT-15-7463,VTWIN,VTWIN
1023030014,2137,74898,VT-36-1512,DS224013,VTWIN,PU
276150,4219,61066,DS199737,VT-11-9878,PU,VTWIN
110010,64486,92020,VT-21-0452,VT-36-0402,VTWIN,VTWIN
202121C,9329,37401,09260719,WPS-191-57052C,PU,WPS
202121C,9329,60151,09260719,VT-11-1183,PU,VTWIN
202121C,37401,60151,WPS-191-57052C,VT-11-1183,WPS,VTWIN
JGI3515174,1700,84679,DS194461,VT-14-0636,PU,VTWIN
6083010017,5269,63482,11300436,VT-18-1159,PU,VTWIN
78289,62126,64581,VT-21-0817,VT-15-8289,VTWIN,VTWIN
78290,62127,64583,VT-21-0819,VT-15-8290,VTWIN,VTWIN
76312DCS,47255,74142,WPS-274-0717,VT-35-0593,WPS,VTWIN
202215,19369,84268,09260807,VT-13-0102,PU,VTWIN
19141B,64744,64877,VT-22-0041,VT-22-0709,VTWIN,VTWIN
19141,64743,64876,VT-22-0708,VT-22-0040,VTWIN,VTWIN
3200354,12397,59149,09220157,VT-10-0845,PU,VTWIN
74543,64747,64900,VT-22-0745,VT-22-0074,VTWIN,VTWIN
74543B,64748,64901,VT-22-0746,VT-22-0075,VTWIN,VTWIN
BDL371443,5477,63990,VT-20-0105,DS360014,VTWIN,PU
H070585S,17486,88726,06102306,VT-26-0975,PU,VTWIN
BDL38078,26829,63991,VT-20-0106,DS360015,VTWIN,PU
76982,8103,65070,VT-22-1678,08010844,VTWIN,PU
JGI6711887,15097,84770,DS173512,VT-14-0947,PU,VTWIN
JGI2526381,15082,85240,DS174075,VT-15-0931,PU,VTWIN
H070574N,21384,88714,06102300,VT-26-0960,PU,VTWIN
50217,4723,65356,VT-23-1012,44020596,VTWIN,PU
B160726C,834,65370,VT-23-1048,17020708,VTWIN,PU
981,65389,89133,VT-23-1122,VT-27-1667,VTWIN,VTWIN
78255,62098,65395,VT-23-1151,VT-15-8255,VTWIN,VTWIN
193087,28957,63996,VT-20-0143,12010101,VTWIN,PU
77414,61995,79608,VT-15-7414,VT-48-1985,VTWIN,VTWIN
94384,66044,86977,VT-24-0428,VT-19-4384,VTWIN,VTWIN
7067,66078,95928,VT-24-0518,VT-54-0408,VTWIN,VTWIN
217462,19328,59576,09251205,VT-10-5273,PU,VTWIN
217464,19326,59578,09251206,VT-10-5274,PU,VTWIN
292120,51151,87178,WPS-820-54217,VT-21-0704,WPS,VTWIN
410140,349,96533,09250926,VT-10-0913,PU,VTWIN
060143,22209,58235,18611637,WPS-70-6143,PU,WPS
74700021C,2884,70654,VT-32-1461,21121208,VTWIN,PU
20303,27276,66571,VT-25-0173,35110028,VTWIN,PU
296110,24810,63237,DS199531,VT-17-6100,PU,VTWIN
2077,3452,40988,WPS-811-02077,09240240,WPS,PU
JGI1754069,1490,85359,DS174180,VT-15-1136,PU,VTWIN
76081,39114,71122,VT-32-6081,WPS-57-6225,VTWIN,WPS
37927,10461,81709,VT-52-1479,17410802,VTWIN,PU
350016,94177,94189,VT-43-9136,VT-43-9322,VTWIN,VTWIN
H070605,17461,67092,VT-26-0006,06101955,VTWIN,PU
79111,67144,68364,VT-26-0071,VT-28-3102,VTWIN,VTWIN
H070730S,8092,67315,VT-26-1054,06102327,VTWIN,PU
H070730NMB,29829,67317,VT-26-1056,06102326,VTWIN,PU
070509V,67343,88773,VT-26-2178,VT-26-2176,VTWIN,VTWIN
C320433,449,67404,VT-27-0008,05100181,VTWIN,PU
8041,67509,67510,VT-27-0321,VT-27-0320,VTWIN,VTWIN
8041,67510,84051,VT-27-0321,VT-12-1315,VTWIN,VTWIN
8041,8527,67510,VT-27-0321,09250951,VTWIN,PU
8041,67509,84051,VT-27-0320,VT-12-1315,VTWIN,VTWIN
8041,8527,67509,VT-27-0320,09250951,VTWIN,PU
8041,8527,84051,VT-12-1315,09250951,VTWIN,PU
2M6164010,45183,60262,VT-11-1359,WPS-865-02005,VTWIN,WPS
8873,67672,84156,VT-27-0824,VT-12-1768,VTWIN,VTWIN
77427,62007,80776,VT-50-1552,VT-15-7427,VTWIN,VTWIN
78463,67694,85664,VT-27-0866,VT-15-8463,VTWIN,VTWIN
8846,56797,67804,VT-27-1236,WPS-874-1234,VTWIN,WPS
288131,19283,59619,VT-10-8141,09250070,VTWIN,PU
7716,67941,83503,VT-27-1756,VT-11-0942,VTWIN,VTWIN
78637,62206,68240,VT-28-0668,VT-15-8637,VTWIN,VTWIN
78497,68278,85669,VT-28-0875,VT-15-8497,VTWIN,VTWIN
331035B,68322,89232,VT-28-1014,VT-28-0101,VTWIN,VTWIN
3544,10891,68372,VT-28-3544,DS3544,VTWIN,PU
72040,48292,69225,VT-30-3106,WPS-820-71153,VTWIN,WPS
JGI2649589,1572,85259,DS174876,VT-15-0962,PU,VTWIN
7351,68505,77514,VT-29-1101,VT-42-0375,VTWIN,VTWIN
7352,68506,75659,VT-29-1102,VT-37-8658,VTWIN,VTWIN
030024,28476,74088,10030292,VT-35-0444,PU,VTWIN
78398,62144,80532,VT-15-8398,VT-50-0352,VTWIN,VTWIN
8146,68580,72791,VT-29-8146,VT-33-8146,VTWIN,VTWIN
8153,68584,69367,VT-29-8153,VT-30-8153,VTWIN,VTWIN
8154,68585,69368,VT-29-8154,VT-30-8154,VTWIN,VTWIN
8914,68621,77800,VT-30-0006,VT-42-1324,VTWIN,VTWIN
8820,56803,68623,VT-30-0008,WPS-874-1240,VTWIN,WPS
330063,28619,77601,11070034,VT-42-0678,PU,VTWIN
20133,43925,63179,VT-17-2033,WPS-85-1045,VTWIN,WPS
260128S32,28803,64057,12010232,VT-20-0347,PU,VTWIN
78467,60211,62148,VT-15-8467,VT-11-1286,VTWIN,VTWIN
99762,2212,44170,WPS-830-1200,24010117,WPS,PU
NWR8510020,34368,54012,WPS-850-09222,21201326,WPS,PU
2001,68913,80278,VT-30-0838,VT-49-2560,VTWIN,VTWIN
728,68919,69221,VT-30-0849,VT-30-3100,VTWIN,VTWIN
370339,29114,44304,21060418,WPS-820-50840,PU,WPS
JGI1703448XF,3502,85430,09343127,VT-15-1295,PU,VTWIN
296,13907,69040,DS098296,VT-30-1403,PU,VTWIN
78254,62097,69051,VT-30-1435,VT-15-8254,VTWIN,VTWIN
11312,41256,75905,VT-38-0115,WPS-817-01831,VTWIN,WPS
11312,8814,75905,VT-38-0115,11312E,VTWIN,PU
370338,29371,44305,21060419,WPS-820-50841,PU,WPS
202320,15214,60075,VT-11-1024,09260696,VTWIN,PU
729,62509,69227,VT-30-3120,VT-16-1027,VTWIN,VTWIN
312096,12255,61287,VT-12-1949,09200008,VTWIN,PU
A11096A,3401,61377,VT-12-9992,DS188030,VTWIN,PU
4859,67571,69298,VT-30-4859,VT-27-0554,VTWIN,VTWIN
84526,58659,90724,WPS-820-50837,VT-32-7001,WPS,VTWIN
8097,69351,76893,VT-30-8097,VT-40-0220,VTWIN,VTWIN
727K,24792,62546,VT-16-1171,DS196400,VTWIN,PU
3200396,36198,59532,VT-10-3502,09220120,VTWIN,PU
316278,36069,61641,VT-15-0364,09320168,VTWIN,PU
78582,61678,62180,VT-15-0492,VT-15-8582,VTWIN,VTWIN
JGI77XL,24464,61737,VT-15-0850,DS173406,VTWIN,PU
JGI2526300KX,19532,61777,VT-15-1265,09341199,VTWIN,PU
JGI12074K,515,61785,VT-15-1276,09350124,VTWIN,PU
JGI3490685DL,3564,61787,VT-15-1278,09350076,VTWIN,PU
78623,62201,62202,VT-15-8623,VT-15-8621,VTWIN,VTWIN
78501,61825,78882,VT-15-1325,VT-47-0374,VTWIN,VTWIN
JGI6053881CF,9050,61836,VT-15-1338,09344629,VTWIN,PU
JGI1705505,423,61837,VT-15-1346,09341599,VTWIN,PU
1677496XT2,417,61863,VT-15-1374,09341584,VTWIN,PU
JGI2541699K,3562,61869,VT-15-1383,11050037,VTWIN,PU
JGI3303107,430,61875,VT-15-1393,09341620,VTWIN,PU
78371,61891,85602,VT-15-1456,VT-15-8371,VTWIN,VTWIN
3303106,39819,61922,VT-15-1619,WPS-681-4028,VTWIN,WPS
2M4941,51721,60294,VT-11-1413,WPS-865-2049,VTWIN,WPS
H070593NMB,29827,88725,06102322,VT-26-0971,PU,VTWIN
20193,66771,89305,VT-25-0860,VT-28-0424,VTWIN,VTWIN
77348,61977,78368,VT-15-7348,VT-44-0888,VTWIN,VTWIN
SPC013,23949,75151,24040049,VT-37-0463,PU,VTWIN
L240436CMLED,7341,41500,WPS-820-0352,20100769,WPS,PU
50216,4722,65355,VT-23-1011,44020595,VTWIN,PU
2823,48311,83492,WPS-30-3634,VT-11-0907,WPS,VTWIN
70232,70229,75898,VT-32-0099,VT-38-0101,VTWIN,VTWIN
MCFPR1,57541,90252,WPS-275-01034,VT-32-0504,WPS,VTWIN
40253,5846,70771,20101461,VT-32-1658,PU,VTWIN
76067,34030,92690,08010547,VT-37-1052,PU,VTWIN
6031,13092,57225,18010703,WPS-82-96014,PU,WPS
MCTS2,57540,90281,WPS-275-01033,VT-32-0569,WPS,VTWIN
JGI4584906,16626,84502,04070663,VT-14-0047,PU,VTWIN
JGI11110,1512,84580,DS174361,VT-14-0506,PU,VTWIN
148150,41844,63487,WPS-820-50950,VT-18-1220,WPS,VTWIN
26514,29605,81450,DS380318,VT-52-0697,PU,VTWIN
1277,70557,85833,VT-32-1297,VT-16-0792,VTWIN,VTWIN
JGI2958301A,15057,85447,09341617,VT-15-1390,PU,VTWIN
20054,70593,96652,VT-32-1370,VT-10-2561,VTWIN,VTWIN
JGI1705405X,9010,61840,09341597,VT-15-1349,PU,VTWIN
1067,8880,85987,11040006,VT-17-0119,PU,VTWIN
78403,70645,85626,VT-32-1444,VT-15-8403,VTWIN,VTWIN
78405,70670,85627,VT-32-1479,VT-15-8405,VTWIN,VTWIN
PS500,23515,63838,22145002,VT-19-0561,PU,VTWIN
BDL371441,25227,63988,DS360012,VT-20-0103,PU,VTWIN
40243,70765,75612,VT-32-1652,VT-37-8342,VTWIN,VTWIN
PS250,26808,63842,22145001,VT-19-0568,PU,VTWIN
353,13775,66980,17420108,VT-25-2200,PU,VTWIN
PS1000,2053,63844,22145004,VT-19-0570,PU,VTWIN
E250091BT4,29225,70904,VT-32-1909,21130667,VTWIN,PU
76157,11158,85023,08040290,VT-15-0369,PU,VTWIN
801005,57625,71105,VT-32-5122,WPS-280-1005,VTWIN,WPS
801005,7978,71105,VT-32-5122,801005,VTWIN,PU
801005,7978,57625,WPS-280-1005,801005,WPS,PU
78191,33201,80593,14050285,VT-50-0536,PU,VTWIN
76401,34187,61647,08020327,VT-15-0389,PU,VTWIN
71375,71253,90220,VT-32-7521,VT-32-0416,VTWIN,VTWIN
BDL30853BE,26828,63987,DS360008,VT-20-0102,PU,VTWIN
112338P,19758,73957,10030195,VT-35-0151,PU,VTWIN
DC11,28334,71291,VT-32-7789,DC11,VTWIN,PU
1062011,36153,74289,10030237,VT-35-0924,PU,VTWIN
W5752,12679,61045,VT-11-9774,W5752,VTWIN,PU
15410BN,71450,90408,VT-32-8999,VT-32-0967,VTWIN,VTWIN
370492,30098,70272,06160205,VT-32-0264,PU,VTWIN
NU3422,225,91491,DS289505,VT-34-0909,PU,VTWIN
202061M,31809,60558,VT-11-2332,09262288,VTWIN,PU
120203,14207,71836,VT-33-0616,09066318,VTWIN,PU
41216,71855,90084,VT-33-0656,VT-32-0053,VTWIN,VTWIN
71140,77265,84419,VT-13-9174,VT-40-7114,VTWIN,VTWIN
78480,62159,72243,VT-33-1558,VT-15-8480,VTWIN,VTWIN
ABIG7B2B,48004,72253,VT-33-1574,WPS-227-0031,VTWIN,WPS
161273,7390,72279,VT-33-1605,20100744,VTWIN,PU
78416,72299,85636,VT-33-1632,VT-15-8416,VTWIN,VTWIN
78413,72301,85635,VT-33-1634,VT-15-8413,VTWIN,VTWIN
78533,72313,85677,VT-33-1649,VT-15-8533,VTWIN,VTWIN
78534,72314,85678,VT-33-1650,VT-15-8534,VTWIN,VTWIN
77415,61996,89364,VT-15-7415,VT-28-0761,VTWIN,VTWIN
70117,72623,91294,VT-33-2271,VT-33-1961,VTWIN,VTWIN
170023A,694,63524,VT-18-3236,11312180,VTWIN,PU
202033,37355,60026,VT-11-0961,WPS-191-57020,VTWIN,WPS
96829,66630,75530,VT-25-0470,VT-37-6829,VTWIN,VTWIN
NHCXDB12,8514,71138,VT-32-6662,21200227,VTWIN,PU
78119,59643,96660,VT-10-8213,VT-10-8168,VTWIN,VTWIN
C770071,28944,58406,WPS-820-2618,15100092,WPS,PU
826H.HS,4072,65654,VT-23-4561,17211772,VTWIN,PU
77710,73257,83568,VT-34-1081,VT-15-7710,VTWIN,VTWIN
351,66984,90630,VT-25-2204,VT-32-3510,VTWIN,VTWIN
351,21892,66984,VT-25-2204,17420106,VTWIN,PU
351,21892,90630,VT-32-3510,17420106,VTWIN,PU
352,29293,66985,VT-25-2205,17420107,VTWIN,PU
47123,6233,67225,VT-26-0786,17411676,VTWIN,PU
62336,67159,67247,VT-26-0886,VT-26-0377,VTWIN,VTWIN
77399,61983,73349,VT-34-1333,VT-15-7399,VTWIN,VTWIN
70053A,67712,67725,VT-27-0950,VT-27-0917,VTWIN,VTWIN
9953,623,69007,VT-30-1281,10220124,VTWIN,PU
9952,3450,69008,VT-30-1282,10220123,VTWIN,PU
0861478/54,22165,69045,VT-30-1417,18610914,VTWIN,PU
78474,62153,73991,VT-35-0253,VT-15-8474,VTWIN,VTWIN
8115,69358,72788,VT-30-8115,VT-33-8115,VTWIN,VTWIN
77424,62004,74090,VT-35-0447,VT-15-7424,VTWIN,VTWIN
22732,39461,58562,WPS-59-9179,WPS-865-01041,WPS,WPS
JGI1736207,9019,85475,VT-15-1447,09342098,VTWIN,PU
VT2712,12668,61087,VT-11-9921,09030790,VTWIN,PU
030091,58418,93539,WPS-820-2655,VT-40-0361,WPS,VTWIN
71139,77264,88126,VT-40-7113,VT-24-0120,VTWIN,VTWIN
78470,62149,76180,VT-15-8470,VT-38-0881,VTWIN,VTWIN
63400,78709,94963,VT-46-0255,VT-49-0805,VTWIN,VTWIN
471066,587,74634,VT-35-4766,10090221,VTWIN,PU
471072,55784,74635,VT-35-4772,WPS-24-71072,VTWIN,WPS
471072,12999,74635,VT-35-4772,10090218,VTWIN,PU
6311AH,35003,74685,VT-35-9089,07050552,VTWIN,PU
68168,41876,79135,VT-48-0263,WPS-820-51309,VTWIN,WPS
000815,39294,79194,VT-48-0490,WPS-57-98021,VTWIN,WPS
86163,72762,79299,VT-48-1101,VT-33-6163,VTWIN,VTWIN
03010710,41604,75550,VT-37-7966,WPS-820-1178C,VTWIN,WPS
352066,13665,75842,VT-37-9547,24040985,VTWIN,PU
C9692,19544,61665,VT-15-0479,09341355,VTWIN,PU
70231,70226,75897,VT-38-0100,VT-32-0097,VTWIN,VTWIN
74489,80665,95917,VT-50-0929,VT-54-0153,VTWIN,VTWIN
78353,76015,85588,VT-38-0506,VT-15-8353,VTWIN,VTWIN
10518,44261,95667,WPS-38-1019,VT-50-2000,WPS,VTWIN
78575,62179,76067,VT-38-0620,VT-15-8575,VTWIN,VTWIN
78401,76087,85624,VT-38-0651,VT-15-8401,VTWIN,VTWIN
77402,61985,76213,VT-38-0943,VT-15-7402,VTWIN,VTWIN
78396,62142,76221,VT-38-0967,VT-15-8396,VTWIN,VTWIN
90105,2217,76464,VT-39-0067,24010501,VTWIN,PU
9724,62781,62783,VT-16-9726,VT-16-9724,VTWIN,VTWIN
208800,2026,86430,VT-17-8503,11060057,VTWIN,PU
40354,4408,82611,VT-73-354,20101498,VTWIN,PU
41582,6788,82645,VT-7412-24,11321013,VTWIN,PU
1013030005,2117,92195,DS223872,VT-36-2490,PU,VTWIN
T216924WB,7354,76621,VT-39-0496,22100545,VTWIN,PU
71485,76747,76767,VT-39-0985,VT-39-0932,VTWIN,VTWIN
2021255,31785,45388,WPS-191-27051,09500888,WPS,PU
2021260,15249,45389,WPS-191-27052,09500889,WPS,PU
87623,3146,45416,WPS-820-51404,09251162,WPS,PU
63867,76831,76833,VT-40-0036,VT-40-0034,VTWIN,VTWIN
50225,66941,76868,VT-40-0106,VT-25-2021,VTWIN,VTWIN
50167Z,76875,77187,VT-40-0164,VT-40-1291,VTWIN,VTWIN
140002,18569,76877,VT-40-0172,07120379,VTWIN,PU
78101,76902,76904,VT-40-0241,VT-40-0243,VTWIN,VTWIN
060163,58244,63639,WPS-70-6163,VT-19-0004,WPS,VTWIN
50189Z,76924,93696,VT-40-0286,VT-40-9983,VTWIN,VTWIN
120092,20062,71631,VT-33-0105,10120005,VTWIN,PU
302843,51193,94122,WPS-820-70211,VT-43-0797,WPS,VTWIN
C770075,41742,80689,WPS-820-2622,VT-50-1130,WPS,VTWIN
7077,41021,65521,WPS-811-07077,VT-23-1736,WPS,VTWIN
306,13770,94096,17420048,VT-43-0360,PU,VTWIN
NWR810020,23363,54011,WPS-850-09221,21201325,WPS,PU
50226A,77194,77269,VT-40-1418,VT-40-9090,VTWIN,VTWIN
71305,12621,77484,VT-42-0290,10102887,VTWIN,PU
342510,21438,33455,17103957,06510555,PU,PU
78427,77619,85643,VT-42-0788,VT-15-8427,VTWIN,VTWIN
9084,77699,84201,VT-42-1091,VT-12-4576,VTWIN,VTWIN
9963,77708,92547,VT-42-1100,VT-37-0520,VTWIN,VTWIN
9087,77721,77722,VT-42-1125,VT-42-1126,VTWIN,VTWIN
210241,43428,64418,VT-21-0253,WPS-820-50804,VTWIN,WPS
71033P,77791,77864,VT-42-1284,VT-42-1824,VTWIN,VTWIN
080350,39160,85900,WPS-57-80350,VT-16-1765,WPS,VTWIN
126055R,72026,72510,VT-33-1056,VT-33-1920,VTWIN,VTWIN
63002C,94247,94254,VT-44-0239,VT-44-0226,VTWIN,VTWIN
11161,58148,83936,WPS-681-5452,VT-12-0952,WPS,VTWIN
78503,78234,85671,VT-44-0441,VT-15-8503,VTWIN,VTWIN
CM4253,37852,79519,WPS-27-M425,VT-48-1755,WPS,VTWIN
P8859,8742,42590,WPS-830-1069,DS175011,WPS,PU
WT001B,80261,80262,VT-49-2493,VT-49-2492,VTWIN,VTWIN
77350,78395,83332,VT-44-0974,VT-15-7350,VTWIN,VTWIN
71588,16444,78595,VT-45-0752,02100426,VTWIN,PU
CM419,37813,79215,WPS-27-M419,VT-48-0587,WPS,VTWIN
77836,66188,84829,VT-24-1173,VT-14-7836,VTWIN,VTWIN
76161,39111,84976,WPS-57-6213,VT-15-0268,WPS,VTWIN
JGI3490105K,31515,61876,VT-15-1396,09341621,VTWIN,PU
77316,61964,93446,VT-15-7316,VT-39-0654,VTWIN,VTWIN
503,67043,69135,VT-25-5030,VT-30-1909,VTWIN,VTWIN
600077,25959,72964,VT-34-0306,10102842,VTWIN,PU
CM4242,37851,79493,VT-48-1711,WPS-27-M424,VTWIN,WPS
JGI3490179K,31557,85207,DS174954,VT-15-0869,PU,VTWIN
CM4223,37840,79517,VT-48-1753,WPS-27-M422,VTWIN,WPS
CM254,37848,79524,VT-48-1763,WPS-27-M254,VTWIN,WPS
206595B,71729,72127,VT-33-1290,VT-33-0334,VTWIN,VTWIN
78393,72294,85620,VT-33-1624,VT-15-8393,VTWIN,VTWIN
78473,62152,72307,VT-33-1640,VT-15-8473,VTWIN,VTWIN
77758,79792,85564,VT-49-0380,VT-15-7758,VTWIN,VTWIN
600001,4713,72966,VT-34-0309,10102639,VTWIN,PU
61000675,93221,93245,VT-38-0557,VT-38-0868,VTWIN,VTWIN
77769,62026,74305,VT-15-7769,VT-35-0965,VTWIN,VTWIN
77770,62027,87599,VT-15-7770,VT-23-0721,VTWIN,VTWIN
78269,62110,93956,VT-15-8269,VT-42-1745,VTWIN,VTWIN
NFLRP01,34253,54021,WPS-850-09230,20500502,WPS,PU
61000674,93224,93233,VT-38-0596,VT-38-0699,VTWIN,VTWIN
103330,11433,43711,WPS-812-02010,DS240202,WPS,PU
202022,37384,60020,VT-11-0952,WPS-191-57043,VTWIN,WPS
311151,55940,77353,WPS-582-02301,VT-41-0200,WPS,VTWIN
6482040,45212,59765,WPS-865-02035,VT-11-0180,WPS,VTWIN
33262,5986,76917,VT-40-0263,06500002,VTWIN,PU
9908,31117,77431,VT-42-0180,18611647,VTWIN,PU
40110,4659,37955,WPS-274-0010,35011862,WPS,PU
40110,4659,90313,VT-32-0640,35011862,VTWIN,PU
83097B,72443,91876,VT-33-1818,VT-35-1818,VTWIN,VTWIN
2M6164030,45185,60264,VT-11-1361,WPS-865-02007,VTWIN,WPS
63363,64946,73145,VT-34-0733,VT-22-0841,VTWIN,VTWIN
2M6164020,45184,60263,WPS-865-02006,VT-11-1360,WPS,VTWIN
83071,8423,72718,VT-33-4071,08021511,VTWIN,PU
78263,61588,89431,VT-14-8263,VT-28-2262,VTWIN,VTWIN
216355G,25732,59634,09250175,VT-10-8197,PU,VTWIN
78397,80273,85542,VT-49-2518,VT-15-3897,VTWIN,VTWIN
KB305.020,42324,60518,WPS-824-01009,VT-11-2260,WPS,VTWIN
306014,45399,68616,WPS-820-0161,VT-30-0002,WPS,VTWIN
241336,49330,86938,WPS-820-52653,VT-19-0159,WPS,VTWIN
241336,13605,49330,WPS-820-52653,11200435,WPS,PU
241336,13605,86938,VT-19-0159,11200435,VTWIN,PU
140512,2908,58423,WPS-820-2683,21070196,WPS,PU
11344,41277,93174,WPS-817-01850,VT-38-0116,WPS,VTWIN
58835,64737,64952,VT-37-5873,VT-37-5875,VTWIN,VTWIN
50215,27387,65305,VT-23-0806,44020594,VTWIN,PU
A3510552,4493,63082,VT-17-1136,DS195018,VTWIN,PU
20041,4478,80947,VT-51-0274,04110172,VTWIN,PU
510298,45028,60188,WPS-191-27030,VT-11-1232,WPS,VTWIN
510298,31798,45028,WPS-191-27030,09262969,WPS,PU
510298,31798,60188,VT-11-1232,09262969,VTWIN,PU
64393,69294,81480,VT-52-0802,VT-30-4393,VTWIN,VTWIN
HDEG109,81237,95800,VT-51-2036,VT-51-2035,VTWIN,VTWIN
HDEG110,81238,95801,VT-51-2040,VT-51-2039,VTWIN,VTWIN
61031C,81300,81303,VT-52-0097,VT-52-0087,VTWIN,VTWIN
64396,69295,81344,VT-52-0215,VT-30-4396,VTWIN,VTWIN
204168,15206,60874,VT-11-6013,09260783,VTWIN,PU
2041961,19368,60871,VT-11-6107,09260787,VTWIN,PU
204256,9341,60876,VT-11-6015,09260786,VTWIN,PU
9300165,36038,60901,VT-11-7716,09280124,VTWIN,PU
62152,35023,87276,16210687,VT-21-4755,PU,VTWIN
40051,27362,36568,20101348,10102955,PU,PU
NSXHCB36A,34259,49091,WPS-850-08766,21201161,WPS,PU
4124007C,11490,81955,VT-54-2000,DS222000,VTWIN,PU
102027,7330,53439,WPS-820-60404,21020227,WPS,PU
76710,34123,94571,08030401,VT-45-0332,PU,VTWIN
23201,1338,58587,WPS-830-1144,24010435,WPS,PU
822,28816,75578,VT-37-8220,12042730,VTWIN,PU
13222,75675,84043,VT-37-8707,VT-12-1306,VTWIN,VTWIN
78430,82709,85646,VT-8015-4T,VT-15-8430,VTWIN,VTWIN
6009,78025,83677,VT-43-0373,VT-12-0337,VTWIN,VTWIN
76741,79044,83512,VT-47-2204,VT-11-1132,VTWIN,VTWIN
70281,70913,86210,VT-32-1923,VT-17-0903,VTWIN,VTWIN
77965,62087,94414,VT-15-7965,VT-44-0623,VTWIN,VTWIN
78265,62107,87184,VT-15-8265,VT-21-0753,VTWIN,VTWIN
78266,62108,87221,VT-15-8266,VT-21-1342,VTWIN,VTWIN
78481,62160,89373,VT-15-8481,VT-28-0873,VTWIN,VTWIN
78482,62161,78279,VT-15-8482,VT-47-0369,VTWIN,VTWIN
78563,62178,87285,VT-15-8563,VT-22-0131,VTWIN,VTWIN
3300378,36039,59049,VT-10-0529,09290053,VTWIN,PU
212351,19291,59457,VT-10-2351,09250294,VTWIN,PU
212353,25733,59458,VT-10-2353,09250295,VTWIN,PU
212430,12752,59461,VT-10-2430,DS199298,VTWIN,PU
3200402,19265,59533,VT-10-3503,09220119,VTWIN,PU
77352,78381,83338,VT-15-7352,VT-44-0924,VTWIN,VTWIN
500773,11430,51768,WPS-812-02139,16100682,WPS,PU
39909,83362,96326,VT-10-1771,VT-10-0188,VTWIN,VTWIN
JGI6381599,9118,83431,VT-11-0584,DS173248,VTWIN,PU
347,13774,66991,VT-25-3470,17420104,VTWIN,PU
300203,12965,63907,VT-19-0769,12102803,VTWIN,PU
288015,1779,63946,VT-19-8015,DS199175,VTWIN,PU
A2209799,972,83484,VT-11-0856,09130016,VTWIN,PU
94645,64209,88469,VT-20-4645,VT-24-1912,VTWIN,VTWIN
41112,20007,64336,VT-2017-8,10103347,VTWIN,PU
18011,96191,96192,VT-9520-4,VT-9520-4T,VTWIN,VTWIN
3326,7304,78504,VT-44-3326,DS3326,VTWIN,PU
8601,8879,63190,VT-17-2148,11030065,VTWIN,PU
2020090,9396,83545,VT-11-6091,DS198806,VTWIN,PU
2020092,3732,83547,VT-11-6092,DS198807,VTWIN,PU
062013,7949,44334,06550026,WPS-820-70205,PU,WPS
FROM#963713,83589,83591,VT-12-0004,VT-12-0005,VTWIN,VTWIN
73825,83600,84157,VT-12-0156,VT-12-1769,VTWIN,VTWIN
A8906,83689,83720,VT-12-0349,VT-12-0399,VTWIN,VTWIN
6209,13091,83697,VT-12-0361,18010590,VTWIN,PU
A8876A,4523,83700,VT-12-0366,09240585,VTWIN,PU
LM11949,83709,94336,VT-12-0382,VT-44-0406,VTWIN,VTWIN
70252,5023,71065,VT-32-3097,21070286,VTWIN,PU
20158,63176,66798,VT-25-0952,VT-17-2018,VTWIN,VTWIN
5041,43353,92967,WPS-830-5021,VT-37-8992,WPS,VTWIN
66101,27317,66885,VT-25-1753,05020574,VTWIN,PU
50314,5866,66923,VT-25-2002,44020602,VTWIN,PU
2401680,8884,83826,VT-12-0609,DS198835,VTWIN,PU
2250,83844,89510,VT-12-0706,VT-30-0257,VTWIN,VTWIN
A11494,9817,83858,VT-12-0753,09250283,VTWIN,PU
A2403903,8714,83877,VT-12-0817,09500361,VTWIN,PU
4002,83886,95760,VT-12-0901,VT-51-0991,VTWIN,VTWIN
A11096,1591,83908,VT-12-0923,DS188029,VTWIN,PU
A11067,1598,83913,VT-12-0928,DS188022,VTWIN,PU
A11177,4487,83929,VT-12-0946,DS188039,VTWIN,PU
A3790484,1285,83937,VT-12-0953,DS188073,VTWIN,PU
A3790784,3405,83939,VT-12-0955,DS188075,VTWIN,PU
A3508799A,640,84045,VT-12-1308,11060029,VTWIN,PU
A2640082,372,84080,VT-12-1417,09320075,VTWIN,PU
A2555679,1669,84088,VT-12-1429,DS194169,VTWIN,PU
2632662A,83612,84090,VT-12-1436,VT-12-0174,VTWIN,VTWIN
A25302SET,4447,84118,VT-12-1510,DS194159,VTWIN,PU
A2470354,4371,84128,VT-12-1521,09500288,VTWIN,PU
20194,66774,84136,VT-12-1533,VT-25-0863,VTWIN,VTWIN
3251,20072,84160,VT-12-1779,10120269,VTWIN,PU
A1683054,4349,84180,VT-12-2113,09310317,VTWIN,PU
334241,36067,84230,VT-12-9906,09320124,VTWIN,PU
77834,84827,85025,VT-14-7834,VT-15-0376,VTWIN,VTWIN
A3408779A,642,84296,VT-13-0132,11060048,VTWIN,PU
JGI2685899,9079,84731,DS173232,VT-14-0811,PU,VTWIN
JGI12067A,9129,84782,DS194088,VT-14-0972,PU,VTWIN
76742,79050,84646,VT-14-0583,VT-47-6742,VTWIN,VTWIN
JGI12013A,1554,84650,VT-14-0603,DS174475,VTWIN,PU
JGI12043A,1470,84657,VT-14-0612,DS173506,VTWIN,PU
JGI12044A,3697,84658,VT-14-0613,DS174476,VTWIN,PU
JGI12050,1717,84661,VT-14-0616,DS194476,VTWIN,PU
JGI2622758,1706,84668,VT-14-0623,DS194425,VTWIN,PU
JGI3134180DL,3661,84672,VT-14-0629,DS174486,VTWIN,PU
JGI3403552,1708,84674,VT-14-0631,DS194440,VTWIN,PU
JGI3403636,1547,84675,VT-14-0632,DS174477,VTWIN,PU
JGI4540075,1563,84692,VT-14-0650,DS174540,VTWIN,PU
JGI4587584,3591,84695,VT-14-0654,DS173345,VTWIN,PU
JGI6064174,3680,84701,VT-14-0660,DS194462,VTWIN,PU
JGI6352957,1504,84703,VT-14-0662,DS174310,VTWIN,PU
JGI12045M,9084,84712,VT-14-0677,DS173423,VTWIN,PU
JGI11291,1446,84716,VT-14-0687,DS173208,VTWIN,PU
JGI12077,550,84720,VT-14-0697,09350405,VTWIN,PU
JGI12066A,514,84721,VT-14-0698,09350122,VTWIN,PU
JGI12035B,1471,84736,VT-14-0821,DS173536,VTWIN,PU
MCRLY2,57605,90315,WPS-275-01091,VT-32-0642,WPS,VTWIN
JGI6709687,501,84781,VT-14-0966,09346502,VTWIN,PU
77825,84824,88944,VT-14-7825,VT-27-0440,VTWIN,VTWIN
77835,84828,94449,VT-14-7835,VT-44-0750,VTWIN,VTWIN
S410195006003,84859,84860,VT-15-0109,VT-15-0110,VTWIN,VTWIN
JGI2625741,1569,84874,VT-15-0130,DS174732,VTWIN,PU
S410195010007,84880,84886,VT-15-0139,VT-15-0146,VTWIN,VTWIN
70296,69581,84888,VT-15-0150,VT-32-3109,VTWIN,VTWIN
170347,20065,33202,10120232,17420468,PU,PU
120011B,85000,91130,VT-15-0301,VT-33-0299,VTWIN,VTWIN
63296A,85068,85072,VT-15-0535,VT-15-0547,VTWIN,VTWIN
63074A,85075,85083,VT-15-0586,VT-15-0566,VTWIN,VTWIN
JGI3490685,9127,85148,VT-15-0702,DS174350,VTWIN,PU
JGI6532483A,15108,85153,VT-15-0712,DS174735,VTWIN,PU
JGI1703383,3589,85188,VT-15-0824,DS173342,VTWIN,PU
JGI1704092,1456,85189,VT-15-0825,DS173250,VTWIN,PU
JGI1703383A,1444,85201,VT-15-0859,DS173251,VTWIN,PU
JGI6053881A,434,85224,VT-15-0906,09341722,VTWIN,PU
JGI6056765,9159,85229,VT-15-0915,DS174430,VTWIN,PU
JGI2522536C,1559,85238,VT-15-0928,DS174510,VTWIN,PU
JGI2541670,3705,85243,VT-15-0934,DS174790,VTWIN,PU
JGI3490194,3639,85244,VT-15-0937,DS174322,VTWIN,PU
JGI2624668A,1540,85246,VT-15-0940,DS174427,VTWIN,PU
JGI2627680A,9169,85256,VT-15-0955,DS174829,VTWIN,PU
JGI2627692,1541,85258,VT-15-0957,DS174432,VTWIN,PU
JGI1677663,9686,85271,VT-15-0987,DS174408,VTWIN,PU
JGI1677748,1535,85272,VT-15-0988,DS174420,VTWIN,PU
77827,85273,91246,VT-15-7827,VT-33-1468,VTWIN,VTWIN
JGI1735684,1582,85281,VT-15-0998,DS174916,VTWIN,PU
JGI1735684A,3691,85282,VT-15-0999,DS174412,VTWIN,PU
JGI1735692,3692,85283,VT-15-1000,DS174419,VTWIN,PU
JGI3252136,15106,85307,VT-15-1030,DS174436,VTWIN,PU
JGI3329536,9146,85311,VT-15-1035,DS174895,VTWIN,PU
JGI3456552,9147,85313,VT-15-1037,DS174897,VTWIN,PU
JGI6055980,1544,85325,VT-15-1064,DS174443,VTWIN,PU
JGI6583468A,9167,85343,VT-15-1098,DS174745,VTWIN,PU
JGI6243293,9139,85350,VT-15-1120,DS174520,VTWIN,PU
JGI1677084X,3596,85357,VT-15-1132,DS173439,VTWIN,PU
JGI1795536,9087,85360,VT-15-1137,DS173499,VTWIN,PU
1677084MLS,19528,57490,WPS-681-4480,09340954,WPS,PU
JGI3143384A,3641,85367,VT-15-1151,DS174346,VTWIN,PU
JGI1703583B,3626,85378,VT-15-1169,DS173245,VTWIN,PU
JGI1702686,3625,85379,VT-15-1178,DS181178,VTWIN,PU
JGI1703392,1445,85386,VT-15-1192,DS173275,VTWIN,PU
JGI2607799,3538,85393,VT-15-1206,09342877,VTWIN,PU
JGI3303199,1448,85398,VT-15-1211,DS173238,VTWIN,PU
JGI1677084B,15078,85404,VT-15-1219,DS173438,VTWIN,PU
JGI2526300X,1509,85407,VT-15-1223,DS174347,VTWIN,PU
JGI1704898,9112,85412,VT-15-1236,DS173220,VTWIN,PU
JGI3680506X,3511,85426,VT-15-1261,09341194,VTWIN,PU
JGI3680506F,9000,85427,VT-15-1262,09341195,VTWIN,PU
JGI3560706,3509,85428,VT-15-1263,09350128,VTWIN,PU
JGI2541699F,3514,85439,VT-15-1422,09343435,VTWIN,PU
JGI3495504F,9027,85452,VT-15-1399,09350249,VTWIN,PU
JGI3495575F,9021,85462,VT-15-1425,09342115,VTWIN,PU
JGI2524499F,3578,85464,VT-15-1432,24041023,VTWIN,PU
JGI1759199F,9040,85472,VT-15-1444,09345084,VTWIN,PU
JGI1759299F,9041,85473,VT-15-1445,09345085,VTWIN,PU
88082,28140,44164,WPS-830-1191,DS189813,WPS,PU
78678,62213,85536,VT-15-1766,VT-15-8678,VTWIN,VTWIN
2396029,59225,96311,VT-10-1121,VT-10-0127,VTWIN,VTWIN
77802,61681,85573,VT-15-7802,VT-15-0525,VTWIN,VTWIN
77838,64456,85582,VT-15-7838,VT-21-0347,VTWIN,VTWIN
78355,67859,85589,VT-15-8355,VT-27-1507,VTWIN,VTWIN
78367,85598,93204,VT-15-8367,VT-38-0513,VTWIN,VTWIN
78368,85599,93206,VT-15-8368,VT-38-0515,VTWIN,VTWIN
78394,85621,91269,VT-15-8394,VT-33-1627,VTWIN,VTWIN
78411,72298,85633,VT-15-8411,VT-33-1630,VTWIN,VTWIN
78464,67684,85665,VT-15-8464,VT-27-0849,VTWIN,VTWIN
78632,85702,90551,VT-15-8632,VT-32-1753,VTWIN,VTWIN
78644,85704,88643,VT-15-8644,VT-26-0011,VTWIN,VTWIN
78663,85713,88987,VT-15-8663,VT-27-0661,VTWIN,VTWIN
JGI6111448,1551,85370,VT-15-1156,DS174517,VTWIN,PU
345,28664,66970,VT-25-3450,17420066,VTWIN,PU
A3149367,3120,85957,VT-17-0081,21100317,VTWIN,PU
A3153065,4427,85961,VT-17-0084,21100237,VTWIN,PU
7087,14890,85971,VT-17-0096,09251060,VTWIN,PU
13162,4590,85975,VT-17-0104,06401203,VTWIN,PU
3561476,85996,85998,VT-17-0129,VT-17-0131,VTWIN,VTWIN
207800,1796,86004,VT-17-0137,DS199428,VTWIN,PU
W14182A,86008,86322,VT-17-0143,VT-17-1167,VTWIN,VTWIN
A3513136,1728,86020,VT-17-0162,DS195162,VTWIN,PU
A3604636,1760,86030,VT-17-0171,DS196173,VTWIN,PU
71380A,64441,64489,VT-21-0455,VT-21-0309,VTWIN,VTWIN
160900,2912,91312,22120107,VT-33-2022,PU,VTWIN
3309654B,86089,86092,VT-17-0312,VT-17-0317,VTWIN,VTWIN
3309654B,1755,86092,VT-17-0317,DS196011,VTWIN,PU
3562579B,86145,86168,VT-17-0527,VT-17-0565,VTWIN,VTWIN
JGI1703383R,24457,85197,VT-15-0845,DS173321,VTWIN,PU
79111B,86201,89433,VT-26-0072,VT-28-3101,VTWIN,VTWIN
A3333579,1697,86212,VT-17-0905,DS194398,VTWIN,PU
A4751358,3378,86216,VT-17-0909,13020250,VTWIN,PU
A3999665,14634,86222,VT-17-0915,11200189,VTWIN,PU
A2555158,3357,86227,VT-17-0921,09250290,VTWIN,PU
A9054,86244,96116,VT-17-0942,VT-8798-12,VTWIN,VTWIN
3570,33716,67514,VT-27-0327,DS3570,VTWIN,PU
206330,12744,86419,VT-17-8236,DS199412,VTWIN,PU
206335,4231,86420,VT-17-8237,DS199427,VTWIN,PU
253050,2032,86425,VT-17-8244,DS199433,VTWIN,PU
299105,1800,86437,VT-17-9105,DS199469,VTWIN,PU
3309654AL,8877,86439,VT-17-9145,DS196012,VTWIN,PU
A3507980,3390,86474,VT-17-9242,DS195163,VTWIN,PU
A3507679,1645,86543,VT-17-9850,DS193149,VTWIN,PU
A3311979B,4406,86547,VT-17-9854,11100044,VTWIN,PU
296220,4118,86549,VT-17-9857,DS199450,VTWIN,PU
296585,2021,86554,VT-17-9862,DS199454,VTWIN,PU
296850,4230,86580,VT-17-9899,DS199422,VTWIN,PU
296591,4209,86609,VT-17-9942,DS199457,VTWIN,PU
296910,12745,86610,VT-17-9943,DS199429,VTWIN,PU
77413,61994,86673,VT-18-0452,VT-15-7413,VTWIN,VTWIN
148427,2688,86692,VT-18-0725,11321830,VTWIN,PU
13614Z,86698,86849,VT-18-0832,VT-18-3753,VTWIN,VTWIN
3023010030,2147,86703,VT-18-1117,DS223766,VTWIN,PU
A3787141,705,86711,VT-18-1127,11320572,VTWIN,PU
JGI3143384,1475,85366,VT-15-1150,DS173471,VTWIN,PU
7081,14832,86752,VT-18-3117,09320092,VTWIN,PU
5139,12141,86787,VT-18-3223,17103635,VTWIN,PU
40130119006,2121,86832,VT-18-3652,DS223745,VTWIN,PU
A3790890,3077,86866,VT-18-8260,11320282,VTWIN,PU
344010,36168,84194,09240390,VT-12-2556,PU,VTWIN
203541,86915,86968,VT-19-0062,VT-19-0496,VTWIN,VTWIN
MCSCT2,38015,71315,VT-32-8041,WPS-275-01101,VTWIN,WPS
DMD4282RV82NRI,86944,86946,VT-19-0360,VT-19-0367,VTWIN,VTWIN
PCC126,1945,86979,VT-20-0120,12040126,VTWIN,PU
D26013929,723,86992,VT-20-0341,12030018,VTWIN,PU
50803,57409,81910,VT-54-0434,WPS-194-50803,VTWIN,WPS
D26013930,728,86997,VT-20-0383,12030019,VTWIN,PU
PCC132,5448,86998,VT-20-0440,12040125,VTWIN,PU
PCC136,1971,86999,VT-20-0441,12040131,VTWIN,PU
D26014232,2680,87000,VT-20-0447,12030016,VTWIN,PU
9017,21813,87001,VT-23-9127,18610407,VTWIN,PU
PCC130,2158,87009,VT-20-0501,12040127,VTWIN,PU
PCC139,2156,87011,VT-20-0579,12040124,VTWIN,PU
BDLSPC137118,731,87020,VT-20-0688,12040085,VTWIN,PU
78530,72311,85674,VT-33-1646,VT-15-8530,VTWIN,VTWIN
TOOLING$750,87048,87049,VT-20-3012,VT-20-3013,VTWIN,VTWIN
BDLSPC1331,2575,87062,VT-20-4019,12040052,VTWIN,PU
BDLSPC1371,13658,87063,VT-20-4020,12040061,VTWIN,PU
PCC1401,1916,87064,VT-20-4021,12040114,VTWIN,PU
50212,5865,87256,VT-21-2043,44020591,VTWIN,PU
201145,24808,63266,DS199407,VT-17-8226,PU,VTWIN
19307,80881,87357,VT-23-0112,VT-50-9307,VTWIN,VTWIN
84515,28755,87408,VT-23-0274,17020123,VTWIN,PU
71502,26219,87464,VT-23-0404,02100332,VTWIN,PU
36965,835,87534,VT-23-0533,17020127,VTWIN,PU
82560,87645,87646,VT-23-0851,VT-23-0852,VTWIN,VTWIN
77820,62037,87678,VT-23-0944,VT-15-7820,VTWIN,VTWIN
B060199AS,7088,87703,VT-23-1000,17103158,VTWIN,PU
B160918P,2545,87735,VT-23-1128,17020345,VTWIN,PU
71092,83777,87864,VT-23-1998,VT-12-0535,VTWIN,VTWIN
B160727,7092,87909,VT-23-2354,17010754,VTWIN,PU
50337,12804,43117,WPS-87-9741,10101606,WPS,PU
B160727MB,2506,87910,VT-23-2355,17010753,VTWIN,PU
B160728,13518,87911,VT-23-2356,17010756,VTWIN,PU
B160729,818,87913,VT-23-2358,17010762,VTWIN,PU
B160730,7094,87915,VT-23-2360,17010758,VTWIN,PU
B160731,2460,87917,VT-23-2362,17010760,VTWIN,PU
JGI12014,1716,84651,VT-14-0604,DS194475,VTWIN,PU
B160733,2153,87923,VT-23-2368,17010780,VTWIN,PU
11860,87930,93197,VT-23-3021,VT-38-0372,VTWIN,VTWIN
826H.HF,12147,87966,VT-23-4560,17220758,VTWIN,PU
854H.LS,12143,87967,VT-23-4563,17211777,VTWIN,PU
B060195ASP,7155,87968,VT-23-6764,17103048,VTWIN,PU
O390301Z,2820,92715,VT-37-1085,24011599,VTWIN,PU
50353,5815,88542,VT-25-0353,06360573,VTWIN,PU
A2626280,4503,84277,VT-13-0112,DS194222,VTWIN,PU
73151,72175,94637,VT-46-0149,VT-33-1414,VTWIN,VTWIN
20324,2229,88614,VT-25-3264,DS190138,VTWIN,PU
H070591MB,30295,88709,VT-26-0940,06100791,VTWIN,PU
H070591NMB,30139,88719,VT-26-0965,06102309,VTWIN,PU
H070592NMB,30248,88721,VT-26-0967,06102313,VTWIN,PU
77840,85717,88935,VT-27-0386,VT-15-8740,VTWIN,VTWIN
105051,2583,88962,VT-27-0534,12020010,VTWIN,PU
77496C,13514,89039,VT-27-1010,16210726,VTWIN,PU
G150936,2470,89279,VT-28-0234,11200079,VTWIN,PU
20029,25810,89298,VT-28-0412,04110085,VTWIN,PU
1700341,12301,89317,VT-28-0502,10220186,VTWIN,PU
79112,34145,89435,VT-28-3105,08010299,VTWIN,PU
5534,14867,62643,VT-16-1669,10103156,VTWIN,PU
77244,89517,89729,VT-30-0356,VT-31-0319,VTWIN,VTWIN
14280,43780,89530,VT-30-0491,WPS-865-01007,VTWIN,WPS
510164,13581,95322,VT-50-0146,14010325,VTWIN,PU
C160114,370,89755,VT-31-0443,09330053,VTWIN,PU
NTBWJ08,34245,71157,21200837,VT-32-6688,PU,VTWIN
S280056,776,89832,VT-31-0943,15050004,VTWIN,PU
8819,56747,68624,WPS-874-1248,VT-30-0009,WPS,VTWIN
13407,4321,73071,VT-34-0510,06400494,VTWIN,PU
NU3408,12586,91486,DS289501,VT-34-0901,PU,VTWIN
A3157673,2051,90090,VT-32-0059,21100452,VTWIN,PU
A3157573,1318,90168,VT-32-0307,DS194144,VTWIN,PU
77503,9489,78829,16010415,VT-47-0062,PU,VTWIN
71074A,90210,90874,VT-32-0402,VT-32-8931,VTWIN,VTWIN
102033,29052,90255,VT-32-0512,21020221,VTWIN,PU
BA080010,15300,54441,22100660,WPS-27-57012,PU,WPS
62136,34997,90297,VT-32-0603,07050043,VTWIN,PU
JGI1677663XF,452,61886,09343142,VT-15-1441,PU,VTWIN
NNSEB01,4849,75321,11050275,VT-37-1076,PU,VTWIN
1213,356,73701,09261171,VT-34-2113,PU,VTWIN
H1001C,58509,90364,VT-32-0784,WPS-820-60113,VTWIN,WPS
F510645R,58401,95535,VT-50-1160,WPS-820-0402,VTWIN,WPS
18450,71379,90409,VT-32-0968,VT-32-8450,VTWIN,VTWIN
7471108C,1190,90415,VT-32-0984,21120821,VTWIN,PU
DC67,36927,90436,VT-32-1066,WPS-133-1084,VTWIN,WPS
DC67,2044,90436,VT-32-1066,21020246,VTWIN,PU
1013010014,2064,92197,06521297,VT-36-2496,PU,VTWIN
A3312693,3415,90951,21100232,VT-32-9280,PU,VTWIN
PH125HD09B,90470,90757,VT-32-1308,VT-32-7525,VTWIN,VTWIN
E210219,13669,90505,VT-32-1517,21060549,VTWIN,PU
74700031C,7544,90542,VT-32-1710,21121317,VTWIN,PU
29900038,1200,90577,VT-32-1823,21121314,VTWIN,PU
060147,31937,58239,18611638,WPS-70-6147,PU,WPS
1141,68176,90658,VT-32-5141,VT-28-0420,VTWIN,VTWIN
86266,50629,91971,WPS-820-51510,VT-35-9169,WPS,VTWIN
23961413,3495,96682,VT-10-8356,DS194004,VTWIN,PU
K2803,16070,61105,VT-11-9984,09031677,VTWIN,PU
20100,76354,93470,VT-39-0955,VT-38-2010,VTWIN,VTWIN
JGI6054036,9125,85222,DS174344,VT-15-0905,PU,VTWIN
JGI6352592,1561,93688,DS174524,VT-40-9835,PU,VTWIN
7000179,90781,90782,VT-32-7579,VT-32-7580,VTWIN,VTWIN
18300BN,29318,90805,VT-32-7760,21100225,VTWIN,PU
H070588B,41656,67269,WPS-820-1520B,VT-26-0980,WPS,VTWIN
MCVOS1,57611,90905,VT-32-9080,WPS-275-01150,VTWIN,WPS
A2491248A,607,84122,VT-12-1514,10120104,VTWIN,PU
A4360882,14644,94529,DS195406,VT-44-2025,PU,VTWIN
A4329482,14652,94535,DS195410,VT-44-2031,PU,VTWIN
A3312690,3414,90937,VT-32-9229,21100231,VTWIN,PU
NHCXJ04,34347,71146,21200367,VT-32-6676,PU,VTWIN
9040CRK,34996,73928,07050032,VT-35-0040,PU,VTWIN
B160729MB,816,87914,VT-23-2359,17010761,VTWIN,PU
1927,62353,95665,VT-50-1927,VT-16-0499,VTWIN,VTWIN
H6024,72473,91106,VT-33-0123,VT-33-2009,VTWIN,VTWIN
76989,34124,67582,08030485,VT-27-0599,PU,VTWIN
78044,7220,19062,08200024,11070550,PU,PU
120011,36797,91131,VT-33-0300,WPS-12-0011,VTWIN,WPS
120011,12925,91131,VT-33-0300,04030175,VTWIN,PU
120011,12925,36797,WPS-12-0011,04030175,WPS,PU
H070749MB,30303,67359,06101871,VT-26-2217,PU,VTWIN
1705505MLS,3503,39810,WPS-681-4001,09341600,WPS,PU
63381,93244,93252,VT-38-0951,VT-38-0853,VTWIN,VTWIN
200334E,91338,91344,VT-33-2141,VT-33-2159,VTWIN,VTWIN
C770079,7163,80853,VT-50-2076,15100158,VTWIN,PU
C8043,31067,88255,DS190692,VT-24-0602,PU,VTWIN
260406,2482,94020,VT-43-0129,11070282,VTWIN,PU
NU3415,4112,91488,VT-34-0903,DS289503,VTWIN,PU
121002,16607,93280,VT-40-0042,04040644,VTWIN,PU
NU3425,1914,91502,VT-34-0976,DS289511,VTWIN,PU
060177A,13636,87415,VT-23-0297,17101064,VTWIN,PU
20731,43787,91666,VT-35-0380,WPS-865-01160,VTWIN,WPS
78842,91721,91840,VT-35-0600,VT-35-1178,VTWIN,VTWIN
78843,91726,91841,VT-35-0609,VT-35-1180,VTWIN,VTWIN
7507102,91746,91754,VT-35-0713,VT-35-0720,VTWIN,VTWIN
7527906,91753,91835,VT-35-0719,VT-35-1161,VTWIN,VTWIN
7520502,91745,91834,VT-35-1160,VT-35-0712,VTWIN,VTWIN
T030080NU,274,91913,VT-35-6108,07060229,VTWIN,PU
86284,50632,91973,VT-35-9188,WPS-820-51513,VTWIN,WPS
030002AA,91978,91979,VT-35-9247,VT-35-9248,VTWIN,VTWIN
1013030009,2130,92067,VT-36-0707,DS223879,VTWIN,PU
1013040021,1815,92076,VT-36-0763,DS223418,VTWIN,PU
1013030012,4918,92079,VT-36-0766,DS223590,VTWIN,PU
1013010015,226,92162,VT-36-2352,06521301,VTWIN,PU
1013040024,154,92191,VT-36-2466,DS223901,VTWIN,PU
1013040008,1835,92201,VT-36-2504,DS223909,VTWIN,PU
288121,4225,59604,VT-10-8121,DS199176,VTWIN,PU
112907,36320,74711,VT-35-9186,DS289112,VTWIN,PU
37,67178,92607,VT-37-0756,VT-26-0509,VTWIN,VTWIN
BA072000,9499,46415,WPS-28-61004,22110184,WPS,PU
T030163,280,93217,VT-40-0923,07110244,VTWIN,PU
JGI6352892,1588,93687,VT-40-9833,DS174992,VTWIN,PU
330054,7071,93725,VT-42-0120,11070047,VTWIN,PU
160260,94384,94385,VT-44-0569,VT-44-0570,VTWIN,VTWIN
78681,62215,94489,VT-44-0978,VT-15-8681,VTWIN,VTWIN
6021408,95439,95440,VT-50-0882,VT-50-0883,VTWIN,VTWIN
80142,13171,95604,VT-50-1608,24010448,VTWIN,PU
HDEG105,95784,95785,VT-51-1121,VT-51-1122,VTWIN,VTWIN
HDEG106,95786,95787,VT-51-1123,VT-51-1124,VTWIN,VTWIN
4012,82225,95916,VT-54-0152,VT-6945-2,VTWIN,VTWIN
12322,79085,96110,VT-8773-12,VT-48-0164,VTWIN,VTWIN
A2403770,4449,96425,VT-10-0447,DS196143,VTWIN,PU
20090,66819,96436,VT-10-0485,VT-25-1121,VTWIN,VTWIN
20091,87550,96437,VT-10-0486,VT-23-0600,VTWIN,VTWIN
20091,67013,96437,VT-10-0486,VT-25-2277,VTWIN,VTWIN
20091,67013,87550,VT-23-0600,VT-25-2277,VTWIN,VTWIN
A2558170,1680,96466,VT-10-0705,DS194198,VTWIN,PU
A3585284,3402,96574,VT-10-1214,DS196153,VTWIN,PU
A2555584,9818,96576,VT-10-1254,09250289,VTWIN,PU
2400680/83,8894,96678,VT-10-8328,DS194191,VTWIN,PU
292240,1120,96699,VT-10-8527,21100036,VTWIN,PU
212263,2411,59451,VT-10-2263,09250292,VTWIN,PU
46445PK,92374,92375,VT-37-0256,VT-37-0257,VTWIN,VTWIN
78275PK,92497,92498,VT-37-0387,VT-37-0386,VTWIN,VTWIN
40170,70520,75655,VT-37-8623,VT-32-1212,VTWIN,VTWIN
40170,5853,75655,VT-37-8623,35011823,VTWIN,PU
40170,5853,70520,VT-32-1212,35011823,VTWIN,PU
202131M,31810,60547,VT-11-2322,09262308,VTWIN,PU
JGI1705499X,3576,61843,VT-15-1352,20112100,VTWIN,PU
JGI1704704X,3567,85478,VT-15-1450,09341851,VTWIN,PU
BDLSPC13424,7202,87068,VT-20-4024,12040234,VTWIN,PU
807H.HS,12148,87842,VT-23-1960,17211751,VTWIN,PU
7198,31046,56869,WPS-874-1933,09320230,WPS,PU
94642,64206,66413,VT-24-1931,VT-20-4642,VTWIN,VTWIN
H070595,30233,67090,VT-26-0004,06101953,VTWIN,PU
40254,5897,70772,VT-32-1659,20101462,VTWIN,PU
75770A,79918,80187,VT-49-1804,VT-49-0787,VTWIN,VTWIN
531061,45875,69554,VT-31-0377,WPS-820-2263,VTWIN,WPS
060458,18219,56457,WPS-70-60458,06523231,WPS,PU
153,24428,81245,VT-51-2149,DS098153,VTWIN,PU
7188,14858,56791,WPS-874-1228,09251502,WPS,PU
78807,11130,74479,VT-35-1719,08012125,VTWIN,PU
JGI2526390X,9070,85422,VT-15-1256,09341186,VTWIN,PU
70022,5864,94934,VT-49-0629,24040840,VTWIN,PU
71512,26050,65957,VT-24-0115,02100338,VTWIN,PU
14204,41804,54890,WPS-05-1177,WPS-820-50553,WPS,WPS
320465,129,41530,WPS-820-0505,05100335,WPS,PU
298125,25743,59607,VT-10-8125,DS199195,VTWIN,PU
AC1157AAW,46744,72261,WPS-227-0014,VT-33-1584,WPS,VTWIN
C770098GB,778,92719,15100315,VT-37-1155,PU,VTWIN
53214,7108,50761,WPS-194-53214,06500751,WPS,PU
53214,7108,35886,06360276,06500751,PU,PU
1820,19445,59056,VT-10-0569,09290015,VTWIN,PU
10112,54540,92636,WPS-576-04282,VT-37-0825,WPS,VTWIN
202023M,9334,60529,VT-11-2303,09262269,VTWIN,PU
2021150,9346,61449,VT-13-2115,09262930,VTWIN,PU
7204,31071,69208,VT-30-3027,09250518,VTWIN,PU
170355,19574,20056,17420648,10120234,PU,PU
5548,6262,8697,17411047,10103328,PU,PU
37631,21584,81642,17410384,VT-52-1412,PU,VTWIN
4530,975,68418,17411001,VT-29-0033,PU,VTWIN
77957,62080,94126,VT-43-0885,VT-15-7957,VTWIN,VTWIN
50332,12865,66924,VT-25-2003,10101602,VTWIN,PU
63664,67355,67357,VT-26-2215,VT-26-2213,VTWIN,VTWIN
JGI12045DL,1525,84659,VT-14-0614,DS174376,VTWIN,PU
40171,4416,70521,VT-32-1213,35011824,VTWIN,PU
JGI6111665,3663,85328,VT-15-1067,DS174518,VTWIN,PU
112923,20377,74724,VT-35-9240,112923,VTWIN,PU
50352,27306,88541,VT-25-0352,06360572,VTWIN,PU
W160125,754,41721,WPS-820-2382,13030197,WPS,PU
5500501,12389,70811,VT-32-1731,21010345,VTWIN,PU
76743,79043,93598,VT-47-2203,VT-40-0673,VTWIN,VTWIN
77798,66029,85569,VT-24-0387,VT-15-7798,VTWIN,VTWIN
H070802MB1,30131,66702,VT-26-2262,06102202,VTWIN,PU
NHCXDB15,8505,71139,VT-32-6663,21200228,VTWIN,PU
SPC026,23958,75156,VT-37-0468,24040058,VTWIN,PU
86630,14210,61360,VT-12-9902,09320087,VTWIN,PU
40116,37963,70433,VT-32-0973,WPS-274-0030,VTWIN,WPS
79063,19048,65234,VT-26-1022,08050041,VTWIN,PU
352011,7601,75838,VT-37-9530,24010708,VTWIN,PU
1023040024,5288,74895,VT-36-1506,DS223985,VTWIN,PU
EVBB3T4,1998,64090,VT-20-0609,11200248,VTWIN,PU
84970,2547,87649,VT-23-0863,17020606,VTWIN,PU
21553,76292,76294,VT-38-1553,VT-38-1557,VTWIN,VTWIN
310008,12278,58969,VT-10-0029,09200124,VTWIN,PU
SPC015,23950,75153,VT-37-0465,24040051,VTWIN,PU
216321G,2396,59627,VT-10-8163,09250168,VTWIN,PU
204102,3746,83551,VT-11-6096,09261453,VTWIN,PU
JGI12052,9109,84663,VT-14-0618,DS174343,VTWIN,PU
G320324,2578,89049,VT-27-1118,12020076,VTWIN,PU
78749,89889,89936,VT-31-1478,VT-31-2003,VTWIN,VTWIN
JGI1705305,15056,85435,VT-15-1339,09341594,VTWIN,PU
20735,43788,74041,VT-35-0339,WPS-865-01164,VTWIN,WPS
76481,71126,96360,VT-10-0277,VT-32-6481,VTWIN,VTWIN
7324,8539,74082,09251282,VT-35-0426,PU,VTWIN
JGI1705205X,3522,61848,VT-15-1357,09341593,VTWIN,PU
A2558170+5,332,59468,09240272,VT-10-2525,PU,VTWIN
JGI2541606X,425,85444,VT-15-1381,09341607,VTWIN,PU
T216927,1314,93383,22100199,VT-39-0212,PU,VTWIN
6240SK3,2228,64094,VT-20-0613,DS360102,VTWIN,PU
78261,1606,62104,DS189864,VT-15-8261,PU,VTWIN
HDEG103,81181,95631,VT-51-1079,VT-51-1078,VTWIN,VTWIN
P509103C,24289,31289,17420724,509103CH,PU,PU
1013030024,5285,92190,VT-36-2464,DS223868,VTWIN,PU
20034,25811,70929,04110087,VT-32-2016,PU,VTWIN
212440,3900,59462,DS199299,VT-10-2440,PU,VTWIN
7197,30932,56875,WPS-874-1937,09251256,WPS,PU
CB30LB,9157,95899,RCB30LB,VT-53-0556,PU,VTWIN
JGI1705599,1493,85416,DS174204,VT-15-1246,PU,VTWIN
50336,5057,66934,VT-25-2014,10101605,VTWIN,PU
27371,13163,58591,04040308,WPS-830-1165,PU,WPS