id,product_id_a,product_id_b,created_at
8172,4017,90620,2026-07-04T05:04:56.389Z
8173,58949,90620,2026-07-04T05:04:56.427Z
8174,58566,87483,2026-07-04T05:04:56.467Z
8175,19515,61806,2026-07-04T05:04:56.506Z
8176,33542,54010,2026-07-04T05:04:56.546Z
8177,25779,59616,2026-07-04T05:04:56.586Z
8178,63177,66812,2026-07-04T05:04:56.626Z
8179,23017,38027,2026-07-04T05:04:56.665Z
8180,30080,41650,2026-07-04T05:04:56.704Z
8181,31746,60081,2026-07-04T05:04:56.744Z
8182,81188,95789,2026-07-04T05:04:56.784Z
8183,50133,62726,2026-07-04T05:04:56.913Z
8184,67428,75908,2026-07-04T05:04:56.953Z
8185,58481,65576,2026-07-04T05:04:56.993Z
8186,8142,77101,2026-07-04T05:04:57.031Z
8187,61589,90552,2026-07-04T05:04:57.070Z
8188,34596,51754,2026-07-04T05:04:57.108Z
8189,40798,54548,2026-07-04T05:04:57.148Z
8190,45564,72706,2026-07-04T05:04:57.185Z
8191,39115,75968,2026-07-04T05:04:57.224Z
8192,1794,86414,2026-07-04T05:04:57.263Z
8193,48934,62350,2026-07-04T05:04:57.302Z
8194,63962,89699,2026-07-04T05:04:57.340Z
8195,17577,89312,2026-07-04T05:04:57.439Z
8196,41628,66721,2026-07-04T05:04:57.480Z
8197,5034,36800,2026-07-04T05:04:57.520Z
8198,34775,38592,2026-07-04T05:04:57.560Z
8199,36891,50126,2026-07-04T05:04:57.603Z
8200,36914,71035,2026-07-04T05:04:57.643Z
8201,43363,63648,2026-07-04T05:04:57.683Z
8202,1683,96674,2026-07-04T05:04:57.721Z
8203,30639,86548,2026-07-04T05:04:57.761Z
8204,23245,71156,2026-07-04T05:04:57.801Z
8205,49083,71156,2026-07-04T05:04:57.841Z
8206,14239,88794,2026-07-04T05:04:57.963Z
8207,38867,89404,2026-07-04T05:04:58.003Z
8208,80968,89404,2026-07-04T05:04:58.043Z
8209,41822,51789,2026-07-04T05:04:58.083Z
8210,43740,71027,2026-07-04T05:04:58.123Z
8211,36915,71037,2026-07-04T05:04:58.162Z
8212,36935,71285,2026-07-04T05:04:58.200Z
8213,13342,71285,2026-07-04T05:04:58.240Z
8214,34667,81958,2026-07-04T05:04:58.278Z
8215,15222,31697,2026-07-04T05:04:58.318Z
8216,15222,60883,2026-07-04T05:04:58.357Z
8217,31697,60883,2026-07-04T05:04:58.485Z
8218,15223,25260,2026-07-04T05:04:58.525Z
8219,15223,61448,2026-07-04T05:04:58.563Z
8220,25260,61448,2026-07-04T05:04:58.603Z
8221,15241,55592,2026-07-04T05:04:58.643Z
8222,15242,83554,2026-07-04T05:04:58.681Z
8223,15243,55563,2026-07-04T05:04:58.720Z
8224,21374,50621,2026-07-04T05:04:58.760Z
8225,15304,54444,2026-07-04T05:04:58.800Z
8226,23839,92953,2026-07-04T05:04:58.840Z
8227,56022,56023,2026-07-04T05:04:58.881Z
8228,3481,96669,2026-07-04T05:04:59.006Z
8229,12270,59538,2026-07-04T05:04:59.048Z
8230,28175,61826,2026-07-04T05:04:59.089Z
8231,29061,90360,2026-07-04T05:04:59.128Z
8232,12736,59548,2026-07-04T05:04:59.167Z
8233,2206,46084,2026-07-04T05:04:59.207Z
8234,47251,74140,2026-07-04T05:04:59.245Z
8235,11702,74706,2026-07-04T05:04:59.283Z
8236,57612,90904,2026-07-04T05:04:59.323Z
8237,31221,60052,2026-07-04T05:04:59.363Z
8238,37845,79554,2026-07-04T05:04:59.402Z
8239,13568,51167,2026-07-04T05:04:59.533Z
8240,9354,60462,2026-07-04T05:04:59.573Z
8241,9023,39913,2026-07-04T05:04:59.613Z
8242,29330,50222,2026-07-04T05:04:59.653Z
8243,13090,51491,2026-07-04T05:04:59.694Z
8244,6685,61661,2026-07-04T05:04:59.733Z
8245,4043,49406,2026-07-04T05:04:59.774Z
8246,15208,60889,2026-07-04T05:04:59.814Z
8247,22985,71059,2026-07-04T05:04:59.851Z
8248,30318,41714,2026-07-04T05:04:59.891Z
8249,30318,76312,2026-07-04T05:04:59.930Z
8250,41714,76312,2026-07-04T05:05:00.059Z
8251,29913,48866,2026-07-04T05:05:00.101Z
8252,13230,61803,2026-07-04T05:05:00.141Z
8253,53984,90232,2026-07-04T05:05:00.181Z
8254,17823,90232,2026-07-04T05:05:00.222Z
8255,23364,53999,2026-07-04T05:05:00.263Z
8256,29027,71723,2026-07-04T05:05:00.301Z
8257,48777,54552,2026-07-04T05:05:00.341Z
8258,75658,89259,2026-07-04T05:05:00.381Z
8259,67015,75658,2026-07-04T05:05:00.419Z
8260,67015,89259,2026-07-04T05:05:00.457Z
8261,30111,46355,2026-07-04T05:05:00.583Z
8262,9305,37372,2026-07-04T05:05:00.623Z
8263,37372,60160,2026-07-04T05:05:00.662Z
8264,9305,60160,2026-07-04T05:05:00.701Z
8265,424,39813,2026-07-04T05:05:00.741Z
8266,39813,61838,2026-07-04T05:05:00.779Z
8267,424,61838,2026-07-04T05:05:00.817Z
8268,29479,41409,2026-07-04T05:05:00.855Z
8269,26150,44150,2026-07-04T05:05:00.893Z
8270,9030,84773,2026-07-04T05:05:00.931Z
8271,9030,85476,2026-07-04T05:05:00.971Z
8272,84773,85476,2026-07-04T05:05:01.011Z
8273,39849,81279,2026-07-04T05:05:01.108Z
8274,4067,65529,2026-07-04T05:05:01.149Z
8275,17454,67094,2026-07-04T05:05:01.189Z
8276,36317,91615,2026-07-04T05:05:01.228Z
8277,9008,58119,2026-07-04T05:05:01.268Z
8278,9008,61862,2026-07-04T05:05:01.305Z
8279,58119,61862,2026-07-04T05:05:01.346Z
8280,19180,60234,2026-07-04T05:05:01.385Z
8281,26597,63569,2026-07-04T05:05:01.425Z
8282,94905,95090,2026-07-04T05:05:01.465Z
8283,28142,88135,2026-07-04T05:05:01.504Z
8284,88882,89054,2026-07-04T05:05:01.633Z
8285,9558,74710,2026-07-04T05:05:01.673Z
8286,13540,40247,2026-07-04T05:05:01.713Z
8287,45196,60268,2026-07-04T05:05:01.753Z
8288,4208,86553,2026-07-04T05:05:01.792Z
8289,24800,59605,2026-07-04T05:05:01.831Z
8290,29025,72118,2026-07-04T05:05:01.871Z
8291,8749,75662,2026-07-04T05:05:01.910Z
8292,11335,56661,2026-07-04T05:05:01.950Z
8293,12419,66482,2026-07-04T05:05:01.988Z
8294,12677,61026,2026-07-04T05:05:02.042Z
8295,4388,84183,2026-07-04T05:05:02.156Z
8296,12762,48763,2026-07-04T05:05:02.195Z
8297,12766,71711,2026-07-04T05:05:02.234Z
8298,36811,70053,2026-07-04T05:05:02.273Z
8299,18444,70053,2026-07-04T05:05:02.313Z
8300,19183,61106,2026-07-04T05:05:02.351Z
8301,9529,74727,2026-07-04T05:05:02.390Z
8302,15253,75633,2026-07-04T05:05:02.430Z
8303,4329,96696,2026-07-04T05:05:02.470Z
8304,15658,72904,2026-07-04T05:05:02.510Z
8305,15658,19452,2026-07-04T05:05:02.549Z
8306,19452,72904,2026-07-04T05:05:02.678Z
8307,25742,59628,2026-07-04T05:05:02.718Z
8308,26792,40969,2026-07-04T05:05:02.758Z
8309,31017,40985,2026-07-04T05:05:02.798Z
8310,31119,40989,2026-07-04T05:05:02.837Z
8311,1674,84664,2026-07-04T05:05:02.878Z
8312,19435,40996,2026-07-04T05:05:02.918Z
8313,31080,40997,2026-07-04T05:05:02.958Z
8314,40997,76942,2026-07-04T05:05:02.997Z
8315,31080,76942,2026-07-04T05:05:03.035Z
8316,31039,40998,2026-07-04T05:05:03.073Z
8317,20178,74121,2026-07-04T05:05:03.201Z
8318,14905,41006,2026-07-04T05:05:03.239Z
8319,41006,87779,2026-07-04T05:05:03.278Z
8320,14905,87779,2026-07-04T05:05:03.318Z
5567,13701,55060,2026-07-04T05:02:54.995Z
5568,13702,55061,2026-07-04T05:02:55.037Z
5569,36885,71022,2026-07-04T05:02:55.076Z
5570,13704,90595,2026-07-04T05:02:55.115Z
5571,13706,90596,2026-07-04T05:02:55.153Z
5572,1328,69009,2026-07-04T05:02:55.277Z
5573,58777,90984,2026-07-04T05:02:55.315Z
5574,11279,90984,2026-07-04T05:02:55.355Z
5575,13745,87822,2026-07-04T05:02:55.393Z
5576,58760,90967,2026-07-04T05:02:55.433Z
5577,8500,90967,2026-07-04T05:02:55.473Z
5578,13760,50623,2026-07-04T05:02:55.513Z
5579,44309,70707,2026-07-04T05:02:55.553Z
5580,34295,71163,2026-07-04T05:02:55.592Z
5581,77276,96409,2026-07-04T05:02:55.630Z
5582,62081,73149,2026-07-04T05:02:55.668Z
5583,13808,90592,2026-07-04T05:02:55.801Z
5584,13809,90593,2026-07-04T05:02:55.840Z
5585,24089,61038,2026-07-04T05:02:55.878Z
5586,13843,53447,2026-07-04T05:02:55.917Z
5587,4236,56042,2026-07-04T05:02:55.957Z
5588,13881,95345,2026-07-04T05:02:55.997Z
5589,13881,58465,2026-07-04T05:02:56.038Z
5590,58465,95345,2026-07-04T05:02:56.076Z
5591,92987,95983,2026-07-04T05:02:56.115Z
5592,29956,92689,2026-07-04T05:02:56.154Z
5593,62124,77477,2026-07-04T05:02:56.194Z
5594,30042,67329,2026-07-04T05:02:56.325Z
5595,8480,91013,2026-07-04T05:02:56.365Z
5596,58864,91013,2026-07-04T05:02:56.405Z
5597,4576,86894,2026-07-04T05:02:56.445Z
5598,8347,68478,2026-07-04T05:02:56.485Z
5599,14108,57615,2026-07-04T05:02:56.525Z
5600,26785,64156,2026-07-04T05:02:56.565Z
5601,14109,57621,2026-07-04T05:02:56.603Z
5602,14145,89145,2026-07-04T05:02:56.643Z
5603,30649,96410,2026-07-04T05:02:56.683Z
5604,11692,93976,2026-07-04T05:02:56.723Z
5605,11261,90996,2026-07-04T05:02:56.850Z
5606,58887,90996,2026-07-04T05:02:56.891Z
5607,14197,37520,2026-07-04T05:02:56.930Z
5608,787,93894,2026-07-04T05:02:56.973Z
5609,8751,57320,2026-07-04T05:02:57.012Z
5610,28663,94161,2026-07-04T05:02:57.051Z
5611,14618,84182,2026-07-04T05:02:57.090Z
5612,14620,84008,2026-07-04T05:02:57.130Z
5613,27249,37522,2026-07-04T05:02:57.170Z
5614,11167,92842,2026-07-04T05:02:57.211Z
5615,2586,64080,2026-07-04T05:02:57.250Z
5616,14640,86367,2026-07-04T05:02:57.374Z
5617,14641,96481,2026-07-04T05:02:57.413Z
5618,14642,84094,2026-07-04T05:02:57.451Z
5619,14647,86498,2026-07-04T05:02:57.490Z
5620,14663,96488,2026-07-04T05:02:57.530Z
5621,21479,31647,2026-07-04T05:02:57.570Z
5622,14770,39043,2026-07-04T05:02:57.607Z
8321,31037,41007,2026-07-04T05:05:03.358Z
5623,14827,41005,2026-07-04T05:02:57.646Z
5624,14829,41000,2026-07-04T05:02:57.686Z
5625,14853,77709,2026-07-04T05:02:57.726Z
5626,14862,67776,2026-07-04T05:02:57.763Z
5627,16674,36805,2026-07-04T05:02:57.894Z
5628,36805,41800,2026-07-04T05:02:57.933Z
5629,36805,71715,2026-07-04T05:02:57.972Z
5630,7924,16674,2026-07-04T05:02:58.012Z
5631,7924,41800,2026-07-04T05:02:58.053Z
5632,7924,71715,2026-07-04T05:02:58.093Z
5633,16674,41800,2026-07-04T05:02:58.134Z
5634,16674,71715,2026-07-04T05:02:58.173Z
5635,41800,71715,2026-07-04T05:02:58.213Z
5636,14865,40986,2026-07-04T05:02:58.253Z
5637,14865,51489,2026-07-04T05:02:58.292Z
5638,40986,51489,2026-07-04T05:02:58.423Z
5639,23770,42584,2026-07-04T05:02:58.460Z
8322,41007,87358,2026-07-04T05:05:03.396Z
8323,31037,87358,2026-07-04T05:05:03.436Z
8324,41008,83755,2026-07-04T05:05:03.475Z
5640,14875,40981,2026-07-04T05:02:58.499Z
5641,14875,77199,2026-07-04T05:02:58.536Z
5642,40981,77199,2026-07-04T05:02:58.574Z
5643,14896,40983,2026-07-04T05:02:58.612Z
5644,14909,14992,2026-07-04T05:02:58.651Z
8325,21650,88716,2026-07-04T05:05:03.515Z
5645,14923,53309,2026-07-04T05:02:58.690Z
5646,14937,57326,2026-07-04T05:02:58.730Z
5647,942,58650,2026-07-04T05:02:58.769Z
5648,942,87413,2026-07-04T05:02:58.808Z
5649,58650,87413,2026-07-04T05:02:58.847Z
5650,13762,50555,2026-07-04T05:02:58.947Z
5651,13762,87830,2026-07-04T05:02:58.988Z
8326,14906,41011,2026-07-04T05:05:03.554Z
5652,50555,87830,2026-07-04T05:02:59.028Z
5653,7134,93474,2026-07-04T05:02:59.067Z
5654,13766,50625,2026-07-04T05:02:59.105Z
5655,13766,87740,2026-07-04T05:02:59.143Z
5656,50625,87740,2026-07-04T05:02:59.181Z
5657,14988,86065,2026-07-04T05:02:59.219Z
5658,9399,46933,2026-07-04T05:02:59.258Z
5659,15006,83829,2026-07-04T05:02:59.298Z
5660,15052,84799,2026-07-04T05:02:59.337Z
5661,15053,85470,2026-07-04T05:02:59.468Z
5662,15055,61790,2026-07-04T05:02:59.508Z
5663,7117,49373,2026-07-04T05:02:59.548Z
8327,41011,95932,2026-07-04T05:05:03.591Z
5664,15058,85450,2026-07-04T05:02:59.587Z
5665,2794,68416,2026-07-04T05:02:59.626Z
5666,15062,85474,2026-07-04T05:02:59.665Z
5667,15065,61834,2026-07-04T05:02:59.704Z
5668,85992,85995,2026-07-04T05:02:59.742Z
5669,15073,61786,2026-07-04T05:02:59.780Z
5670,21593,30972,2026-07-04T05:02:59.821Z
5671,15079,85085,2026-07-04T05:02:59.860Z
5672,15084,85415,2026-07-04T05:02:59.990Z
5673,15090,85187,2026-07-04T05:03:00.029Z
5674,15092,85237,2026-07-04T05:03:00.068Z
5675,15094,85235,2026-07-04T05:03:00.106Z
5676,15095,85149,2026-07-04T05:03:00.145Z
5677,15096,85150,2026-07-04T05:03:00.185Z
5678,15098,85219,2026-07-04T05:03:00.225Z
5679,15099,85232,2026-07-04T05:03:00.265Z
5680,15103,84647,2026-07-04T05:03:00.305Z
8328,14906,95932,2026-07-04T05:05:03.630Z
8329,8551,41015,2026-07-04T05:05:03.730Z
8330,41016,88246,2026-07-04T05:05:03.768Z
8331,41016,83770,2026-07-04T05:05:03.806Z
8332,83770,88246,2026-07-04T05:05:03.846Z
8333,61323,93946,2026-07-04T05:05:03.884Z
8334,13343,37638,2026-07-04T05:05:03.922Z
8335,45191,59745,2026-07-04T05:05:03.960Z
8336,22963,90146,2026-07-04T05:05:04.000Z
8337,1791,86403,2026-07-04T05:05:04.039Z
5681,15104,85220,2026-07-04T05:03:00.345Z
5682,34272,70517,2026-07-04T05:03:00.385Z
5683,70003,84906,2026-07-04T05:03:00.515Z
5684,38009,90244,2026-07-04T05:03:00.555Z
5685,15195,60864,2026-07-04T05:03:00.593Z
5686,15195,57517,2026-07-04T05:03:00.632Z
5687,57517,60864,2026-07-04T05:03:00.672Z
5688,15201,60466,2026-07-04T05:03:00.711Z
5689,15203,60464,2026-07-04T05:03:00.749Z
5690,15205,37378,2026-07-04T05:03:00.788Z
5691,15207,83550,2026-07-04T05:03:00.828Z
5692,15213,57516,2026-07-04T05:03:00.867Z
8338,62195,70837,2026-07-04T05:05:04.079Z
8339,85,41536,2026-07-04T05:05:04.120Z
8340,4378,83853,2026-07-04T05:05:04.251Z
8341,744,41486,2026-07-04T05:05:04.291Z
8342,29820,88790,2026-07-04T05:05:04.330Z
8343,12753,86421,2026-07-04T05:05:04.370Z
8344,25723,59575,2026-07-04T05:05:04.411Z
8345,25601,72606,2026-07-04T05:05:04.449Z
8346,25769,64128,2026-07-04T05:05:04.487Z
8347,25771,61481,2026-07-04T05:05:04.526Z
5693,15213,83552,2026-07-04T05:03:00.908Z
5694,57516,83552,2026-07-04T05:03:00.948Z
5695,15216,60530,2026-07-04T05:03:01.043Z
5696,15217,60542,2026-07-04T05:03:01.082Z
5697,15218,60550,2026-07-04T05:03:01.123Z
5698,15219,37404,2026-07-04T05:03:01.161Z
5699,15220,60032,2026-07-04T05:03:01.200Z
5700,15220,37385,2026-07-04T05:03:01.240Z
5701,37385,60032,2026-07-04T05:03:01.279Z
5702,15221,60074,2026-07-04T05:03:01.317Z
5703,8162,72067,2026-07-04T05:03:01.356Z
5704,15227,60470,2026-07-04T05:03:01.397Z
5705,15230,43369,2026-07-04T05:03:01.436Z
5706,15230,84787,2026-07-04T05:03:01.567Z
5707,43369,84787,2026-07-04T05:03:01.611Z
5708,15231,47673,2026-07-04T05:03:01.650Z
5709,15231,60116,2026-07-04T05:03:01.688Z
5710,47673,60116,2026-07-04T05:03:01.727Z
5711,15233,37334,2026-07-04T05:03:01.766Z
5712,15233,60071,2026-07-04T05:03:01.805Z
5713,37334,60071,2026-07-04T05:03:01.844Z
5714,15238,60554,2026-07-04T05:03:01.883Z
5715,15239,60557,2026-07-04T05:03:01.928Z
8348,41439,88482,2026-07-04T05:05:04.565Z
8349,3995,90992,2026-07-04T05:05:04.602Z
5716,15245,61452,2026-07-04T05:03:01.968Z
5717,15251,60870,2026-07-04T05:03:02.095Z
5718,15251,57507,2026-07-04T05:03:02.136Z
5719,57507,60870,2026-07-04T05:03:02.175Z
5720,58251,87428,2026-07-04T05:03:02.216Z
5721,26795,64107,2026-07-04T05:03:02.255Z
5722,15301,54443,2026-07-04T05:03:02.296Z
5723,15303,37814,2026-07-04T05:03:02.336Z
5724,31922,54446,2026-07-04T05:03:02.376Z
5725,33503,72557,2026-07-04T05:03:02.415Z
5726,17487,67311,2026-07-04T05:03:02.456Z
5727,3408,96444,2026-07-04T05:03:02.495Z
5728,5449,87006,2026-07-04T05:03:02.616Z
5729,8818,51024,2026-07-04T05:03:02.656Z
5730,15636,78506,2026-07-04T05:03:02.696Z
5731,36569,76482,2026-07-04T05:03:02.735Z
5732,9308,37356,2026-07-04T05:03:02.776Z
5733,37356,60040,2026-07-04T05:03:02.815Z
5734,9308,60040,2026-07-04T05:03:02.853Z
5735,62158,72258,2026-07-04T05:03:02.892Z
5736,15771,96448,2026-07-04T05:03:02.933Z
5737,62131,93232,2026-07-04T05:03:02.973Z
5738,8744,45812,2026-07-04T05:03:03.011Z
5739,13768,50127,2026-07-04T05:03:03.146Z
5740,15829,59571,2026-07-04T05:03:03.186Z
5741,1076,93210,2026-07-04T05:03:03.226Z
5742,6323,28667,2026-07-04T05:03:03.266Z
5743,15869,61474,2026-07-04T05:03:03.305Z
5744,49040,71155,2026-07-04T05:03:03.345Z
5745,34301,71155,2026-07-04T05:03:03.384Z
5746,4463,86031,2026-07-04T05:03:03.423Z
5747,6503,83857,2026-07-04T05:03:03.461Z
5748,16028,78200,2026-07-04T05:03:03.501Z
5749,10496,16041,2026-07-04T05:03:03.540Z
5750,70262,70963,2026-07-04T05:03:03.666Z
5751,4598,60104,2026-07-04T05:03:03.704Z
5752,3265,25750,2026-07-04T05:03:03.743Z
5753,3265,59504,2026-07-04T05:03:03.783Z
5754,3265,44298,2026-07-04T05:03:03.823Z
5755,25750,59504,2026-07-04T05:03:03.863Z
5756,25750,44298,2026-07-04T05:03:03.903Z
5757,44298,59504,2026-07-04T05:03:03.943Z
5758,8776,51751,2026-07-04T05:03:03.983Z
5759,16116,53313,2026-07-04T05:03:04.023Z
5760,34571,51753,2026-07-04T05:03:04.063Z
5761,8779,51712,2026-07-04T05:03:04.188Z
5762,3648,85280,2026-07-04T05:03:04.227Z
5763,43016,74096,2026-07-04T05:03:04.268Z
5764,30349,91927,2026-07-04T05:03:04.308Z
5765,3277,76858,2026-07-04T05:03:04.348Z
5766,3140,76857,2026-07-04T05:03:04.388Z
5767,34039,67616,2026-07-04T05:03:04.428Z
5768,28104,75139,2026-07-04T05:03:04.468Z
5769,8872,59378,2026-07-04T05:03:04.507Z
5770,31804,37417,2026-07-04T05:03:04.545Z
5771,23965,67419,2026-07-04T05:03:04.583Z
5772,5863,54539,2026-07-04T05:03:04.708Z
5773,3845,44112,2026-07-04T05:03:04.748Z
5774,14919,40990,2026-07-04T05:03:04.788Z
5775,29703,57622,2026-07-04T05:03:04.827Z
5776,62123,77475,2026-07-04T05:03:04.867Z
5777,31942,58241,2026-07-04T05:03:04.908Z
5778,7242,51163,2026-07-04T05:03:04.948Z
5779,29121,71949,2026-07-04T05:03:04.988Z
5780,15712,56706,2026-07-04T05:03:05.028Z
5781,36792,77176,2026-07-04T05:03:05.068Z
5782,12924,77176,2026-07-04T05:03:05.108Z
5783,12924,36792,2026-07-04T05:03:05.240Z
5784,16932,31107,2026-07-04T05:03:05.279Z
5785,24812,64120,2026-07-04T05:03:05.318Z
5786,26608,86855,2026-07-04T05:03:05.359Z
5787,85614,88452,2026-07-04T05:03:05.398Z
5788,7259,87215,2026-07-04T05:03:05.438Z
5789,8750,49415,2026-07-04T05:03:05.476Z
5790,11446,49413,2026-07-04T05:03:05.516Z
5791,2119,92202,2026-07-04T05:03:05.554Z
5792,67146,83022,2026-07-04T05:03:05.593Z
5793,29692,75732,2026-07-04T05:03:05.633Z
5794,62145,90525,2026-07-04T05:03:05.762Z
5795,24077,61078,2026-07-04T05:03:05.801Z
5796,38697,62389,2026-07-04T05:03:05.841Z
5797,31733,60548,2026-07-04T05:03:05.882Z
5798,16557,61565,2026-07-04T05:03:05.921Z
5799,27338,62716,2026-07-04T05:03:05.960Z
5800,65353,76885,2026-07-04T05:03:05.998Z
5801,58097,85480,2026-07-04T05:03:06.038Z
5802,9518,74728,2026-07-04T05:03:06.077Z
5803,35050,74730,2026-07-04T05:03:06.114Z
5804,33707,67707,2026-07-04T05:03:06.152Z
5805,8239,88788,2026-07-04T05:03:06.284Z
5806,47516,72955,2026-07-04T05:03:06.323Z
5807,12896,37768,2026-07-04T05:03:06.361Z
5808,4224,59450,2026-07-04T05:03:06.399Z
5809,12815,38067,2026-07-04T05:03:06.439Z
5810,25214,64089,2026-07-04T05:03:06.477Z
5811,18639,89514,2026-07-04T05:03:06.515Z
5812,13168,72893,2026-07-04T05:03:06.553Z
5813,1458,85190,2026-07-04T05:03:06.590Z
5814,62100,77761,2026-07-04T05:03:06.629Z
5815,49097,90645,2026-07-04T05:03:06.668Z
5816,1260,90645,2026-07-04T05:03:06.708Z
5817,61907,62590,2026-07-04T05:03:06.811Z
5818,9402,46932,2026-07-04T05:03:06.850Z
5819,15093,85289,2026-07-04T05:03:06.891Z
5820,33131,76486,2026-07-04T05:03:06.931Z
5821,36810,76486,2026-07-04T05:03:06.969Z
5822,14624,84266,2026-07-04T05:03:07.008Z
5823,51718,60288,2026-07-04T05:03:07.048Z
5824,6655,85487,2026-07-04T05:03:07.088Z
5825,19147,43106,2026-07-04T05:03:07.128Z
5826,3285,19193,2026-07-04T05:03:07.168Z
5827,19238,83909,2026-07-04T05:03:07.207Z
5828,19481,86755,2026-07-04T05:03:07.335Z
5829,57848,86755,2026-07-04T05:03:07.374Z
5830,19481,57848,2026-07-04T05:03:07.415Z
5831,9163,85399,2026-07-04T05:03:07.455Z
5832,19299,40982,2026-07-04T05:03:07.495Z
5833,19304,25187,2026-07-04T05:03:07.533Z
5834,19304,63067,2026-07-04T05:03:07.571Z
5835,25187,63067,2026-07-04T05:03:07.610Z
5836,19307,59519,2026-07-04T05:03:07.650Z
5837,19349,37367,2026-07-04T05:03:07.690Z
5838,19354,37402,2026-07-04T05:03:07.731Z
8350,58785,90992,2026-07-04T05:05:04.641Z
8351,26094,71434,2026-07-04T05:05:04.681Z
5839,19356,60038,2026-07-04T05:03:07.860Z
5840,19356,37351,2026-07-04T05:03:07.900Z
5841,37351,60038,2026-07-04T05:03:07.940Z
8352,40150,41483,2026-07-04T05:05:04.778Z
8353,87,41529,2026-07-04T05:05:04.818Z
8354,41570,76293,2026-07-04T05:05:04.858Z
8355,41571,93269,2026-07-04T05:05:04.898Z
8356,41579,66816,2026-07-04T05:05:04.937Z
8357,29405,72129,2026-07-04T05:05:04.975Z
5842,19361,60139,2026-07-04T05:03:07.980Z
5843,19361,37349,2026-07-04T05:03:08.020Z
5844,37349,60139,2026-07-04T05:03:08.060Z
5845,19362,60041,2026-07-04T05:03:08.100Z
5846,19362,37358,2026-07-04T05:03:08.138Z
5847,37358,60041,2026-07-04T05:03:08.178Z
5848,19363,37354,2026-07-04T05:03:08.216Z
5849,19363,60039,2026-07-04T05:03:08.255Z
5850,37354,60039,2026-07-04T05:03:08.385Z
5851,19370,61442,2026-07-04T05:03:08.425Z
5852,19374,60035,2026-07-04T05:03:08.465Z
5853,19374,37391,2026-07-04T05:03:08.505Z
5854,37391,60035,2026-07-04T05:03:08.545Z
5855,19379,60024,2026-07-04T05:03:08.585Z
5856,19380,60027,2026-07-04T05:03:08.625Z
5857,19381,37361,2026-07-04T05:03:08.666Z
5858,19381,60064,2026-07-04T05:03:08.705Z
5859,37361,60064,2026-07-04T05:03:08.743Z
5860,19392,60323,2026-07-04T05:03:08.781Z
5861,19393,60541,2026-07-04T05:03:08.906Z
5862,19394,60546,2026-07-04T05:03:08.947Z
5863,14050,90037,2026-07-04T05:03:08.985Z
5864,19397,60126,2026-07-04T05:03:09.023Z
5865,19401,61450,2026-07-04T05:03:09.062Z
5866,19407,43368,2026-07-04T05:03:09.103Z
5867,19408,60566,2026-07-04T05:03:09.141Z
5868,19416,55600,2026-07-04T05:03:09.180Z
5869,19442,41004,2026-07-04T05:03:09.220Z
8358,29028,71863,2026-07-04T05:05:05.015Z
5870,19446,37307,2026-07-04T05:03:09.261Z
5871,19446,69155,2026-07-04T05:03:09.300Z
5872,37307,69155,2026-07-04T05:03:09.433Z
5873,19482,61328,2026-07-04T05:03:09.473Z
5874,23387,87949,2026-07-04T05:03:09.513Z
5875,19533,61778,2026-07-04T05:03:09.551Z
5876,24408,61048,2026-07-04T05:03:09.590Z
5877,19551,85449,2026-07-04T05:03:09.630Z
5878,19749,73921,2026-07-04T05:03:09.667Z
5879,48865,69556,2026-07-04T05:03:09.707Z
5880,71190,86804,2026-07-04T05:03:09.746Z
5881,4234,86424,2026-07-04T05:03:09.784Z
5882,78716,86496,2026-07-04T05:03:09.823Z
5883,19904,71432,2026-07-04T05:03:09.953Z
5884,19936,83854,2026-07-04T05:03:09.993Z
5885,3755,37534,2026-07-04T05:03:10.033Z
5886,19966,90216,2026-07-04T05:03:10.073Z
5887,24753,61712,2026-07-04T05:03:10.113Z
5888,64278,78511,2026-07-04T05:03:10.153Z
5889,20063,62747,2026-07-04T05:03:10.193Z
5890,10466,62564,2026-07-04T05:03:10.235Z
5891,31534,61889,2026-07-04T05:03:10.275Z
5892,11387,46265,2026-07-04T05:03:10.312Z
5893,10801,67881,2026-07-04T05:03:10.350Z
5894,20181,73939,2026-07-04T05:03:10.478Z
5895,20181,95539,2026-07-04T05:03:10.520Z
5896,73939,95539,2026-07-04T05:03:10.559Z
5897,20221,94119,2026-07-04T05:03:10.598Z
5898,20232,64686,2026-07-04T05:03:10.636Z
5899,20232,63071,2026-07-04T05:03:10.675Z
5900,63071,64686,2026-07-04T05:03:10.713Z
5901,20233,63070,2026-07-04T05:03:10.751Z
5902,20233,77370,2026-07-04T05:03:10.789Z
5903,63070,77370,2026-07-04T05:03:10.827Z
5904,20244,86306,2026-07-04T05:03:10.863Z
5905,19266,59151,2026-07-04T05:03:10.902Z
5906,2085,64111,2026-07-04T05:03:11.005Z
5907,21411,88715,2026-07-04T05:03:11.044Z
5908,62146,89827,2026-07-04T05:03:11.084Z
5909,396,61780,2026-07-04T05:03:11.121Z
5910,31055,36888,2026-07-04T05:03:11.159Z
5911,2606,58409,2026-07-04T05:03:11.198Z
5912,36894,64594,2026-07-04T05:03:11.238Z
5913,36929,71294,2026-07-04T05:03:11.276Z
5914,24417,71294,2026-07-04T05:03:11.315Z
5915,70294,84869,2026-07-04T05:03:11.353Z
5916,51530,92084,2026-07-04T05:03:11.391Z
5917,34279,92084,2026-07-04T05:03:11.430Z
5918,30099,41622,2026-07-04T05:03:11.530Z
5919,41622,88487,2026-07-04T05:03:11.568Z
5920,30099,88487,2026-07-04T05:03:11.608Z
5921,75425,75426,2026-07-04T05:03:11.646Z
5922,20342,63318,2026-07-04T05:03:11.684Z
5923,45193,59747,2026-07-04T05:03:11.723Z
5924,20355,37513,2026-07-04T05:03:11.763Z
5925,20368,46060,2026-07-04T05:03:11.803Z
5926,20368,63647,2026-07-04T05:03:11.846Z
5927,46060,63647,2026-07-04T05:03:11.885Z
5928,20387,64106,2026-07-04T05:03:11.925Z
5929,38980,90963,2026-07-04T05:03:12.053Z
5930,41513,91301,2026-07-04T05:03:12.092Z
5931,20457,83885,2026-07-04T05:03:12.130Z
5932,33155,78957,2026-07-04T05:03:12.168Z
5933,62109,93957,2026-07-04T05:03:12.208Z
5934,1628,88720,2026-07-04T05:03:12.248Z
5935,23951,75112,2026-07-04T05:03:12.288Z
5936,20586,37506,2026-07-04T05:03:12.326Z
5937,3143,83629,2026-07-04T05:03:12.365Z
5938,30168,67265,2026-07-04T05:03:12.405Z
5939,26148,37769,2026-07-04T05:03:12.446Z
5940,44162,87831,2026-07-04T05:03:12.575Z
5941,50626,87831,2026-07-04T05:03:12.615Z
5942,2530,87831,2026-07-04T05:03:12.653Z
5943,44162,50626,2026-07-04T05:03:12.692Z
5944,2530,44162,2026-07-04T05:03:12.731Z
5945,2530,50626,2026-07-04T05:03:12.769Z
5946,13813,72072,2026-07-04T05:03:12.808Z
5947,8883,91928,2026-07-04T05:03:12.848Z
5948,29339,71708,2026-07-04T05:03:12.888Z
5949,22312,72131,2026-07-04T05:03:12.928Z
5950,29779,88713,2026-07-04T05:03:12.968Z
5951,16470,94445,2026-07-04T05:03:13.098Z
5952,17492,65107,2026-07-04T05:03:13.138Z
5953,440,85293,2026-07-04T05:03:13.178Z
5954,20799,46256,2026-07-04T05:03:13.216Z
5955,20807,93509,2026-07-04T05:03:13.255Z
5956,39285,72583,2026-07-04T05:03:13.295Z
5957,68542,87855,2026-07-04T05:03:13.333Z
5958,14907,68542,2026-07-04T05:03:13.371Z
5959,14907,87855,2026-07-04T05:03:13.410Z
5960,39151,41225,2026-07-04T05:03:13.449Z
5961,4499,71153,2026-07-04T05:03:13.488Z
5962,4499,37960,2026-07-04T05:03:13.526Z
5963,4499,90310,2026-07-04T05:03:13.624Z
5964,37960,71153,2026-07-04T05:03:13.661Z
5965,71153,90310,2026-07-04T05:03:13.700Z
8359,41595,66698,2026-07-04T05:05:05.054Z
5966,64423,85567,2026-07-04T05:03:13.739Z
5967,29830,67316,2026-07-04T05:03:13.779Z
5968,8727,51758,2026-07-04T05:03:13.818Z
5969,20922,95588,2026-07-04T05:03:13.855Z
5970,19267,59345,2026-07-04T05:03:13.895Z
5971,57128,59345,2026-07-04T05:03:13.935Z
5972,19267,57128,2026-07-04T05:03:13.976Z
5973,41956,54963,2026-07-04T05:03:14.014Z
8360,44279,58434,2026-07-04T05:05:05.094Z
5974,35899,41956,2026-07-04T05:03:14.053Z
5975,8810,49400,2026-07-04T05:03:14.147Z
5976,6734,71292,2026-07-04T05:03:14.187Z
5977,31084,75326,2026-07-04T05:03:14.230Z
5978,27357,38054,2026-07-04T05:03:14.268Z
5979,21062,51769,2026-07-04T05:03:14.306Z
5980,59755,69273,2026-07-04T05:03:14.345Z
5981,26112,91817,2026-07-04T05:03:14.384Z
5982,13801,75835,2026-07-04T05:03:14.423Z
5983,12450,73237,2026-07-04T05:03:14.463Z
5984,29078,72120,2026-07-04T05:03:14.503Z
5985,21172,62176,2026-07-04T05:03:14.541Z
5986,21172,67452,2026-07-04T05:03:14.673Z
5987,62176,67452,2026-07-04T05:03:14.713Z
5988,21201,92950,2026-07-04T05:03:14.751Z
5989,8256,41649,2026-07-04T05:03:14.791Z
5990,20263,42188,2026-07-04T05:03:14.830Z
5991,20263,90237,2026-07-04T05:03:14.868Z
5992,42188,90237,2026-07-04T05:03:14.907Z
5993,61578,63615,2026-07-04T05:03:14.948Z
5994,7095,87918,2026-07-04T05:03:14.985Z
5995,31705,37345,2026-07-04T05:03:15.026Z
5996,31705,60101,2026-07-04T05:03:15.066Z
5997,37345,60101,2026-07-04T05:03:15.196Z
5998,21348,87907,2026-07-04T05:03:15.235Z
5999,31814,45026,2026-07-04T05:03:15.273Z
6000,31814,60177,2026-07-04T05:03:15.311Z
6001,45026,60177,2026-07-04T05:03:15.353Z
6002,21382,65306,2026-07-04T05:03:15.393Z
6003,24807,59251,2026-07-04T05:03:15.432Z
6004,4218,59252,2026-07-04T05:03:15.473Z
6005,34151,88990,2026-07-04T05:03:15.513Z
6006,48933,71556,2026-07-04T05:03:15.553Z
6007,986,8572,2026-07-04T05:03:15.593Z
6008,1407,85047,2026-07-04T05:03:15.725Z
6009,48950,71130,2026-07-04T05:03:15.766Z
6010,23208,71130,2026-07-04T05:03:15.803Z
6011,18433,91703,2026-07-04T05:03:15.843Z
6012,12895,37771,2026-07-04T05:03:15.882Z
6013,720,96469,2026-07-04T05:03:15.921Z
6014,31725,60461,2026-07-04T05:03:15.960Z
6015,12142,73620,2026-07-04T05:03:16.051Z
6016,2022,86447,2026-07-04T05:03:16.090Z
6017,11162,85513,2026-07-04T05:03:16.128Z
6018,72525,85711,2026-07-04T05:03:16.249Z
6019,21595,75512,2026-07-04T05:03:16.289Z
6020,45595,72794,2026-07-04T05:03:16.330Z
6021,72794,89790,2026-07-04T05:03:16.370Z
6022,45595,89790,2026-07-04T05:03:16.410Z
6023,41557,72963,2026-07-04T05:03:16.451Z
6024,12786,72963,2026-07-04T05:03:16.489Z
6025,12786,41557,2026-07-04T05:03:16.529Z
6026,19864,41812,2026-07-04T05:03:16.566Z
6027,9317,45032,2026-07-04T05:03:16.606Z
6028,9317,60181,2026-07-04T05:03:16.645Z
6029,45032,60181,2026-07-04T05:03:16.773Z
6030,9330,37338,2026-07-04T05:03:16.815Z
6031,9372,31642,2026-07-04T05:03:16.853Z
6032,9372,60884,2026-07-04T05:03:16.893Z
8361,13588,89252,2026-07-04T05:05:05.134Z
8362,41652,66857,2026-07-04T05:05:05.173Z
8363,31939,38708,2026-07-04T05:05:05.302Z
8364,41663,87202,2026-07-04T05:05:05.340Z
8365,7897,8388,2026-07-04T05:05:05.378Z
8366,17738,56656,2026-07-04T05:05:05.415Z
8367,18553,60047,2026-07-04T05:05:05.456Z
8368,26053,89041,2026-07-04T05:05:05.496Z
8369,1678,84276,2026-07-04T05:05:05.534Z
8370,31125,75631,2026-07-04T05:05:05.573Z
8371,19488,61639,2026-07-04T05:05:05.613Z
8372,28627,41755,2026-07-04T05:05:05.653Z
8373,31699,37319,2026-07-04T05:05:05.693Z
8374,41765,70512,2026-07-04T05:05:05.824Z
8375,28863,41802,2026-07-04T05:05:05.862Z
8376,41845,63488,2026-07-04T05:05:05.900Z
6033,31642,60884,2026-07-04T05:03:16.931Z
6034,43842,60185,2026-07-04T05:03:16.970Z
6035,19403,60185,2026-07-04T05:03:17.008Z
6036,19403,43842,2026-07-04T05:03:17.048Z
6037,1560,84951,2026-07-04T05:03:17.088Z
6038,75541,86219,2026-07-04T05:03:17.128Z
6039,23768,42579,2026-07-04T05:03:17.165Z
6040,11417,43708,2026-07-04T05:03:17.293Z
6041,25249,64172,2026-07-04T05:03:17.333Z
6042,26816,64173,2026-07-04T05:03:17.373Z
6043,8167,89820,2026-07-04T05:03:17.413Z
8377,34588,50271,2026-07-04T05:05:05.938Z
8378,4099,34614,2026-07-04T05:05:05.976Z
8379,85653,91263,2026-07-04T05:05:06.015Z
8380,35039,74079,2026-07-04T05:05:06.055Z
8381,42781,74225,2026-07-04T05:05:06.096Z
8382,36199,59540,2026-07-04T05:05:06.134Z
8383,36025,73933,2026-07-04T05:05:06.173Z
8384,36159,73958,2026-07-04T05:05:06.211Z
8385,36185,70812,2026-07-04T05:05:06.250Z
8386,56794,86730,2026-07-04T05:05:06.349Z
8387,36225,66485,2026-07-04T05:05:06.388Z
8388,26485,85517,2026-07-04T05:05:06.428Z
6044,8544,40979,2026-07-04T05:03:17.453Z
6045,9020,85431,2026-07-04T05:03:17.492Z
6046,21806,78641,2026-07-04T05:03:17.531Z
6047,30061,88730,2026-07-04T05:03:17.570Z
6048,9301,55589,2026-07-04T05:03:17.608Z
6049,9355,60469,2026-07-04T05:03:17.645Z
6050,9367,37353,2026-07-04T05:03:17.685Z
6051,9367,60161,2026-07-04T05:03:17.725Z
6052,37353,60161,2026-07-04T05:03:17.818Z
6053,91709,91734,2026-07-04T05:03:17.859Z
6054,31821,37565,2026-07-04T05:03:17.898Z
6055,8766,57324,2026-07-04T05:03:17.938Z
6056,8499,37562,2026-07-04T05:03:17.976Z
6057,3988,90707,2026-07-04T05:03:18.015Z
6058,58911,90707,2026-07-04T05:03:18.055Z
6059,60849,60850,2026-07-04T05:03:18.095Z
6060,36922,71293,2026-07-04T05:03:18.136Z
6061,28362,71293,2026-07-04T05:03:18.176Z
6062,29968,41771,2026-07-04T05:03:18.215Z
6063,29968,61552,2026-07-04T05:03:18.346Z
6064,41771,61552,2026-07-04T05:03:18.388Z
6065,38625,41475,2026-07-04T05:03:18.427Z
6066,21046,51764,2026-07-04T05:03:18.466Z
6067,88395,88396,2026-07-04T05:03:18.505Z
6068,11407,49399,2026-07-04T05:03:18.548Z
6069,38013,70309,2026-07-04T05:03:18.587Z
6070,22001,65100,2026-07-04T05:03:18.627Z
6071,36638,61024,2026-07-04T05:03:18.668Z
6072,30037,41625,2026-07-04T05:03:18.706Z
6073,4517,83794,2026-07-04T05:03:18.745Z
6074,31794,60031,2026-07-04T05:03:18.870Z
6075,31794,37383,2026-07-04T05:03:18.909Z
6076,37383,60031,2026-07-04T05:03:18.950Z
8389,62219,87778,2026-07-04T05:05:06.468Z
8390,23153,70896,2026-07-04T05:05:06.508Z
8391,422,57785,2026-07-04T05:05:06.548Z
8392,422,85442,2026-07-04T05:05:06.587Z
6077,37854,79216,2026-07-04T05:03:18.990Z
6078,393,85421,2026-07-04T05:03:19.030Z
6079,12889,19770,2026-07-04T05:03:19.070Z
6080,3699,85326,2026-07-04T05:03:19.109Z
6081,21485,94422,2026-07-04T05:03:19.149Z
6082,57598,90260,2026-07-04T05:03:19.188Z
6083,13904,37508,2026-07-04T05:03:19.228Z
6084,14154,66644,2026-07-04T05:03:19.266Z
6085,22037,94019,2026-07-04T05:03:19.395Z
6086,42622,72717,2026-07-04T05:03:19.435Z
6087,20504,42622,2026-07-04T05:03:19.473Z
6088,20504,72717,2026-07-04T05:03:19.512Z
6089,36907,71058,2026-07-04T05:03:19.553Z
6090,30967,71058,2026-07-04T05:03:19.592Z
6091,30967,36907,2026-07-04T05:03:19.630Z
6092,62129,76143,2026-07-04T05:03:19.669Z
6093,33498,54003,2026-07-04T05:03:19.708Z
6094,46081,66627,2026-07-04T05:03:19.749Z
6095,14889,53311,2026-07-04T05:03:19.788Z
6096,404,61775,2026-07-04T05:03:19.918Z
6097,4521,86339,2026-07-04T05:03:19.960Z
6098,8607,46135,2026-07-04T05:03:19.998Z
6099,37386,60021,2026-07-04T05:03:20.036Z
6100,16011,33569,2026-07-04T05:03:20.074Z
6101,67744,85666,2026-07-04T05:03:20.112Z
6102,17509,67053,2026-07-04T05:03:20.151Z
6103,14995,59365,2026-07-04T05:03:20.188Z
6104,3492,59085,2026-07-04T05:03:20.227Z
6105,19025,77212,2026-07-04T05:03:20.267Z
6106,12867,65561,2026-07-04T05:03:20.308Z
6107,48069,65561,2026-07-04T05:03:20.440Z
6108,12867,48069,2026-07-04T05:03:20.478Z
6109,21115,81246,2026-07-04T05:03:20.518Z
8393,57785,85442,2026-07-04T05:05:06.625Z
8394,64183,87013,2026-07-04T05:05:06.664Z
6110,22261,44146,2026-07-04T05:03:20.557Z
6111,22263,44165,2026-07-04T05:03:20.595Z
6112,19377,60063,2026-07-04T05:03:20.633Z
6113,24489,61770,2026-07-04T05:03:20.671Z
6114,24838,66438,2026-07-04T05:03:20.709Z
6115,66244,74846,2026-07-04T05:03:20.747Z
6116,69357,72787,2026-07-04T05:03:20.786Z
6117,39051,92159,2026-07-04T05:03:20.825Z
6118,44274,93862,2026-07-04T05:03:20.863Z
6119,37381,60138,2026-07-04T05:03:20.969Z
8395,2196,64148,2026-07-04T05:05:06.703Z
8396,42015,72077,2026-07-04T05:05:06.742Z
8397,42016,72078,2026-07-04T05:05:06.871Z
8398,42017,72079,2026-07-04T05:05:06.910Z
8399,42018,72081,2026-07-04T05:05:06.951Z
8400,15837,59542,2026-07-04T05:05:06.990Z
8401,8134,25853,2026-07-04T05:05:07.030Z
8402,25853,74101,2026-07-04T05:05:07.069Z
8403,8134,74101,2026-07-04T05:05:07.108Z
8404,24466,61742,2026-07-04T05:05:07.145Z
8405,57862,61851,2026-07-04T05:05:07.183Z
8406,395,61851,2026-07-04T05:05:07.224Z
6120,31763,37381,2026-07-04T05:03:21.008Z
6121,31763,60138,2026-07-04T05:03:21.045Z
6122,26224,88858,2026-07-04T05:03:21.083Z
6123,5021,37772,2026-07-04T05:03:21.122Z
6124,26362,64035,2026-07-04T05:03:21.163Z
6125,62188,65080,2026-07-04T05:03:21.201Z
6126,28849,43362,2026-07-04T05:03:21.240Z
6127,22381,72280,2026-07-04T05:03:21.278Z
6128,22388,72071,2026-07-04T05:03:21.316Z
6129,80180,84737,2026-07-04T05:03:21.353Z
6130,39433,42728,2026-07-04T05:03:21.393Z
6131,16545,75632,2026-07-04T05:03:21.491Z
6132,26241,70925,2026-07-04T05:03:21.530Z
6133,48938,71551,2026-07-04T05:03:21.568Z
6134,62214,85537,2026-07-04T05:03:21.606Z
6135,3229,62214,2026-07-04T05:03:21.643Z
6136,3229,85537,2026-07-04T05:03:21.683Z
6137,15105,85255,2026-07-04T05:03:21.723Z
6138,48054,71367,2026-07-04T05:03:21.763Z
6139,23201,90742,2026-07-04T05:03:21.805Z
6140,58759,90742,2026-07-04T05:03:21.845Z
6141,20475,64056,2026-07-04T05:03:21.884Z
6142,26009,71069,2026-07-04T05:03:22.010Z
6143,27258,66686,2026-07-04T05:03:22.048Z
6144,27258,62390,2026-07-04T05:03:22.087Z
6145,27258,89384,2026-07-04T05:03:22.127Z
6146,62390,66686,2026-07-04T05:03:22.165Z
6147,66686,89384,2026-07-04T05:03:22.205Z
6148,62390,89384,2026-07-04T05:03:22.245Z
6149,42777,52705,2026-07-04T05:03:22.285Z
6150,13855,57619,2026-07-04T05:03:22.325Z
6151,61138,80436,2026-07-04T05:03:22.365Z
6152,45565,72707,2026-07-04T05:03:22.405Z
6153,27353,88612,2026-07-04T05:03:22.535Z
6154,31704,60057,2026-07-04T05:03:22.575Z
6155,1441,85411,2026-07-04T05:03:22.616Z
6156,33541,76906,2026-07-04T05:03:22.655Z
6157,28184,61666,2026-07-04T05:03:22.693Z
6158,22959,70793,2026-07-04T05:03:22.733Z
6159,29238,50225,2026-07-04T05:03:22.771Z
6160,22960,90485,2026-07-04T05:03:22.809Z
6161,159,90708,2026-07-04T05:03:22.848Z
6162,58912,90708,2026-07-04T05:03:22.888Z
6163,22986,61321,2026-07-04T05:03:22.927Z
6164,13838,50227,2026-07-04T05:03:22.965Z
6165,37564,92930,2026-07-04T05:03:23.065Z
6166,31829,37564,2026-07-04T05:03:23.105Z
6167,31829,92930,2026-07-04T05:03:23.144Z
6168,23048,50220,2026-07-04T05:03:23.184Z
6169,36665,61027,2026-07-04T05:03:23.224Z
6170,2034,86413,2026-07-04T05:03:23.263Z
6171,23051,50219,2026-07-04T05:03:23.302Z
6172,9103,85322,2026-07-04T05:03:23.340Z
6173,23121,47427,2026-07-04T05:03:23.377Z
6174,23121,65259,2026-07-04T05:03:23.416Z
6175,47427,65259,2026-07-04T05:03:23.454Z
6176,23155,70903,2026-07-04T05:03:23.491Z
6177,23197,71147,2026-07-04T05:03:23.588Z
6178,23198,71149,2026-07-04T05:03:23.626Z
6179,39118,62243,2026-07-04T05:03:23.667Z
6180,23246,90641,2026-07-04T05:03:23.706Z
6181,49107,90641,2026-07-04T05:03:23.746Z
6182,23249,71101,2026-07-04T05:03:23.786Z
6183,1840,74797,2026-07-04T05:03:23.824Z
6184,23373,55536,2026-07-04T05:03:23.863Z
6185,1552,84715,2026-07-04T05:03:23.903Z
6186,23413,46181,2026-07-04T05:03:23.943Z
6187,94280,94328,2026-07-04T05:03:23.982Z
6188,62780,62784,2026-07-04T05:03:24.114Z
6189,23968,54538,2026-07-04T05:03:24.153Z
6190,7677,58647,2026-07-04T05:03:24.193Z
6191,58647,87545,2026-07-04T05:03:24.233Z
6192,7677,87545,2026-07-04T05:03:24.273Z
6193,41514,91133,2026-07-04T05:03:24.315Z
6194,9124,85346,2026-07-04T05:03:24.355Z
6195,24459,61740,2026-07-04T05:03:24.395Z
6196,23761,44147,2026-07-04T05:03:24.435Z
6197,23766,44151,2026-07-04T05:03:24.475Z
6198,36921,70599,2026-07-04T05:03:24.517Z
6199,23767,42557,2026-07-04T05:03:24.638Z
6200,11258,90977,2026-07-04T05:03:24.678Z
6201,58772,90977,2026-07-04T05:03:24.718Z
6202,33110,75504,2026-07-04T05:03:24.758Z
6203,30138,88717,2026-07-04T05:03:24.798Z
6204,23824,75836,2026-07-04T05:03:24.837Z
6205,25302,74113,2026-07-04T05:03:24.875Z
6206,46305,74113,2026-07-04T05:03:24.915Z
6207,25302,46305,2026-07-04T05:03:24.952Z
6208,31799,60023,2026-07-04T05:03:24.991Z
6209,37390,60023,2026-07-04T05:03:25.030Z
6210,31799,37390,2026-07-04T05:03:25.160Z
6211,6727,71471,2026-07-04T05:03:25.200Z
6212,36954,71471,2026-07-04T05:03:25.241Z
6213,26809,64124,2026-07-04T05:03:25.280Z
6214,49023,70911,2026-07-04T05:03:25.318Z
6215,24008,69736,2026-07-04T05:03:25.356Z
6216,24028,79989,2026-07-04T05:03:25.394Z
6217,6731,70395,2026-07-04T05:03:25.433Z
6218,36957,70395,2026-07-04T05:03:25.474Z
6219,14281,37512,2026-07-04T05:03:25.513Z
6220,24030,79990,2026-07-04T05:03:25.552Z
6221,31583,84707,2026-07-04T05:03:25.684Z
6222,61241,78721,2026-07-04T05:03:25.723Z
6223,30311,67504,2026-07-04T05:03:25.763Z
6224,24125,61040,2026-07-04T05:03:25.802Z
6225,23368,53996,2026-07-04T05:03:25.843Z
6226,12765,36789,2026-07-04T05:03:25.883Z
6227,33104,53997,2026-07-04T05:03:25.922Z
6228,30307,67961,2026-07-04T05:03:25.960Z
6229,2828,53448,2026-07-04T05:03:25.999Z
6230,23369,54006,2026-07-04T05:03:26.036Z
6231,7339,53453,2026-07-04T05:03:26.075Z
6232,30320,76316,2026-07-04T05:03:26.205Z
6233,23365,54008,2026-07-04T05:03:26.246Z
6234,24347,82242,2026-07-04T05:03:26.285Z
6235,33513,78816,2026-07-04T05:03:26.323Z
6236,35046,46303,2026-07-04T05:03:26.363Z
6237,24423,74721,2026-07-04T05:03:26.401Z
6238,24468,85374,2026-07-04T05:03:26.440Z
6239,24469,61765,2026-07-04T05:03:26.478Z
6240,24470,85204,2026-07-04T05:03:26.517Z
6241,24473,85406,2026-07-04T05:03:26.555Z
6242,24475,85351,2026-07-04T05:03:26.593Z
6243,24476,84779,2026-07-04T05:03:26.633Z
6244,24479,85345,2026-07-04T05:03:26.731Z
6245,24490,61722,2026-07-04T05:03:26.770Z
6246,24491,84500,2026-07-04T05:03:26.811Z
6247,24492,61493,2026-07-04T05:03:26.850Z
6248,24497,85208,2026-07-04T05:03:26.888Z
6249,24499,85214,2026-07-04T05:03:26.928Z
6250,24500,85206,2026-07-04T05:03:26.968Z
6251,24503,61495,2026-07-04T05:03:27.004Z
6252,24506,42555,2026-07-04T05:03:27.043Z
6253,24511,85087,2026-07-04T05:03:27.082Z
6254,24517,92383,2026-07-04T05:03:27.122Z
6255,24524,44163,2026-07-04T05:03:27.160Z
6256,8739,42571,2026-07-04T05:03:27.261Z
6257,18693,24736,2026-07-04T05:03:27.301Z
6258,24740,93948,2026-07-04T05:03:27.340Z
6259,24743,61326,2026-07-04T05:03:27.380Z
6260,24746,83852,2026-07-04T05:03:27.420Z
6261,31721,37298,2026-07-04T05:03:27.458Z
6262,37298,60055,2026-07-04T05:03:27.498Z
6263,31721,60055,2026-07-04T05:03:27.536Z
6264,24751,84116,2026-07-04T05:03:27.578Z
6265,24755,59083,2026-07-04T05:03:27.620Z
6266,24757,59080,2026-07-04T05:03:27.661Z
6267,7977,57614,2026-07-04T05:03:27.785Z
6268,24325,57627,2026-07-04T05:03:27.825Z
6269,3426,83889,2026-07-04T05:03:27.865Z
6270,24795,59606,2026-07-04T05:03:27.905Z
6271,5921,87582,2026-07-04T05:03:27.945Z
6272,24796,59615,2026-07-04T05:03:27.986Z
6273,24798,60902,2026-07-04T05:03:28.025Z
6274,24801,59246,2026-07-04T05:03:28.064Z
6275,24802,63475,2026-07-04T05:03:28.103Z
6276,24803,59620,2026-07-04T05:03:28.145Z
6277,24804,63265,2026-07-04T05:03:28.186Z
6278,24805,59613,2026-07-04T05:03:28.310Z
6279,24811,64127,2026-07-04T05:03:28.349Z
6280,19831,66484,2026-07-04T05:03:28.387Z
6281,7046,8611,2026-07-04T05:03:28.428Z
6282,24844,49892,2026-07-04T05:03:28.467Z
6283,24874,61475,2026-07-04T05:03:28.506Z
6284,63013,70092,2026-07-04T05:03:28.545Z
6285,36886,70423,2026-07-04T05:03:28.586Z
6286,36886,87874,2026-07-04T05:03:28.626Z
6287,70423,87874,2026-07-04T05:03:28.665Z
6288,30951,61957,2026-07-04T05:03:28.703Z
6289,30952,86773,2026-07-04T05:03:28.833Z
6290,30952,88401,2026-07-04T05:03:28.874Z
6291,30952,41018,2026-07-04T05:03:28.913Z
6292,86773,88401,2026-07-04T05:03:28.953Z
6293,41018,86773,2026-07-04T05:03:28.991Z
6294,41018,88401,2026-07-04T05:03:29.032Z
6295,15876,74722,2026-07-04T05:03:29.072Z
6296,36966,75994,2026-07-04T05:03:29.111Z
6297,26134,87360,2026-07-04T05:03:29.150Z
6298,62070,95555,2026-07-04T05:03:29.190Z
6299,15063,85461,2026-07-04T05:03:29.230Z
6300,34147,77661,2026-07-04T05:03:29.356Z
6301,39038,74810,2026-07-04T05:03:29.398Z
6302,18248,74810,2026-07-04T05:03:29.437Z
6303,63320,89262,2026-07-04T05:03:29.477Z
6304,1571,85265,2026-07-04T05:03:29.515Z
6305,1564,85290,2026-07-04T05:03:29.554Z
6306,39039,74829,2026-07-04T05:03:29.595Z
6307,68582,72792,2026-07-04T05:03:29.635Z
6308,25128,56786,2026-07-04T05:03:29.673Z
6309,31042,87588,2026-07-04T05:03:29.712Z
6310,3352,90104,2026-07-04T05:03:29.750Z
6311,9022,85460,2026-07-04T05:03:29.881Z
6312,25163,88061,2026-07-04T05:03:29.920Z
6313,3608,85320,2026-07-04T05:03:29.960Z
6314,31059,55492,2026-07-04T05:03:29.999Z
6315,25188,31023,2026-07-04T05:03:30.039Z
6316,25188,63065,2026-07-04T05:03:30.077Z
6317,31023,63065,2026-07-04T05:03:30.118Z
6318,25221,68373,2026-07-04T05:03:30.157Z
6319,25223,64100,2026-07-04T05:03:30.197Z
6320,25235,64092,2026-07-04T05:03:30.236Z
6321,25236,64103,2026-07-04T05:03:30.275Z
6322,30412,95290,2026-07-04T05:03:30.406Z
6323,12955,95290,2026-07-04T05:03:30.446Z
6324,57124,95290,2026-07-04T05:03:30.484Z
6325,12955,30412,2026-07-04T05:03:30.524Z
6326,30412,57124,2026-07-04T05:03:30.563Z
6327,12955,57124,2026-07-04T05:03:30.603Z
6328,29766,89346,2026-07-04T05:03:30.642Z
6329,31074,61375,2026-07-04T05:03:30.681Z
6330,31074,50112,2026-07-04T05:03:30.721Z
6331,50112,61375,2026-07-04T05:03:30.762Z
6332,4039,90741,2026-07-04T05:03:30.801Z
6333,58827,90741,2026-07-04T05:03:30.927Z
6334,8612,10624,2026-07-04T05:03:30.967Z
6335,25238,64125,2026-07-04T05:03:31.005Z
6336,31565,61738,2026-07-04T05:03:31.043Z
6337,5484,64095,2026-07-04T05:03:31.081Z
6338,22958,90439,2026-07-04T05:03:31.119Z
6339,1460,84689,2026-07-04T05:03:31.159Z
6340,1524,84649,2026-07-04T05:03:31.197Z
6341,15080,85333,2026-07-04T05:03:31.236Z
6342,1476,84643,2026-07-04T05:03:31.274Z
6343,13859,90506,2026-07-04T05:03:31.314Z
6344,9090,85391,2026-07-04T05:03:31.351Z
6345,3609,85287,2026-07-04T05:03:31.453Z
6346,3640,85297,2026-07-04T05:03:31.491Z
6347,13707,57623,2026-07-04T05:03:31.531Z
6348,13707,71102,2026-07-04T05:03:31.570Z
6349,57623,71102,2026-07-04T05:03:31.609Z
6350,1533,84979,2026-07-04T05:03:31.648Z
6351,3107,91926,2026-07-04T05:03:31.687Z
6352,23956,74652,2026-07-04T05:03:31.726Z
6353,1565,85248,2026-07-04T05:03:31.766Z
6354,24496,84496,2026-07-04T05:03:31.804Z
6355,62089,62294,2026-07-04T05:03:31.842Z
6356,334,96591,2026-07-04T05:03:31.880Z
6357,51846,63417,2026-07-04T05:03:31.977Z
6358,1574,85314,2026-07-04T05:03:32.016Z
6359,4689,65973,2026-07-04T05:03:32.057Z
6360,2910,90402,2026-07-04T05:03:32.097Z
6361,1208,85389,2026-07-04T05:03:32.136Z
6362,9073,85284,2026-07-04T05:03:32.175Z
6363,3262,83636,2026-07-04T05:03:32.215Z
6364,31558,85211,2026-07-04T05:03:32.254Z
6365,3619,85221,2026-07-04T05:03:32.294Z
6366,68946,69341,2026-07-04T05:03:32.333Z
6367,11443,51752,2026-07-04T05:03:32.373Z
6368,1587,85317,2026-07-04T05:03:32.501Z
6369,9074,85385,2026-07-04T05:03:32.540Z
6370,9144,85254,2026-07-04T05:03:32.580Z
6371,25470,61033,2026-07-04T05:03:32.619Z
6372,1206,90499,2026-07-04T05:03:32.658Z
6373,2880,90541,2026-07-04T05:03:32.697Z
6374,25480,61070,2026-07-04T05:03:32.735Z
6375,25999,84046,2026-07-04T05:03:32.775Z
6376,13812,71957,2026-07-04T05:03:32.815Z
6377,61591,91439,2026-07-04T05:03:32.853Z
6378,71043,86218,2026-07-04T05:03:32.891Z
6379,61969,94968,2026-07-04T05:03:32.929Z
6380,36322,58963,2026-07-04T05:03:33.026Z
6381,23152,70901,2026-07-04T05:03:33.065Z
6382,3587,85179,2026-07-04T05:03:33.103Z
6383,25730,61063,2026-07-04T05:03:33.141Z
6384,25741,60475,2026-07-04T05:03:33.179Z
6385,7481,90591,2026-07-04T05:03:33.220Z
6386,25744,59609,2026-07-04T05:03:33.260Z
6387,9133,85292,2026-07-04T05:03:33.300Z
6388,25746,59445,2026-07-04T05:03:33.338Z
6389,25749,59518,2026-07-04T05:03:33.376Z
6390,25758,59227,2026-07-04T05:03:33.415Z
6391,1228,90969,2026-07-04T05:03:33.455Z
6392,58763,90969,2026-07-04T05:03:33.550Z
6393,3991,90975,2026-07-04T05:03:33.590Z
6394,58769,90975,2026-07-04T05:03:33.630Z
6395,25760,59424,2026-07-04T05:03:33.667Z
6396,25764,42154,2026-07-04T05:03:33.705Z
6397,25766,59455,2026-07-04T05:03:33.744Z
6398,3992,90978,2026-07-04T05:03:33.783Z
6399,58771,90978,2026-07-04T05:03:33.822Z
6400,25767,63246,2026-07-04T05:03:33.862Z
6401,25770,61480,2026-07-04T05:03:33.901Z
6402,25772,63216,2026-07-04T05:03:33.940Z
6403,11286,90979,2026-07-04T05:03:33.979Z
6404,11278,90983,2026-07-04T05:03:34.075Z
6405,58774,90983,2026-07-04T05:03:34.115Z
6406,25773,60959,2026-07-04T05:03:34.155Z
6407,3993,90985,2026-07-04T05:03:34.196Z
6408,58776,90985,2026-07-04T05:03:34.235Z
6409,8511,90988,2026-07-04T05:03:34.273Z
6410,58781,90988,2026-07-04T05:03:34.312Z
6411,25783,59610,2026-07-04T05:03:34.351Z
6412,25789,59446,2026-07-04T05:03:34.391Z
6413,63961,90052,2026-07-04T05:03:34.432Z
6414,8513,90990,2026-07-04T05:03:34.472Z
6415,58783,90990,2026-07-04T05:03:34.597Z
6416,25790,59608,2026-07-04T05:03:34.637Z
6417,31106,33113,2026-07-04T05:03:34.676Z
6418,25792,64129,2026-07-04T05:03:34.716Z
6419,25793,61065,2026-07-04T05:03:34.755Z
6420,53310,66613,2026-07-04T05:03:34.793Z
6421,8656,53310,2026-07-04T05:03:34.832Z
6422,8656,66613,2026-07-04T05:03:34.871Z
6423,1651,84767,2026-07-04T05:03:34.911Z
6424,1654,83425,2026-07-04T05:03:34.950Z
6425,3480,96517,2026-07-04T05:03:34.990Z
6426,11263,91010,2026-07-04T05:03:35.118Z
6427,58893,91010,2026-07-04T05:03:35.157Z
6428,3497,96676,2026-07-04T05:03:35.195Z
6429,3488,96351,2026-07-04T05:03:35.235Z
6430,25846,65560,2026-07-04T05:03:35.274Z
6431,25846,71375,2026-07-04T05:03:35.314Z
6432,65560,71375,2026-07-04T05:03:35.354Z
6433,61997,70435,2026-07-04T05:03:35.394Z
6434,1252,90678,2026-07-04T05:03:35.432Z
6435,58793,90678,2026-07-04T05:03:35.473Z
6436,15880,58965,2026-07-04T05:03:35.513Z
6437,25904,92751,2026-07-04T05:03:35.643Z
6438,25933,72871,2026-07-04T05:03:35.683Z
6439,4455,83916,2026-07-04T05:03:35.723Z
6440,3432,83639,2026-07-04T05:03:35.763Z
6441,65192,78686,2026-07-04T05:03:35.803Z
6442,3677,84655,2026-07-04T05:03:35.843Z
6443,46078,66572,2026-07-04T05:03:35.883Z
6444,11262,91008,2026-07-04T05:03:35.923Z
6445,58889,91008,2026-07-04T05:03:35.964Z
6446,9152,84652,2026-07-04T05:03:36.003Z
6447,25950,71359,2026-07-04T05:03:36.043Z
6448,30136,91929,2026-07-04T05:03:36.173Z
6449,1736,90809,2026-07-04T05:03:36.213Z
6450,24768,63295,2026-07-04T05:03:36.251Z
6451,69293,95879,2026-07-04T05:03:36.289Z
6452,25962,49428,2026-07-04T05:03:36.329Z
6453,1272,90646,2026-07-04T05:03:36.366Z
6454,25759,59622,2026-07-04T05:03:36.405Z
6455,45594,56804,2026-07-04T05:03:36.445Z
6456,56804,89731,2026-07-04T05:03:36.485Z
6457,61978,78369,2026-07-04T05:03:36.525Z
6458,24799,59611,2026-07-04T05:03:36.565Z
6459,25997,70914,2026-07-04T05:03:36.696Z
6460,25997,90224,2026-07-04T05:03:36.735Z
6461,70914,90224,2026-07-04T05:03:36.774Z
6462,16675,33360,2026-07-04T05:03:36.813Z
6463,33360,41799,2026-07-04T05:03:36.851Z
8407,395,57862,2026-07-04T05:05:07.260Z
8408,9390,60570,2026-07-04T05:05:07.300Z
8409,42124,71196,2026-07-04T05:05:07.401Z
8410,74458,85509,2026-07-04T05:05:07.441Z
6464,16675,41799,2026-07-04T05:03:36.890Z
6465,16675,36804,2026-07-04T05:03:36.929Z
6466,36804,41799,2026-07-04T05:03:36.968Z
6467,26013,71070,2026-07-04T05:03:37.009Z
6468,25794,59240,2026-07-04T05:03:37.047Z
6469,1790,86402,2026-07-04T05:03:37.085Z
6470,1555,51532,2026-07-04T05:03:37.125Z
6471,19353,60084,2026-07-04T05:03:37.222Z
6472,35026,92112,2026-07-04T05:03:37.260Z
6473,26074,71387,2026-07-04T05:03:37.300Z
6474,2465,70271,2026-07-04T05:03:37.340Z
6475,14416,91911,2026-07-04T05:03:37.379Z
6476,28360,71289,2026-07-04T05:03:37.419Z
6477,19557,61861,2026-07-04T05:03:37.460Z
6478,55451,73104,2026-07-04T05:03:37.499Z
6479,13104,73104,2026-07-04T05:03:37.540Z
6480,2124,92066,2026-07-04T05:03:37.580Z
6481,2139,92141,2026-07-04T05:03:37.618Z
6482,9143,84671,2026-07-04T05:03:37.746Z
6483,11287,71134,2026-07-04T05:03:37.786Z
6484,48932,71555,2026-07-04T05:03:37.824Z
6485,26123,77766,2026-07-04T05:03:37.863Z
6486,62011,88501,2026-07-04T05:03:37.903Z
6487,48939,71552,2026-07-04T05:03:37.942Z
6488,14628,84027,2026-07-04T05:03:37.980Z
6489,5294,92072,2026-07-04T05:03:38.018Z
6490,58765,90971,2026-07-04T05:03:38.056Z
6491,4024,90971,2026-07-04T05:03:38.095Z
6492,11307,90621,2026-07-04T05:03:38.135Z
6493,1294,90709,2026-07-04T05:03:38.266Z
6494,58913,90709,2026-07-04T05:03:38.305Z
6495,5926,26215,2026-07-04T05:03:38.345Z
6496,23406,92085,2026-07-04T05:03:38.385Z
6497,51393,92085,2026-07-04T05:03:38.423Z
6498,26227,78578,2026-07-04T05:03:38.461Z
6499,26257,77585,2026-07-04T05:03:38.501Z
6500,13549,87648,2026-07-04T05:03:38.539Z
6501,26276,55040,2026-07-04T05:03:38.580Z
6502,8238,67088,2026-07-04T05:03:38.618Z
6503,24819,37352,2026-07-04T05:03:38.657Z
6504,70672,85628,2026-07-04T05:03:38.695Z
6505,26312,71373,2026-07-04T05:03:38.793Z
6506,74259,83932,2026-07-04T05:03:38.835Z
6507,71341,90912,2026-07-04T05:03:38.874Z
6508,37571,62775,2026-07-04T05:03:38.914Z
6509,26321,90773,2026-07-04T05:03:38.954Z
6510,34705,81877,2026-07-04T05:03:38.993Z
6511,26353,31664,2026-07-04T05:03:39.033Z
6512,26353,63906,2026-07-04T05:03:39.072Z
6513,26353,63749,2026-07-04T05:03:39.112Z
6514,31664,63906,2026-07-04T05:03:39.153Z
6515,31664,63749,2026-07-04T05:03:39.193Z
6516,63749,63906,2026-07-04T05:03:39.318Z
6517,11693,95193,2026-07-04T05:03:39.355Z
6518,62172,85659,2026-07-04T05:03:39.395Z
6519,35216,74708,2026-07-04T05:03:39.435Z
6520,26403,42055,2026-07-04T05:03:39.473Z
6521,26403,72874,2026-07-04T05:03:39.513Z
6522,42055,72874,2026-07-04T05:03:39.553Z
6523,26412,91861,2026-07-04T05:03:39.593Z
6524,50216,91861,2026-07-04T05:03:39.631Z
6525,4641,12610,2026-07-04T05:03:39.670Z
6526,8466,90991,2026-07-04T05:03:39.707Z
6527,58782,90991,2026-07-04T05:03:39.837Z
6528,4462,16977,2026-07-04T05:03:39.876Z
6529,24839,66439,2026-07-04T05:03:39.914Z
6530,8215,88795,2026-07-04T05:03:39.956Z
6531,19573,61831,2026-07-04T05:03:39.996Z
6532,2824,57531,2026-07-04T05:03:40.034Z
6533,2761,76126,2026-07-04T05:03:40.073Z
6534,26563,63480,2026-07-04T05:03:40.113Z
6535,26606,63581,2026-07-04T05:03:40.153Z
6536,26643,63580,2026-07-04T05:03:40.191Z
6537,7614,94961,2026-07-04T05:03:40.229Z
6538,26645,63578,2026-07-04T05:03:40.268Z
6539,26646,63523,2026-07-04T05:03:40.365Z
6540,36925,71520,2026-07-04T05:03:40.403Z
6541,28363,71520,2026-07-04T05:03:40.441Z
6542,62223,91890,2026-07-04T05:03:40.479Z
6543,45611,74367,2026-07-04T05:03:40.518Z
6544,26798,40973,2026-07-04T05:03:40.556Z
6545,26817,64114,2026-07-04T05:03:40.596Z
6546,26830,64099,2026-07-04T05:03:40.635Z
6547,18517,54004,2026-07-04T05:03:40.673Z
8411,7236,42157,2026-07-04T05:05:07.481Z
8412,5468,64097,2026-07-04T05:05:07.520Z
8413,5474,64150,2026-07-04T05:05:07.561Z
8414,11233,90699,2026-07-04T05:05:07.601Z
8415,58828,90699,2026-07-04T05:05:07.641Z
6548,2232,30408,2026-07-04T05:03:40.711Z
6549,15297,51672,2026-07-04T05:03:40.751Z
6550,30284,67249,2026-07-04T05:03:40.789Z
6551,87353,92873,2026-07-04T05:03:40.890Z
6552,27086,77829,2026-07-04T05:03:40.929Z
6553,4922,92200,2026-07-04T05:03:40.969Z
6554,15306,54442,2026-07-04T05:03:41.008Z
6555,31762,60152,2026-07-04T05:03:41.048Z
6556,31762,37403,2026-07-04T05:03:41.087Z
6557,37403,60152,2026-07-04T05:03:41.126Z
6558,23827,61035,2026-07-04T05:03:41.165Z
6559,23856,45813,2026-07-04T05:03:41.204Z
6560,28672,44336,2026-07-04T05:03:41.243Z
6561,2560,45910,2026-07-04T05:03:41.282Z
6562,4190,93543,2026-07-04T05:03:41.413Z
6563,9513,54445,2026-07-04T05:03:41.453Z
6564,51188,94192,2026-07-04T05:03:41.491Z
6565,9100,85154,2026-07-04T05:03:41.531Z
6566,73702,92736,2026-07-04T05:03:41.569Z
6567,27214,56043,2026-07-04T05:03:41.608Z
6568,441,85477,2026-07-04T05:03:41.648Z
6569,68543,93578,2026-07-04T05:03:41.688Z
6570,68544,93579,2026-07-04T05:03:41.727Z
6571,27294,94570,2026-07-04T05:03:41.766Z
6572,8502,96649,2026-07-04T05:03:41.804Z
6573,12655,27319,2026-07-04T05:03:41.842Z
6574,27319,82623,2026-07-04T05:03:41.938Z
6575,12655,82623,2026-07-04T05:03:41.978Z
6576,27336,50173,2026-07-04T05:03:42.016Z
6577,26827,63986,2026-07-04T05:03:42.055Z
6578,27363,70524,2026-07-04T05:03:42.095Z
8416,3418,96429,2026-07-04T05:05:07.680Z
8417,1381,80160,2026-07-04T05:05:07.719Z
8418,42279,42280,2026-07-04T05:05:07.759Z
8419,25782,59580,2026-07-04T05:05:07.798Z
8420,42319,60492,2026-07-04T05:05:07.925Z
8421,42292,80906,2026-07-04T05:05:07.966Z
8422,42321,60516,2026-07-04T05:05:08.004Z
8423,42325,60495,2026-07-04T05:05:08.043Z
8424,42326,60496,2026-07-04T05:05:08.083Z
8425,42330,60504,2026-07-04T05:05:08.122Z
8426,42331,60512,2026-07-04T05:05:08.161Z
8427,42338,60499,2026-07-04T05:05:08.201Z
8428,42344,60521,2026-07-04T05:05:08.240Z
8429,2704,43524,2026-07-04T05:05:08.278Z
8430,6577,76092,2026-07-04T05:05:08.317Z
8431,1751,94253,2026-07-04T05:05:08.448Z
6579,26818,64109,2026-07-04T05:03:42.136Z
6580,27375,94933,2026-07-04T05:03:42.177Z
6581,35955,59530,2026-07-04T05:03:42.215Z
6582,34610,43673,2026-07-04T05:03:42.255Z
6583,7921,41324,2026-07-04T05:03:42.295Z
6584,41324,71789,2026-07-04T05:03:42.335Z
6585,7921,71789,2026-07-04T05:03:42.465Z
6586,27522,44168,2026-07-04T05:03:42.505Z
6587,35027,74681,2026-07-04T05:03:42.545Z
6588,35049,74729,2026-07-04T05:03:42.585Z
6589,66099,88109,2026-07-04T05:03:42.623Z
6590,37388,60022,2026-07-04T05:03:42.661Z
6591,2721,53449,2026-07-04T05:03:42.699Z
6592,27615,45570,2026-07-04T05:03:42.738Z
6593,69693,89721,2026-07-04T05:03:42.777Z
6594,8496,91020,2026-07-04T05:03:42.815Z
6595,58881,91020,2026-07-04T05:03:42.855Z
6596,13872,91314,2026-07-04T05:03:42.985Z
6597,9508,46417,2026-07-04T05:03:43.026Z
6598,2725,91315,2026-07-04T05:03:43.066Z
6599,31708,61497,2026-07-04T05:03:43.107Z
6600,41832,50169,2026-07-04T05:03:43.147Z
6601,6733,71463,2026-07-04T05:03:43.185Z
6602,36946,71463,2026-07-04T05:03:43.223Z
6603,3959,90667,2026-07-04T05:03:43.263Z
6604,58813,90667,2026-07-04T05:03:43.303Z
6605,14993,96683,2026-07-04T05:03:43.341Z
6606,4047,84247,2026-07-04T05:03:43.380Z
6607,24766,61525,2026-07-04T05:03:43.508Z
6608,24761,84456,2026-07-04T05:03:43.546Z
6609,16668,27826,2026-07-04T05:03:43.583Z
6610,27826,70930,2026-07-04T05:03:43.623Z
6611,16668,70930,2026-07-04T05:03:43.664Z
6612,9511,54448,2026-07-04T05:03:43.703Z
6613,4470,85943,2026-07-04T05:03:43.741Z
6614,26810,63860,2026-07-04T05:03:43.780Z
6615,26810,38126,2026-07-04T05:03:43.820Z
6616,38126,63860,2026-07-04T05:03:43.860Z
6617,31909,44931,2026-07-04T05:03:43.898Z
6618,27940,79153,2026-07-04T05:03:43.936Z
6619,55481,79153,2026-07-04T05:03:44.035Z
6620,27967,34112,2026-07-04T05:03:44.074Z
6621,27974,69212,2026-07-04T05:03:44.113Z
6622,2264,83518,2026-07-04T05:03:44.153Z
6623,44989,83518,2026-07-04T05:03:44.193Z
6624,2264,44989,2026-07-04T05:03:44.232Z
6625,27979,57257,2026-07-04T05:03:44.271Z
6626,27278,92838,2026-07-04T05:03:44.309Z
6627,27278,70523,2026-07-04T05:03:44.348Z
6628,70523,92838,2026-07-04T05:03:44.388Z
6629,14897,62684,2026-07-04T05:03:44.427Z
6630,14897,50106,2026-07-04T05:03:44.557Z
6631,50106,62684,2026-07-04T05:03:44.595Z
6632,26572,63533,2026-07-04T05:03:44.633Z
6633,24127,61039,2026-07-04T05:03:44.671Z
6634,3704,85084,2026-07-04T05:03:44.711Z
6635,75490,96328,2026-07-04T05:03:44.750Z
6636,47265,76986,2026-07-04T05:03:44.790Z
6637,5192,37767,2026-07-04T05:03:44.829Z
6638,6508,77913,2026-07-04T05:03:44.868Z
6639,14987,28016,2026-07-04T05:03:44.908Z
6640,28016,59153,2026-07-04T05:03:44.949Z
6641,14987,59153,2026-07-04T05:03:44.988Z
6642,34995,74216,2026-07-04T05:03:45.084Z
6643,71352,75498,2026-07-04T05:03:45.126Z
6644,30950,72290,2026-07-04T05:03:45.163Z
6645,72290,80857,2026-07-04T05:03:45.203Z
6646,30950,80857,2026-07-04T05:03:45.242Z
6647,38212,63560,2026-07-04T05:03:45.281Z
6648,64204,88472,2026-07-04T05:03:45.320Z
6649,146,88792,2026-07-04T05:03:45.361Z
6650,14185,76826,2026-07-04T05:03:45.401Z
6651,39259,95414,2026-07-04T05:03:45.440Z
6652,3451,43091,2026-07-04T05:03:45.478Z
6653,3451,57158,2026-07-04T05:03:45.608Z
6654,3451,73703,2026-07-04T05:03:45.646Z
6655,43091,57158,2026-07-04T05:03:45.687Z
6656,43091,73703,2026-07-04T05:03:45.727Z
6657,57158,73703,2026-07-04T05:03:45.766Z
6658,727,87002,2026-07-04T05:03:45.805Z
6659,28096,67381,2026-07-04T05:03:45.845Z
6660,28098,58586,2026-07-04T05:03:45.886Z
6661,31351,72746,2026-07-04T05:03:45.925Z
6662,28133,44157,2026-07-04T05:03:45.965Z
6663,28133,61701,2026-07-04T05:03:46.005Z
6664,44157,61701,2026-07-04T05:03:46.133Z
6665,28134,43959,2026-07-04T05:03:46.173Z
6666,47520,64065,2026-07-04T05:03:46.213Z
6667,28144,58641,2026-07-04T05:03:46.251Z
6668,28144,87510,2026-07-04T05:03:46.291Z
6669,58641,87510,2026-07-04T05:03:46.331Z
6670,28155,43492,2026-07-04T05:03:46.369Z
6671,28155,59547,2026-07-04T05:03:46.408Z
6672,25726,28155,2026-07-04T05:03:46.447Z
6673,43492,59547,2026-07-04T05:03:46.488Z
6674,25726,43492,2026-07-04T05:03:46.526Z
6675,25726,59547,2026-07-04T05:03:46.658Z
6676,36617,61094,2026-07-04T05:03:46.697Z
6677,25776,60172,2026-07-04T05:03:46.738Z
6678,28242,85489,2026-07-04T05:03:46.778Z
6679,28266,71455,2026-07-04T05:03:46.817Z
6680,11247,53998,2026-07-04T05:03:46.856Z
6681,48937,71548,2026-07-04T05:03:46.895Z
6682,44308,70706,2026-07-04T05:03:46.934Z
6683,72759,89877,2026-07-04T05:03:46.973Z
6684,28348,71473,2026-07-04T05:03:47.012Z
6685,36950,71473,2026-07-04T05:03:47.053Z
6686,28349,71470,2026-07-04T05:03:47.181Z
6687,36953,71470,2026-07-04T05:03:47.220Z
6688,28352,90441,2026-07-04T05:03:47.260Z
6689,36928,90441,2026-07-04T05:03:47.303Z
6690,37965,67717,2026-07-04T05:03:47.342Z
6691,67717,70231,2026-07-04T05:03:47.382Z
6692,28353,71472,2026-07-04T05:03:47.423Z
6693,36955,71472,2026-07-04T05:03:47.462Z
6694,28357,71324,2026-07-04T05:03:47.503Z
6695,36932,71324,2026-07-04T05:03:47.544Z
6696,28359,71467,2026-07-04T05:03:47.583Z
6697,36942,71467,2026-07-04T05:03:47.706Z
6698,28367,70393,2026-07-04T05:03:47.746Z
6699,36939,70393,2026-07-04T05:03:47.786Z
6700,9052,61835,2026-07-04T05:03:47.824Z
6701,4392,88332,2026-07-04T05:03:47.863Z
6702,31701,60083,2026-07-04T05:03:47.902Z
6703,20471,63376,2026-07-04T05:03:47.941Z
6704,28400,72785,2026-07-04T05:03:47.980Z
6705,28400,69354,2026-07-04T05:03:48.020Z
6706,69354,72785,2026-07-04T05:03:48.059Z
6707,28401,88853,2026-07-04T05:03:48.098Z
6708,7313,71623,2026-07-04T05:03:48.225Z
6709,11282,70982,2026-07-04T05:03:48.265Z
6710,19305,96659,2026-07-04T05:03:48.305Z
6711,9006,84717,2026-07-04T05:03:48.345Z
6712,11679,46300,2026-07-04T05:03:48.385Z
6713,47257,74143,2026-07-04T05:03:48.423Z
6714,34532,47743,2026-07-04T05:03:48.461Z
6715,9293,60567,2026-07-04T05:03:48.500Z
6716,25295,46299,2026-07-04T05:03:48.540Z
6717,28797,72860,2026-07-04T05:03:48.580Z
6718,19750,74312,2026-07-04T05:03:48.618Z
6719,20061,41806,2026-07-04T05:03:48.658Z
6720,31094,31337,2026-07-04T05:03:48.755Z
6721,31094,53314,2026-07-04T05:03:48.795Z
6722,31337,53314,2026-07-04T05:03:48.834Z
6723,28616,94111,2026-07-04T05:03:48.873Z
6724,26222,78590,2026-07-04T05:03:48.913Z
6725,29778,67095,2026-07-04T05:03:48.955Z
6726,41959,54960,2026-07-04T05:03:48.995Z
6727,35861,41959,2026-07-04T05:03:49.033Z
6728,3053,86368,2026-07-04T05:03:49.070Z
6729,20365,37515,2026-07-04T05:03:49.109Z
6730,2546,87734,2026-07-04T05:03:49.147Z
6731,6552,58574,2026-07-04T05:03:49.277Z
6732,6552,42976,2026-07-04T05:03:49.316Z
6733,6552,91667,2026-07-04T05:03:49.355Z
6734,42976,58574,2026-07-04T05:03:49.394Z
8432,2048,74633,2026-07-04T05:05:08.488Z
8433,55788,74633,2026-07-04T05:05:08.527Z
6735,58574,91667,2026-07-04T05:03:49.433Z
6736,42976,91667,2026-07-04T05:03:49.473Z
6737,47276,86760,2026-07-04T05:03:49.512Z
6738,2135,63566,2026-07-04T05:03:49.555Z
6739,38612,41472,2026-07-04T05:03:49.595Z
6740,71124,94107,2026-07-04T05:03:49.634Z
6741,4267,85732,2026-07-04T05:03:49.672Z
6742,11280,90986,2026-07-04T05:03:49.800Z
6743,58779,90986,2026-07-04T05:03:49.838Z
6744,18514,77071,2026-07-04T05:03:49.876Z
6745,19858,71388,2026-07-04T05:03:49.915Z
6746,28758,51171,2026-07-04T05:03:49.955Z
6747,28792,41805,2026-07-04T05:03:49.994Z
6748,28798,96372,2026-07-04T05:03:50.033Z
6749,34095,67828,2026-07-04T05:03:50.074Z
6750,66820,73988,2026-07-04T05:03:50.113Z
6751,64074,66820,2026-07-04T05:03:50.152Z
6752,64074,73988,2026-07-04T05:03:50.191Z
6753,28806,51172,2026-07-04T05:03:50.231Z
6754,28811,51169,2026-07-04T05:03:50.327Z
6755,19479,41009,2026-07-04T05:03:50.367Z
6756,19479,92625,2026-07-04T05:03:50.407Z
6757,41009,92625,2026-07-04T05:03:50.449Z
6758,36911,71024,2026-07-04T05:03:50.489Z
6759,36911,62841,2026-07-04T05:03:50.528Z
6760,62841,71024,2026-07-04T05:03:50.568Z
6761,28842,77963,2026-07-04T05:03:50.607Z
6762,49019,70983,2026-07-04T05:03:50.647Z
6763,34339,70983,2026-07-04T05:03:50.685Z
6764,68858,75323,2026-07-04T05:03:50.725Z
6765,28852,93935,2026-07-04T05:03:50.855Z
6766,23336,71166,2026-07-04T05:03:50.893Z
6767,51060,71166,2026-07-04T05:03:50.931Z
6768,8385,85116,2026-07-04T05:03:50.970Z
6769,81486,95418,2026-07-04T05:03:51.010Z
6770,14824,62400,2026-07-04T05:03:51.049Z
6771,15720,46380,2026-07-04T05:03:51.088Z
6772,46380,51836,2026-07-04T05:03:51.128Z
6773,1685,86546,2026-07-04T05:03:51.168Z
6774,25862,71433,2026-07-04T05:03:51.208Z
6775,42339,60501,2026-07-04T05:03:51.247Z
6776,25226,63993,2026-07-04T05:03:51.378Z
6777,28913,89028,2026-07-04T05:03:51.418Z
6778,29262,70150,2026-07-04T05:03:51.458Z
6779,39003,77328,2026-07-04T05:03:51.497Z
6780,75747,92886,2026-07-04T05:03:51.535Z
6781,36667,61072,2026-07-04T05:03:51.576Z
6782,9069,61779,2026-07-04T05:03:51.615Z
6783,28960,48876,2026-07-04T05:03:51.655Z
6784,28960,63412,2026-07-04T05:03:51.694Z
6785,48876,63412,2026-07-04T05:03:51.734Z
6786,67147,83163,2026-07-04T05:03:51.773Z
6787,78447,93846,2026-07-04T05:03:51.900Z
6788,78447,79045,2026-07-04T05:03:51.938Z
6789,79045,93846,2026-07-04T05:03:51.978Z
6790,3858,61306,2026-07-04T05:03:52.017Z
8434,29428,93101,2026-07-04T05:05:08.568Z
6791,41673,67614,2026-07-04T05:03:52.056Z
6792,4514,72907,2026-07-04T05:03:52.094Z
6793,29041,95299,2026-07-04T05:03:52.133Z
6794,29042,95298,2026-07-04T05:03:52.170Z
6795,18422,74737,2026-07-04T05:03:52.210Z
6796,29047,90442,2026-07-04T05:03:52.248Z
6797,29048,70789,2026-07-04T05:03:52.286Z
6798,14189,93624,2026-07-04T05:03:52.325Z
6799,11152,29050,2026-07-04T05:03:52.427Z
6800,29053,90540,2026-07-04T05:03:52.465Z
6801,29057,77425,2026-07-04T05:03:52.505Z
6802,28839,41756,2026-07-04T05:03:52.546Z
6803,61961,93746,2026-07-04T05:03:52.585Z
6804,3670,84681,2026-07-04T05:03:52.625Z
6805,62092,90543,2026-07-04T05:03:52.663Z
8435,27971,69699,2026-07-04T05:05:08.609Z
8436,7622,95069,2026-07-04T05:05:08.647Z
8437,1404,84121,2026-07-04T05:05:08.686Z
8438,2141,74980,2026-07-04T05:05:08.726Z
8439,26620,63485,2026-07-04T05:05:08.765Z
8440,9276,57513,2026-07-04T05:05:08.803Z
8441,9276,83549,2026-07-04T05:05:08.841Z
8442,57513,83549,2026-07-04T05:05:08.973Z
8443,92986,95981,2026-07-04T05:05:09.012Z
8444,26248,44145,2026-07-04T05:05:09.052Z
8445,26248,91663,2026-07-04T05:05:09.090Z
8446,44145,91663,2026-07-04T05:05:09.128Z
8447,1593,83991,2026-07-04T05:05:09.166Z
8448,63511,63553,2026-07-04T05:05:09.203Z
8449,62099,77763,2026-07-04T05:05:09.243Z
8450,22984,71068,2026-07-04T05:05:09.282Z
6806,62120,77755,2026-07-04T05:03:52.701Z
6807,34440,56655,2026-07-04T05:03:52.739Z
6808,17485,67267,2026-07-04T05:03:52.779Z
6809,3632,84694,2026-07-04T05:03:52.817Z
6810,29750,41641,2026-07-04T05:03:52.946Z
6811,62185,86408,2026-07-04T05:03:52.986Z
6812,5469,64102,2026-07-04T05:03:53.026Z
6813,4440,83903,2026-07-04T05:03:53.063Z
6814,21681,67360,2026-07-04T05:03:53.103Z
8451,2115,84326,2026-07-04T05:05:09.320Z
8452,1596,83921,2026-07-04T05:05:09.360Z
8453,1608,83952,2026-07-04T05:05:09.400Z
8454,2123,86796,2026-07-04T05:05:09.498Z
8455,3384,84302,2026-07-04T05:05:09.538Z
8456,3394,96420,2026-07-04T05:05:09.576Z
6815,19391,60538,2026-07-04T05:03:53.141Z
6816,18218,69530,2026-07-04T05:03:53.180Z
6817,18218,74830,2026-07-04T05:03:53.220Z
6818,39042,74830,2026-07-04T05:03:53.260Z
6819,69530,74830,2026-07-04T05:03:53.297Z
6820,24515,85384,2026-07-04T05:03:53.336Z
6821,29389,70875,2026-07-04T05:03:53.375Z
6822,1558,85274,2026-07-04T05:03:53.472Z
6823,29215,93104,2026-07-04T05:03:53.512Z
6824,25780,59617,2026-07-04T05:03:53.559Z
6825,30377,45805,2026-07-04T05:03:53.597Z
6826,30377,83519,2026-07-04T05:03:53.636Z
6827,45805,83519,2026-07-04T05:03:53.673Z
6828,29226,70905,2026-07-04T05:03:53.712Z
6829,29230,70902,2026-07-04T05:03:53.753Z
6830,29234,63619,2026-07-04T05:03:53.793Z
6831,31836,46934,2026-07-04T05:03:53.832Z
6832,71638,72446,2026-07-04T05:03:53.870Z
6833,29247,90594,2026-07-04T05:03:53.999Z
6834,5125,36791,2026-07-04T05:03:54.038Z
6835,29263,89809,2026-07-04T05:03:54.076Z
6836,45209,59762,2026-07-04T05:03:54.114Z
6837,45210,59763,2026-07-04T05:03:54.153Z
6838,1627,88718,2026-07-04T05:03:54.191Z
6839,45201,59772,2026-07-04T05:03:54.230Z
6840,29325,57617,2026-07-04T05:03:54.270Z
6841,29326,57618,2026-07-04T05:03:54.310Z
6842,29370,71103,2026-07-04T05:03:54.349Z
6843,29370,57624,2026-07-04T05:03:54.386Z
6844,57624,71103,2026-07-04T05:03:54.425Z
6845,4684,71142,2026-07-04T05:03:54.523Z
6846,29374,90256,2026-07-04T05:03:54.564Z
6847,22508,41520,2026-07-04T05:03:54.603Z
6848,8819,51018,2026-07-04T05:03:54.641Z
6849,29387,70866,2026-07-04T05:03:54.680Z
6850,39037,92178,2026-07-04T05:03:54.718Z
6851,34004,92178,2026-07-04T05:03:54.757Z
6852,61915,88367,2026-07-04T05:03:54.798Z
8457,3388,96336,2026-07-04T05:05:09.614Z
8458,3410,96421,2026-07-04T05:05:09.653Z
8459,4116,86416,2026-07-04T05:05:09.694Z
8460,4909,92080,2026-07-04T05:05:09.733Z
8461,28774,71075,2026-07-04T05:05:09.773Z
8462,62122,77473,2026-07-04T05:05:09.813Z
8463,43429,89714,2026-07-04T05:05:09.853Z
8464,1067,93184,2026-07-04T05:05:09.891Z
8465,359,45029,2026-07-04T05:05:10.022Z
8466,12326,84231,2026-07-04T05:05:10.062Z
8467,6586,43971,2026-07-04T05:05:10.101Z
8468,4915,92198,2026-07-04T05:05:10.139Z
8469,26558,63481,2026-07-04T05:05:10.178Z
8470,4228,86431,2026-07-04T05:05:10.218Z
8471,380,83521,2026-07-04T05:05:10.256Z
8472,3421,96477,2026-07-04T05:05:10.296Z
8473,1288,11252,2026-07-04T05:05:10.336Z
8474,26579,63478,2026-07-04T05:05:10.375Z
8475,4496,84093,2026-07-04T05:05:10.413Z
6853,11290,91004,2026-07-04T05:03:54.839Z
6854,58903,91004,2026-07-04T05:03:54.878Z
6855,18654,59123,2026-07-04T05:03:54.918Z
6856,53321,77964,2026-07-04T05:03:55.046Z
6857,15628,65647,2026-07-04T05:03:55.086Z
6858,20528,51173,2026-07-04T05:03:55.126Z
6859,34541,49410,2026-07-04T05:03:55.165Z
6860,31930,43984,2026-07-04T05:03:55.204Z
6861,47392,84949,2026-07-04T05:03:55.244Z
6862,29429,93100,2026-07-04T05:03:55.284Z
6863,29787,67086,2026-07-04T05:03:55.325Z
6864,1245,90694,2026-07-04T05:03:55.363Z
6865,58803,90694,2026-07-04T05:03:55.401Z
6866,29434,75840,2026-07-04T05:03:55.441Z
6867,24523,44159,2026-07-04T05:03:55.570Z
6868,8734,49414,2026-07-04T05:03:55.610Z
6869,38007,90235,2026-07-04T05:03:55.648Z
6870,29480,47429,2026-07-04T05:03:55.688Z
6871,29480,87542,2026-07-04T05:03:55.726Z
6872,47429,87542,2026-07-04T05:03:55.764Z
6873,1709,84654,2026-07-04T05:03:55.804Z
6874,34217,75237,2026-07-04T05:03:55.842Z
6875,49178,75237,2026-07-04T05:03:55.880Z
6876,14482,61762,2026-07-04T05:03:55.918Z
6877,31146,42581,2026-07-04T05:03:55.956Z
6878,2507,87912,2026-07-04T05:03:55.995Z
6879,24741,44158,2026-07-04T05:03:56.096Z
6880,3645,84705,2026-07-04T05:03:56.136Z
6881,14187,93649,2026-07-04T05:03:56.175Z
6882,70865,85705,2026-07-04T05:03:56.214Z
8476,3646,57876,2026-07-04T05:05:10.543Z
8477,4393,88329,2026-07-04T05:05:10.581Z
8478,14651,84087,2026-07-04T05:05:10.619Z
8479,7077,57535,2026-07-04T05:05:10.660Z
8480,2509,87803,2026-07-04T05:05:10.700Z
8481,205,83798,2026-07-04T05:05:10.737Z
8482,7483,41485,2026-07-04T05:05:10.775Z
8483,646,84040,2026-07-04T05:05:10.813Z
8484,1604,58593,2026-07-04T05:05:10.851Z
8485,2709,53437,2026-07-04T05:05:10.890Z
8486,75749,85559,2026-07-04T05:05:10.929Z
8487,4064,87965,2026-07-04T05:05:10.969Z
8488,26839,64093,2026-07-04T05:05:11.067Z
8489,11422,49407,2026-07-04T05:05:11.106Z
8490,24760,84494,2026-07-04T05:05:11.145Z
8491,13164,88281,2026-07-04T05:05:11.185Z
8492,31540,91681,2026-07-04T05:05:11.224Z
8493,31547,85205,2026-07-04T05:05:11.261Z
8494,17484,67312,2026-07-04T05:05:11.300Z
8495,60760,61504,2026-07-04T05:05:11.341Z
8496,60760,83987,2026-07-04T05:05:11.381Z
8497,61504,83987,2026-07-04T05:05:11.420Z
8498,20538,51170,2026-07-04T05:05:11.458Z
8499,31562,85210,2026-07-04T05:05:11.495Z
8500,16749,67962,2026-07-04T05:05:11.594Z
8501,62225,91892,2026-07-04T05:05:11.633Z
8502,21375,65577,2026-07-04T05:05:11.673Z
8503,50620,65577,2026-07-04T05:05:11.717Z
8504,21375,50620,2026-07-04T05:05:11.756Z
8505,24759,63229,2026-07-04T05:05:11.796Z
8506,4365,83881,2026-07-04T05:05:11.835Z
8507,22260,44149,2026-07-04T05:05:11.875Z
8508,3284,92657,2026-07-04T05:05:11.914Z
8509,4079,8856,2026-07-04T05:05:11.953Z
8510,7639,57526,2026-07-04T05:05:11.993Z
8511,30660,42552,2026-07-04T05:05:12.116Z
8512,2020,86417,2026-07-04T05:05:12.155Z
8513,24504,42556,2026-07-04T05:05:12.194Z
8514,2144,63563,2026-07-04T05:05:12.234Z
8515,34601,51772,2026-07-04T05:05:12.273Z
8516,26184,71143,2026-07-04T05:05:12.311Z
8517,1325,91313,2026-07-04T05:05:12.350Z
8518,5286,92070,2026-07-04T05:05:12.389Z
8519,62186,86409,2026-07-04T05:05:12.427Z
8520,36303,73917,2026-07-04T05:05:12.465Z
8521,62187,86410,2026-07-04T05:05:12.504Z
8522,4117,86578,2026-07-04T05:05:12.543Z
8523,2090,74983,2026-07-04T05:05:12.643Z
8524,1643,83754,2026-07-04T05:05:12.683Z
8525,1084,53446,2026-07-04T05:05:12.723Z
8526,1084,16693,2026-07-04T05:05:12.761Z
8527,16693,53446,2026-07-04T05:05:12.800Z
8528,7555,71604,2026-07-04T05:05:12.839Z
8529,17333,46354,2026-07-04T05:05:12.878Z
8530,42583,93029,2026-07-04T05:05:12.917Z
8531,7338,70317,2026-07-04T05:05:12.955Z
8532,42598,81900,2026-07-04T05:05:12.993Z
8533,8682,42601,2026-07-04T05:05:13.032Z
8534,1632,86524,2026-07-04T05:05:13.163Z
8535,42611,62414,2026-07-04T05:05:13.203Z
8536,1667,86125,2026-07-04T05:05:13.242Z
8537,2024,86415,2026-07-04T05:05:13.281Z
8538,42778,74222,2026-07-04T05:05:13.320Z
8539,42780,74651,2026-07-04T05:05:13.361Z
8540,3283,92658,2026-07-04T05:05:13.401Z
8541,9365,86797,2026-07-04T05:05:13.440Z
8542,3673,85355,2026-07-04T05:05:13.478Z
6883,62111,93253,2026-07-04T05:03:56.253Z
6884,3999,90997,2026-07-04T05:03:56.293Z
6885,58888,90997,2026-07-04T05:03:56.331Z
6886,6538,58590,2026-07-04T05:03:56.371Z
8543,27284,37956,2026-07-04T05:05:13.516Z
6887,3263,84050,2026-07-04T05:03:56.409Z
6888,62102,62103,2026-07-04T05:03:56.449Z
6889,62103,93867,2026-07-04T05:03:56.489Z
6890,62102,93867,2026-07-04T05:03:56.616Z
6891,81887,84004,2026-07-04T05:03:56.655Z
6892,28661,94047,2026-07-04T05:03:56.693Z
6893,62128,77748,2026-07-04T05:03:56.731Z
6894,29872,83719,2026-07-04T05:03:56.769Z
6895,29874,76828,2026-07-04T05:03:56.807Z
6896,17490,67268,2026-07-04T05:03:56.845Z
6897,29917,66191,2026-07-04T05:03:56.883Z
6898,29933,92300,2026-07-04T05:03:56.925Z
8544,27284,90289,2026-07-04T05:05:13.555Z
6899,5124,78585,2026-07-04T05:03:56.964Z
6900,29936,84238,2026-07-04T05:03:57.001Z
6901,30014,88791,2026-07-04T05:03:57.040Z
6902,33135,54000,2026-07-04T05:03:57.141Z
8545,1831,92192,2026-07-04T05:05:13.595Z
6903,2042,58578,2026-07-04T05:03:57.180Z
6904,22281,72107,2026-07-04T05:03:57.220Z
6905,3359,84117,2026-07-04T05:03:57.259Z
6906,30142,83682,2026-07-04T05:03:57.298Z
6907,14206,91176,2026-07-04T05:03:57.337Z
6908,30359,82772,2026-07-04T05:03:57.374Z
6909,29867,44974,2026-07-04T05:03:57.414Z
6910,29867,66229,2026-07-04T05:03:57.454Z
6911,44974,66229,2026-07-04T05:03:57.495Z
6912,26220,89502,2026-07-04T05:03:57.533Z
6913,1229,90972,2026-07-04T05:03:57.665Z
6914,58764,90972,2026-07-04T05:03:57.704Z
6915,14402,41716,2026-07-04T05:03:57.743Z
6916,14402,76315,2026-07-04T05:03:57.782Z
6917,41716,76315,2026-07-04T05:03:57.821Z
6918,30648,61180,2026-07-04T05:03:57.861Z
6919,41025,86818,2026-07-04T05:03:57.901Z
6920,22131,86818,2026-07-04T05:03:57.940Z
6921,22131,41025,2026-07-04T05:03:57.978Z
6922,71071,90102,2026-07-04T05:03:58.017Z
6923,30656,39044,2026-07-04T05:03:58.056Z
6924,394,58100,2026-07-04T05:03:58.094Z
6925,30658,39045,2026-07-04T05:03:58.191Z
6926,30658,92215,2026-07-04T05:03:58.231Z
6927,39045,92215,2026-07-04T05:03:58.271Z
6928,30697,42589,2026-07-04T05:03:58.311Z
6929,35353,39502,2026-07-04T05:03:58.350Z
6930,30906,42562,2026-07-04T05:03:58.388Z
6931,30930,89020,2026-07-04T05:03:58.428Z
6932,3507,84719,2026-07-04T05:03:58.467Z
6933,30931,40992,2026-07-04T05:03:58.505Z
6934,29291,66981,2026-07-04T05:03:58.542Z
6935,1586,85368,2026-07-04T05:03:58.580Z
6936,30937,40984,2026-07-04T05:03:58.620Z
6937,30938,79967,2026-07-04T05:03:58.717Z
6938,30946,40995,2026-07-04T05:03:58.758Z
6939,8045,67096,2026-07-04T05:03:58.798Z
6940,72012,72043,2026-07-04T05:03:58.838Z
6941,30948,41001,2026-07-04T05:03:58.877Z
6942,30962,67466,2026-07-04T05:03:58.915Z
6943,30966,51490,2026-07-04T05:03:58.953Z
6944,30984,40994,2026-07-04T05:03:58.992Z
6945,14817,85972,2026-07-04T05:03:59.033Z
6946,6373,31011,2026-07-04T05:03:59.073Z
6947,18545,25158,2026-07-04T05:03:59.113Z
6948,18545,50123,2026-07-04T05:03:59.238Z
6949,13058,18545,2026-07-04T05:03:59.275Z
6950,25158,50123,2026-07-04T05:03:59.314Z
6951,13058,25158,2026-07-04T05:03:59.353Z
6952,13058,50123,2026-07-04T05:03:59.393Z
6953,1058,61841,2026-07-04T05:03:59.433Z
6954,34075,67166,2026-07-04T05:03:59.472Z
6955,31833,37434,2026-07-04T05:03:59.510Z
6956,31028,36887,2026-07-04T05:03:59.549Z
6957,31041,90014,2026-07-04T05:03:59.589Z
6958,13876,93105,2026-07-04T05:03:59.628Z
6959,1780,87066,2026-07-04T05:03:59.668Z
6960,25126,73230,2026-07-04T05:03:59.765Z
6961,31073,87491,2026-07-04T05:03:59.806Z
6962,31082,73771,2026-07-04T05:03:59.846Z
6963,9140,85409,2026-07-04T05:03:59.885Z
6964,10623,31110,2026-07-04T05:03:59.924Z
6965,29220,75839,2026-07-04T05:03:59.963Z
6966,43922,90191,2026-07-04T05:04:00.002Z
6967,35885,69654,2026-07-04T05:04:00.040Z
6968,50757,69654,2026-07-04T05:04:00.080Z
6969,31151,42563,2026-07-04T05:04:00.118Z
6970,14852,40993,2026-07-04T05:04:00.156Z
6971,16459,61181,2026-07-04T05:04:00.287Z
6972,31171,57322,2026-07-04T05:04:00.325Z
6973,58805,90695,2026-07-04T05:04:00.363Z
6974,4037,90695,2026-07-04T05:04:00.401Z
6975,58810,90696,2026-07-04T05:04:00.441Z
6976,4038,90696,2026-07-04T05:04:00.478Z
6977,62205,68239,2026-07-04T05:04:00.517Z
6978,31325,86395,2026-07-04T05:04:00.554Z
6979,31326,59077,2026-07-04T05:04:00.593Z
6980,4400,49426,2026-07-04T05:04:00.630Z
6981,31329,82243,2026-07-04T05:04:00.670Z
6982,31000,31330,2026-07-04T05:04:00.709Z
6983,31331,51485,2026-07-04T05:04:00.813Z
6984,31331,63066,2026-07-04T05:04:00.852Z
6985,8634,31331,2026-07-04T05:04:00.891Z
6986,51485,63066,2026-07-04T05:04:00.929Z
6987,8634,51485,2026-07-04T05:04:00.968Z
6988,8634,63066,2026-07-04T05:04:01.008Z
6989,31332,71178,2026-07-04T05:04:01.048Z
6990,31333,63189,2026-07-04T05:04:01.085Z
6991,31334,63191,2026-07-04T05:04:01.126Z
6992,31335,63192,2026-07-04T05:04:01.163Z
6993,23857,45809,2026-07-04T05:04:01.203Z
6994,31341,83827,2026-07-04T05:04:01.241Z
6995,61623,87314,2026-07-04T05:04:01.337Z
6996,59728,87312,2026-07-04T05:04:01.375Z
6997,31343,59079,2026-07-04T05:04:01.414Z
6998,31344,59084,2026-07-04T05:04:01.451Z
6999,7574,90241,2026-07-04T05:04:01.490Z
7000,31113,31350,2026-07-04T05:04:01.528Z
7001,31350,72745,2026-07-04T05:04:01.567Z
7002,31113,72745,2026-07-04T05:04:01.606Z
7003,31352,59076,2026-07-04T05:04:01.644Z
7004,31355,63236,2026-07-04T05:04:01.683Z
7005,77163,89482,2026-07-04T05:04:01.723Z
7006,35015,61534,2026-07-04T05:04:01.763Z
7007,1364,92717,2026-07-04T05:04:01.863Z
7008,52724,62552,2026-07-04T05:04:01.903Z
7009,8712,53308,2026-07-04T05:04:01.944Z
7010,27285,78687,2026-07-04T05:04:01.983Z
7011,8648,69141,2026-07-04T05:04:02.023Z
7012,29824,88723,2026-07-04T05:04:02.060Z
7013,5859,55581,2026-07-04T05:04:02.100Z
7014,31506,61776,2026-07-04T05:04:02.140Z
7015,31517,61830,2026-07-04T05:04:02.180Z
7016,8524,90839,2026-07-04T05:04:02.221Z
7017,58843,90839,2026-07-04T05:04:02.260Z
7018,31542,85041,2026-07-04T05:04:02.387Z
7019,31544,61773,2026-07-04T05:04:02.427Z
7020,31546,85209,2026-07-04T05:04:02.465Z
7021,13796,92716,2026-07-04T05:04:02.503Z
7022,31548,61771,2026-07-04T05:04:02.541Z
7023,31556,85213,2026-07-04T05:04:02.579Z
7024,34589,50273,2026-07-04T05:04:02.616Z
7025,36821,71762,2026-07-04T05:04:02.655Z
7026,34024,71762,2026-07-04T05:04:02.693Z
7027,31559,85352,2026-07-04T05:04:02.730Z
8546,11698,74684,2026-07-04T05:05:13.692Z
8547,3533,85424,2026-07-04T05:05:13.733Z
8548,3681,84704,2026-07-04T05:05:13.773Z
8549,62157,72338,2026-07-04T05:05:13.813Z
8550,4201,63232,2026-07-04T05:05:13.852Z
8551,63175,66797,2026-07-04T05:05:13.890Z
8552,13182,44019,2026-07-04T05:05:13.931Z
8553,3660,84673,2026-07-04T05:05:13.968Z
8554,574,83879,2026-07-04T05:05:14.008Z
8555,1752,94534,2026-07-04T05:05:14.046Z
7028,31561,85199,2026-07-04T05:04:02.770Z
7029,31563,61735,2026-07-04T05:04:02.810Z
7030,31564,61741,2026-07-04T05:04:02.911Z
7031,31567,84706,2026-07-04T05:04:02.950Z
7032,34250,70910,2026-07-04T05:04:02.990Z
7033,49018,70910,2026-07-04T05:04:03.030Z
7034,31569,85285,2026-07-04T05:04:03.067Z
7035,31570,85180,2026-07-04T05:04:03.105Z
7036,31571,61757,2026-07-04T05:04:03.143Z
7037,31572,84498,2026-07-04T05:04:03.183Z
7038,31573,84497,2026-07-04T05:04:03.223Z
7039,31576,61764,2026-07-04T05:04:03.261Z
7040,31577,85375,2026-07-04T05:04:03.300Z
8556,14194,61376,2026-07-04T05:05:14.085Z
8557,4497,86019,2026-07-04T05:05:14.216Z
8558,37350,60025,2026-07-04T05:05:14.255Z
8559,39028,64451,2026-07-04T05:05:14.293Z
8560,773,80518,2026-07-04T05:05:14.331Z
8561,53,49405,2026-07-04T05:05:14.368Z
8562,1742,94340,2026-07-04T05:05:14.406Z
7041,31580,84709,2026-07-04T05:04:03.338Z
7042,9138,85327,2026-07-04T05:04:03.437Z
7043,59748,60393,2026-07-04T05:04:03.476Z
7044,11409,51763,2026-07-04T05:04:03.515Z
7045,31698,60878,2026-07-04T05:04:03.554Z
7046,31700,37400,2026-07-04T05:04:03.593Z
7047,8132,76827,2026-07-04T05:04:03.633Z
7048,31703,60042,2026-07-04T05:04:03.671Z
7049,29175,66971,2026-07-04T05:04:03.710Z
8563,1335,77166,2026-07-04T05:05:14.446Z
8564,43095,93361,2026-07-04T05:05:14.486Z
8565,25096,91616,2026-07-04T05:05:14.525Z
7050,31709,60527,2026-07-04T05:04:03.748Z
7051,31710,60533,2026-07-04T05:04:03.788Z
7052,31711,60560,2026-07-04T05:04:03.828Z
7053,31715,60563,2026-07-04T05:04:03.957Z
7054,31716,60465,2026-07-04T05:04:04.001Z
7055,31719,37423,2026-07-04T05:04:04.039Z
7056,31722,37376,2026-07-04T05:04:04.076Z
7057,31724,37329,2026-07-04T05:04:04.114Z
7058,31724,61444,2026-07-04T05:04:04.153Z
7059,37329,61444,2026-07-04T05:04:04.191Z
7060,31728,61454,2026-07-04T05:04:04.228Z
7061,31740,37336,2026-07-04T05:04:04.266Z
7062,31740,60072,2026-07-04T05:04:04.305Z
7063,37336,60072,2026-07-04T05:04:04.343Z
7064,31744,37433,2026-07-04T05:04:04.381Z
7065,50970,92086,2026-07-04T05:04:04.484Z
7066,34280,92086,2026-07-04T05:04:04.523Z
7067,31747,60086,2026-07-04T05:04:04.563Z
7068,31749,37357,2026-07-04T05:04:04.601Z
7069,31750,60028,2026-07-04T05:04:04.641Z
7070,31751,37395,2026-07-04T05:04:04.679Z
7071,31751,60058,2026-07-04T05:04:04.717Z
7072,37395,60058,2026-07-04T05:04:04.755Z
7073,31752,60066,2026-07-04T05:04:04.794Z
7074,31757,60540,2026-07-04T05:04:04.833Z
7075,31758,60555,2026-07-04T05:04:04.871Z
7076,31764,37360,2026-07-04T05:04:04.910Z
7077,31764,60062,2026-07-04T05:04:05.011Z
7078,37360,60062,2026-07-04T05:04:05.051Z
7079,31765,60460,2026-07-04T05:04:05.090Z
7080,31781,60463,2026-07-04T05:04:05.130Z
7081,31789,59113,2026-07-04T05:04:05.171Z
7082,31790,37369,2026-07-04T05:04:05.210Z
7083,31791,37371,2026-07-04T05:04:05.250Z
7084,31795,37347,2026-07-04T05:04:05.288Z
7085,31795,60061,2026-07-04T05:04:05.328Z
7086,37347,60061,2026-07-04T05:04:05.368Z
7087,31800,60036,2026-07-04T05:04:05.408Z
7088,15232,60865,2026-07-04T05:04:05.533Z
7089,57508,60865,2026-07-04T05:04:05.573Z
7090,15232,57508,2026-07-04T05:04:05.611Z
7091,31801,60037,2026-07-04T05:04:05.651Z
7092,31805,60528,2026-07-04T05:04:05.691Z
7093,31806,60536,2026-07-04T05:04:05.730Z
7094,31807,60539,2026-07-04T05:04:05.768Z
7095,31820,43370,2026-07-04T05:04:05.808Z
7096,31823,60564,2026-07-04T05:04:05.846Z
7097,58427,68175,2026-07-04T05:04:05.886Z
7098,68175,89301,2026-07-04T05:04:05.926Z
7099,1365,68175,2026-07-04T05:04:06.057Z
7100,58427,89301,2026-07-04T05:04:06.097Z
7101,1365,58427,2026-07-04T05:04:06.138Z
7102,1365,89301,2026-07-04T05:04:06.177Z
7103,8102,78216,2026-07-04T05:04:06.217Z
7104,31834,60875,2026-07-04T05:04:06.258Z
7105,3998,90692,2026-07-04T05:04:06.298Z
7106,58796,90692,2026-07-04T05:04:06.337Z
7107,13691,91316,2026-07-04T05:04:06.375Z
7108,28106,75150,2026-07-04T05:04:06.416Z
7109,3523,85436,2026-07-04T05:04:06.455Z
7110,3536,85459,2026-07-04T05:04:06.580Z
7111,31917,54449,2026-07-04T05:04:06.619Z
7112,78880,85670,2026-07-04T05:04:06.658Z
7113,31925,46429,2026-07-04T05:04:06.697Z
7114,31926,47581,2026-07-04T05:04:06.736Z
7115,31931,43986,2026-07-04T05:04:06.775Z
7116,31932,44932,2026-07-04T05:04:06.813Z
7117,23970,94573,2026-07-04T05:04:06.853Z
7118,74351,74552,2026-07-04T05:04:06.892Z
7119,50212,74552,2026-07-04T05:04:06.931Z
7120,26417,74552,2026-07-04T05:04:06.970Z
7121,50212,74351,2026-07-04T05:04:07.103Z
7122,26417,74351,2026-07-04T05:04:07.143Z
7123,15867,58970,2026-07-04T05:04:07.182Z
7124,5442,87007,2026-07-04T05:04:07.223Z
7125,5462,63843,2026-07-04T05:04:07.263Z
7126,11366,46183,2026-07-04T05:04:07.302Z
7127,26783,87055,2026-07-04T05:04:07.341Z
7128,13759,87828,2026-07-04T05:04:07.380Z
7129,29372,71266,2026-07-04T05:04:07.422Z
7130,29372,53440,2026-07-04T05:04:07.463Z
7131,53440,71266,2026-07-04T05:04:07.502Z
7132,31886,36798,2026-07-04T05:04:07.630Z
7133,31886,91049,2026-07-04T05:04:07.668Z
7134,4732,31886,2026-07-04T05:04:07.706Z
7135,36798,91049,2026-07-04T05:04:07.744Z
7136,4732,36798,2026-07-04T05:04:07.783Z
7137,4732,91049,2026-07-04T05:04:07.820Z
7138,9386,55569,2026-07-04T05:04:07.859Z
7139,13601,87029,2026-07-04T05:04:07.897Z
7140,14866,40987,2026-07-04T05:04:07.934Z
7141,20527,43525,2026-07-04T05:04:07.972Z
7142,20527,63863,2026-07-04T05:04:08.010Z
7143,43525,63863,2026-07-04T05:04:08.048Z
7144,28168,61908,2026-07-04T05:04:08.154Z
7145,39552,77371,2026-07-04T05:04:08.194Z
7146,31748,60157,2026-07-04T05:04:08.233Z
7147,31748,37366,2026-07-04T05:04:08.273Z
7148,37366,60157,2026-07-04T05:04:08.313Z
7149,26110,57418,2026-07-04T05:04:08.351Z
7150,19645,61782,2026-07-04T05:04:08.388Z
7151,9492,55531,2026-07-04T05:04:08.428Z
7152,15060,61844,2026-07-04T05:04:08.468Z
7153,46080,66552,2026-07-04T05:04:08.508Z
7154,34160,61686,2026-07-04T05:04:08.548Z
7155,8723,51017,2026-07-04T05:04:08.680Z
7156,34254,54022,2026-07-04T05:04:08.718Z
7157,25114,73215,2026-07-04T05:04:08.758Z
7158,17375,88712,2026-07-04T05:04:08.798Z
7159,26821,64168,2026-07-04T05:04:08.838Z
7160,31096,42586,2026-07-04T05:04:08.877Z
7161,1453,85381,2026-07-04T05:04:08.915Z
7162,34497,50281,2026-07-04T05:04:08.958Z
7163,8746,42580,2026-07-04T05:04:08.998Z
7164,8236,67155,2026-07-04T05:04:09.038Z
7165,26172,44166,2026-07-04T05:04:09.078Z
7166,48890,62637,2026-07-04T05:04:09.202Z
7167,41560,73866,2026-07-04T05:04:09.242Z
7168,62115,76839,2026-07-04T05:04:09.282Z
7169,1286,51531,2026-07-04T05:04:09.323Z
7170,28764,87938,2026-07-04T05:04:09.363Z
7171,23500,87249,2026-07-04T05:04:09.401Z
7172,1454,61878,2026-07-04T05:04:09.440Z
7173,3431,86002,2026-07-04T05:04:09.480Z
7174,9472,46302,2026-07-04T05:04:09.522Z
7175,2480,86411,2026-07-04T05:04:09.560Z
7176,34597,51755,2026-07-04T05:04:09.598Z
7177,706,83935,2026-07-04T05:04:09.728Z
7178,23344,51533,2026-07-04T05:04:09.768Z
7179,22059,57209,2026-07-04T05:04:09.809Z
7180,21979,57218,2026-07-04T05:04:09.849Z
7181,166,74894,2026-07-04T05:04:09.889Z
7182,27333,78516,2026-07-04T05:04:09.930Z
7183,76823,92022,2026-07-04T05:04:09.968Z
7184,23182,70518,2026-07-04T05:04:10.008Z
7185,8358,87689,2026-07-04T05:04:10.046Z
7186,11189,29072,2026-07-04T05:04:10.086Z
7187,11189,71783,2026-07-04T05:04:10.126Z
7188,29072,71783,2026-07-04T05:04:10.251Z
7189,24542,86628,2026-07-04T05:04:10.292Z
7190,23822,93099,2026-07-04T05:04:10.330Z
7191,28364,70394,2026-07-04T05:04:10.369Z
7192,36938,70394,2026-07-04T05:04:10.408Z
7193,35024,46306,2026-07-04T05:04:10.449Z
7194,36140,73956,2026-07-04T05:04:10.488Z
7195,28822,64181,2026-07-04T05:04:10.527Z
7196,19383,37419,2026-07-04T05:04:10.565Z
7197,31818,45027,2026-07-04T05:04:10.603Z
7198,26834,64170,2026-07-04T05:04:10.643Z
7199,17488,67222,2026-07-04T05:04:10.774Z
7200,636,61165,2026-07-04T05:04:10.814Z
7201,26838,64171,2026-07-04T05:04:10.854Z
7202,47238,69698,2026-07-04T05:04:10.891Z
7203,22889,70333,2026-07-04T05:04:10.928Z
7204,11344,56659,2026-07-04T05:04:10.968Z
7205,36794,41815,2026-07-04T05:04:11.006Z
7206,71061,86207,2026-07-04T05:04:11.048Z
7207,5942,82610,2026-07-04T05:04:11.089Z
7208,16599,50279,2026-07-04T05:04:11.128Z
7209,34529,50283,2026-07-04T05:04:11.165Z
7210,4273,29876,2026-07-04T05:04:11.296Z
7211,20250,59272,2026-07-04T05:04:11.334Z
7212,11413,51757,2026-07-04T05:04:11.383Z
7213,26010,75542,2026-07-04T05:04:11.423Z
7214,11442,51750,2026-07-04T05:04:11.462Z
7215,47672,60115,2026-07-04T05:04:11.503Z
7216,31737,47672,2026-07-04T05:04:11.543Z
7217,31737,60115,2026-07-04T05:04:11.585Z
7218,3468,57037,2026-07-04T05:04:11.625Z
7219,18298,93216,2026-07-04T05:04:11.665Z
7220,13943,93781,2026-07-04T05:04:11.704Z
7221,20808,70619,2026-07-04T05:04:11.828Z
7222,21013,87222,2026-07-04T05:04:11.867Z
7223,14143,89043,2026-07-04T05:04:11.906Z
7224,20921,80702,2026-07-04T05:04:11.945Z
7225,39170,62654,2026-07-04T05:04:11.991Z
7226,19945,82625,2026-07-04T05:04:12.030Z
7227,31324,63235,2026-07-04T05:04:12.069Z
7228,8148,61476,2026-07-04T05:04:12.110Z
7229,30201,88724,2026-07-04T05:04:12.150Z
7230,61590,72523,2026-07-04T05:04:12.188Z
7231,34074,76659,2026-07-04T05:04:12.227Z
7232,23191,71135,2026-07-04T05:04:12.348Z
7233,13228,61864,2026-07-04T05:04:12.389Z
7234,9328,37399,2026-07-04T05:04:12.430Z
7235,9328,60150,2026-07-04T05:04:12.470Z
7236,37399,60150,2026-07-04T05:04:12.510Z
7237,5041,96595,2026-07-04T05:04:12.548Z
7238,17916,51756,2026-07-04T05:04:12.586Z
7239,3419,12973,2026-07-04T05:04:12.625Z
7240,47274,92807,2026-07-04T05:04:12.664Z
7241,31581,61524,2026-07-04T05:04:12.704Z
7242,30044,88787,2026-07-04T05:04:12.743Z
7243,89250,94068,2026-07-04T05:04:12.874Z
7244,2697,67371,2026-07-04T05:04:12.914Z
7245,9042,61885,2026-07-04T05:04:12.955Z
7246,4931,92068,2026-07-04T05:04:12.993Z
7247,21928,90896,2026-07-04T05:04:13.032Z
7248,11697,74687,2026-07-04T05:04:13.073Z
7249,19389,60552,2026-07-04T05:04:13.113Z
7250,8654,41010,2026-07-04T05:04:13.153Z
7251,8654,95930,2026-07-04T05:04:13.191Z
7252,41010,95930,2026-07-04T05:04:13.230Z
7253,21369,87410,2026-07-04T05:04:13.269Z
7254,3526,85456,2026-07-04T05:04:13.397Z
7255,22580,58400,2026-07-04T05:04:13.438Z
7256,11193,73003,2026-07-04T05:04:13.476Z
7257,1529,84665,2026-07-04T05:04:13.516Z
7258,3695,85413,2026-07-04T05:04:13.556Z
7259,19486,61362,2026-07-04T05:04:13.596Z
7260,30875,36133,2026-07-04T05:04:13.637Z
7261,4682,94624,2026-07-04T05:04:13.677Z
7262,21355,87908,2026-07-04T05:04:13.716Z
7263,34547,43715,2026-07-04T05:04:13.755Z
7264,25740,59453,2026-07-04T05:04:13.796Z
7265,8895,96497,2026-07-04T05:04:13.921Z
7266,4109,91489,2026-07-04T05:04:13.969Z
7267,9024,61870,2026-07-04T05:04:14.007Z
7268,34051,62266,2026-07-04T05:04:14.047Z
7269,8234,95352,2026-07-04T05:04:14.087Z
7270,31736,69863,2026-07-04T05:04:14.127Z
7271,15225,45031,2026-07-04T05:04:14.168Z
7272,15225,60180,2026-07-04T05:04:14.206Z
7273,45031,60180,2026-07-04T05:04:14.246Z
7274,14661,84042,2026-07-04T05:04:14.286Z
7275,5184,14661,2026-07-04T05:04:14.325Z
7276,5184,84042,2026-07-04T05:04:14.443Z
7277,61993,80404,2026-07-04T05:04:14.483Z
7278,15235,60877,2026-07-04T05:04:14.523Z
7279,33129,90644,2026-07-04T05:04:14.564Z
7280,49105,90644,2026-07-04T05:04:14.603Z
7281,15296,46428,2026-07-04T05:04:14.642Z
7282,27621,75154,2026-07-04T05:04:14.682Z
7283,23346,90622,2026-07-04T05:04:14.722Z
7284,19678,77696,2026-07-04T05:04:14.763Z
7285,4215,86404,2026-07-04T05:04:14.801Z
7286,11352,56657,2026-07-04T05:04:14.841Z
7287,56007,56657,2026-07-04T05:04:14.969Z
7288,774,83714,2026-07-04T05:04:15.008Z
7289,1332,57528,2026-07-04T05:04:15.047Z
7290,69815,69816,2026-07-04T05:04:15.085Z
7291,30184,44299,2026-07-04T05:04:15.123Z
7292,24418,71334,2026-07-04T05:04:15.163Z
7293,5280,63568,2026-07-04T05:04:15.204Z
7294,3662,85340,2026-07-04T05:04:15.246Z
7295,24438,94095,2026-07-04T05:04:15.285Z
7296,7253,67748,2026-07-04T05:04:15.323Z
7297,13315,61663,2026-07-04T05:04:15.363Z
7298,30659,39047,2026-07-04T05:04:15.494Z
7299,17489,67310,2026-07-04T05:04:15.534Z
7300,1457,85178,2026-07-04T05:04:15.572Z
7301,3627,85177,2026-07-04T05:04:15.613Z
7302,26114,94577,2026-07-04T05:04:15.653Z
7303,3628,84693,2026-07-04T05:04:15.692Z
7304,15091,85236,2026-07-04T05:04:15.730Z
7305,11700,74078,2026-07-04T05:04:15.769Z
7306,1465,85193,2026-07-04T05:04:15.808Z
7307,1786,86428,2026-07-04T05:04:15.848Z
7308,9001,61784,2026-07-04T05:04:15.886Z
7309,1687,63080,2026-07-04T05:04:16.019Z
7310,3597,85363,2026-07-04T05:04:16.059Z
7311,9119,85365,2026-07-04T05:04:16.099Z
7312,57121,91984,2026-07-04T05:04:16.140Z
7313,9120,85361,2026-07-04T05:04:16.179Z
7314,30187,67091,2026-07-04T05:04:16.219Z
7315,785,92724,2026-07-04T05:04:16.260Z
7316,20480,26243,2026-07-04T05:04:16.298Z
7317,1489,85394,2026-07-04T05:04:16.337Z
7318,7073,58408,2026-07-04T05:04:16.378Z
7319,13355,56705,2026-07-04T05:04:16.417Z
7320,352,51488,2026-07-04T05:04:16.543Z
7321,1515,84669,2026-07-04T05:04:16.581Z
7322,12690,61023,2026-07-04T05:04:16.618Z
7323,3690,85338,2026-07-04T05:04:16.658Z
7324,1754,94532,2026-07-04T05:04:16.698Z
7325,1543,85261,2026-07-04T05:04:16.738Z
7326,1549,85276,2026-07-04T05:04:16.778Z
7327,3667,85332,2026-07-04T05:04:16.864Z
7328,2902,85270,2026-07-04T05:04:16.903Z
7329,2128,74986,2026-07-04T05:04:16.942Z
7330,329,96703,2026-07-04T05:04:17.068Z
7331,1480,85227,2026-07-04T05:04:17.108Z
7332,1518,85323,2026-07-04T05:04:17.148Z
7333,1576,85321,2026-07-04T05:04:17.188Z
7334,1589,85294,2026-07-04T05:04:17.226Z
7335,24510,85337,2026-07-04T05:04:17.266Z
7336,1585,85225,2026-07-04T05:04:17.308Z
7337,31543,85196,2026-07-04T05:04:17.347Z
7338,9111,85185,2026-07-04T05:04:17.385Z
7339,1661,92966,2026-07-04T05:04:17.424Z
7340,26365,76475,2026-07-04T05:04:17.464Z
7341,12140,65530,2026-07-04T05:04:17.595Z
7342,1449,85194,2026-07-04T05:04:17.635Z
7343,3367,84041,2026-07-04T05:04:17.676Z
7344,33568,36631,2026-07-04T05:04:17.715Z
7345,9134,85279,2026-07-04T05:04:17.754Z
7346,9108,84662,2026-07-04T05:04:17.793Z
7347,716,89047,2026-07-04T05:04:17.832Z
7348,13183,58584,2026-07-04T05:04:17.870Z
7349,1663,96687,2026-07-04T05:04:17.908Z
7350,116,83945,2026-07-04T05:04:17.946Z
7351,31755,37343,2026-07-04T05:04:17.984Z
7352,31755,60100,2026-07-04T05:04:18.118Z
7353,37343,60100,2026-07-04T05:04:18.157Z
7354,1670,84085,2026-07-04T05:04:18.195Z
7355,1694,83627,2026-07-04T05:04:18.233Z
7356,14994,59078,2026-07-04T05:04:18.271Z
7357,14994,46133,2026-07-04T05:04:18.309Z
7358,46133,59078,2026-07-04T05:04:18.348Z
7359,14653,83917,2026-07-04T05:04:18.386Z
7360,3676,84660,2026-07-04T05:04:18.425Z
7361,39093,71772,2026-07-04T05:04:18.465Z
7362,8024,71772,2026-07-04T05:04:18.506Z
7363,3679,84691,2026-07-04T05:04:18.636Z
7364,1714,84700,2026-07-04T05:04:18.675Z
7365,31582,84708,2026-07-04T05:04:18.713Z
7366,31005,66612,2026-07-04T05:04:18.751Z
7367,1603,58580,2026-07-04T05:04:18.789Z
7368,24516,85353,2026-07-04T05:04:18.830Z
7369,1577,85372,2026-07-04T05:04:18.871Z
7370,15212,57515,2026-07-04T05:04:18.910Z
7371,15212,60888,2026-07-04T05:04:18.950Z
7372,57515,60888,2026-07-04T05:04:18.989Z
7373,1782,60869,2026-07-04T05:04:19.028Z
7374,1782,57509,2026-07-04T05:04:19.069Z
7375,57509,60869,2026-07-04T05:04:19.165Z
7376,2795,70146,2026-07-04T05:04:19.205Z
7377,24509,85376,2026-07-04T05:04:19.243Z
7378,12743,59430,2026-07-04T05:04:19.281Z
7379,25787,59618,2026-07-04T05:04:19.321Z
7380,8686,62656,2026-07-04T05:04:19.360Z
7381,25788,59433,2026-07-04T05:04:19.400Z
7382,25765,59454,2026-07-04T05:04:19.441Z
7383,1787,63074,2026-07-04T05:04:19.480Z
7384,2033,86555,2026-07-04T05:04:19.517Z
7385,11474,81957,2026-07-04T05:04:19.558Z
7386,24841,66433,2026-07-04T05:04:19.687Z
7387,2108,86795,2026-07-04T05:04:19.728Z
7388,1822,92077,2026-07-04T05:04:19.766Z
7389,2129,92188,2026-07-04T05:04:19.805Z
7390,4929,92189,2026-07-04T05:04:19.845Z
7391,2118,92069,2026-07-04T05:04:19.885Z
7392,1833,92071,2026-07-04T05:04:19.925Z
7393,1834,92196,2026-07-04T05:04:19.966Z
7394,22879,71539,2026-07-04T05:04:20.006Z
7395,31802,60059,2026-07-04T05:04:20.044Z
7396,69690,85347,2026-07-04T05:04:20.083Z
7397,373,84099,2026-07-04T05:04:20.212Z
7398,24467,61739,2026-07-04T05:04:20.250Z
7399,1710,84696,2026-07-04T05:04:20.289Z
7400,31527,61833,2026-07-04T05:04:20.329Z
7401,71039,89260,2026-07-04T05:04:20.369Z
7402,31578,61758,2026-07-04T05:04:20.409Z
7403,4340,82624,2026-07-04T05:04:20.449Z
7404,7477,57630,2026-07-04T05:04:20.488Z
7405,35029,75788,2026-07-04T05:04:20.527Z
7406,1548,84871,2026-07-04T05:04:20.568Z
7407,11489,81884,2026-07-04T05:04:20.608Z
7408,9151,84667,2026-07-04T05:04:20.737Z
7409,38691,62668,2026-07-04T05:04:20.778Z
7410,49195,72088,2026-07-04T05:04:20.818Z
7411,67743,85667,2026-07-04T05:04:20.857Z
7412,41660,68230,2026-07-04T05:04:20.897Z
7413,29690,50116,2026-07-04T05:04:20.935Z
7414,6582,94293,2026-07-04T05:04:20.973Z
7415,90736,93747,2026-07-04T05:04:21.012Z
7416,8878,31009,2026-07-04T05:04:21.051Z
7417,604,84084,2026-07-04T05:04:21.093Z
7418,41270,80670,2026-07-04T05:04:21.133Z
7419,31253,80670,2026-07-04T05:04:21.261Z
7420,34191,72988,2026-07-04T05:04:21.301Z
7421,24735,34191,2026-07-04T05:04:21.341Z
7422,24735,72988,2026-07-04T05:04:21.380Z
7423,3004,77028,2026-07-04T05:04:21.418Z
7424,5482,63989,2026-07-04T05:04:21.459Z
7425,33783,68371,2026-07-04T05:04:21.497Z
7426,2081,64113,2026-07-04T05:04:21.536Z
7427,26840,64104,2026-07-04T05:04:21.575Z
7428,34099,71752,2026-07-04T05:04:21.614Z
7429,26841,64122,2026-07-04T05:04:21.653Z
7430,26820,64116,2026-07-04T05:04:21.784Z
7431,11419,37398,2026-07-04T05:04:21.823Z
7432,11419,15250,2026-07-04T05:04:21.863Z
7433,15250,37398,2026-07-04T05:04:21.902Z
7434,35040,46301,2026-07-04T05:04:21.943Z
7435,35040,74683,2026-07-04T05:04:21.983Z
7436,46301,74683,2026-07-04T05:04:22.023Z
7437,12671,61108,2026-07-04T05:04:22.063Z
7438,34171,61716,2026-07-04T05:04:22.102Z
7439,58098,61857,2026-07-04T05:04:22.144Z
7440,3520,58098,2026-07-04T05:04:22.183Z
7441,3520,61857,2026-07-04T05:04:22.312Z
7442,25298,74112,2026-07-04T05:04:22.353Z
7443,25298,46304,2026-07-04T05:04:22.393Z
7444,46304,74112,2026-07-04T05:04:22.433Z
7445,31770,60890,2026-07-04T05:04:22.476Z
7446,34203,71750,2026-07-04T05:04:22.516Z
7447,19372,37413,2026-07-04T05:04:22.555Z
7448,67796,73262,2026-07-04T05:04:22.593Z
7449,34213,95585,2026-07-04T05:04:22.632Z
7450,1522,85239,2026-07-04T05:04:22.671Z
7451,41271,78589,2026-07-04T05:04:22.710Z
7452,31292,78589,2026-07-04T05:04:22.834Z
7453,1355,95846,2026-07-04T05:04:22.874Z
7454,49303,95846,2026-07-04T05:04:22.913Z
7455,1355,49303,2026-07-04T05:04:22.952Z
7456,31545,61529,2026-07-04T05:04:22.990Z
7457,34226,78116,2026-07-04T05:04:23.030Z
7458,17477,51190,2026-07-04T05:04:23.070Z
7459,4028,90993,2026-07-04T05:04:23.111Z
7460,58784,90993,2026-07-04T05:04:23.150Z
7461,80873,87166,2026-07-04T05:04:23.191Z
7462,25785,60960,2026-07-04T05:04:23.231Z
7463,25785,94401,2026-07-04T05:04:23.358Z
7464,60960,94401,2026-07-04T05:04:23.398Z
7465,31079,41002,2026-07-04T05:04:23.438Z
7466,1619,42574,2026-07-04T05:04:23.478Z
7467,34316,71127,2026-07-04T05:04:23.516Z
7468,49082,71127,2026-07-04T05:04:23.553Z
7469,34323,49252,2026-07-04T05:04:23.593Z
7470,34329,71128,2026-07-04T05:04:23.632Z
7471,34333,72092,2026-07-04T05:04:23.671Z
7472,49209,72092,2026-07-04T05:04:23.711Z
7473,34335,71084,2026-07-04T05:04:23.750Z
7474,34054,88579,2026-07-04T05:04:23.878Z
7475,34400,72795,2026-07-04T05:04:23.917Z
7476,34403,68554,2026-07-04T05:04:23.956Z
7477,37427,68554,2026-07-04T05:04:23.995Z
7478,85577,88455,2026-07-04T05:04:24.035Z
7479,34443,46289,2026-07-04T05:04:24.075Z
7480,34444,46266,2026-07-04T05:04:24.115Z
7481,34445,46263,2026-07-04T05:04:24.154Z
7482,34446,46200,2026-07-04T05:04:24.193Z
7483,9110,85176,2026-07-04T05:04:24.233Z
7484,8871,59377,2026-07-04T05:04:24.272Z
7485,4575,46105,2026-07-04T05:04:24.311Z
7486,34466,46182,2026-07-04T05:04:24.408Z
7487,26831,64169,2026-07-04T05:04:24.448Z
7488,26831,74525,2026-07-04T05:04:24.486Z
7489,64169,74525,2026-07-04T05:04:24.526Z
7490,67042,93619,2026-07-04T05:04:24.565Z
7491,31227,57832,2026-07-04T05:04:24.605Z
7492,31227,78638,2026-07-04T05:04:24.643Z
7493,57832,78638,2026-07-04T05:04:24.683Z
7494,41267,57832,2026-07-04T05:04:24.721Z
7495,41267,78638,2026-07-04T05:04:24.759Z
7496,1234,91002,2026-07-04T05:04:24.798Z
7497,58899,91002,2026-07-04T05:04:24.928Z
7498,61567,89227,2026-07-04T05:04:24.968Z
7499,31885,55537,2026-07-04T05:04:25.008Z
7500,3490,83337,2026-07-04T05:04:25.048Z
7501,29689,92601,2026-07-04T05:04:25.088Z
7502,64788,67156,2026-07-04T05:04:25.128Z
7503,33808,93734,2026-07-04T05:04:25.168Z
7504,31228,78636,2026-07-04T05:04:25.208Z
7505,45751,78636,2026-07-04T05:04:25.248Z
7506,11204,71667,2026-07-04T05:04:25.288Z
7507,8506,91018,2026-07-04T05:04:25.326Z
7508,58883,91018,2026-07-04T05:04:25.456Z
7509,34514,46191,2026-07-04T05:04:25.496Z
7510,34526,46179,2026-07-04T05:04:25.534Z
7511,12781,71426,2026-07-04T05:04:25.574Z
7512,92299,93632,2026-07-04T05:04:25.613Z
7513,93632,93657,2026-07-04T05:04:25.652Z
7514,93632,93879,2026-07-04T05:04:25.693Z
7515,62308,93632,2026-07-04T05:04:25.733Z
7516,93632,95671,2026-07-04T05:04:25.772Z
7517,80711,93632,2026-07-04T05:04:25.811Z
7518,77189,93632,2026-07-04T05:04:25.848Z
7519,83137,93632,2026-07-04T05:04:25.978Z
7520,86809,93632,2026-07-04T05:04:26.017Z
7521,87499,93632,2026-07-04T05:04:26.056Z
7522,88175,93632,2026-07-04T05:04:26.095Z
7523,89396,93632,2026-07-04T05:04:26.135Z
7524,91200,93632,2026-07-04T05:04:26.173Z
7525,91534,93632,2026-07-04T05:04:26.213Z
7526,92299,93657,2026-07-04T05:04:26.253Z
7527,92299,93879,2026-07-04T05:04:26.291Z
7528,62308,92299,2026-07-04T05:04:26.330Z
7529,92299,95671,2026-07-04T05:04:26.368Z
7530,80711,92299,2026-07-04T05:04:26.407Z
7531,77189,92299,2026-07-04T05:04:26.505Z
7532,83137,92299,2026-07-04T05:04:26.546Z
7533,86809,92299,2026-07-04T05:04:26.587Z
7534,87499,92299,2026-07-04T05:04:26.626Z
7535,88175,92299,2026-07-04T05:04:26.665Z
7536,89396,92299,2026-07-04T05:04:26.703Z
7537,91200,92299,2026-07-04T05:04:26.741Z
7538,91534,92299,2026-07-04T05:04:26.780Z
7539,93657,93879,2026-07-04T05:04:26.819Z
7540,62308,93657,2026-07-04T05:04:26.857Z
7541,93657,95671,2026-07-04T05:04:26.895Z
7542,80711,93657,2026-07-04T05:04:27.025Z
7543,77189,93657,2026-07-04T05:04:27.063Z
7544,83137,93657,2026-07-04T05:04:27.103Z
7545,86809,93657,2026-07-04T05:04:27.141Z
7546,87499,93657,2026-07-04T05:04:27.180Z
7547,88175,93657,2026-07-04T05:04:27.220Z
7548,89396,93657,2026-07-04T05:04:27.260Z
7549,91200,93657,2026-07-04T05:04:27.301Z
7550,91534,93657,2026-07-04T05:04:27.340Z
7551,62308,93879,2026-07-04T05:04:27.380Z
7552,93879,95671,2026-07-04T05:04:27.420Z
7553,80711,93879,2026-07-04T05:04:27.553Z
7554,77189,93879,2026-07-04T05:04:27.593Z
7555,83137,93879,2026-07-04T05:04:27.631Z
7556,86809,93879,2026-07-04T05:04:27.670Z
7557,87499,93879,2026-07-04T05:04:27.708Z
7558,88175,93879,2026-07-04T05:04:27.746Z
7559,89396,93879,2026-07-04T05:04:27.785Z
7560,91200,93879,2026-07-04T05:04:27.825Z
7561,91534,93879,2026-07-04T05:04:27.865Z
7562,62308,95671,2026-07-04T05:04:27.905Z
7563,62308,80711,2026-07-04T05:04:27.945Z
7564,62308,77189,2026-07-04T05:04:28.074Z
7565,62308,83137,2026-07-04T05:04:28.113Z
7566,62308,86809,2026-07-04T05:04:28.152Z
7567,62308,87499,2026-07-04T05:04:28.191Z
7568,62308,88175,2026-07-04T05:04:28.230Z
7569,62308,89396,2026-07-04T05:04:28.268Z
7570,62308,91200,2026-07-04T05:04:28.308Z
7571,62308,91534,2026-07-04T05:04:28.348Z
7572,80711,95671,2026-07-04T05:04:28.387Z
7573,77189,95671,2026-07-04T05:04:28.426Z
7574,83137,95671,2026-07-04T05:04:28.466Z
7575,86809,95671,2026-07-04T05:04:28.505Z
7576,87499,95671,2026-07-04T05:04:28.601Z
7577,88175,95671,2026-07-04T05:04:28.641Z
7578,89396,95671,2026-07-04T05:04:28.680Z
7579,91200,95671,2026-07-04T05:04:28.721Z
7580,91534,95671,2026-07-04T05:04:28.762Z
7581,77189,80711,2026-07-04T05:04:28.801Z
7582,80711,83137,2026-07-04T05:04:28.840Z
7583,80711,86809,2026-07-04T05:04:28.880Z
7584,80711,87499,2026-07-04T05:04:28.920Z
7585,80711,88175,2026-07-04T05:04:28.960Z
7586,80711,89396,2026-07-04T05:04:29.000Z
7587,80711,91200,2026-07-04T05:04:29.126Z
7588,80711,91534,2026-07-04T05:04:29.167Z
7589,77189,83137,2026-07-04T05:04:29.205Z
7590,77189,86809,2026-07-04T05:04:29.244Z
7591,77189,87499,2026-07-04T05:04:29.282Z
7592,77189,88175,2026-07-04T05:04:29.320Z
7593,77189,89396,2026-07-04T05:04:29.358Z
7594,77189,91200,2026-07-04T05:04:29.396Z
7595,77189,91534,2026-07-04T05:04:29.435Z
7596,83137,86809,2026-07-04T05:04:29.474Z
7597,83137,87499,2026-07-04T05:04:29.512Z
7598,83137,88175,2026-07-04T05:04:29.550Z
7599,83137,89396,2026-07-04T05:04:29.649Z
7600,83137,91200,2026-07-04T05:04:29.689Z
7601,83137,91534,2026-07-04T05:04:29.728Z
7602,86809,87499,2026-07-04T05:04:29.767Z
7603,86809,88175,2026-07-04T05:04:29.807Z
7604,86809,89396,2026-07-04T05:04:29.848Z
7605,86809,91200,2026-07-04T05:04:29.888Z
7606,86809,91534,2026-07-04T05:04:29.926Z
7607,87499,88175,2026-07-04T05:04:29.965Z
7608,87499,89396,2026-07-04T05:04:30.005Z
7609,87499,91200,2026-07-04T05:04:30.045Z
7610,87499,91534,2026-07-04T05:04:30.175Z
7611,88175,89396,2026-07-04T05:04:30.217Z
7612,88175,91200,2026-07-04T05:04:30.257Z
7613,88175,91534,2026-07-04T05:04:30.298Z
7614,89396,91200,2026-07-04T05:04:30.337Z
7615,89396,91534,2026-07-04T05:04:30.377Z
7616,91200,91534,2026-07-04T05:04:30.418Z
7617,62155,72336,2026-07-04T05:04:30.458Z
7618,1711,84699,2026-07-04T05:04:30.497Z
7619,1715,84690,2026-07-04T05:04:30.537Z
7620,34535,51759,2026-07-04T05:04:30.574Z
7621,34549,43732,2026-07-04T05:04:30.699Z
7622,61986,83126,2026-07-04T05:04:30.738Z
7623,18658,92119,2026-07-04T05:04:30.778Z
7624,3521,85441,2026-07-04T05:04:30.817Z
7625,36081,59534,2026-07-04T05:04:30.857Z
7626,821,87922,2026-07-04T05:04:30.897Z
7627,74940,75499,2026-07-04T05:04:30.936Z
7628,34560,43720,2026-07-04T05:04:30.975Z
7629,28826,51168,2026-07-04T05:04:31.013Z
7630,30926,85990,2026-07-04T05:04:31.053Z
7631,34562,51761,2026-07-04T05:04:31.093Z
7632,9282,37416,2026-07-04T05:04:31.223Z
7633,9315,86550,2026-07-04T05:04:31.262Z
7634,4529,96405,2026-07-04T05:04:31.302Z
7635,14821,83699,2026-07-04T05:04:31.342Z
7636,34567,43701,2026-07-04T05:04:31.384Z
7637,3811,93638,2026-07-04T05:04:31.423Z
7638,67020,93639,2026-07-04T05:04:31.463Z
7639,34581,43730,2026-07-04T05:04:31.503Z
7640,4005,90840,2026-07-04T05:04:31.544Z
7641,58833,90840,2026-07-04T05:04:31.583Z
7642,11420,26308,2026-07-04T05:04:31.623Z
7643,4420,86870,2026-07-04T05:04:31.746Z
7644,34585,43712,2026-07-04T05:04:31.786Z
7645,31100,41003,2026-07-04T05:04:31.827Z
7646,8676,41012,2026-07-04T05:04:31.867Z
7647,8641,41014,2026-07-04T05:04:31.907Z
7648,14900,41020,2026-07-04T05:04:31.947Z
7649,14900,87802,2026-07-04T05:04:31.988Z
7650,41020,87802,2026-07-04T05:04:32.027Z
7651,14903,67766,2026-07-04T05:04:32.066Z
7652,12943,34586,2026-07-04T05:04:32.105Z
7653,34593,43721,2026-07-04T05:04:32.146Z
7654,3375,86330,2026-07-04T05:04:32.273Z
7655,61944,74300,2026-07-04T05:04:32.315Z
7656,8565,68545,2026-07-04T05:04:32.355Z
7657,43488,94462,2026-07-04T05:04:32.396Z
7658,19081,88946,2026-07-04T05:04:32.435Z
7659,9535,74680,2026-07-04T05:04:32.475Z
7660,12617,74659,2026-07-04T05:04:32.516Z
7661,14998,71186,2026-07-04T05:04:32.555Z
7662,1686,86297,2026-07-04T05:04:32.593Z
7663,28943,64611,2026-07-04T05:04:32.633Z
7664,34690,66441,2026-07-04T05:04:32.671Z
7665,12798,63288,2026-07-04T05:04:32.794Z
7666,2221,61373,2026-07-04T05:04:32.833Z
7667,8462,90714,2026-07-04T05:04:32.872Z
7668,58955,90714,2026-07-04T05:04:32.913Z
7669,34703,81956,2026-07-04T05:04:32.951Z
7670,3224,10865,2026-07-04T05:04:32.990Z
7671,61970,78370,2026-07-04T05:04:33.028Z
7672,11124,78610,2026-07-04T05:04:33.068Z
7673,8292,61703,2026-07-04T05:04:33.106Z
7674,30945,46778,2026-07-04T05:04:33.143Z
7675,14899,41017,2026-07-04T05:04:33.182Z
7676,14899,88256,2026-07-04T05:04:33.221Z
7677,41017,88256,2026-07-04T05:04:33.320Z
7678,30301,67087,2026-07-04T05:04:33.360Z
7679,8553,61492,2026-07-04T05:04:33.399Z
7680,34739,81876,2026-07-04T05:04:33.438Z
7681,645,84048,2026-07-04T05:04:33.476Z
7682,4314,69301,2026-07-04T05:04:33.515Z
7683,8188,37516,2026-07-04T05:04:33.553Z
7684,16589,50272,2026-07-04T05:04:33.593Z
7685,8813,75664,2026-07-04T05:04:33.632Z
7686,41282,75664,2026-07-04T05:04:33.670Z
7687,12859,72908,2026-07-04T05:04:33.709Z
7688,31792,37425,2026-07-04T05:04:33.749Z
7689,31792,93036,2026-07-04T05:04:33.845Z
7690,37425,93036,2026-07-04T05:04:33.885Z
7691,69292,95881,2026-07-04T05:04:33.925Z
7692,7096,89352,2026-07-04T05:04:33.965Z
7693,3373,84295,2026-07-04T05:04:34.010Z
7694,4045,91739,2026-07-04T05:04:34.049Z
7695,8470,90688,2026-07-04T05:04:34.087Z
7696,58807,90688,2026-07-04T05:04:34.125Z
7697,3524,57749,2026-07-04T05:04:34.163Z
7698,3537,85151,2026-07-04T05:04:34.202Z
7699,3525,85448,2026-07-04T05:04:34.241Z
7700,26065,56465,2026-07-04T05:04:34.369Z
7701,4473,31936,2026-07-04T05:04:34.408Z
7702,9340,60886,2026-07-04T05:04:34.450Z
7703,9018,61789,2026-07-04T05:04:34.490Z
7704,9491,47567,2026-07-04T05:04:34.530Z
7705,6344,81634,2026-07-04T05:04:34.573Z
7706,1403,38026,2026-07-04T05:04:34.613Z
7707,8434,90910,2026-07-04T05:04:34.651Z
7708,58844,90910,2026-07-04T05:04:34.690Z
7709,36648,61081,2026-07-04T05:04:34.729Z
7710,81932,85613,2026-07-04T05:04:34.768Z
7711,8389,42912,2026-07-04T05:04:34.893Z
7712,42912,92058,2026-07-04T05:04:34.933Z
7713,8389,92058,2026-07-04T05:04:34.971Z
7714,28355,71538,2026-07-04T05:04:35.010Z
7715,1086,53436,2026-07-04T05:04:35.050Z
7716,95781,95793,2026-07-04T05:04:35.087Z
7717,93214,93246,2026-07-04T05:04:35.126Z
7718,26079,66937,2026-07-04T05:04:35.166Z
7719,49096,90623,2026-07-04T05:04:35.211Z
7720,15773,59448,2026-07-04T05:04:35.250Z
7721,3974,90683,2026-07-04T05:04:35.287Z
7722,58799,90683,2026-07-04T05:04:35.418Z
7723,8284,67342,2026-07-04T05:04:35.456Z
7724,3275,91916,2026-07-04T05:04:35.494Z
7725,67780,67781,2026-07-04T05:04:35.533Z
7726,62326,85718,2026-07-04T05:04:35.573Z
7727,35022,85119,2026-07-04T05:04:35.612Z
7728,13361,68578,2026-07-04T05:04:35.650Z
7729,13361,72789,2026-07-04T05:04:35.688Z
7730,36964,68578,2026-07-04T05:04:35.726Z
7731,36964,72789,2026-07-04T05:04:35.764Z
7732,68578,72789,2026-07-04T05:04:35.802Z
7733,92513,92738,2026-07-04T05:04:35.842Z
7734,24488,85405,2026-07-04T05:04:35.941Z
7735,35031,92936,2026-07-04T05:04:35.980Z
7736,3519,61855,2026-07-04T05:04:36.019Z
7737,7246,87876,2026-07-04T05:04:36.060Z
7738,35032,85571,2026-07-04T05:04:36.099Z
7739,9316,45030,2026-07-04T05:04:36.139Z
7740,9316,60179,2026-07-04T05:04:36.176Z
7741,45030,60179,2026-07-04T05:04:36.215Z
7742,35037,61549,2026-07-04T05:04:36.255Z
7743,19352,37324,2026-07-04T05:04:36.292Z
7744,19352,60053,2026-07-04T05:04:36.332Z
7745,37324,60053,2026-07-04T05:04:36.460Z
7746,4036,90693,2026-07-04T05:04:36.499Z
7747,58798,90693,2026-07-04T05:04:36.538Z
7748,5118,73017,2026-07-04T05:04:36.578Z
7749,31584,84785,2026-07-04T05:04:36.616Z
7750,4651,71191,2026-07-04T05:04:36.658Z
7751,4651,87200,2026-07-04T05:04:36.698Z
7752,71191,87200,2026-07-04T05:04:36.738Z
7753,34288,70582,2026-07-04T05:04:36.778Z
7754,51058,70582,2026-07-04T05:04:36.818Z
7755,25809,86763,2026-07-04T05:04:36.858Z
7756,17434,67089,2026-07-04T05:04:36.986Z
7757,17475,88548,2026-07-04T05:04:37.025Z
7758,12437,73994,2026-07-04T05:04:37.065Z
7759,34285,51056,2026-07-04T05:04:37.140Z
7760,23331,70739,2026-07-04T05:04:37.180Z
7761,49948,70739,2026-07-04T05:04:37.220Z
7762,6787,83350,2026-07-04T05:04:37.261Z
7763,3592,85195,2026-07-04T05:04:37.300Z
7764,9136,84684,2026-07-04T05:04:37.341Z
7765,58243,63681,2026-07-04T05:04:37.381Z
7766,1482,85335,2026-07-04T05:04:37.511Z
7767,27477,31767,2026-07-04T05:04:37.550Z
7768,92583,92801,2026-07-04T05:04:37.590Z
7769,12590,91493,2026-07-04T05:04:37.630Z
7770,31353,59112,2026-07-04T05:04:37.668Z
7771,50,50634,2026-07-04T05:04:37.710Z
7772,25786,61059,2026-07-04T05:04:37.748Z
7773,3223,96692,2026-07-04T05:04:37.788Z
7774,44985,84223,2026-07-04T05:04:37.828Z
7775,7052,84223,2026-07-04T05:04:37.866Z
7776,7052,44985,2026-07-04T05:04:37.907Z
7777,62121,77757,2026-07-04T05:04:38.038Z
7778,15877,61325,2026-07-04T05:04:38.077Z
7779,14645,86022,2026-07-04T05:04:38.116Z
7780,28107,75152,2026-07-04T05:04:38.155Z
7781,26125,63537,2026-07-04T05:04:38.195Z
7782,2549,87872,2026-07-04T05:04:38.233Z
7783,73730,91333,2026-07-04T05:04:38.271Z
7784,29250,71960,2026-07-04T05:04:38.309Z
7785,75672,93750,2026-07-04T05:04:38.348Z
7786,7386,91151,2026-07-04T05:04:38.388Z
7787,30244,51191,2026-07-04T05:04:38.427Z
7788,11289,90995,2026-07-04T05:04:38.465Z
7789,58875,90995,2026-07-04T05:04:38.563Z
7790,8510,90973,2026-07-04T05:04:38.603Z
7791,58767,90973,2026-07-04T05:04:38.643Z
7792,61505,61508,2026-07-04T05:04:38.681Z
7793,2413,59459,2026-07-04T05:04:38.719Z
7794,58553,89180,2026-07-04T05:04:38.757Z
7795,28971,42618,2026-07-04T05:04:38.795Z
7796,426,61874,2026-07-04T05:04:38.833Z
7797,15305,55535,2026-07-04T05:04:38.873Z
7798,8855,25729,2026-07-04T05:04:38.916Z
7799,25729,43727,2026-07-04T05:04:38.955Z
7800,25729,63233,2026-07-04T05:04:39.085Z
7801,8855,43727,2026-07-04T05:04:39.123Z
7802,8855,63233,2026-07-04T05:04:39.162Z
7803,43727,63233,2026-07-04T05:04:39.200Z
7804,20001,31349,2026-07-04T05:04:39.240Z
7805,14887,87578,2026-07-04T05:04:39.280Z
7806,14887,55487,2026-07-04T05:04:39.319Z
7807,55487,87578,2026-07-04T05:04:39.358Z
7808,73223,91481,2026-07-04T05:04:39.395Z
7809,73223,91482,2026-07-04T05:04:39.435Z
7810,91481,91482,2026-07-04T05:04:39.473Z
7811,51748,63415,2026-07-04T05:04:39.512Z
7812,17950,52960,2026-07-04T05:04:39.611Z
7813,12244,17950,2026-07-04T05:04:39.650Z
7814,24410,71518,2026-07-04T05:04:39.688Z
7815,36924,71518,2026-07-04T05:04:39.727Z
7816,796,83642,2026-07-04T05:04:39.767Z
7817,30219,93231,2026-07-04T05:04:39.808Z
7818,9495,73963,2026-07-04T05:04:39.850Z
7819,46092,65431,2026-07-04T05:04:39.888Z
7820,15307,43983,2026-07-04T05:04:39.928Z
7821,4029,90998,2026-07-04T05:04:39.968Z
7822,58890,90998,2026-07-04T05:04:40.006Z
7823,65578,80879,2026-07-04T05:04:40.142Z
7824,59749,60394,2026-07-04T05:04:40.181Z
7825,25478,61031,2026-07-04T05:04:40.221Z
7826,11220,88707,2026-07-04T05:04:40.261Z
7827,45804,76645,2026-07-04T05:04:40.301Z
7828,1467,84698,2026-07-04T05:04:40.341Z
7829,7093,87916,2026-07-04T05:04:40.380Z
7830,3693,85251,2026-07-04T05:04:40.418Z
7831,3973,90911,2026-07-04T05:04:40.457Z
7832,58839,90911,2026-07-04T05:04:40.495Z
7833,9327,60078,2026-07-04T05:04:40.535Z
7834,34563,49403,2026-07-04T05:04:40.663Z
7835,13854,57616,2026-07-04T05:04:40.703Z
7836,5089,86653,2026-07-04T05:04:40.742Z
7837,29255,71958,2026-07-04T05:04:40.781Z
7838,11248,54001,2026-07-04T05:04:40.820Z
7839,19986,25198,2026-07-04T05:04:40.861Z
7840,14258,41534,2026-07-04T05:04:40.900Z
7841,14258,84337,2026-07-04T05:04:40.939Z
7842,41534,84337,2026-07-04T05:04:40.980Z
7843,34746,81885,2026-07-04T05:04:41.021Z
7844,4515,83934,2026-07-04T05:04:41.060Z
7845,8465,90982,2026-07-04T05:04:41.187Z
7846,58775,90982,2026-07-04T05:04:41.225Z
7847,2589,87028,2026-07-04T05:04:41.266Z
7848,61979,73194,2026-07-04T05:04:41.306Z
7849,31552,61859,2026-07-04T05:04:41.346Z
7850,25118,61556,2026-07-04T05:04:41.386Z
7851,23769,42553,2026-07-04T05:04:41.425Z
7852,498,85465,2026-07-04T05:04:41.466Z
7853,28265,46662,2026-07-04T05:04:41.504Z
7854,7245,87865,2026-07-04T05:04:41.542Z
7855,29785,67361,2026-07-04T05:04:41.581Z
7856,30249,88722,2026-07-04T05:04:41.709Z
7857,3398,84278,2026-07-04T05:04:41.748Z
7858,4066,65528,2026-07-04T05:04:41.788Z
7859,30308,67561,2026-07-04T05:04:41.826Z
7860,29858,84292,2026-07-04T05:04:41.865Z
7861,2089,64101,2026-07-04T05:04:41.906Z
7862,13686,53452,2026-07-04T05:04:41.945Z
7863,13686,90496,2026-07-04T05:04:41.986Z
7864,53452,90496,2026-07-04T05:04:42.025Z
7865,41023,86586,2026-07-04T05:04:42.065Z
7866,4318,68258,2026-07-04T05:04:42.105Z
7867,2652,87896,2026-07-04T05:04:42.234Z
7868,26210,42122,2026-07-04T05:04:42.283Z
7869,8367,36195,2026-07-04T05:04:42.321Z
7870,36806,71713,2026-07-04T05:04:42.359Z
7871,33405,71713,2026-07-04T05:04:42.398Z
7872,45206,60274,2026-07-04T05:04:42.438Z
7873,14423,37511,2026-07-04T05:04:42.478Z
7874,35738,69129,2026-07-04T05:04:42.517Z
7875,34286,51057,2026-07-04T05:04:42.558Z
7876,19843,66483,2026-07-04T05:04:42.598Z
7877,37359,60050,2026-07-04T05:04:42.637Z
7878,24421,73919,2026-07-04T05:04:42.758Z
7879,9256,22455,2026-07-04T05:04:42.797Z
7880,9256,45536,2026-07-04T05:04:42.838Z
7881,22455,45536,2026-07-04T05:04:42.878Z
7882,68539,70927,2026-07-04T05:04:42.918Z
7883,36892,70927,2026-07-04T05:04:42.958Z
7884,70927,71878,2026-07-04T05:04:42.997Z
7885,36892,68539,2026-07-04T05:04:43.036Z
7886,68539,71878,2026-07-04T05:04:43.075Z
7887,36892,71878,2026-07-04T05:04:43.115Z
7888,5235,92165,2026-07-04T05:04:43.154Z
7889,48006,72333,2026-07-04T05:04:43.283Z
7890,20367,64154,2026-07-04T05:04:43.323Z
7891,2463,89351,2026-07-04T05:04:43.362Z
7892,19318,59658,2026-07-04T05:04:43.400Z
7893,68114,93496,2026-07-04T05:04:43.441Z
7894,3702,85392,2026-07-04T05:04:43.480Z
7895,34672,35941,2026-07-04T05:04:43.519Z
7896,35949,96658,2026-07-04T05:04:43.558Z
7897,453,85291,2026-07-04T05:04:43.596Z
7898,44307,70705,2026-07-04T05:04:43.635Z
7899,41268,57802,2026-07-04T05:04:43.675Z
7900,41268,78555,2026-07-04T05:04:43.808Z
7901,57802,78555,2026-07-04T05:04:43.846Z
7902,8812,57802,2026-07-04T05:04:43.885Z
7903,8812,78555,2026-07-04T05:04:43.924Z
7904,17491,67181,2026-07-04T05:04:43.963Z
7905,71056,86208,2026-07-04T05:04:44.002Z
7906,36030,74663,2026-07-04T05:04:44.040Z
7907,24485,85215,2026-07-04T05:04:44.078Z
7908,61914,79829,2026-07-04T05:04:44.118Z
7909,38624,41474,2026-07-04T05:04:44.157Z
7910,7375,55062,2026-07-04T05:04:44.198Z
7911,71053,86213,2026-07-04T05:04:44.328Z
7912,36068,61327,2026-07-04T05:04:44.368Z
7913,41908,88864,2026-07-04T05:04:44.408Z
7914,61767,89085,2026-07-04T05:04:44.448Z
7915,42192,86941,2026-07-04T05:04:44.487Z
7916,36883,71021,2026-07-04T05:04:44.527Z
7917,36902,70442,2026-07-04T05:04:44.565Z
7918,36906,71057,2026-07-04T05:04:44.606Z
7919,49182,72629,2026-07-04T05:04:44.645Z
7920,12298,73261,2026-07-04T05:04:44.683Z
7921,347,59044,2026-07-04T05:04:44.721Z
7922,12395,59539,2026-07-04T05:04:44.850Z
7923,50624,87739,2026-07-04T05:04:44.890Z
7924,2531,50624,2026-07-04T05:04:44.931Z
7925,2531,87739,2026-07-04T05:04:44.969Z
7926,36137,74346,2026-07-04T05:04:45.008Z
7927,22884,53435,2026-07-04T05:04:45.045Z
7928,11299,54017,2026-07-04T05:04:45.083Z
7929,34367,54007,2026-07-04T05:04:45.123Z
7930,36650,61047,2026-07-04T05:04:45.163Z
7931,12366,74739,2026-07-04T05:04:45.203Z
7932,73946,85645,2026-07-04T05:04:45.241Z
7933,3531,61791,2026-07-04T05:04:45.280Z
7934,42296,42300,2026-07-04T05:04:45.378Z
7935,33545,67801,2026-07-04T05:04:45.416Z
7936,9273,60879,2026-07-04T05:04:45.455Z
7937,38848,80885,2026-07-04T05:04:45.495Z
7938,80885,80961,2026-07-04T05:04:45.535Z
7939,42752,74676,2026-07-04T05:04:45.574Z
7940,4543,96512,2026-07-04T05:04:45.613Z
7941,39198,62295,2026-07-04T05:04:45.653Z
7942,19689,93920,2026-07-04T05:04:45.693Z
7943,68287,85660,2026-07-04T05:04:45.733Z
7944,86141,93989,2026-07-04T05:04:45.775Z
7945,36187,62912,2026-07-04T05:04:45.903Z
7946,70360,84893,2026-07-04T05:04:45.943Z
7947,36201,59564,2026-07-04T05:04:45.983Z
7948,41720,93844,2026-07-04T05:04:46.023Z
7949,7898,90032,2026-07-04T05:04:46.060Z
7950,19378,37339,2026-07-04T05:04:46.099Z
7951,19378,60097,2026-07-04T05:04:46.138Z
7952,37339,60097,2026-07-04T05:04:46.177Z
7953,4197,78129,2026-07-04T05:04:46.218Z
7954,62005,64614,2026-07-04T05:04:46.257Z
7955,12369,74100,2026-07-04T05:04:46.295Z
7956,2202,64096,2026-07-04T05:04:46.425Z
7957,44183,72577,2026-07-04T05:04:46.463Z
7958,62189,65082,2026-07-04T05:04:46.501Z
7959,11516,38578,2026-07-04T05:04:46.539Z
7960,28827,63905,2026-07-04T05:04:46.578Z
7961,48868,63905,2026-07-04T05:04:46.618Z
7962,28827,48868,2026-07-04T05:04:46.657Z
7963,36651,61044,2026-07-04T05:04:46.697Z
7964,37934,70547,2026-07-04T05:04:46.735Z
7965,14901,86753,2026-07-04T05:04:46.773Z
7966,36285,61127,2026-07-04T05:04:46.811Z
7967,7469,93103,2026-07-04T05:04:46.850Z
7968,19558,61852,2026-07-04T05:04:46.953Z
7969,36286,59559,2026-07-04T05:04:46.993Z
7970,9510,44929,2026-07-04T05:04:47.032Z
7971,31760,60543,2026-07-04T05:04:47.072Z
7972,23260,71158,2026-07-04T05:04:47.112Z
7973,9383,60545,2026-07-04T05:04:47.153Z
7974,36296,73915,2026-07-04T05:04:47.191Z
7975,36297,73916,2026-07-04T05:04:47.231Z
7976,28152,44011,2026-07-04T05:04:47.270Z
7977,36302,73918,2026-07-04T05:04:47.310Z
7978,4269,72912,2026-07-04T05:04:47.349Z
7979,22991,71050,2026-07-04T05:04:47.477Z
7980,48927,62638,2026-07-04T05:04:47.516Z
7981,62114,94967,2026-07-04T05:04:47.556Z
7982,36308,59004,2026-07-04T05:04:47.595Z
7983,48941,71550,2026-07-04T05:04:47.634Z
7984,31779,60176,2026-07-04T05:04:47.672Z
7985,31779,45024,2026-07-04T05:04:47.712Z
7986,45024,60176,2026-07-04T05:04:47.750Z
7987,65235,87414,2026-07-04T05:04:47.788Z
7988,31914,45623,2026-07-04T05:04:47.826Z
7989,36323,58964,2026-07-04T05:04:47.865Z
7990,44991,66228,2026-07-04T05:04:47.904Z
7991,61945,62222,2026-07-04T05:04:48.003Z
7992,6662,61812,2026-07-04T05:04:48.043Z
7993,12602,77524,2026-07-04T05:04:48.083Z
7994,41438,52708,2026-07-04T05:04:48.123Z
7995,19301,61126,2026-07-04T05:04:48.160Z
7996,42779,74223,2026-07-04T05:04:48.199Z
7997,65504,71376,2026-07-04T05:04:48.239Z
7998,5154,65504,2026-07-04T05:04:48.280Z
7999,5154,71376,2026-07-04T05:04:48.320Z
8000,11453,43709,2026-07-04T05:04:48.360Z
8001,11416,43723,2026-07-04T05:04:48.398Z
8002,17542,43728,2026-07-04T05:04:48.525Z
8003,23976,75841,2026-07-04T05:04:48.563Z
8004,451,41489,2026-07-04T05:04:48.602Z
8005,38092,44915,2026-07-04T05:04:48.641Z
8006,1666,84086,2026-07-04T05:04:48.680Z
8007,14888,75745,2026-07-04T05:04:48.719Z
8008,58648,87538,2026-07-04T05:04:48.757Z
8009,1749,96422,2026-07-04T05:04:48.795Z
8010,27632,75155,2026-07-04T05:04:48.833Z
8011,1919,91492,2026-07-04T05:04:48.872Z
8012,4944,71423,2026-07-04T05:04:48.909Z
8013,37406,60154,2026-07-04T05:04:48.948Z
8014,19360,60154,2026-07-04T05:04:49.046Z
8015,19360,37406,2026-07-04T05:04:49.084Z
8016,3582,85496,2026-07-04T05:04:49.121Z
8017,46071,96438,2026-07-04T05:04:49.160Z
8018,46091,65429,2026-07-04T05:04:49.202Z
8019,22136,86993,2026-07-04T05:04:49.240Z
8020,8891,59381,2026-07-04T05:04:49.278Z
8021,36573,74660,2026-07-04T05:04:49.316Z
8022,62010,93283,2026-07-04T05:04:49.355Z
8023,36584,91546,2026-07-04T05:04:49.395Z
8024,15747,59572,2026-07-04T05:04:49.434Z
8025,41955,54964,2026-07-04T05:04:49.471Z
8026,35856,41955,2026-07-04T05:04:49.571Z
8027,47428,65375,2026-07-04T05:04:49.611Z
8028,81187,95788,2026-07-04T05:04:49.651Z
8029,36639,61025,2026-07-04T05:04:49.690Z
8030,36640,61032,2026-07-04T05:04:49.728Z
8031,36641,61034,2026-07-04T05:04:49.768Z
8032,36645,61022,2026-07-04T05:04:49.806Z
8033,37387,60033,2026-07-04T05:04:49.845Z
8034,9368,37387,2026-07-04T05:04:49.885Z
8035,9368,60033,2026-07-04T05:04:49.925Z
8036,42616,50136,2026-07-04T05:04:49.965Z
8037,36664,61019,2026-07-04T05:04:50.095Z
8038,3590,85316,2026-07-04T05:04:50.136Z
8039,36884,71023,2026-07-04T05:04:50.176Z
8040,36903,70445,2026-07-04T05:04:50.216Z
8041,36905,68540,2026-07-04T05:04:50.255Z
8042,36908,40991,2026-07-04T05:04:50.295Z
8043,36908,71006,2026-07-04T05:04:50.335Z
8044,30877,36908,2026-07-04T05:04:50.373Z
8045,40991,71006,2026-07-04T05:04:50.411Z
8046,30877,40991,2026-07-04T05:04:50.449Z
8047,30877,71006,2026-07-04T05:04:50.487Z
8048,36913,71032,2026-07-04T05:04:50.525Z
8049,41535,84371,2026-07-04T05:04:50.621Z
8050,3074,41535,2026-07-04T05:04:50.659Z
8051,3074,84371,2026-07-04T05:04:50.698Z
8052,36919,66665,2026-07-04T05:04:50.738Z
8053,36919,70597,2026-07-04T05:04:50.778Z
8054,66665,70597,2026-07-04T05:04:50.817Z
8055,23263,62717,2026-07-04T05:04:50.856Z
8056,36920,70598,2026-07-04T05:04:50.895Z
8057,36920,95104,2026-07-04T05:04:50.935Z
8058,70598,95104,2026-07-04T05:04:50.973Z
8059,10767,78655,2026-07-04T05:04:51.011Z
8060,36930,90440,2026-07-04T05:04:51.051Z
8061,2102,90440,2026-07-04T05:04:51.148Z
8062,36934,71286,2026-07-04T05:04:51.188Z
8063,13341,71286,2026-07-04T05:04:51.228Z
8064,58802,90685,2026-07-04T05:04:51.267Z
8065,8429,90685,2026-07-04T05:04:51.306Z
8066,58804,90686,2026-07-04T05:04:51.346Z
8067,4004,90686,2026-07-04T05:04:51.385Z
8068,34555,51019,2026-07-04T05:04:51.424Z
8069,2607,92293,2026-07-04T05:04:51.464Z
8070,38060,81651,2026-07-04T05:04:51.506Z
8071,8568,31078,2026-07-04T05:04:51.543Z
8072,48935,71546,2026-07-04T05:04:51.674Z
8073,48940,71553,2026-07-04T05:04:51.713Z
8074,37235,87702,2026-07-04T05:04:51.753Z
8075,3325,87702,2026-07-04T05:04:51.792Z
8076,17483,88727,2026-07-04T05:04:51.830Z
8077,8090,67266,2026-07-04T05:04:51.868Z
8078,3987,90712,2026-07-04T05:04:51.909Z
8079,58916,90712,2026-07-04T05:04:51.946Z
8080,22968,90539,2026-07-04T05:04:51.985Z
8081,49186,72600,2026-07-04T05:04:52.024Z
8082,49214,72595,2026-07-04T05:04:52.063Z
8083,16363,83859,2026-07-04T05:04:52.193Z
8084,9326,37313,2026-07-04T05:04:52.232Z
8085,9274,37330,2026-07-04T05:04:52.275Z
8086,37335,60068,2026-07-04T05:04:52.314Z
8087,31832,37335,2026-07-04T05:04:52.353Z
8088,31832,60068,2026-07-04T05:04:52.390Z
8089,37337,60069,2026-07-04T05:04:52.429Z
8090,9362,37337,2026-07-04T05:04:52.468Z
8091,9362,60069,2026-07-04T05:04:52.507Z
8092,9281,37342,2026-07-04T05:04:52.545Z
8093,9332,37344,2026-07-04T05:04:52.584Z
8094,37346,60060,2026-07-04T05:04:52.717Z
8095,19359,37346,2026-07-04T05:04:52.755Z
8096,19359,60060,2026-07-04T05:04:52.795Z
8097,37362,60065,2026-07-04T05:04:52.835Z
8098,15236,37363,2026-07-04T05:04:52.874Z
8099,37363,60096,2026-07-04T05:04:52.914Z
8100,15236,60096,2026-07-04T05:04:52.953Z
8101,19385,37364,2026-07-04T05:04:52.991Z
8102,31827,37365,2026-07-04T05:04:53.030Z
8103,34611,37365,2026-07-04T05:04:53.069Z
8104,31827,34611,2026-07-04T05:04:53.108Z
8105,8728,49409,2026-07-04T05:04:53.146Z
8106,37368,60158,2026-07-04T05:04:53.246Z
8107,19348,37368,2026-07-04T05:04:53.286Z
8108,19348,60158,2026-07-04T05:04:53.324Z
8109,37370,60159,2026-07-04T05:04:53.363Z
8110,19357,37370,2026-07-04T05:04:53.403Z
8111,19357,60159,2026-07-04T05:04:53.443Z
8112,21157,49411,2026-07-04T05:04:53.483Z
8113,31739,37377,2026-07-04T05:04:53.523Z
8114,37377,60070,2026-07-04T05:04:53.561Z
8115,31739,60070,2026-07-04T05:04:53.600Z
8116,37393,60056,2026-07-04T05:04:53.640Z
8117,31796,37393,2026-07-04T05:04:53.765Z
8118,31796,60056,2026-07-04T05:04:53.805Z
8119,31934,58234,2026-07-04T05:04:53.846Z
8120,37405,60153,2026-07-04T05:04:53.886Z
8121,19355,37405,2026-07-04T05:04:53.926Z
8122,19355,60153,2026-07-04T05:04:53.966Z
8123,26297,49427,2026-07-04T05:04:54.005Z
8124,93717,93960,2026-07-04T05:04:54.045Z
8125,24877,63606,2026-07-04T05:04:54.085Z
8126,9377,37418,2026-07-04T05:04:54.125Z
8127,79042,93719,2026-07-04T05:04:54.166Z
8128,14891,53316,2026-07-04T05:04:54.291Z
8129,31788,37424,2026-07-04T05:04:54.331Z
8130,3747,37426,2026-07-04T05:04:54.370Z
8131,20257,63275,2026-07-04T05:04:54.410Z
8132,19424,37429,2026-07-04T05:04:54.450Z
8133,37429,96605,2026-07-04T05:04:54.488Z
8134,19424,96605,2026-07-04T05:04:54.528Z
8135,37430,59441,2026-07-04T05:04:54.568Z
8136,37431,59442,2026-07-04T05:04:54.608Z
8137,9394,37432,2026-07-04T05:04:54.648Z
8138,54466,93731,2026-07-04T05:04:54.687Z
8139,6269,37451,2026-07-04T05:04:54.818Z
8140,6269,11329,2026-07-04T05:04:54.858Z
8141,1567,84876,2026-07-04T05:04:54.898Z
8142,31243,78559,2026-07-04T05:04:54.939Z
8143,41254,78559,2026-07-04T05:04:54.978Z
8144,29834,67072,2026-07-04T05:04:55.019Z
8145,3142,37503,2026-07-04T05:04:55.057Z
8146,28847,37514,2026-07-04T05:04:55.095Z
8147,14217,37517,2026-07-04T05:04:55.133Z
8148,41648,88729,2026-07-04T05:04:55.173Z
8149,17530,88729,2026-07-04T05:04:55.211Z
8150,17530,41648,2026-07-04T05:04:55.342Z
8151,7276,37521,2026-07-04T05:04:55.384Z
8152,54467,93733,2026-07-04T05:04:55.422Z
8153,52730,80913,2026-07-04T05:04:55.460Z
8154,52732,84495,2026-07-04T05:04:55.500Z
8155,2669,37529,2026-07-04T05:04:55.540Z
8156,30279,88700,2026-07-04T05:04:55.578Z
8157,75869,85693,2026-07-04T05:04:55.616Z
8158,37827,79514,2026-07-04T05:04:55.654Z
8159,39036,92126,2026-07-04T05:04:55.695Z
8160,34003,92126,2026-07-04T05:04:55.735Z
8161,37839,79516,2026-07-04T05:04:55.865Z
8162,3620,85369,2026-07-04T05:04:55.904Z
8163,34092,93737,2026-07-04T05:04:55.943Z
8164,37847,79546,2026-07-04T05:04:55.982Z
8165,37849,79513,2026-07-04T05:04:56.022Z
8166,37850,79520,2026-07-04T05:04:56.062Z
8167,37855,79518,2026-07-04T05:04:56.103Z
8168,33508,61088,2026-07-04T05:04:56.140Z
8169,16068,61091,2026-07-04T05:04:56.181Z
8170,47512,73164,2026-07-04T05:04:56.221Z
8171,46774,80996,2026-07-04T05:04:56.259Z
8566,11408,49404,2026-07-04T05:05:14.563Z
8567,4367,83873,2026-07-04T05:05:14.600Z
8568,822,87924,2026-07-04T05:05:14.640Z
8569,2646,87871,2026-07-04T05:05:14.741Z
8570,3131,91127,2026-07-04T05:05:14.779Z
8571,3489,96675,2026-07-04T05:05:14.819Z
8572,70808,92851,2026-07-04T05:05:14.857Z
8573,25753,70369,2026-07-04T05:05:14.895Z
8574,12683,60227,2026-07-04T05:05:14.933Z
8575,17478,54469,2026-07-04T05:05:14.971Z
8576,31585,84499,2026-07-04T05:05:15.009Z
8577,15246,61566,2026-07-04T05:05:15.048Z
8578,3245,90952,2026-07-04T05:05:15.088Z
8579,3372,83902,2026-07-04T05:05:15.128Z
8580,36155,74696,2026-07-04T05:05:15.168Z
8581,1789,86432,2026-07-04T05:05:15.262Z
8582,1801,86418,2026-07-04T05:05:15.303Z
8583,23046,50224,2026-07-04T05:05:15.343Z
8584,62154,72335,2026-07-04T05:05:15.381Z
8585,1681,96465,2026-07-04T05:05:15.420Z
8586,24455,85397,2026-07-04T05:05:15.461Z
8587,20300,56464,2026-07-04T05:05:15.500Z
8588,12444,73920,2026-07-04T05:05:15.537Z
8589,6732,90435,2026-07-04T05:05:15.576Z
8590,36926,90435,2026-07-04T05:05:15.613Z
8591,26211,69551,2026-07-04T05:05:15.653Z
8592,26211,91191,2026-07-04T05:05:15.693Z
8593,69551,91191,2026-07-04T05:05:15.788Z
8594,22516,71943,2026-07-04T05:05:15.828Z
8595,701,86750,2026-07-04T05:05:15.866Z
8596,4350,96439,2026-07-04T05:05:15.905Z
8597,4927,92078,2026-07-04T05:05:15.944Z
8598,6561,44167,2026-07-04T05:05:15.983Z
8599,1933,83910,2026-07-04T05:05:16.021Z
8600,2065,74910,2026-07-04T05:05:16.058Z
8601,3411,59649,2026-07-04T05:05:16.097Z
8602,43510,79960,2026-07-04T05:05:16.136Z
8603,43512,86738,2026-07-04T05:05:16.175Z
8604,43513,95717,2026-07-04T05:05:16.213Z
8605,25570,71028,2026-07-04T05:05:16.314Z
8606,13660,43514,2026-07-04T05:05:16.353Z
8607,13659,43515,2026-07-04T05:05:16.392Z
8608,43516,86884,2026-07-04T05:05:16.431Z
8609,25737,70370,2026-07-04T05:05:16.471Z
8610,3400,83632,2026-07-04T05:05:16.510Z
8611,712,86872,2026-07-04T05:05:16.550Z
8612,43521,86885,2026-07-04T05:05:16.589Z
8613,31535,61746,2026-07-04T05:05:16.627Z
8614,2148,86704,2026-07-04T05:05:16.668Z
8615,42772,74057,2026-07-04T05:05:16.708Z
8616,20249,86492,2026-07-04T05:05:16.838Z
8617,24730,77453,2026-07-04T05:05:16.878Z
8618,5283,61381,2026-07-04T05:05:16.918Z
8619,43527,63862,2026-07-04T05:05:16.957Z
8620,76824,92060,2026-07-04T05:05:16.995Z
8621,704,86674,2026-07-04T05:05:17.034Z
8622,4211,86579,2026-07-04T05:05:17.075Z
8623,43528,63866,2026-07-04T05:05:17.113Z
8624,11690,61533,2026-07-04T05:05:17.153Z
8625,571,84124,2026-07-04T05:05:17.191Z
8626,1519,84670,2026-07-04T05:05:17.230Z
8627,1514,85241,2026-07-04T05:05:17.358Z
8628,15075,85288,2026-07-04T05:05:17.395Z
8629,36649,61046,2026-07-04T05:05:17.436Z
8630,580,86217,2026-07-04T05:05:17.474Z
8631,36190,60900,2026-07-04T05:05:17.516Z
8632,9280,60043,2026-07-04T05:05:17.556Z
8633,35036,67162,2026-07-04T05:05:17.594Z
8634,90615,91896,2026-07-04T05:05:17.689Z
8635,9516,37807,2026-07-04T05:05:17.728Z
8636,43881,60186,2026-07-04T05:05:17.766Z
8637,31774,43881,2026-07-04T05:05:17.886Z
8638,31774,60186,2026-07-04T05:05:17.926Z
8639,3624,85395,2026-07-04T05:05:17.966Z
8640,58644,87539,2026-07-04T05:05:18.005Z
8641,41764,70376,2026-07-04T05:05:18.045Z
8642,1230,90976,2026-07-04T05:05:18.085Z
8643,58768,90976,2026-07-04T05:05:18.125Z
8644,31912,43985,2026-07-04T05:05:18.165Z
8645,28092,44148,2026-07-04T05:05:18.206Z
8646,1601,44161,2026-07-04T05:05:18.246Z
8647,1440,85388,2026-07-04T05:05:18.286Z
8648,1917,85298,2026-07-04T05:05:18.410Z
8649,4911,86702,2026-07-04T05:05:18.451Z
8650,6554,44169,2026-07-04T05:05:18.490Z
8651,30305,67372,2026-07-04T05:05:18.530Z
8652,44178,77366,2026-07-04T05:05:18.569Z
8653,8561,44178,2026-07-04T05:05:18.609Z
8654,8561,77366,2026-07-04T05:05:18.649Z
8655,14816,44181,2026-07-04T05:05:18.688Z
8656,67768,69348,2026-07-04T05:05:18.726Z
8657,33677,67779,2026-07-04T05:05:18.763Z
8658,53318,68062,2026-07-04T05:05:18.801Z
8659,31519,61890,2026-07-04T05:05:18.931Z
8660,68034,68877,2026-07-04T05:05:18.969Z
8661,44321,95378,2026-07-04T05:05:19.008Z
8662,3605,85302,2026-07-04T05:05:19.045Z
8663,44322,80607,2026-07-04T05:05:19.085Z
8664,44323,89619,2026-07-04T05:05:19.125Z
8665,39004,77330,2026-07-04T05:05:19.163Z
8666,31529,61832,2026-07-04T05:05:19.201Z
8667,38094,44920,2026-07-04T05:05:19.239Z
8668,44949,60255,2026-07-04T05:05:19.278Z
8669,64906,92888,2026-07-04T05:05:19.317Z
8670,44988,60163,2026-07-04T05:05:19.358Z
8671,8139,72982,2026-07-04T05:05:19.457Z
8672,44993,65978,2026-07-04T05:05:19.496Z
8673,45182,60261,2026-07-04T05:05:19.535Z
8674,45186,59775,2026-07-04T05:05:19.574Z
8675,45188,59777,2026-07-04T05:05:19.614Z
8676,45189,59778,2026-07-04T05:05:19.653Z
8677,45190,59779,2026-07-04T05:05:19.693Z
8678,45194,60266,2026-07-04T05:05:19.733Z
8679,45197,60269,2026-07-04T05:05:19.773Z
8680,45198,60270,2026-07-04T05:05:19.813Z
8681,45199,59770,2026-07-04T05:05:19.853Z
8682,45202,59773,2026-07-04T05:05:19.980Z
8683,45203,60271,2026-07-04T05:05:20.019Z
8684,45204,60272,2026-07-04T05:05:20.058Z
8685,31671,95528,2026-07-04T05:05:20.098Z
8686,45205,60273,2026-07-04T05:05:20.136Z
8687,45207,60275,2026-07-04T05:05:20.174Z
8688,45208,59761,2026-07-04T05:05:20.213Z
8689,45279,79556,2026-07-04T05:05:20.254Z
8690,45280,79217,2026-07-04T05:05:20.294Z
8691,9360,45372,2026-07-04T05:05:20.333Z
8692,45405,84381,2026-07-04T05:05:20.371Z
8693,7070,45405,2026-07-04T05:05:20.409Z
8694,7070,84381,2026-07-04T05:05:20.508Z
8695,45407,63504,2026-07-04T05:05:20.547Z
8696,28961,45407,2026-07-04T05:05:20.588Z
8697,28961,63504,2026-07-04T05:05:20.628Z
8698,31729,83553,2026-07-04T05:05:20.667Z
8699,45447,62263,2026-07-04T05:05:20.705Z
8700,45552,67535,2026-07-04T05:05:20.744Z
8701,31907,45620,2026-07-04T05:05:20.784Z
8702,9044,61804,2026-07-04T05:05:20.823Z
8703,89480,90738,2026-07-04T05:05:20.863Z
8704,70249,84909,2026-07-04T05:05:20.902Z
8705,29253,70250,2026-07-04T05:05:21.033Z
8706,23390,90642,2026-07-04T05:05:21.071Z
8707,49103,90642,2026-07-04T05:05:21.110Z
8708,3994,90987,2026-07-04T05:05:21.151Z
8709,58778,90987,2026-07-04T05:05:21.191Z
8710,42911,92210,2026-07-04T05:05:21.230Z
8711,46017,80871,2026-07-04T05:05:21.270Z
8712,46070,77586,2026-07-04T05:05:21.307Z
8713,46076,58577,2026-07-04T05:05:21.346Z
8714,46076,67033,2026-07-04T05:05:21.384Z
8715,58577,67033,2026-07-04T05:05:21.423Z
8716,4395,46077,2026-07-04T05:05:21.553Z
8717,46079,66550,2026-07-04T05:05:21.593Z
8718,46082,66747,2026-07-04T05:05:21.633Z
8719,46083,67018,2026-07-04T05:05:21.673Z
8720,31929,55533,2026-07-04T05:05:21.714Z
8721,46099,65434,2026-07-04T05:05:21.753Z
8722,46101,65437,2026-07-04T05:05:21.793Z
8723,8406,77433,2026-07-04T05:05:21.833Z
8724,68675,89538,2026-07-04T05:05:21.873Z
8725,46125,65433,2026-07-04T05:05:21.913Z
8726,5255,95948,2026-07-04T05:05:21.953Z
8727,77423,77664,2026-07-04T05:05:22.080Z
8728,30927,76952,2026-07-04T05:05:22.119Z
8729,71167,89752,2026-07-04T05:05:22.159Z
8730,8689,46188,2026-07-04T05:05:22.199Z
8731,8659,46201,2026-07-04T05:05:22.240Z
8732,11398,46202,2026-07-04T05:05:22.281Z
8733,11388,46203,2026-07-04T05:05:22.321Z
8734,8668,46268,2026-07-04T05:05:22.359Z
8735,9512,18540,2026-07-04T05:05:22.399Z
8736,34319,71148,2026-07-04T05:05:22.438Z
8737,3440,73725,2026-07-04T05:05:22.477Z
8738,11182,90763,2026-07-04T05:05:22.605Z
8739,93916,94632,2026-07-04T05:05:22.645Z
8740,28356,71540,2026-07-04T05:05:22.683Z
8741,20501,86978,2026-07-04T05:05:22.721Z
8742,2766,93924,2026-07-04T05:05:22.759Z
8743,80743,80759,2026-07-04T05:05:22.797Z
8744,1570,85231,2026-07-04T05:05:22.835Z
8745,1568,85245,2026-07-04T05:05:22.873Z
8746,95582,95650,2026-07-04T05:05:22.913Z
8747,38613,62710,2026-07-04T05:05:22.952Z
8748,37530,62246,2026-07-04T05:05:22.991Z
8749,47041,59103,2026-07-04T05:05:23.030Z
8750,83361,96321,2026-07-04T05:05:23.129Z
8751,7484,72075,2026-07-04T05:05:23.168Z
8752,69355,72786,2026-07-04T05:05:23.205Z
8753,5476,63992,2026-07-04T05:05:23.243Z
8754,2210,58585,2026-07-04T05:05:23.282Z
8755,47239,85443,2026-07-04T05:05:23.323Z
8756,1590,85315,2026-07-04T05:05:23.363Z
8757,4229,86429,2026-07-04T05:05:23.403Z
8758,21588,47454,2026-07-04T05:05:23.443Z
8759,28645,47471,2026-07-04T05:05:23.482Z
8760,47499,87633,2026-07-04T05:05:23.520Z
8761,13635,47499,2026-07-04T05:05:23.651Z
8762,13635,87633,2026-07-04T05:05:23.691Z
8763,47518,72950,2026-07-04T05:05:23.731Z
8764,47519,64063,2026-07-04T05:05:23.771Z
8765,23510,47574,2026-07-04T05:05:23.810Z
8766,62066,74271,2026-07-04T05:05:23.848Z
8767,70525,92840,2026-07-04T05:05:23.888Z
8768,47606,64078,2026-07-04T05:05:23.928Z
8769,47607,64082,2026-07-04T05:05:23.968Z
8770,47608,64138,2026-07-04T05:05:24.006Z
8771,47611,64139,2026-07-04T05:05:24.045Z
8772,47612,64140,2026-07-04T05:05:24.173Z
8773,47613,64141,2026-07-04T05:05:24.213Z
8774,47640,62470,2026-07-04T05:05:24.255Z
8775,50164,72903,2026-07-04T05:05:24.295Z
8776,4025,90974,2026-07-04T05:05:24.333Z
8777,58766,90974,2026-07-04T05:05:24.371Z
8778,9353,47670,2026-07-04T05:05:24.409Z
8779,9296,47671,2026-07-04T05:05:24.448Z
8780,36288,59475,2026-07-04T05:05:24.488Z
8781,16460,83846,2026-07-04T05:05:24.528Z
8782,7316,72119,2026-07-04T05:05:24.567Z
8783,8763,47744,2026-07-04T05:05:24.698Z
8784,15202,60468,2026-07-04T05:05:24.738Z
8785,48062,71371,2026-07-04T05:05:24.777Z
8786,48082,93371,2026-07-04T05:05:24.816Z
8787,48083,87710,2026-07-04T05:05:24.855Z
8788,48083,93368,2026-07-04T05:05:24.894Z
8789,87710,93368,2026-07-04T05:05:24.934Z
8790,30925,94989,2026-07-04T05:05:24.971Z
8791,48369,60178,2026-07-04T05:05:25.009Z
8792,19412,48369,2026-07-04T05:05:25.048Z
8793,19412,60178,2026-07-04T05:05:25.087Z
8794,1434,85410,2026-07-04T05:05:25.126Z
8795,11105,48667,2026-07-04T05:05:25.223Z
8796,42318,60491,2026-07-04T05:05:25.262Z
8797,39029,66995,2026-07-04T05:05:25.300Z
8798,12445,59005,2026-07-04T05:05:25.340Z
8799,28186,61895,2026-07-04T05:05:25.379Z
8800,84062,89882,2026-07-04T05:05:25.418Z
8801,62118,76845,2026-07-04T05:05:25.458Z
8802,62119,77753,2026-07-04T05:05:25.498Z
8803,26647,63473,2026-07-04T05:05:25.536Z
8804,4565,66813,2026-07-04T05:05:25.574Z
8805,43741,74040,2026-07-04T05:05:25.613Z
8806,9501,66240,2026-07-04T05:05:25.653Z
8807,9501,84830,2026-07-04T05:05:25.750Z
8808,66240,84830,2026-07-04T05:05:25.788Z
8809,1575,85329,2026-07-04T05:05:25.826Z
8810,23516,64110,2026-07-04T05:05:25.865Z
8811,35038,73983,2026-07-04T05:05:25.905Z
8812,45211,59764,2026-07-04T05:05:25.944Z
8813,13484,94036,2026-07-04T05:05:25.983Z
8814,1655,84710,2026-07-04T05:05:26.023Z
8815,11111,60726,2026-07-04T05:05:26.062Z
8816,27371,70451,2026-07-04T05:05:26.101Z
8817,59678,68064,2026-07-04T05:05:26.137Z
8818,59678,68596,2026-07-04T05:05:26.177Z
8819,68064,68596,2026-07-04T05:05:26.275Z
8820,49098,90713,2026-07-04T05:05:26.314Z
8821,18293,91436,2026-07-04T05:05:26.353Z
8822,49101,70569,2026-07-04T05:05:26.390Z
8823,34258,70569,2026-07-04T05:05:26.430Z
8824,49104,90643,2026-07-04T05:05:26.468Z
8825,23253,90643,2026-07-04T05:05:26.507Z
8826,49108,90648,2026-07-04T05:05:26.548Z
8827,34340,90648,2026-07-04T05:05:26.588Z
8828,49180,72627,2026-07-04T05:05:26.625Z
8829,49181,72628,2026-07-04T05:05:26.665Z
8830,49183,70391,2026-07-04T05:05:26.796Z
8831,49184,71865,2026-07-04T05:05:26.833Z
8832,49191,71922,2026-07-04T05:05:26.871Z
8833,49193,71921,2026-07-04T05:05:26.910Z
8834,49196,72089,2026-07-04T05:05:26.950Z
8835,78710,89940,2026-07-04T05:05:26.990Z
8836,49207,72090,2026-07-04T05:05:27.030Z
8837,49208,72091,2026-07-04T05:05:27.066Z
8838,49213,72304,2026-07-04T05:05:27.103Z
8839,19572,61829,2026-07-04T05:05:27.144Z
8840,4891,63476,2026-07-04T05:05:27.181Z
8841,49223,72571,2026-07-04T05:05:27.221Z
8842,49224,72598,2026-07-04T05:05:27.323Z
8843,49225,72599,2026-07-04T05:05:27.363Z
8844,49226,88898,2026-07-04T05:05:27.403Z
8845,49228,70966,2026-07-04T05:05:27.443Z
8846,49231,70967,2026-07-04T05:05:27.483Z
8847,22060,57247,2026-07-04T05:05:27.523Z
8848,49232,70968,2026-07-04T05:05:27.562Z
8849,49233,70970,2026-07-04T05:05:27.601Z
8850,49234,70969,2026-07-04T05:05:27.640Z
8851,49271,67455,2026-07-04T05:05:27.681Z
8852,43924,66720,2026-07-04T05:05:27.721Z
8853,49332,86690,2026-07-04T05:05:27.849Z
8854,7281,49332,2026-07-04T05:05:27.888Z
8855,7281,86690,2026-07-04T05:05:27.927Z
8856,62658,70449,2026-07-04T05:05:27.967Z
8857,37802,70449,2026-07-04T05:05:28.008Z
8858,36890,70449,2026-07-04T05:05:28.048Z
8859,37802,62658,2026-07-04T05:05:28.086Z
8860,36890,62658,2026-07-04T05:05:28.126Z
8861,36890,37802,2026-07-04T05:05:28.166Z
8862,27631,62695,2026-07-04T05:05:28.206Z
8863,31030,56855,2026-07-04T05:05:28.246Z
8864,45187,59776,2026-07-04T05:05:28.371Z
8865,38014,71316,2026-07-04T05:05:28.410Z
8866,71348,75495,2026-07-04T05:05:28.451Z
8867,71634,72461,2026-07-04T05:05:28.489Z
8868,33133,76905,2026-07-04T05:05:28.526Z
8869,8764,49398,2026-07-04T05:05:28.566Z
8870,16584,49401,2026-07-04T05:05:28.605Z
8871,34533,49402,2026-07-04T05:05:28.645Z
8872,1316,24975,2026-07-04T05:05:28.684Z
8873,4044,49408,2026-07-04T05:05:28.723Z
8874,22266,72665,2026-07-04T05:05:28.763Z
8875,39152,41231,2026-07-04T05:05:28.891Z
8876,64687,73425,2026-07-04T05:05:28.930Z
8877,69457,72613,2026-07-04T05:05:28.971Z
8878,7350,72613,2026-07-04T05:05:29.010Z
8879,7350,69457,2026-07-04T05:05:29.050Z
8880,24441,92602,2026-07-04T05:05:29.089Z
8881,2230,66643,2026-07-04T05:05:29.129Z
8882,2230,5841,2026-07-04T05:05:29.168Z
8883,5841,66643,2026-07-04T05:05:29.205Z
8884,5076,91452,2026-07-04T05:05:29.244Z
8885,666,92942,2026-07-04T05:05:29.283Z
8886,5467,64115,2026-07-04T05:05:29.322Z
8887,1447,84730,2026-07-04T05:05:29.421Z
8888,7537,50226,2026-07-04T05:05:29.461Z
8889,26636,92065,2026-07-04T05:05:29.501Z
8890,35761,65168,2026-07-04T05:05:29.541Z
8891,3656,85334,2026-07-04T05:05:29.580Z
8892,16594,50274,2026-07-04T05:05:29.618Z
8893,8720,50275,2026-07-04T05:05:29.656Z
8894,34566,50276,2026-07-04T05:05:29.695Z
8895,90214,90873,2026-07-04T05:05:29.736Z
8896,30355,50118,2026-07-04T05:05:29.775Z
8897,34602,50290,2026-07-04T05:05:29.814Z
8898,14863,62588,2026-07-04T05:05:29.942Z
8899,9135,85336,2026-07-04T05:05:29.981Z
8900,695,90240,2026-07-04T05:05:30.020Z
8901,3976,90701,2026-07-04T05:05:30.060Z
8902,58835,90701,2026-07-04T05:05:30.099Z
8903,58646,87537,2026-07-04T05:05:30.136Z
8904,37846,79523,2026-07-04T05:05:30.176Z
8905,12688,61036,2026-07-04T05:05:30.215Z
8906,62125,77479,2026-07-04T05:05:30.255Z
8907,58608,61166,2026-07-04T05:05:30.296Z
8908,4196,59597,2026-07-04T05:05:30.335Z
8909,717,86983,2026-07-04T05:05:30.466Z
8910,50592,87634,2026-07-04T05:05:30.506Z
8911,17543,89372,2026-07-04T05:05:30.547Z
8912,50630,91736,2026-07-04T05:05:30.587Z
8913,50631,91975,2026-07-04T05:05:30.627Z
8914,3155,50633,2026-07-04T05:05:30.668Z
8915,50635,88111,2026-07-04T05:05:30.708Z
8916,50636,88226,2026-07-04T05:05:30.746Z
8917,50637,88150,2026-07-04T05:05:30.786Z
8918,50638,88151,2026-07-04T05:05:30.827Z
8919,50639,88228,2026-07-04T05:05:30.865Z
8920,50640,88227,2026-07-04T05:05:30.994Z
8921,50641,59344,2026-07-04T05:05:31.035Z
8922,29929,50642,2026-07-04T05:05:31.075Z
8923,50642,59343,2026-07-04T05:05:31.113Z
8924,29929,59343,2026-07-04T05:05:31.152Z
8925,57626,71097,2026-07-04T05:05:31.193Z
8926,7981,71097,2026-07-04T05:05:31.233Z
8927,7981,57626,2026-07-04T05:05:31.272Z
8928,64615,76951,2026-07-04T05:05:31.311Z
8929,34275,77351,2026-07-04T05:05:31.350Z
8930,34313,71133,2026-07-04T05:05:31.390Z
8931,34331,90680,2026-07-04T05:05:31.518Z
8932,58808,90680,2026-07-04T05:05:31.558Z
8933,34336,70980,2026-07-04T05:05:31.598Z
8934,49017,70980,2026-07-04T05:05:31.636Z
8935,58761,90968,2026-07-04T05:05:31.675Z
8936,1236,90968,2026-07-04T05:05:31.715Z
8937,39391,79292,2026-07-04T05:05:31.754Z
8938,11415,51020,2026-07-04T05:05:31.792Z
8939,51719,60289,2026-07-04T05:05:31.831Z
8940,11436,51023,2026-07-04T05:05:31.870Z
8941,23757,91300,2026-07-04T05:05:31.909Z
8942,36823,91300,2026-07-04T05:05:32.040Z
8943,9405,37563,2026-07-04T05:05:32.079Z
8944,9405,92929,2026-07-04T05:05:32.121Z
8945,37563,92929,2026-07-04T05:05:32.162Z
8946,1313,93384,2026-07-04T05:05:32.201Z
8947,35179,35192,2026-07-04T05:05:32.241Z
8948,59145,61759,2026-07-04T05:05:32.279Z
8949,13589,51166,2026-07-04T05:05:32.317Z
8950,19492,28078,2026-07-04T05:05:32.359Z
8951,51185,78336,2026-07-04T05:05:32.397Z
8952,51186,94190,2026-07-04T05:05:32.435Z
8953,51187,94191,2026-07-04T05:05:32.566Z
8954,51192,94121,2026-07-04T05:05:32.606Z
8955,22425,61839,2026-07-04T05:05:32.645Z
8956,85591,85597,2026-07-04T05:05:32.686Z
8957,43739,71026,2026-07-04T05:05:32.725Z
8958,35113,91769,2026-07-04T05:05:32.764Z
8959,31525,85438,2026-07-04T05:05:32.803Z
8960,84739,92597,2026-07-04T05:05:32.841Z
8961,70620,89527,2026-07-04T05:05:32.881Z
8962,70620,74672,2026-07-04T05:05:32.919Z
8963,74672,89527,2026-07-04T05:05:32.958Z
8964,93230,93247,2026-07-04T05:05:33.086Z
8965,34603,51770,2026-07-04T05:05:33.124Z
8966,11429,51771,2026-07-04T05:05:33.161Z
8967,20973,51774,2026-07-04T05:05:33.201Z
8968,34542,51775,2026-07-04T05:05:33.241Z
8969,15051,61788,2026-07-04T05:05:33.281Z
8970,6514,57255,2026-07-04T05:05:33.320Z
8971,58564,89062,2026-07-04T05:05:33.357Z
8972,24508,85377,2026-07-04T05:05:33.396Z
8973,85617,93943,2026-07-04T05:05:33.435Z
8974,67539,85594,2026-07-04T05:05:33.476Z
8975,51844,64142,2026-07-04T05:05:33.514Z
8976,84831,87286,2026-07-04T05:05:33.613Z
8977,71218,86209,2026-07-04T05:05:33.653Z
8978,12315,40870,2026-07-04T05:05:33.694Z
8979,26574,63535,2026-07-04T05:05:33.732Z
8980,3610,85230,2026-07-04T05:05:33.770Z
8981,28403,56704,2026-07-04T05:05:33.808Z
8982,611,89544,2026-07-04T05:05:33.848Z
8983,5234,92161,2026-07-04T05:05:33.888Z
8984,3990,90966,2026-07-04T05:05:33.927Z
8985,58758,90966,2026-07-04T05:05:33.967Z
8986,3396,59652,2026-07-04T05:05:34.003Z
8987,23765,43024,2026-07-04T05:05:34.043Z
8988,9003,61613,2026-07-04T05:05:34.138Z
8989,85619,94184,2026-07-04T05:05:34.178Z
8990,17849,88847,2026-07-04T05:05:34.218Z
8991,1827,86728,2026-07-04T05:05:34.258Z
8992,76096,85622,2026-07-04T05:05:34.298Z
8993,11269,70912,2026-07-04T05:05:34.338Z
8994,49022,70912,2026-07-04T05:05:34.376Z
8995,65171,87628,2026-07-04T05:05:34.415Z
8996,7241,95602,2026-07-04T05:05:34.453Z
8997,83198,85217,2026-07-04T05:05:34.493Z
8998,36612,77973,2026-07-04T05:05:34.531Z
8999,85574,95026,2026-07-04T05:05:34.661Z
9000,1019,96693,2026-07-04T05:05:34.701Z
9001,36598,63878,2026-07-04T05:05:34.740Z
9002,34189,69672,2026-07-04T05:05:34.779Z
9003,83604,84155,2026-07-04T05:05:34.818Z
9004,80263,80264,2026-07-04T05:05:34.858Z
9005,34097,84752,2026-07-04T05:05:34.896Z
9006,15228,60568,2026-07-04T05:05:34.935Z
9007,72312,85676,2026-07-04T05:05:34.976Z
9008,72886,72889,2026-07-04T05:05:35.016Z
9009,26786,87005,2026-07-04T05:05:35.055Z
9010,31769,37379,2026-07-04T05:05:35.186Z
9011,4481,81291,2026-07-04T05:05:35.225Z
9012,24501,85212,2026-07-04T05:05:35.265Z
9013,62196,72375,2026-07-04T05:05:35.305Z
9014,72761,89871,2026-07-04T05:05:35.343Z
9015,64674,67625,2026-07-04T05:05:35.382Z
9016,34540,51668,2026-07-04T05:05:35.423Z
9017,4401,71154,2026-07-04T05:05:35.463Z
9018,69274,91207,2026-07-04T05:05:35.503Z
9019,68522,77517,2026-07-04T05:05:35.543Z
9020,38004,90928,2026-07-04T05:05:35.583Z
9021,35737,65652,2026-07-04T05:05:35.716Z
9022,51715,60308,2026-07-04T05:05:35.754Z
9023,61971,78373,2026-07-04T05:05:35.796Z
9024,1246,91000,2026-07-04T05:05:35.835Z
9025,58894,91000,2026-07-04T05:05:35.874Z
9026,22443,72117,2026-07-04T05:05:35.913Z
9027,18641,72589,2026-07-04T05:05:35.953Z
9028,53298,91496,2026-07-04T05:05:35.993Z
9029,12599,82621,2026-07-04T05:05:36.033Z
9030,9002,85349,2026-07-04T05:05:36.073Z
9031,70788,92843,2026-07-04T05:05:36.113Z
9032,29335,71651,2026-07-04T05:05:36.238Z
9033,18833,71722,2026-07-04T05:05:36.278Z
9034,29356,75828,2026-07-04T05:05:36.318Z
9035,72757,87860,2026-07-04T05:05:36.358Z
9036,51722,60295,2026-07-04T05:05:36.397Z
9037,51722,60258,2026-07-04T05:05:36.438Z
9038,60258,60295,2026-07-04T05:05:36.478Z
9039,8621,46291,2026-07-04T05:05:36.518Z
9040,845,87667,2026-07-04T05:05:36.556Z
9041,19404,48370,2026-07-04T05:05:36.595Z
9042,64207,66414,2026-07-04T05:05:36.633Z
9043,64208,88466,2026-07-04T05:05:36.761Z
9044,46745,72264,2026-07-04T05:05:36.801Z
9045,41744,80445,2026-07-04T05:05:36.839Z
9046,1085,53438,2026-07-04T05:05:36.877Z
9047,7331,53441,2026-07-04T05:05:36.915Z
9048,53443,90345,2026-07-04T05:05:36.955Z
9049,2710,53443,2026-07-04T05:05:36.995Z
9050,2710,90345,2026-07-04T05:05:37.033Z
9051,1083,53444,2026-07-04T05:05:37.072Z
9052,11476,53444,2026-07-04T05:05:37.113Z
9053,1083,11476,2026-07-04T05:05:37.152Z
9054,53445,90354,2026-07-04T05:05:37.280Z
9055,2750,53445,2026-07-04T05:05:37.320Z
9056,16686,53445,2026-07-04T05:05:37.360Z
9057,2750,90354,2026-07-04T05:05:37.400Z
9058,16686,90354,2026-07-04T05:05:37.441Z
9059,2750,16686,2026-07-04T05:05:37.481Z
9060,39027,92983,2026-07-04T05:05:37.520Z
9061,7337,53450,2026-07-04T05:05:37.560Z
9062,30141,67314,2026-07-04T05:05:37.602Z
9063,77701,77714,2026-07-04T05:05:37.640Z
9064,42322,60517,2026-07-04T05:05:37.678Z
9065,37341,60098,2026-07-04T05:05:37.806Z
9066,15215,37341,2026-07-04T05:05:37.846Z
9067,15215,60098,2026-07-04T05:05:37.885Z
9068,6258,62559,2026-07-04T05:05:37.973Z
9069,34023,69633,2026-07-04T05:05:38.012Z
9070,39092,69633,2026-07-04T05:05:38.050Z
9071,3584,85383,2026-07-04T05:05:38.089Z
9072,37389,60034,2026-07-04T05:05:38.126Z
9073,9309,37389,2026-07-04T05:05:38.166Z
9074,9309,60034,2026-07-04T05:05:38.205Z
9075,37844,79522,2026-07-04T05:05:38.333Z
9076,11355,46189,2026-07-04T05:05:38.371Z
9077,34515,46192,2026-07-04T05:05:38.411Z
9078,54468,77467,2026-07-04T05:05:38.451Z
9079,17474,54470,2026-07-04T05:05:38.489Z
9080,67878,67943,2026-07-04T05:05:38.527Z
9081,34042,89813,2026-07-04T05:05:38.568Z
9082,5411,64175,2026-07-04T05:05:38.608Z
9083,71350,75497,2026-07-04T05:05:38.647Z
9084,3172,88796,2026-07-04T05:05:38.688Z
9085,84868,87576,2026-07-04T05:05:38.728Z
9086,26833,64166,2026-07-04T05:05:38.858Z
9087,13810,55059,2026-07-04T05:05:38.898Z
9088,42750,66910,2026-07-04T05:05:38.937Z
9089,72300,85638,2026-07-04T05:05:38.975Z
9090,69029,85681,2026-07-04T05:05:39.014Z
9091,18421,46307,2026-07-04T05:05:39.053Z
9092,82976,82977,2026-07-04T05:05:39.091Z
9093,19376,37394,2026-07-04T05:05:39.131Z
9094,62008,76598,2026-07-04T05:05:39.170Z
9095,8528,53317,2026-07-04T05:05:39.207Z
9096,55345,57950,2026-07-04T05:05:39.246Z
9097,6521,57950,2026-07-04T05:05:39.283Z
9098,3631,85354,2026-07-04T05:05:39.383Z
9099,55480,87711,2026-07-04T05:05:39.423Z
9100,13101,87711,2026-07-04T05:05:39.463Z
9101,81858,85686,2026-07-04T05:05:39.502Z
9102,52725,64243,2026-07-04T05:05:39.540Z
9103,8098,67351,2026-07-04T05:05:39.577Z
9104,17327,88728,2026-07-04T05:05:39.616Z
9105,42345,60523,2026-07-04T05:05:39.654Z
9106,67356,67358,2026-07-04T05:05:39.693Z
9107,5290,74849,2026-07-04T05:05:39.734Z
9108,31717,55590,2026-07-04T05:05:39.773Z
9109,31782,55595,2026-07-04T05:05:39.903Z
9110,15635,87839,2026-07-04T05:05:39.943Z
9111,45803,93593,2026-07-04T05:05:39.982Z
9112,5436,64151,2026-07-04T05:05:40.021Z
9113,70769,75464,2026-07-04T05:05:40.059Z
9114,71168,73479,2026-07-04T05:05:40.098Z
9115,5776,56322,2026-07-04T05:05:40.138Z
9116,11101,56444,2026-07-04T05:05:40.177Z
9117,34415,56658,2026-07-04T05:05:40.217Z
9118,34426,56660,2026-07-04T05:05:40.257Z
9119,70559,71677,2026-07-04T05:05:40.300Z
9120,29918,57125,2026-07-04T05:05:40.432Z
9121,57125,66246,2026-07-04T05:05:40.473Z
9122,29918,66246,2026-07-04T05:05:40.511Z
9123,57127,66247,2026-07-04T05:05:40.550Z
9124,4737,94162,2026-07-04T05:05:40.588Z
9125,13368,69364,2026-07-04T05:05:40.629Z
9126,36965,69364,2026-07-04T05:05:40.668Z
9127,27945,57233,2026-07-04T05:05:40.709Z
9128,27984,57246,2026-07-04T05:05:40.748Z
9129,6413,57267,2026-07-04T05:05:40.788Z
9130,43526,63865,2026-07-04T05:05:40.827Z
9131,8775,57321,2026-07-04T05:05:40.955Z
9132,8752,57323,2026-07-04T05:05:40.995Z
9133,8754,57325,2026-07-04T05:05:41.034Z
9134,15735,59535,2026-07-04T05:05:41.075Z
9135,19908,93465,2026-07-04T05:05:41.115Z
9136,2114,74900,2026-07-04T05:05:41.155Z
9137,29877,95291,2026-07-04T05:05:41.193Z
9138,57506,60866,2026-07-04T05:05:41.232Z
9139,9322,57506,2026-07-04T05:05:41.271Z
9140,9322,60866,2026-07-04T05:05:41.310Z
9141,85587,88059,2026-07-04T05:05:41.350Z
9142,57512,83548,2026-07-04T05:05:41.480Z
9143,3737,57512,2026-07-04T05:05:41.520Z
9144,3737,83548,2026-07-04T05:05:41.561Z
9145,57514,61421,2026-07-04T05:05:41.601Z
9146,3734,57514,2026-07-04T05:05:41.641Z
9147,3734,61421,2026-07-04T05:05:41.683Z
9148,19282,59621,2026-07-04T05:05:41.722Z
9149,3733,57518,2026-07-04T05:05:41.760Z
9150,57518,60872,2026-07-04T05:05:41.798Z
9151,3733,60872,2026-07-04T05:05:41.836Z
9152,57521,60868,2026-07-04T05:05:41.875Z
9153,1784,57521,2026-07-04T05:05:42.003Z
9154,1784,60868,2026-07-04T05:05:42.043Z
9155,7919,57525,2026-07-04T05:05:42.082Z
9156,12258,59536,2026-07-04T05:05:42.121Z
9157,1333,57529,2026-07-04T05:05:42.160Z
9158,7923,57530,2026-07-04T05:05:42.200Z
9159,62725,94988,2026-07-04T05:05:42.238Z
9160,5832,69169,2026-07-04T05:05:42.278Z
9161,33256,67040,2026-07-04T05:05:42.318Z
9162,1528,85275,2026-07-04T05:05:42.357Z
9163,8711,90956,2026-07-04T05:05:42.395Z
9164,3534,85425,2026-07-04T05:05:42.523Z
9165,6378,14847,2026-07-04T05:05:42.563Z
9166,31139,75251,2026-07-04T05:05:42.603Z
9167,57591,90114,2026-07-04T05:05:42.641Z
9168,57596,90880,2026-07-04T05:05:42.680Z
9169,57597,90259,2026-07-04T05:05:42.720Z
9170,57600,90899,2026-07-04T05:05:42.762Z
9171,57602,90603,2026-07-04T05:05:42.801Z
9172,57603,90092,2026-07-04T05:05:42.840Z
9173,57606,90903,2026-07-04T05:05:42.881Z
9174,57607,90343,2026-07-04T05:05:42.919Z
9175,57608,90265,2026-07-04T05:05:43.050Z
9176,11190,88267,2026-07-04T05:05:43.087Z
9177,57610,90450,2026-07-04T05:05:43.126Z
9178,4789,31008,2026-07-04T05:05:43.165Z
9179,57613,90906,2026-07-04T05:05:43.203Z
9180,83360,96320,2026-07-04T05:05:43.243Z
9181,29699,57628,2026-07-04T05:05:43.281Z
9182,7539,57629,2026-07-04T05:05:43.319Z
9183,439,85356,2026-07-04T05:05:43.357Z
9184,58096,85481,2026-07-04T05:05:43.395Z
9185,8107,87899,2026-07-04T05:05:43.433Z
9186,24465,61743,2026-07-04T05:05:43.472Z
9187,34193,94612,2026-07-04T05:05:43.576Z
9188,61943,89084,2026-07-04T05:05:43.615Z
9189,8642,56871,2026-07-04T05:05:43.653Z
9190,5932,88543,2026-07-04T05:05:43.692Z
9191,5822,38056,2026-07-04T05:05:43.731Z
9192,34136,77652,2026-07-04T05:05:43.770Z
9193,39056,47636,2026-07-04T05:05:43.808Z
9194,58701,86737,2026-07-04T05:05:43.846Z
9195,36318,73229,2026-07-04T05:05:43.884Z
9196,45523,68275,2026-07-04T05:05:43.923Z
9197,71349,75496,2026-07-04T05:05:43.962Z
9198,57747,61580,2026-07-04T05:05:44.002Z
9199,2241,61580,2026-07-04T05:05:44.100Z
9200,383,61526,2026-07-04T05:05:44.139Z
9201,81365,81385,2026-07-04T05:05:44.178Z
9202,41862,76231,2026-07-04T05:05:44.217Z
9203,84857,84858,2026-07-04T05:05:44.255Z
9204,24742,93995,2026-07-04T05:05:44.297Z
9205,3604,85228,2026-07-04T05:05:44.338Z
9206,1656,84714,2026-07-04T05:05:44.378Z
9207,63968,88253,2026-07-04T05:05:44.416Z
9208,57609,90351,2026-07-04T05:05:44.457Z
9209,57858,61849,2026-07-04T05:05:44.495Z
9210,421,57858,2026-07-04T05:05:44.625Z
9211,421,61849,2026-07-04T05:05:44.663Z
9212,57860,61654,2026-07-04T05:05:44.703Z
9213,9009,57860,2026-07-04T05:05:44.742Z
9214,9009,61654,2026-07-04T05:05:44.781Z
9215,3568,57864,2026-07-04T05:05:44.819Z
9216,9155,57875,2026-07-04T05:05:44.858Z
9217,25549,66302,2026-07-04T05:05:44.898Z
9218,48068,71368,2026-07-04T05:05:44.937Z
9219,34590,50277,2026-07-04T05:05:44.976Z
9220,61608,61609,2026-07-04T05:05:45.015Z
9221,41860,76229,2026-07-04T05:05:45.146Z
9222,57941,92940,2026-07-04T05:05:45.187Z
9223,61632,62575,2026-07-04T05:05:45.228Z
9224,57978,84747,2026-07-04T05:05:45.271Z
9225,42152,87263,2026-07-04T05:05:45.310Z
9226,58019,84545,2026-07-04T05:05:45.348Z
9227,58093,61856,2026-07-04T05:05:45.386Z
9228,387,58093,2026-07-04T05:05:45.426Z
9229,387,61856,2026-07-04T05:05:45.464Z
9230,36538,73216,2026-07-04T05:05:45.503Z
9231,58247,87421,2026-07-04T05:05:45.543Z
9232,58248,87425,2026-07-04T05:05:45.673Z
9233,58249,87427,2026-07-04T05:05:45.713Z
9234,3569,85423,2026-07-04T05:05:45.753Z
9235,39154,85870,2026-07-04T05:05:45.793Z
9236,7321,58295,2026-07-04T05:05:45.833Z
9237,14648,86296,2026-07-04T05:05:45.873Z
9238,4110,91485,2026-07-04T05:05:45.913Z
9239,15086,85146,2026-07-04T05:05:45.953Z
9240,63967,66222,2026-07-04T05:05:45.994Z
9241,62117,76843,2026-07-04T05:05:46.034Z
9242,12607,74658,2026-07-04T05:05:46.073Z
9243,58404,95470,2026-07-04T05:05:46.196Z
9244,21081,58407,2026-07-04T05:05:46.236Z
9245,1077,93227,2026-07-04T05:05:46.276Z
9246,31560,85485,2026-07-04T05:05:46.316Z
9247,70487,90650,2026-07-04T05:05:46.356Z
9248,58464,95344,2026-07-04T05:05:46.396Z
9249,1492,85155,2026-07-04T05:05:46.436Z
9250,67145,82958,2026-07-04T05:05:46.475Z
9251,58510,90761,2026-07-04T05:05:46.513Z
9252,58511,90774,2026-07-04T05:05:46.551Z
9253,11234,90885,2026-07-04T05:05:46.589Z
9254,58850,90885,2026-07-04T05:05:46.719Z
9255,58523,90302,2026-07-04T05:05:46.758Z
9256,58529,90412,2026-07-04T05:05:46.798Z
9257,58539,90778,2026-07-04T05:05:46.838Z
9258,58541,90271,2026-07-04T05:05:46.876Z
9259,58543,90303,2026-07-04T05:05:46.913Z
9260,58545,70352,2026-07-04T05:05:46.953Z
9261,61371,66554,2026-07-04T05:05:46.992Z
9262,58556,89526,2026-07-04T05:05:47.032Z
9263,58568,87485,2026-07-04T05:05:47.071Z
9264,15069,85471,2026-07-04T05:05:47.111Z
9265,58569,65812,2026-07-04T05:05:47.150Z
9266,58576,65460,2026-07-04T05:05:47.245Z
9267,1039,58576,2026-07-04T05:05:47.285Z
9268,1039,65460,2026-07-04T05:05:47.325Z
9269,6583,58581,2026-07-04T05:05:47.365Z
9270,4805,58607,2026-07-04T05:05:47.405Z
9271,58619,90812,2026-07-04T05:05:47.444Z
9272,1703,84678,2026-07-04T05:05:47.483Z
9273,3424,84187,2026-07-04T05:05:47.523Z
9274,34072,85434,2026-07-04T05:05:47.563Z
9275,58645,87541,2026-07-04T05:05:47.608Z
9276,58649,87570,2026-07-04T05:05:47.646Z
9277,7195,87067,2026-07-04T05:05:47.770Z
9278,39257,95409,2026-07-04T05:05:47.810Z
9279,58661,60980,2026-07-04T05:05:47.850Z
9280,58665,96573,2026-07-04T05:05:47.889Z
9281,61998,67691,2026-07-04T05:05:47.928Z
9282,11475,66440,2026-07-04T05:05:47.968Z
9283,1241,91001,2026-07-04T05:05:48.007Z
9284,58896,91001,2026-07-04T05:05:48.047Z
9285,58739,70644,2026-07-04T05:05:48.086Z
9286,58745,71365,2026-07-04T05:05:48.125Z
9287,58747,91748,2026-07-04T05:05:48.163Z
9288,1677,84526,2026-07-04T05:05:48.292Z
9289,58757,90965,2026-07-04T05:05:48.331Z
9290,11257,90965,2026-07-04T05:05:48.368Z
9291,9395,60085,2026-07-04T05:05:48.408Z
9292,58762,90970,2026-07-04T05:05:48.448Z
9293,4023,90970,2026-07-04T05:05:48.488Z
9294,9356,60565,2026-07-04T05:05:48.528Z
9295,58773,90981,2026-07-04T05:05:48.568Z
9296,11259,90981,2026-07-04T05:05:48.608Z
9297,58780,90989,2026-07-04T05:05:48.647Z
9298,1231,90989,2026-07-04T05:05:48.687Z
9299,58795,90681,2026-07-04T05:05:48.816Z
9300,1248,90681,2026-07-04T05:05:48.854Z
9301,58797,90682,2026-07-04T05:05:48.893Z
9302,1250,90682,2026-07-04T05:05:48.933Z
9303,58801,90684,2026-07-04T05:05:48.973Z
9304,1251,90684,2026-07-04T05:05:49.011Z
9305,58806,90687,2026-07-04T05:05:49.050Z
9306,3975,90687,2026-07-04T05:05:49.088Z
9307,58812,90398,2026-07-04T05:05:49.125Z
9308,1235,90398,2026-07-04T05:05:49.163Z
9309,41894,93788,2026-07-04T05:05:49.201Z
9310,58818,90697,2026-07-04T05:05:49.241Z
9311,1239,90697,2026-07-04T05:05:49.346Z
9312,58824,90677,2026-07-04T05:05:49.385Z
9313,2660,92722,2026-07-04T05:05:49.424Z
9314,58834,90909,2026-07-04T05:05:49.463Z
9315,4040,90909,2026-07-04T05:05:49.503Z
9316,58836,90703,2026-07-04T05:05:49.543Z
9317,1254,90703,2026-07-04T05:05:49.582Z
9318,58837,90842,2026-07-04T05:05:49.620Z
9319,11296,90842,2026-07-04T05:05:49.661Z
9320,92985,95984,2026-07-04T05:05:49.701Z
9321,58838,90705,2026-07-04T05:05:49.740Z
9322,1261,90705,2026-07-04T05:05:49.871Z
9323,58841,90886,2026-07-04T05:05:49.910Z
9324,3977,90886,2026-07-04T05:05:49.948Z
9325,58845,90702,2026-07-04T05:05:49.987Z
9326,1262,90702,2026-07-04T05:05:50.028Z
9327,58846,90704,2026-07-04T05:05:50.066Z
9328,3978,90704,2026-07-04T05:05:50.106Z
9329,58847,90841,2026-07-04T05:05:50.145Z
9330,4006,90841,2026-07-04T05:05:50.185Z
9331,58848,90706,2026-07-04T05:05:50.225Z
9332,11265,90706,2026-07-04T05:05:50.265Z
9333,58853,91019,2026-07-04T05:05:50.390Z
9334,88537,91542,2026-07-04T05:05:50.430Z
9335,3571,85183,2026-07-04T05:05:50.469Z
9336,60237,60296,2026-07-04T05:05:50.508Z
9337,51723,60296,2026-07-04T05:05:50.548Z
9338,51723,60237,2026-07-04T05:05:50.590Z
9339,58882,91016,2026-07-04T05:05:50.630Z
9340,1244,91016,2026-07-04T05:05:50.670Z
9341,58885,90994,2026-07-04T05:05:50.708Z
9342,8472,90994,2026-07-04T05:05:50.748Z
9343,8488,91012,2026-07-04T05:05:50.787Z
9344,58904,91012,2026-07-04T05:05:50.916Z
9345,58891,91009,2026-07-04T05:05:50.955Z
9346,4003,91009,2026-07-04T05:05:50.994Z
9347,65795,85715,2026-07-04T05:05:51.033Z
9348,58892,90999,2026-07-04T05:05:51.073Z
9349,1233,90999,2026-07-04T05:05:51.113Z
9350,70674,85629,2026-07-04T05:05:51.151Z
9351,58897,91011,2026-07-04T05:05:51.190Z
9352,1242,91011,2026-07-04T05:05:51.230Z
9353,58901,91007,2026-07-04T05:05:51.270Z
9354,11271,91007,2026-07-04T05:05:51.310Z
9355,58902,91003,2026-07-04T05:05:51.440Z
9356,4010,91003,2026-07-04T05:05:51.481Z
9357,58905,91005,2026-07-04T05:05:51.520Z
9358,4001,91005,2026-07-04T05:05:51.558Z
9359,58906,91006,2026-07-04T05:05:51.598Z
9360,4002,91006,2026-07-04T05:05:51.635Z
9361,89754,95706,2026-07-04T05:05:51.675Z
9362,58907,91014,2026-07-04T05:05:51.715Z
9363,4035,91014,2026-07-04T05:05:51.754Z
9364,58908,91015,2026-07-04T05:05:51.794Z
9365,1243,91015,2026-07-04T05:05:51.833Z
9366,4015,58909,2026-07-04T05:05:51.962Z
9367,58914,90710,2026-07-04T05:05:52.000Z
9368,1295,90710,2026-07-04T05:05:52.039Z
9369,58915,90711,2026-07-04T05:05:52.077Z
9370,1293,90711,2026-07-04T05:05:52.118Z
9371,80460,80462,2026-07-04T05:05:52.157Z
9372,62512,69202,2026-07-04T05:05:52.198Z
9373,89614,89618,2026-07-04T05:05:52.238Z
9374,58950,90618,2026-07-04T05:05:52.278Z
9375,1257,90618,2026-07-04T05:05:52.318Z
9376,58951,90619,2026-07-04T05:05:52.358Z
9377,1259,90619,2026-07-04T05:05:52.487Z
9378,58952,90519,2026-07-04T05:05:52.528Z
9379,34308,90519,2026-07-04T05:05:52.568Z
9380,58953,90647,2026-07-04T05:05:52.609Z
9381,4033,90647,2026-07-04T05:05:52.646Z
9382,58987,66562,2026-07-04T05:05:52.685Z
9383,22156,58988,2026-07-04T05:05:52.723Z
9384,58986,58989,2026-07-04T05:05:52.763Z
9385,1764,59008,2026-07-04T05:05:52.802Z
9386,66982,90629,2026-07-04T05:05:52.842Z
9387,13573,66982,2026-07-04T05:05:52.881Z
9388,13573,90629,2026-07-04T05:05:53.013Z
9389,31735,61451,2026-07-04T05:05:53.052Z
9390,31321,59057,2026-07-04T05:05:53.093Z
9391,8896,59089,2026-07-04T05:05:53.133Z
9392,35930,59150,2026-07-04T05:05:53.173Z
9393,8606,75746,2026-07-04T05:05:53.212Z
9394,3827,67630,2026-07-04T05:05:53.253Z
9395,1376,59242,2026-07-04T05:05:53.293Z
9396,67942,67994,2026-07-04T05:05:53.333Z
9397,1557,84680,2026-07-04T05:05:53.372Z
9398,34088,96662,2026-07-04T05:05:53.413Z
9399,85654,87901,2026-07-04T05:05:53.541Z
9400,397,61774,2026-07-04T05:05:53.581Z
9401,85583,93452,2026-07-04T05:05:53.620Z
9402,1495,85309,2026-07-04T05:05:53.659Z
9403,62090,95587,2026-07-04T05:05:53.698Z
9404,62071,95556,2026-07-04T05:05:53.736Z
9405,68313,85663,2026-07-04T05:05:53.775Z
9406,26607,63618,2026-07-04T05:05:53.815Z
9407,12333,59683,2026-07-04T05:05:53.855Z
9408,45200,59771,2026-07-04T05:05:53.892Z
9409,34053,82701,2026-07-04T05:05:53.930Z
9410,13850,59954,2026-07-04T05:05:54.060Z
9411,4435,61266,2026-07-04T05:05:54.098Z
9412,37382,60019,2026-07-04T05:05:54.139Z
9413,9279,60076,2026-07-04T05:05:54.179Z
9414,19347,60082,2026-07-04T05:05:54.218Z
9415,37340,60092,2026-07-04T05:05:54.257Z
9416,31753,60092,2026-07-04T05:05:54.298Z
9417,31753,37340,2026-07-04T05:05:54.337Z
9418,37396,60093,2026-07-04T05:05:54.378Z
9419,31754,60093,2026-07-04T05:05:54.418Z
9420,31754,37396,2026-07-04T05:05:54.458Z
9421,37397,60099,2026-07-04T05:05:54.588Z
9422,31803,60099,2026-07-04T05:05:54.628Z
9423,31803,37397,2026-07-04T05:05:54.667Z
9424,37380,60136,2026-07-04T05:05:54.705Z
9425,37348,60137,2026-07-04T05:05:54.745Z
9426,63845,63859,2026-07-04T05:05:54.783Z
9427,29828,67313,2026-07-04T05:05:54.824Z
9428,29251,71962,2026-07-04T05:05:54.864Z
9429,74738,83258,2026-07-04T05:05:54.903Z
9430,5263,63479,2026-07-04T05:05:54.943Z
9431,45195,60267,2026-07-04T05:05:54.982Z
9432,16339,60301,2026-07-04T05:05:55.110Z
9433,51711,60304,2026-07-04T05:05:55.152Z
9434,31775,60467,2026-07-04T05:05:55.190Z
9435,9287,60526,2026-07-04T05:05:55.230Z
9436,31738,60534,2026-07-04T05:05:55.271Z
9437,9378,60535,2026-07-04T05:05:55.311Z
9438,9336,60553,2026-07-04T05:05:55.353Z
9439,31780,60562,2026-07-04T05:05:55.393Z
9440,62212,91268,2026-07-04T05:05:55.432Z
9441,1989,64108,2026-07-04T05:05:55.473Z
9442,2588,60635,2026-07-04T05:05:55.511Z
9443,60637,68912,2026-07-04T05:05:55.635Z
9444,62150,76182,2026-07-04T05:05:55.675Z
9445,13511,87666,2026-07-04T05:05:55.714Z
9446,14295,67262,2026-07-04T05:05:55.752Z
9447,61606,84840,2026-07-04T05:05:55.790Z
9448,12673,61100,2026-07-04T05:05:55.830Z
9449,12686,61109,2026-07-04T05:05:55.869Z
9450,62009,89846,2026-07-04T05:05:55.909Z
9451,9160,85147,2026-07-04T05:05:55.947Z
9452,13688,71782,2026-07-04T05:05:55.987Z
9453,15878,61324,2026-07-04T05:05:56.026Z
9454,61622,71040,2026-07-04T05:05:56.160Z
9455,79158,84089,2026-07-04T05:05:56.198Z
9456,4032,61368,2026-07-04T05:05:56.237Z
9457,61389,84170,2026-07-04T05:05:56.278Z
9458,61879,88358,2026-07-04T05:05:56.317Z
9459,64884,85615,2026-07-04T05:05:56.356Z
9460,9318,61453,2026-07-04T05:05:56.395Z
9461,19382,61498,2026-07-04T05:05:56.432Z
9462,31508,61522,2026-07-04T05:05:56.473Z
9463,39884,61544,2026-07-04T05:05:56.510Z
9464,3701,61544,2026-07-04T05:05:56.548Z
9465,3701,39884,2026-07-04T05:05:56.587Z
9466,59736,59738,2026-07-04T05:05:56.689Z
9467,14201,66230,2026-07-04T05:05:56.728Z
9468,2417,61664,2026-07-04T05:05:56.767Z
9469,1646,86774,2026-07-04T05:05:56.805Z
9470,62156,72337,2026-07-04T05:05:56.843Z
9471,3516,61769,2026-07-04T05:05:56.883Z
9472,3563,61781,2026-07-04T05:05:56.923Z
9473,9071,61783,2026-07-04T05:05:56.963Z
9474,16065,61107,2026-07-04T05:05:57.001Z
9475,4106,61792,2026-07-04T05:05:57.040Z
9476,3602,61845,2026-07-04T05:05:57.080Z
9477,3575,61846,2026-07-04T05:05:57.208Z
9478,31521,61880,2026-07-04T05:05:57.248Z
9479,62053,93349,2026-07-04T05:05:57.286Z
9480,62054,88120,2026-07-04T05:05:57.323Z
9481,12749,59456,2026-07-04T05:05:57.361Z
9482,62106,87182,2026-07-04T05:05:57.401Z
9483,62116,76841,2026-07-04T05:05:57.441Z
9484,62130,76147,2026-07-04T05:05:57.480Z
9485,62184,86407,2026-07-04T05:05:57.519Z
9486,62197,72389,2026-07-04T05:05:57.558Z
9487,62210,73065,2026-07-04T05:05:57.598Z
9488,39472,90357,2026-07-04T05:05:57.636Z
9489,62304,73381,2026-07-04T05:05:57.734Z
9490,36904,71007,2026-07-04T05:05:57.773Z
9491,57576,90379,2026-07-04T05:05:57.814Z
9492,62439,95475,2026-07-04T05:05:57.852Z
9493,62224,91891,2026-07-04T05:05:57.891Z
9494,7485,71963,2026-07-04T05:05:57.928Z
9495,9335,60537,2026-07-04T05:05:57.967Z
9496,9083,85301,2026-07-04T05:05:58.007Z
9497,19559,61853,2026-07-04T05:05:58.046Z
9498,60320,83515,2026-07-04T05:05:58.085Z
9499,59680,59688,2026-07-04T05:05:58.125Z
9500,19552,61877,2026-07-04T05:05:58.258Z
9501,62825,93279,2026-07-04T05:05:58.298Z
9502,62068,95526,2026-07-04T05:05:58.338Z
9503,62941,86341,2026-07-04T05:05:58.378Z
9504,2514,88785,2026-07-04T05:05:58.418Z
9505,4210,59574,2026-07-04T05:05:58.458Z
9506,48936,71547,2026-07-04T05:05:58.497Z
9507,8789,51760,2026-07-04T05:05:58.537Z
9508,3397,63299,2026-07-04T05:05:58.578Z
9509,26580,63477,2026-07-04T05:05:58.618Z
9510,31731,55588,2026-07-04T05:05:58.658Z
9511,20453,63532,2026-07-04T05:05:58.779Z
9512,24873,63558,2026-07-04T05:05:58.818Z
9513,5292,63564,2026-07-04T05:05:58.855Z
9514,5291,63567,2026-07-04T05:05:58.893Z
9515,4910,63579,2026-07-04T05:05:58.933Z
9516,20378,63582,2026-07-04T05:05:58.971Z
9517,63706,88315,2026-07-04T05:05:59.010Z
9518,62300,63081,2026-07-04T05:05:59.050Z
9519,15198,60531,2026-07-04T05:05:59.093Z
9520,22951,44306,2026-07-04T05:05:59.132Z
9521,5424,63853,2026-07-04T05:05:59.171Z
9522,25795,63268,2026-07-04T05:05:59.301Z
9523,63969,66138,2026-07-04T05:05:59.340Z
9524,3672,85295,2026-07-04T05:05:59.380Z
9525,5421,64091,2026-07-04T05:05:59.420Z
9526,61114,64384,2026-07-04T05:05:59.458Z
9527,2137,74898,2026-07-04T05:05:59.497Z
9528,4219,61066,2026-07-04T05:05:59.535Z
9529,64486,92020,2026-07-04T05:05:59.574Z
9530,9329,37401,2026-07-04T05:05:59.613Z
9531,9329,60151,2026-07-04T05:05:59.654Z
9532,37401,60151,2026-07-04T05:05:59.692Z
9533,1700,84679,2026-07-04T05:05:59.730Z
9534,5269,63482,2026-07-04T05:05:59.830Z
9535,62126,64581,2026-07-04T05:05:59.869Z
9536,62127,64583,2026-07-04T05:05:59.907Z
9537,47255,74142,2026-07-04T05:05:59.948Z
9538,19369,84268,2026-07-04T05:05:59.987Z
9539,64744,64877,2026-07-04T05:06:00.024Z
9540,64743,64876,2026-07-04T05:06:00.062Z
9541,12397,59149,2026-07-04T05:06:00.101Z
9542,64747,64900,2026-07-04T05:06:00.140Z
9543,64748,64901,2026-07-04T05:06:00.180Z
9544,5477,63990,2026-07-04T05:06:00.220Z
9545,17486,88726,2026-07-04T05:06:00.351Z
9546,26829,63991,2026-07-04T05:06:00.391Z
9547,8103,65070,2026-07-04T05:06:00.429Z
9548,15097,84770,2026-07-04T05:06:00.467Z
9549,15082,85240,2026-07-04T05:06:00.507Z
9550,21384,88714,2026-07-04T05:06:00.546Z
9551,4723,65356,2026-07-04T05:06:00.585Z
9552,834,65370,2026-07-04T05:06:00.623Z
9553,65389,89133,2026-07-04T05:06:00.662Z
9554,62098,65395,2026-07-04T05:06:00.701Z
9555,28957,63996,2026-07-04T05:06:00.738Z
9556,61995,79608,2026-07-04T05:06:00.778Z
9557,66044,86977,2026-07-04T05:06:00.879Z
9558,66078,95928,2026-07-04T05:06:00.917Z
9559,19328,59576,2026-07-04T05:06:00.958Z
9560,19326,59578,2026-07-04T05:06:00.998Z
9561,51151,87178,2026-07-04T05:06:01.038Z
9562,349,96533,2026-07-04T05:06:01.078Z
9563,22209,58235,2026-07-04T05:06:01.117Z
9564,2884,70654,2026-07-04T05:06:01.156Z
9565,27276,66571,2026-07-04T05:06:01.194Z
9566,24810,63237,2026-07-04T05:06:01.234Z
9567,3452,40988,2026-07-04T05:06:01.274Z
9568,1490,85359,2026-07-04T05:06:01.403Z
9569,39114,71122,2026-07-04T05:06:01.446Z
9570,10461,81709,2026-07-04T05:06:01.483Z
9571,94177,94189,2026-07-04T05:06:01.522Z
9572,17461,67092,2026-07-04T05:06:01.561Z
9573,67144,68364,2026-07-04T05:06:01.601Z
9574,8092,67315,2026-07-04T05:06:01.640Z
9575,29829,67317,2026-07-04T05:06:01.681Z
9576,67343,88773,2026-07-04T05:06:01.721Z
9577,449,67404,2026-07-04T05:06:01.760Z
9578,67509,67510,2026-07-04T05:06:01.799Z
9579,67510,84051,2026-07-04T05:06:01.930Z
9580,8527,67510,2026-07-04T05:06:01.968Z
9581,67509,84051,2026-07-04T05:06:02.009Z
9582,8527,67509,2026-07-04T05:06:02.051Z
9583,8527,84051,2026-07-04T05:06:02.091Z
9584,45183,60262,2026-07-04T05:06:02.128Z
9585,67672,84156,2026-07-04T05:06:02.166Z
9586,62007,80776,2026-07-04T05:06:02.206Z
9587,67694,85664,2026-07-04T05:06:02.248Z
9588,56797,67804,2026-07-04T05:06:02.287Z
9589,19283,59619,2026-07-04T05:06:02.328Z
9590,67941,83503,2026-07-04T05:06:02.451Z
9591,62206,68240,2026-07-04T05:06:02.489Z
9592,68278,85669,2026-07-04T05:06:02.527Z
9593,68322,89232,2026-07-04T05:06:02.565Z
9594,10891,68372,2026-07-04T05:06:02.605Z
9595,48292,69225,2026-07-04T05:06:02.643Z
9596,1572,85259,2026-07-04T05:06:02.681Z
9597,68505,77514,2026-07-04T05:06:02.719Z
9598,68506,75659,2026-07-04T05:06:02.757Z
9599,28476,74088,2026-07-04T05:06:02.796Z
9600,62144,80532,2026-07-04T05:06:02.833Z
9601,68580,72791,2026-07-04T05:06:02.871Z
9602,68584,69367,2026-07-04T05:06:02.975Z
9603,68585,69368,2026-07-04T05:06:03.015Z
9604,68621,77800,2026-07-04T05:06:03.053Z
9605,56803,68623,2026-07-04T05:06:03.093Z
9606,28619,77601,2026-07-04T05:06:03.131Z
9607,43925,63179,2026-07-04T05:06:03.169Z
9608,28803,64057,2026-07-04T05:06:03.207Z
9609,60211,62148,2026-07-04T05:06:03.245Z
9610,2212,44170,2026-07-04T05:06:03.283Z
9611,34368,54012,2026-07-04T05:06:03.323Z
9612,68913,80278,2026-07-04T05:06:03.362Z
9613,68919,69221,2026-07-04T05:06:03.401Z
9614,29114,44304,2026-07-04T05:06:03.498Z
9615,3502,85430,2026-07-04T05:06:03.537Z
9616,13907,69040,2026-07-04T05:06:03.576Z
9617,62097,69051,2026-07-04T05:06:03.615Z
9618,41256,75905,2026-07-04T05:06:03.655Z
9619,8814,75905,2026-07-04T05:06:03.695Z
9620,29371,44305,2026-07-04T05:06:03.735Z
9621,15214,60075,2026-07-04T05:06:03.774Z
9622,62509,69227,2026-07-04T05:06:03.813Z
9623,12255,61287,2026-07-04T05:06:03.852Z
9624,3401,61377,2026-07-04T05:06:03.890Z
9625,67571,69298,2026-07-04T05:06:04.020Z
9626,58659,90724,2026-07-04T05:06:04.060Z
9627,69351,76893,2026-07-04T05:06:04.099Z
9628,24792,62546,2026-07-04T05:06:04.139Z
9629,36198,59532,2026-07-04T05:06:04.178Z
9630,36069,61641,2026-07-04T05:06:04.217Z
9631,61678,62180,2026-07-04T05:06:04.257Z
9632,24464,61737,2026-07-04T05:06:04.298Z
9633,19532,61777,2026-07-04T05:06:04.337Z
9634,515,61785,2026-07-04T05:06:04.378Z
9635,3564,61787,2026-07-04T05:06:04.417Z
9636,62201,62202,2026-07-04T05:06:04.544Z
9637,61825,78882,2026-07-04T05:06:04.583Z
9638,9050,61836,2026-07-04T05:06:04.621Z
9639,423,61837,2026-07-04T05:06:04.660Z
9640,417,61863,2026-07-04T05:06:04.701Z
9641,3562,61869,2026-07-04T05:06:04.739Z
9642,430,61875,2026-07-04T05:06:04.776Z
9643,61891,85602,2026-07-04T05:06:04.816Z
9644,39819,61922,2026-07-04T05:06:04.857Z
9645,51721,60294,2026-07-04T05:06:04.895Z
9646,29827,88725,2026-07-04T05:06:04.933Z
9647,66771,89305,2026-07-04T05:06:04.973Z
9648,61977,78368,2026-07-04T05:06:05.073Z
9649,23949,75151,2026-07-04T05:06:05.113Z
9650,7341,41500,2026-07-04T05:06:05.153Z
9651,4722,65355,2026-07-04T05:06:05.191Z
9652,48311,83492,2026-07-04T05:06:05.231Z
9653,70229,75898,2026-07-04T05:06:05.271Z
9654,57541,90252,2026-07-04T05:06:05.311Z
9655,5846,70771,2026-07-04T05:06:05.350Z
9656,34030,92690,2026-07-04T05:06:05.391Z
9657,13092,57225,2026-07-04T05:06:05.430Z
9658,57540,90281,2026-07-04T05:06:05.468Z
9659,16626,84502,2026-07-04T05:06:05.598Z
9660,1512,84580,2026-07-04T05:06:05.636Z
9661,41844,63487,2026-07-04T05:06:05.673Z
9662,29605,81450,2026-07-04T05:06:05.713Z
9663,70557,85833,2026-07-04T05:06:05.750Z
9664,15057,85447,2026-07-04T05:06:05.788Z
9665,70593,96652,2026-07-04T05:06:05.827Z
9666,9010,61840,2026-07-04T05:06:05.869Z
9667,8880,85987,2026-07-04T05:06:05.907Z
9668,70645,85626,2026-07-04T05:06:05.947Z
9669,70670,85627,2026-07-04T05:06:05.988Z
9670,23515,63838,2026-07-04T05:06:06.118Z
9671,25227,63988,2026-07-04T05:06:06.157Z
9672,70765,75612,2026-07-04T05:06:06.195Z
9673,26808,63842,2026-07-04T05:06:06.233Z
9674,13775,66980,2026-07-04T05:06:06.273Z
9675,2053,63844,2026-07-04T05:06:06.313Z
9676,29225,70904,2026-07-04T05:06:06.351Z
9677,11158,85023,2026-07-04T05:06:06.391Z
9678,57625,71105,2026-07-04T05:06:06.429Z
9679,7978,71105,2026-07-04T05:06:06.467Z
9680,7978,57625,2026-07-04T05:06:06.505Z
9681,33201,80593,2026-07-04T05:06:06.542Z
9682,34187,61647,2026-07-04T05:06:06.646Z
9683,71253,90220,2026-07-04T05:06:06.685Z
9684,26828,63987,2026-07-04T05:06:06.723Z
9685,19758,73957,2026-07-04T05:06:06.761Z
9686,28334,71291,2026-07-04T05:06:06.801Z
9687,36153,74289,2026-07-04T05:06:06.840Z
9688,12679,61045,2026-07-04T05:06:06.880Z
9689,71450,90408,2026-07-04T05:06:06.920Z
9690,30098,70272,2026-07-04T05:06:06.960Z
9691,225,91491,2026-07-04T05:06:07.000Z
9692,31809,60558,2026-07-04T05:06:07.040Z
9693,14207,71836,2026-07-04T05:06:07.171Z
9694,71855,90084,2026-07-04T05:06:07.210Z
9695,77265,84419,2026-07-04T05:06:07.251Z
9696,62159,72243,2026-07-04T05:06:07.290Z
9697,48004,72253,2026-07-04T05:06:07.328Z
9698,7390,72279,2026-07-04T05:06:07.366Z
9699,72299,85636,2026-07-04T05:06:07.405Z
9700,72301,85635,2026-07-04T05:06:07.444Z
9701,72313,85677,2026-07-04T05:06:07.482Z
9702,72314,85678,2026-07-04T05:06:07.520Z
9703,61996,89364,2026-07-04T05:06:07.557Z
9704,72623,91294,2026-07-04T05:06:07.598Z
9705,694,63524,2026-07-04T05:06:07.695Z
9706,37355,60026,2026-07-04T05:06:07.735Z
9707,66630,75530,2026-07-04T05:06:07.774Z
9708,8514,71138,2026-07-04T05:06:07.813Z
9709,59643,96660,2026-07-04T05:06:07.853Z
9710,28944,58406,2026-07-04T05:06:07.893Z
9711,4072,65654,2026-07-04T05:06:07.932Z
9712,73257,83568,2026-07-04T05:06:07.971Z
9713,66984,90630,2026-07-04T05:06:08.010Z
9714,21892,66984,2026-07-04T05:06:08.050Z
9715,21892,90630,2026-07-04T05:06:08.089Z
9716,29293,66985,2026-07-04T05:06:08.218Z
9717,6233,67225,2026-07-04T05:06:08.258Z
9718,67159,67247,2026-07-04T05:06:08.297Z
9719,61983,73349,2026-07-04T05:06:08.337Z
9720,67712,67725,2026-07-04T05:06:08.378Z
9721,623,69007,2026-07-04T05:06:08.417Z
9722,3450,69008,2026-07-04T05:06:08.455Z
9723,22165,69045,2026-07-04T05:06:08.495Z
9724,62153,73991,2026-07-04T05:06:08.534Z
9725,69358,72788,2026-07-04T05:06:08.572Z
9726,62004,74090,2026-07-04T05:06:08.611Z
9727,39461,58562,2026-07-04T05:06:08.738Z
9728,9019,85475,2026-07-04T05:06:08.777Z
9729,12668,61087,2026-07-04T05:06:08.815Z
9730,58418,93539,2026-07-04T05:06:08.854Z
9731,77264,88126,2026-07-04T05:06:08.893Z
9732,62149,76180,2026-07-04T05:06:08.932Z
9733,78709,94963,2026-07-04T05:06:08.973Z
9734,587,74634,2026-07-04T05:06:09.011Z
9735,55784,74635,2026-07-04T05:06:09.049Z
9736,12999,74635,2026-07-04T05:06:09.088Z
9737,35003,74685,2026-07-04T05:06:09.126Z
9738,41876,79135,2026-07-04T05:06:09.164Z
9739,39294,79194,2026-07-04T05:06:09.266Z
9740,72762,79299,2026-07-04T05:06:09.308Z
9741,41604,75550,2026-07-04T05:06:09.349Z
9742,13665,75842,2026-07-04T05:06:09.388Z
9743,19544,61665,2026-07-04T05:06:09.430Z
9744,70226,75897,2026-07-04T05:06:09.468Z
9745,80665,95917,2026-07-04T05:06:09.506Z
9746,76015,85588,2026-07-04T05:06:09.546Z
9747,44261,95667,2026-07-04T05:06:09.586Z
9748,62179,76067,2026-07-04T05:06:09.625Z
9749,76087,85624,2026-07-04T05:06:09.665Z
9750,61985,76213,2026-07-04T05:06:09.791Z
9751,62142,76221,2026-07-04T05:06:09.830Z
9752,2217,76464,2026-07-04T05:06:09.870Z
9753,62781,62783,2026-07-04T05:06:09.908Z
9754,2026,86430,2026-07-04T05:06:09.948Z
9755,4408,82611,2026-07-04T05:06:09.986Z
9756,6788,82645,2026-07-04T05:06:10.025Z
9757,2117,92195,2026-07-04T05:06:10.065Z
9758,7354,76621,2026-07-04T05:06:10.102Z
9759,76747,76767,2026-07-04T05:06:10.140Z
9760,31785,45388,2026-07-04T05:06:10.178Z
9761,15249,45389,2026-07-04T05:06:10.217Z
9762,3146,45416,2026-07-04T05:06:10.318Z
9763,76831,76833,2026-07-04T05:06:10.357Z
9764,66941,76868,2026-07-04T05:06:10.395Z
9765,76875,77187,2026-07-04T05:06:10.433Z
9766,18569,76877,2026-07-04T05:06:10.470Z
9767,76902,76904,2026-07-04T05:06:10.510Z
9768,58244,63639,2026-07-04T05:06:10.550Z
9769,76924,93696,2026-07-04T05:06:10.589Z
9770,20062,71631,2026-07-04T05:06:10.628Z
9771,51193,94122,2026-07-04T05:06:10.667Z
9772,41742,80689,2026-07-04T05:06:10.705Z
9773,41021,65521,2026-07-04T05:06:10.743Z
9774,13770,94096,2026-07-04T05:06:10.841Z
9775,23363,54011,2026-07-04T05:06:10.882Z
9776,77194,77269,2026-07-04T05:06:10.923Z
9777,12621,77484,2026-07-04T05:06:10.963Z
9778,21438,33455,2026-07-04T05:06:11.003Z
9779,77619,85643,2026-07-04T05:06:11.045Z
9780,77699,84201,2026-07-04T05:06:11.084Z
9781,77708,92547,2026-07-04T05:06:11.125Z
9782,77721,77722,2026-07-04T05:06:11.164Z
9783,43428,64418,2026-07-04T05:06:11.207Z
9784,77791,77864,2026-07-04T05:06:11.246Z
9785,39160,85900,2026-07-04T05:06:11.368Z
9786,72026,72510,2026-07-04T05:06:11.408Z
9787,94247,94254,2026-07-04T05:06:11.448Z
9788,58148,83936,2026-07-04T05:06:11.495Z
9789,78234,85671,2026-07-04T05:06:11.535Z
9790,37852,79519,2026-07-04T05:06:11.575Z
9791,8742,42590,2026-07-04T05:06:11.614Z
9792,80261,80262,2026-07-04T05:06:11.655Z
9793,78395,83332,2026-07-04T05:06:11.701Z
9794,16444,78595,2026-07-04T05:06:11.740Z
9795,37813,79215,2026-07-04T05:06:11.780Z
9796,66188,84829,2026-07-04T05:06:11.888Z
9797,39111,84976,2026-07-04T05:06:11.926Z
9798,31515,61876,2026-07-04T05:06:11.964Z
9799,61964,93446,2026-07-04T05:06:12.005Z
9800,67043,69135,2026-07-04T05:06:12.045Z
9801,25959,72964,2026-07-04T05:06:12.086Z
9802,37851,79493,2026-07-04T05:06:12.125Z
9803,31557,85207,2026-07-04T05:06:12.165Z
9804,37840,79517,2026-07-04T05:06:12.205Z
9805,37848,79524,2026-07-04T05:06:12.246Z
9806,71729,72127,2026-07-04T05:06:12.285Z
9807,72294,85620,2026-07-04T05:06:12.410Z
9808,62152,72307,2026-07-04T05:06:12.449Z
9809,79792,85564,2026-07-04T05:06:12.486Z
9810,4713,72966,2026-07-04T05:06:12.525Z
9811,93221,93245,2026-07-04T05:06:12.566Z
9812,62026,74305,2026-07-04T05:06:12.605Z
9813,62027,87599,2026-07-04T05:06:12.643Z
9814,62110,93956,2026-07-04T05:06:12.683Z
9815,34253,54021,2026-07-04T05:06:12.723Z
9816,93224,93233,2026-07-04T05:06:12.762Z
9817,11433,43711,2026-07-04T05:06:12.799Z
9818,37384,60020,2026-07-04T05:06:12.838Z
9819,55940,77353,2026-07-04T05:06:12.937Z
9820,45212,59765,2026-07-04T05:06:12.975Z
9821,5986,76917,2026-07-04T05:06:13.016Z
9822,31117,77431,2026-07-04T05:06:13.053Z
9823,4659,37955,2026-07-04T05:06:13.093Z
9824,4659,90313,2026-07-04T05:06:13.133Z
9825,72443,91876,2026-07-04T05:06:13.173Z
9826,45185,60264,2026-07-04T05:06:13.212Z
9827,64946,73145,2026-07-04T05:06:13.250Z
9828,45184,60263,2026-07-04T05:06:13.288Z
9829,8423,72718,2026-07-04T05:06:13.328Z
9830,61588,89431,2026-07-04T05:06:13.458Z
9831,25732,59634,2026-07-04T05:06:13.496Z
9832,80273,85542,2026-07-04T05:06:13.536Z
9833,42324,60518,2026-07-04T05:06:13.575Z
9834,45399,68616,2026-07-04T05:06:13.614Z
9835,49330,86938,2026-07-04T05:06:13.652Z
9836,13605,49330,2026-07-04T05:06:13.691Z
9837,13605,86938,2026-07-04T05:06:13.730Z
9838,2908,58423,2026-07-04T05:06:13.768Z
9839,41277,93174,2026-07-04T05:06:13.808Z
9840,64737,64952,2026-07-04T05:06:13.846Z
9841,27387,65305,2026-07-04T05:06:13.884Z
9842,4493,63082,2026-07-04T05:06:13.987Z
9843,4478,80947,2026-07-04T05:06:14.028Z
9844,45028,60188,2026-07-04T05:06:14.068Z
9845,31798,45028,2026-07-04T05:06:14.108Z
9846,31798,60188,2026-07-04T05:06:14.146Z
9847,69294,81480,2026-07-04T05:06:14.186Z
9848,81237,95800,2026-07-04T05:06:14.225Z
9849,81238,95801,2026-07-04T05:06:14.263Z
9850,81300,81303,2026-07-04T05:06:14.303Z
9851,69295,81344,2026-07-04T05:06:14.341Z
9852,15206,60874,2026-07-04T05:06:14.378Z
9853,19368,60871,2026-07-04T05:06:14.508Z
9854,9341,60876,2026-07-04T05:06:14.547Z
9855,36038,60901,2026-07-04T05:06:14.587Z
9856,35023,87276,2026-07-04T05:06:14.626Z
9857,27362,36568,2026-07-04T05:06:14.666Z
9858,34259,49091,2026-07-04T05:06:14.703Z
9859,11490,81955,2026-07-04T05:06:14.741Z
9860,7330,53439,2026-07-04T05:06:14.780Z
9861,34123,94571,2026-07-04T05:06:14.819Z
9862,1338,58587,2026-07-04T05:06:14.860Z
9863,28816,75578,2026-07-04T05:06:14.898Z
9864,75675,84043,2026-07-04T05:06:14.936Z
9865,82709,85646,2026-07-04T05:06:15.035Z
9866,78025,83677,2026-07-04T05:06:15.075Z
9867,79044,83512,2026-07-04T05:06:15.114Z
9868,70913,86210,2026-07-04T05:06:15.151Z
9869,62087,94414,2026-07-04T05:06:15.189Z
9870,62107,87184,2026-07-04T05:06:15.228Z
9871,62108,87221,2026-07-04T05:06:15.267Z
9872,62160,89373,2026-07-04T05:06:15.305Z
9873,62161,78279,2026-07-04T05:06:15.345Z
9874,62178,87285,2026-07-04T05:06:15.386Z
9875,36039,59049,2026-07-04T05:06:15.424Z
9876,19291,59457,2026-07-04T05:06:15.463Z
9877,25733,59458,2026-07-04T05:06:15.561Z
9878,12752,59461,2026-07-04T05:06:15.603Z
9879,19265,59533,2026-07-04T05:06:15.642Z
9880,78381,83338,2026-07-04T05:06:15.680Z
9881,11430,51768,2026-07-04T05:06:15.718Z
9882,83362,96326,2026-07-04T05:06:15.761Z
9883,9118,83431,2026-07-04T05:06:15.801Z
9884,13774,66991,2026-07-04T05:06:15.839Z
9885,12965,63907,2026-07-04T05:06:15.876Z
9886,1779,63946,2026-07-04T05:06:15.915Z
9887,972,83484,2026-07-04T05:06:15.952Z
9888,64209,88469,2026-07-04T05:06:16.084Z
9889,20007,64336,2026-07-04T05:06:16.123Z
9890,96191,96192,2026-07-04T05:06:16.162Z
9891,7304,78504,2026-07-04T05:06:16.200Z
9892,8879,63190,2026-07-04T05:06:16.240Z
9893,9396,83545,2026-07-04T05:06:16.278Z
9894,3732,83547,2026-07-04T05:06:16.317Z
9895,7949,44334,2026-07-04T05:06:16.358Z
9896,83589,83591,2026-07-04T05:06:16.398Z
9897,83600,84157,2026-07-04T05:06:16.438Z
9898,83689,83720,2026-07-04T05:06:16.477Z
9899,13091,83697,2026-07-04T05:06:16.606Z
9900,4523,83700,2026-07-04T05:06:16.645Z
9901,83709,94336,2026-07-04T05:06:16.685Z
9902,5023,71065,2026-07-04T05:06:16.725Z
9903,63176,66798,2026-07-04T05:06:16.764Z
9904,43353,92967,2026-07-04T05:06:16.804Z
9905,27317,66885,2026-07-04T05:06:16.841Z
9906,5866,66923,2026-07-04T05:06:16.878Z
9907,8884,83826,2026-07-04T05:06:16.917Z
9908,83844,89510,2026-07-04T05:06:16.955Z
9909,9817,83858,2026-07-04T05:06:16.998Z
9910,8714,83877,2026-07-04T05:06:17.128Z
9911,83886,95760,2026-07-04T05:06:17.167Z
9912,1591,83908,2026-07-04T05:06:17.205Z
9913,1598,83913,2026-07-04T05:06:17.244Z
9914,4487,83929,2026-07-04T05:06:17.283Z
9915,1285,83937,2026-07-04T05:06:17.321Z
9916,3405,83939,2026-07-04T05:06:17.361Z
9917,640,84045,2026-07-04T05:06:17.400Z
9918,372,84080,2026-07-04T05:06:17.439Z
9919,1669,84088,2026-07-04T05:06:17.479Z
9920,83612,84090,2026-07-04T05:06:17.520Z
9921,4447,84118,2026-07-04T05:06:17.560Z
9922,4371,84128,2026-07-04T05:06:17.654Z
9923,66774,84136,2026-07-04T05:06:17.693Z
9924,20072,84160,2026-07-04T05:06:17.733Z
9925,4349,84180,2026-07-04T05:06:17.773Z
9926,36067,84230,2026-07-04T05:06:17.812Z
9927,84827,85025,2026-07-04T05:06:17.850Z
9928,642,84296,2026-07-04T05:06:17.888Z
9929,9079,84731,2026-07-04T05:06:17.926Z
9930,9129,84782,2026-07-04T05:06:17.965Z
9931,79050,84646,2026-07-04T05:06:18.006Z
9932,1554,84650,2026-07-04T05:06:18.044Z
9933,1470,84657,2026-07-04T05:06:18.083Z
9934,3697,84658,2026-07-04T05:06:18.181Z
9935,1717,84661,2026-07-04T05:06:18.223Z
9936,1706,84668,2026-07-04T05:06:18.264Z
9937,3661,84672,2026-07-04T05:06:18.303Z
9938,1708,84674,2026-07-04T05:06:18.343Z
9939,1547,84675,2026-07-04T05:06:18.380Z
9940,1563,84692,2026-07-04T05:06:18.420Z
9941,3591,84695,2026-07-04T05:06:18.513Z
9942,3680,84701,2026-07-04T05:06:18.551Z
9943,1504,84703,2026-07-04T05:06:18.588Z
9944,9084,84712,2026-07-04T05:06:18.704Z
9945,1446,84716,2026-07-04T05:06:18.745Z
9946,550,84720,2026-07-04T05:06:18.783Z
9947,514,84721,2026-07-04T05:06:18.826Z
9948,1471,84736,2026-07-04T05:06:18.863Z
9949,57605,90315,2026-07-04T05:06:18.901Z
9950,501,84781,2026-07-04T05:06:18.939Z
9951,84824,88944,2026-07-04T05:06:18.978Z
9952,84828,94449,2026-07-04T05:06:19.016Z
9953,84859,84860,2026-07-04T05:06:19.053Z
9954,1569,84874,2026-07-04T05:06:19.092Z
9955,84880,84886,2026-07-04T05:06:19.226Z
9956,69581,84888,2026-07-04T05:06:19.265Z
9957,20065,33202,2026-07-04T05:06:19.304Z
9958,85000,91130,2026-07-04T05:06:19.344Z
9959,85068,85072,2026-07-04T05:06:19.385Z
9960,85075,85083,2026-07-04T05:06:19.425Z
9961,9127,85148,2026-07-04T05:06:19.468Z
9962,15108,85153,2026-07-04T05:06:19.508Z
9963,3589,85188,2026-07-04T05:06:19.548Z
9964,1456,85189,2026-07-04T05:06:19.586Z
9965,1444,85201,2026-07-04T05:06:19.624Z
9966,434,85224,2026-07-04T05:06:19.755Z
9967,9159,85229,2026-07-04T05:06:19.795Z
9968,1559,85238,2026-07-04T05:06:19.835Z
9969,3705,85243,2026-07-04T05:06:19.876Z
9970,3639,85244,2026-07-04T05:06:19.916Z
9971,1540,85246,2026-07-04T05:06:19.956Z
9972,9169,85256,2026-07-04T05:06:19.995Z
9973,1541,85258,2026-07-04T05:06:20.032Z
9974,9686,85271,2026-07-04T05:06:20.070Z
9975,1535,85272,2026-07-04T05:06:20.108Z
9976,85273,91246,2026-07-04T05:06:20.148Z
9977,1582,85281,2026-07-04T05:06:20.278Z
9978,3691,85282,2026-07-04T05:06:20.318Z
9979,3692,85283,2026-07-04T05:06:20.358Z
9980,15106,85307,2026-07-04T05:06:20.398Z
9981,9146,85311,2026-07-04T05:06:20.437Z
9982,9147,85313,2026-07-04T05:06:20.478Z
9983,1544,85325,2026-07-04T05:06:20.518Z
9984,9167,85343,2026-07-04T05:06:20.557Z
9985,9139,85350,2026-07-04T05:06:20.595Z
9986,3596,85357,2026-07-04T05:06:20.633Z
9987,9087,85360,2026-07-04T05:06:20.677Z
9988,19528,57490,2026-07-04T05:06:20.802Z
9989,3641,85367,2026-07-04T05:06:20.841Z
9990,3626,85378,2026-07-04T05:06:20.879Z
9991,3625,85379,2026-07-04T05:06:20.917Z
9992,1445,85386,2026-07-04T05:06:20.959Z
9993,3538,85393,2026-07-04T05:06:20.998Z
9994,1448,85398,2026-07-04T05:06:21.035Z
9995,15078,85404,2026-07-04T05:06:21.073Z
9996,1509,85407,2026-07-04T05:06:21.113Z
9997,9112,85412,2026-07-04T05:06:21.153Z
9998,3511,85426,2026-07-04T05:06:21.192Z
9999,9000,85427,2026-07-04T05:06:21.323Z
10000,3509,85428,2026-07-04T05:06:21.363Z
10001,3514,85439,2026-07-04T05:06:21.402Z
10002,9027,85452,2026-07-04T05:06:21.443Z
10003,9021,85462,2026-07-04T05:06:21.483Z
10004,3578,85464,2026-07-04T05:06:21.522Z
10005,9040,85472,2026-07-04T05:06:21.560Z
10006,9041,85473,2026-07-04T05:06:21.600Z
10007,28140,44164,2026-07-04T05:06:21.638Z
10008,62213,85536,2026-07-04T05:06:21.676Z
10009,59225,96311,2026-07-04T05:06:21.715Z
10010,61681,85573,2026-07-04T05:06:21.755Z
10011,64456,85582,2026-07-04T05:06:21.850Z
10012,67859,85589,2026-07-04T05:06:21.891Z
10013,85598,93204,2026-07-04T05:06:21.930Z
10014,85599,93206,2026-07-04T05:06:21.968Z
10015,85621,91269,2026-07-04T05:06:22.010Z
10016,72298,85633,2026-07-04T05:06:22.049Z
10017,67684,85665,2026-07-04T05:06:22.089Z
10018,85702,90551,2026-07-04T05:06:22.129Z
10019,85704,88643,2026-07-04T05:06:22.166Z
10020,85713,88987,2026-07-04T05:06:22.207Z
10021,1551,85370,2026-07-04T05:06:22.247Z
10022,28664,66970,2026-07-04T05:06:22.375Z
10023,3120,85957,2026-07-04T05:06:22.415Z
10024,4427,85961,2026-07-04T05:06:22.456Z
10025,14890,85971,2026-07-04T05:06:22.495Z
10026,4590,85975,2026-07-04T05:06:22.540Z
10027,85996,85998,2026-07-04T05:06:22.580Z
10028,1796,86004,2026-07-04T05:06:22.620Z
10029,86008,86322,2026-07-04T05:06:22.661Z
10030,1728,86020,2026-07-04T05:06:22.699Z
10031,1760,86030,2026-07-04T05:06:22.738Z
10032,64441,64489,2026-07-04T05:06:22.776Z
10033,2912,91312,2026-07-04T05:06:22.900Z
10034,86089,86092,2026-07-04T05:06:22.940Z
10035,1755,86092,2026-07-04T05:06:22.979Z
10036,86145,86168,2026-07-04T05:06:23.017Z
10037,24457,85197,2026-07-04T05:06:23.055Z
10038,86201,89433,2026-07-04T05:06:23.094Z
10039,1697,86212,2026-07-04T05:06:23.135Z
10040,3378,86216,2026-07-04T05:06:23.176Z
10041,14634,86222,2026-07-04T05:06:23.215Z
10042,3357,86227,2026-07-04T05:06:23.254Z
10043,86244,96116,2026-07-04T05:06:23.292Z
10044,33716,67514,2026-07-04T05:06:23.420Z
10045,12744,86419,2026-07-04T05:06:23.463Z
10046,4231,86420,2026-07-04T05:06:23.502Z
10047,2032,86425,2026-07-04T05:06:23.540Z
10048,1800,86437,2026-07-04T05:06:23.578Z
10049,8877,86439,2026-07-04T05:06:23.616Z
10050,3390,86474,2026-07-04T05:06:23.655Z
10051,1645,86543,2026-07-04T05:06:23.695Z
10052,4406,86547,2026-07-04T05:06:23.734Z
10053,4118,86549,2026-07-04T05:06:23.773Z
10054,2021,86554,2026-07-04T05:06:23.810Z
10055,4230,86580,2026-07-04T05:06:23.848Z
10056,4209,86609,2026-07-04T05:06:23.948Z
10057,12745,86610,2026-07-04T05:06:23.986Z
10058,61994,86673,2026-07-04T05:06:24.025Z
10059,2688,86692,2026-07-04T05:06:24.065Z
10060,86698,86849,2026-07-04T05:06:24.106Z
10061,2147,86703,2026-07-04T05:06:24.145Z
10062,705,86711,2026-07-04T05:06:24.186Z
10063,1475,85366,2026-07-04T05:06:24.225Z
10064,14832,86752,2026-07-04T05:06:24.265Z
10065,12141,86787,2026-07-04T05:06:24.305Z
10066,2121,86832,2026-07-04T05:06:24.345Z
10067,3077,86866,2026-07-04T05:06:24.473Z
10068,36168,84194,2026-07-04T05:06:24.511Z
10069,86915,86968,2026-07-04T05:06:24.551Z
10070,38015,71315,2026-07-04T05:06:24.589Z
10071,86944,86946,2026-07-04T05:06:24.628Z
10072,1945,86979,2026-07-04T05:06:24.668Z
10073,723,86992,2026-07-04T05:06:24.708Z
10074,57409,81910,2026-07-04T05:06:24.747Z
10075,728,86997,2026-07-04T05:06:24.785Z
10076,5448,86998,2026-07-04T05:06:24.823Z
10077,1971,86999,2026-07-04T05:06:24.861Z
10078,2680,87000,2026-07-04T05:06:24.900Z
10079,21813,87001,2026-07-04T05:06:24.996Z
10080,2158,87009,2026-07-04T05:06:25.036Z
10081,2156,87011,2026-07-04T05:06:25.075Z
10082,731,87020,2026-07-04T05:06:25.113Z
10083,72311,85674,2026-07-04T05:06:25.152Z
10084,87048,87049,2026-07-04T05:06:25.192Z
10085,2575,87062,2026-07-04T05:06:25.231Z
10086,13658,87063,2026-07-04T05:06:25.270Z
10087,1916,87064,2026-07-04T05:06:25.309Z
10088,5865,87256,2026-07-04T05:06:25.347Z
10089,24808,63266,2026-07-04T05:06:25.385Z
10090,80881,87357,2026-07-04T05:06:25.425Z
10091,28755,87408,2026-07-04T05:06:25.517Z
10092,26219,87464,2026-07-04T05:06:25.557Z
10093,835,87534,2026-07-04T05:06:25.598Z
10094,87645,87646,2026-07-04T05:06:25.636Z
10095,62037,87678,2026-07-04T05:06:25.674Z
10096,7088,87703,2026-07-04T05:06:25.713Z
10097,2545,87735,2026-07-04T05:06:25.753Z
10098,83777,87864,2026-07-04T05:06:25.792Z
10099,7092,87909,2026-07-04T05:06:25.831Z
10100,12804,43117,2026-07-04T05:06:25.871Z
10101,2506,87910,2026-07-04T05:06:25.911Z
10102,13518,87911,2026-07-04T05:06:26.042Z
10103,818,87913,2026-07-04T05:06:26.081Z
10104,7094,87915,2026-07-04T05:06:26.122Z
10105,2460,87917,2026-07-04T05:06:26.161Z
10106,1716,84651,2026-07-04T05:06:26.202Z
10107,2153,87923,2026-07-04T05:06:26.240Z
10108,87930,93197,2026-07-04T05:06:26.279Z
10109,12147,87966,2026-07-04T05:06:26.318Z
10110,12143,87967,2026-07-04T05:06:26.357Z
10111,7155,87968,2026-07-04T05:06:26.397Z
10112,2820,92715,2026-07-04T05:06:26.437Z
10113,5815,88542,2026-07-04T05:06:26.566Z
10114,4503,84277,2026-07-04T05:06:26.605Z
10115,72175,94637,2026-07-04T05:06:26.643Z
10116,2229,88614,2026-07-04T05:06:26.680Z
10117,30295,88709,2026-07-04T05:06:26.719Z
10118,30139,88719,2026-07-04T05:06:26.758Z
10119,30248,88721,2026-07-04T05:06:26.797Z
10120,85717,88935,2026-07-04T05:06:26.837Z
10121,2583,88962,2026-07-04T05:06:26.878Z
10122,13514,89039,2026-07-04T05:06:26.918Z
10123,2470,89279,2026-07-04T05:06:26.958Z
10124,25810,89298,2026-07-04T05:06:27.090Z
10125,12301,89317,2026-07-04T05:06:27.130Z
10126,34145,89435,2026-07-04T05:06:27.171Z
10127,14867,62643,2026-07-04T05:06:27.210Z
10128,89517,89729,2026-07-04T05:06:27.249Z
10129,43780,89530,2026-07-04T05:06:27.289Z
10130,13581,95322,2026-07-04T05:06:27.328Z
10131,370,89755,2026-07-04T05:06:27.368Z
10132,34245,71157,2026-07-04T05:06:27.410Z
10133,776,89832,2026-07-04T05:06:27.455Z
10134,56747,68624,2026-07-04T05:06:27.495Z
10135,4321,73071,2026-07-04T05:06:27.617Z
10136,12586,91486,2026-07-04T05:06:27.658Z
10137,2051,90090,2026-07-04T05:06:27.696Z
10138,1318,90168,2026-07-04T05:06:27.734Z
10139,9489,78829,2026-07-04T05:06:27.773Z
10140,90210,90874,2026-07-04T05:06:27.813Z
10141,29052,90255,2026-07-04T05:06:27.853Z
10142,15300,54441,2026-07-04T05:06:27.892Z
10143,34997,90297,2026-07-04T05:06:27.932Z
10144,452,61886,2026-07-04T05:06:27.970Z
10145,4849,75321,2026-07-04T05:06:28.010Z
10146,356,73701,2026-07-04T05:06:28.138Z
10147,58509,90364,2026-07-04T05:06:28.177Z
10148,58401,95535,2026-07-04T05:06:28.218Z
10149,71379,90409,2026-07-04T05:06:28.257Z
10150,1190,90415,2026-07-04T05:06:28.298Z
10151,36927,90436,2026-07-04T05:06:28.338Z
10152,2044,90436,2026-07-04T05:06:28.378Z
10153,2064,92197,2026-07-04T05:06:28.418Z
10154,3415,90951,2026-07-04T05:06:28.457Z
10155,90470,90757,2026-07-04T05:06:28.501Z
10156,13669,90505,2026-07-04T05:06:28.538Z
10157,7544,90542,2026-07-04T05:06:28.666Z
10158,1200,90577,2026-07-04T05:06:28.705Z
10159,31937,58239,2026-07-04T05:06:28.745Z
10160,68176,90658,2026-07-04T05:06:28.783Z
10161,50629,91971,2026-07-04T05:06:28.821Z
10162,3495,96682,2026-07-04T05:06:28.862Z
10163,16070,61105,2026-07-04T05:06:28.903Z
10164,76354,93470,2026-07-04T05:06:28.942Z
10165,9125,85222,2026-07-04T05:06:28.982Z
10166,1561,93688,2026-07-04T05:06:29.020Z
10167,90781,90782,2026-07-04T05:06:29.060Z
10168,29318,90805,2026-07-04T05:06:29.187Z
10169,41656,67269,2026-07-04T05:06:29.225Z
10170,57611,90905,2026-07-04T05:06:29.264Z
10171,607,84122,2026-07-04T05:06:29.302Z
10172,14644,94529,2026-07-04T05:06:29.340Z
10173,14652,94535,2026-07-04T05:06:29.377Z
10174,3414,90937,2026-07-04T05:06:29.417Z
10175,34347,71146,2026-07-04T05:06:29.456Z
10176,34996,73928,2026-07-04T05:06:29.498Z
10177,816,87914,2026-07-04T05:06:29.536Z
10178,62353,95665,2026-07-04T05:06:29.574Z
10179,72473,91106,2026-07-04T05:06:29.613Z
10180,34124,67582,2026-07-04T05:06:29.715Z
10181,7220,19062,2026-07-04T05:06:29.755Z
10182,36797,91131,2026-07-04T05:06:29.794Z
10183,12925,91131,2026-07-04T05:06:29.833Z
10184,12925,36797,2026-07-04T05:06:29.870Z
10185,30303,67359,2026-07-04T05:06:29.910Z
10186,3503,39810,2026-07-04T05:06:29.949Z
10187,93244,93252,2026-07-04T05:06:29.988Z
10188,91338,91344,2026-07-04T05:06:30.027Z
10189,7163,80853,2026-07-04T05:06:30.067Z
10190,31067,88255,2026-07-04T05:06:30.107Z
10191,2482,94020,2026-07-04T05:06:30.240Z
10192,4112,91488,2026-07-04T05:06:30.279Z
10193,16607,93280,2026-07-04T05:06:30.319Z
10194,1914,91502,2026-07-04T05:06:30.358Z
10195,13636,87415,2026-07-04T05:06:30.397Z
10196,43787,91666,2026-07-04T05:06:30.436Z
10197,91721,91840,2026-07-04T05:06:30.476Z
10198,91726,91841,2026-07-04T05:06:30.515Z
10199,91746,91754,2026-07-04T05:06:30.553Z
10200,91753,91835,2026-07-04T05:06:30.592Z
10201,91745,91834,2026-07-04T05:06:30.633Z
10202,274,91913,2026-07-04T05:06:30.758Z
10203,50632,91973,2026-07-04T05:06:30.797Z
10204,91978,91979,2026-07-04T05:06:30.836Z
10205,2130,92067,2026-07-04T05:06:30.875Z
10206,1815,92076,2026-07-04T05:06:30.914Z
10207,4918,92079,2026-07-04T05:06:30.953Z
10208,226,92162,2026-07-04T05:06:30.992Z
10209,154,92191,2026-07-04T05:06:31.032Z
10210,1835,92201,2026-07-04T05:06:31.073Z
10211,4225,59604,2026-07-04T05:06:31.113Z
10212,36320,74711,2026-07-04T05:06:31.153Z
10213,67178,92607,2026-07-04T05:06:31.286Z
10214,9499,46415,2026-07-04T05:06:31.325Z
10215,280,93217,2026-07-04T05:06:31.365Z
10216,1588,93687,2026-07-04T05:06:31.405Z
10217,7071,93725,2026-07-04T05:06:31.444Z
10218,94384,94385,2026-07-04T05:06:31.483Z
10219,62215,94489,2026-07-04T05:06:31.523Z
10220,95439,95440,2026-07-04T05:06:31.563Z
10221,13171,95604,2026-07-04T05:06:31.603Z
10222,95784,95785,2026-07-04T05:06:31.642Z
10223,95786,95787,2026-07-04T05:06:31.682Z
10224,82225,95916,2026-07-04T05:06:31.811Z
10225,79085,96110,2026-07-04T05:06:31.851Z
10226,4449,96425,2026-07-04T05:06:31.890Z
10227,66819,96436,2026-07-04T05:06:31.933Z
10228,87550,96437,2026-07-04T05:06:31.973Z
10229,67013,96437,2026-07-04T05:06:32.013Z
10230,67013,87550,2026-07-04T05:06:32.054Z
10231,1680,96466,2026-07-04T05:06:32.093Z
10232,3402,96574,2026-07-04T05:06:32.133Z
10233,9818,96576,2026-07-04T05:06:32.170Z
10234,8894,96678,2026-07-04T05:06:32.210Z
10235,1120,96699,2026-07-04T05:06:32.338Z
10236,2411,59451,2026-07-04T05:06:32.378Z
10237,92374,92375,2026-07-04T05:06:32.419Z
10238,92497,92498,2026-07-04T05:06:32.459Z
10239,70520,75655,2026-07-04T05:06:32.497Z
10240,5853,75655,2026-07-04T05:06:32.534Z
10241,5853,70520,2026-07-04T05:06:32.573Z
10242,31810,60547,2026-07-04T05:06:32.613Z
10243,3576,61843,2026-07-04T05:06:32.653Z
10244,3567,85478,2026-07-04T05:06:32.691Z
10245,7202,87068,2026-07-04T05:06:32.732Z
10246,12148,87842,2026-07-04T05:06:32.860Z
10247,31046,56869,2026-07-04T05:06:32.900Z
10248,64206,66413,2026-07-04T05:06:32.942Z
10249,30233,67090,2026-07-04T05:06:32.982Z
10250,5897,70772,2026-07-04T05:06:33.021Z
10251,79918,80187,2026-07-04T05:06:33.060Z
10252,45875,69554,2026-07-04T05:06:33.100Z
10253,18219,56457,2026-07-04T05:06:33.140Z
10254,24428,81245,2026-07-04T05:06:33.178Z
10255,14858,56791,2026-07-04T05:06:33.216Z
10256,11130,74479,2026-07-04T05:06:33.255Z
10257,9070,85422,2026-07-04T05:06:33.383Z
10258,5864,94934,2026-07-04T05:06:33.423Z
10259,26050,65957,2026-07-04T05:06:33.462Z
10260,41804,54890,2026-07-04T05:06:33.500Z
10261,129,41530,2026-07-04T05:06:33.540Z
10262,25743,59607,2026-07-04T05:06:33.577Z
10263,46744,72261,2026-07-04T05:06:33.616Z
10264,778,92719,2026-07-04T05:06:33.655Z
10265,7108,50761,2026-07-04T05:06:33.694Z
10266,7108,35886,2026-07-04T05:06:33.733Z
10267,19445,59056,2026-07-04T05:06:33.771Z
10268,54540,92636,2026-07-04T05:06:33.810Z
10269,9334,60529,2026-07-04T05:06:33.908Z
10270,9346,61449,2026-07-04T05:06:33.946Z
10271,31071,69208,2026-07-04T05:06:33.985Z
10272,19574,20056,2026-07-04T05:06:34.026Z
10273,6262,8697,2026-07-04T05:06:34.064Z
10274,21584,81642,2026-07-04T05:06:34.103Z
10275,975,68418,2026-07-04T05:06:34.142Z
10276,62080,94126,2026-07-04T05:06:34.181Z
10277,12865,66924,2026-07-04T05:06:34.220Z
10278,67355,67357,2026-07-04T05:06:34.260Z
10279,1525,84659,2026-07-04T05:06:34.299Z
10280,4416,70521,2026-07-04T05:06:34.338Z
10281,3663,85328,2026-07-04T05:06:34.435Z
10282,20377,74724,2026-07-04T05:06:34.475Z
10283,27306,88541,2026-07-04T05:06:34.513Z
10284,754,41721,2026-07-04T05:06:34.553Z
10285,12389,70811,2026-07-04T05:06:34.594Z
10286,79043,93598,2026-07-04T05:06:34.633Z
10287,66029,85569,2026-07-04T05:06:34.671Z
10288,30131,66702,2026-07-04T05:06:34.711Z
10289,8505,71139,2026-07-04T05:06:34.750Z
10290,23958,75156,2026-07-04T05:06:34.789Z
10291,14210,61360,2026-07-04T05:06:34.828Z
10292,37963,70433,2026-07-04T05:06:34.957Z
10293,19048,65234,2026-07-04T05:06:34.995Z
10294,7601,75838,2026-07-04T05:06:35.034Z
10295,5288,74895,2026-07-04T05:06:35.073Z
10296,1998,64090,2026-07-04T05:06:35.113Z
10297,2547,87649,2026-07-04T05:06:35.153Z
10298,76292,76294,2026-07-04T05:06:35.192Z
10299,12278,58969,2026-07-04T05:06:35.232Z
10300,23950,75153,2026-07-04T05:06:35.273Z
10301,2396,59627,2026-07-04T05:06:35.311Z
10302,3746,83551,2026-07-04T05:06:35.350Z
10303,9109,84663,2026-07-04T05:06:35.482Z
10304,2578,89049,2026-07-04T05:06:35.523Z
10305,89889,89936,2026-07-04T05:06:35.563Z
10306,15056,85435,2026-07-04T05:06:35.603Z
10307,43788,74041,2026-07-04T05:06:35.643Z
10308,71126,96360,2026-07-04T05:06:35.681Z
10309,8539,74082,2026-07-04T05:06:35.720Z
10310,3522,61848,2026-07-04T05:06:35.760Z
10311,332,59468,2026-07-04T05:06:35.801Z
10312,425,85444,2026-07-04T05:06:35.840Z
10313,1314,93383,2026-07-04T05:06:35.881Z
10314,2228,64094,2026-07-04T05:06:36.008Z
10315,1606,62104,2026-07-04T05:06:36.047Z
10316,81181,95631,2026-07-04T05:06:36.087Z
10317,24289,31289,2026-07-04T05:06:36.128Z
10318,5285,92190,2026-07-04T05:06:36.167Z
10319,25811,70929,2026-07-04T05:06:36.206Z
10320,3900,59462,2026-07-04T05:06:36.245Z
10321,30932,56875,2026-07-04T05:06:36.283Z
10322,9157,95899,2026-07-04T05:06:36.321Z
10323,1493,85416,2026-07-04T05:06:36.361Z
10324,5057,66934,2026-07-04T05:06:36.400Z
10325,13163,58591,2026-07-04T05:06:36.531Z