normalized_part_number,vendor_combo,member_count,skus
CTX20HBSFT,PU+WPS,2,21130780|WPS-49-3034
CTX20HLBSFT,PU+WPS,2,21130781|WPS-49-3035
16201,VTWIN+WPS,2,VT-32-3043|WPS-132-7013
E250091BD10,PU+VTWIN,2,21130798|VT-32-1979
E250091BD11,PU+VTWIN,2,21130799|VT-32-1980
9960,PU+VTWIN,2,22120798|VT-30-1283
DP3G,PU+VTWIN+WPS,3,WPS-850-08020|21200053|VT-32-9618
83440,PU+VTWIN,2,17310208|VT-23-1787
SOLIDPINS,PU+VTWIN+WPS,3,WPS-850-08002|21200071|VT-32-9602
87159,PU+WPS,2,17310417|WPS-820-50610
371032,VTWIN+WPS,2,VT-32-1543|WPS-820-50845
NHCXFX25,PU+VTWIN,2,VT-32-6699|21201446
7122,VTWIN,2,VT-10-0427|VT-40-9907
77958,VTWIN,2,VT-34-0744|VT-15-7958
E250091BD6,PU+VTWIN,2,21130735|VT-32-1975
E250091BD7,PU+VTWIN,2,21130736|VT-32-1976
3507X,PU+VTWIN,2,VT-11-9762|3507X
102009,PU+WPS,2,21020332|WPS-820-60412
B281256,PU+WPS,2,13102496|WPS-750-05580
351567,PU+VTWIN+WPS,3,23300268|VT-50-0279|WPS-820-52354
24572,VTWIN,2,VT-73-0041|VT-37-9057
W160331,PU+VTWIN,2,02140374|VT-37-0999
78287,VTWIN,2,VT-15-8287|VT-42-0267
H070587B,PU+VTWIN,2,06100221|VT-26-2113
NM334710302,PU+VTWIN+WPS,3,21200338|WPS-850-08305|VT-32-9697
210035,PU+VTWIN,2,14011076|VT-18-8328
78113,PU+VTWIN,2,14050086|VT-29-0206
792103,PU+WPS,2,792103|WPS-279-2103
31SI,PU+VTWIN,2,VT-20-0909|11200433
801001,PU+WPS,2,801001|WPS-280-1001
320459NU,PU+VTWIN,2,05100270|VT-27-1695
A24032SET,PU+VTWIN,2,VT-10-0428|DS196135
77401,PU+VTWIN,2,16010203|VT-42-9913
NM334720601,PU+VTWIN+WPS,3,21200318|WPS-850-08311|VT-32-9677
55129,PU+WPS,2,04070192|WPS-22-55129
190389,PU+VTWIN,2,VT-42-0927|78050012
GBDU001,PU+WPS,2,17104921|WPS-17-DU001
305,PU+VTWIN,2,17420047|VT-43-1050
A1745266,PU+VTWIN,2,09270009|VT-12-2115
A6466W,PU+VTWIN,2,09270025|VT-12-1193
55135,PU+WPS,2,WPS-22-55135|06360607
76581,PU+VTWIN,2,08030331|VT-38-0789
D26014029,PU+VTWIN,2,VT-20-0526|12030020
A3150365,PU+VTWIN,2,21100235|VT-17-1502
A3343850,PU+VTWIN,2,DS194120|VT-10-0721
A2555136,PU+VTWIN,2,DS194164|VT-12-1441
A3510036,PU+VTWIN,2,DS194282|VT-17-9761
A3578936,PU+VTWIN,2,DS194135|VT-10-0729
300067,PU,2,06010824|17104712
110065,PU+WPS,2,17416843|WPS-57-10065
4091,PU+WPS,2,09280025|WPS-811-04091
4055,PU+WPS,2,09290024|WPS-811-04055
9962,PU+VTWIN,2,22120861|VT-42-1104
8040,PU+VTWIN,2,09250950|VT-27-1067
120041,PU+VTWIN+WPS,5,WPS-12-0041|07060019|04120666|WPS-820-50510|VT-33-0310
2075,PU+WPS,3,09240238|WPS-811-02075|WPS-85-02075
C6131T,PU+WPS,2,24010287|WPS-830-1064
2061,PU+VTWIN+WPS,3,09250535|WPS-811-02061|VT-40-1467
2064,PU+WPS,2,09250628|WPS-811-02064
5468,PU,2,10103320|19010757
8022,PU+WPS,2,24010993|WPS-56-8022
GBDU011,PU+WPS,2,17104931|WPS-17-DU011
86264,PU+VTWIN+WPS,3,17310415|WPS-820-32010|VT-23-0288
87158,PU+VTWIN+WPS,3,17310420|WPS-820-50609|VT-23-1827
83117,PU+VTWIN,2,17310121|VT-39-1130
87717,PU+VTWIN+WPS,3,17310544|WPS-820-50612|VT-23-1212
3512537,PU+VTWIN,2,DS195016|VT-17-0220
323494,PU+WPS,2,WPS-232-3494|03650045
2402354,PU+VTWIN,2,DS198839|VT-12-0613
JGI3498604,PU+VTWIN,2,09350109|VT-14-0995
JGI1863348F,PU+VTWIN,2,09343432|VT-15-1438
JGI11125XMSF,PU+VTWIN,2,09341582|VT-15-1281
660411,PU+WPS,2,17410868|WPS-70-660411
JGI3490107F,PU+VTWIN,2,09341623|VT-15-1395
4532,PU+VTWIN,2,17411002|VT-29-0031
JGI1769507,PU+VTWIN,2,09342099|VT-15-1446
JGI3490194F,PU+VTWIN,2,09344630|VT-15-1336
3561465,VTWIN,2,VT-17-0128|VT-17-0125
JGI2541699DL,PU+VTWIN,2,09350090|VT-15-1277
5521,PU,2,17411032|10103147
JGI2909595,PU+VTWIN,2,DS173445|VT-15-0596
JGI1677999X,PU+VTWIN,2,DS174203|VT-15-1245
JGI1703466,PU+VTWIN,2,DS173242|VT-15-0823
JGI1863448C,PU+VTWIN,2,DS173377|VT-15-0927
JGI1863236,PU+VTWIN,2,DS173454|VT-15-0925
JGI6056790,PU+VTWIN,2,DS173476|VT-15-0703
JGI3490679A,PU+VTWIN,2,DS173478|VT-15-0704
JGI6053881C,PU+VTWIN,2,DS174352|VT-15-0900
JGI6056736,PU+VTWIN,2,DS174380|VT-15-0920
JGI11124,PU+VTWIN,2,DS194420|VT-14-0600
JGI6053989X,PU+VTWIN,2,DS174382|VT-15-0902
NTBWX04,PU+VTWIN,2,VT-32-1205|21200244
70291,VTWIN,2,VT-32-3114|VT-15-0176
MCCBR7,VTWIN+WPS,2,WPS-275-01016|VT-32-0460
204257,PU+VTWIN+WPS,3,09260409|VT-11-6000|WPS-191-17013
2022650,PU+VTWIN,2,09263210|VT-11-2027
2022450,PU+VTWIN,2,09263314|VT-11-2025
204323,PU+WPS,2,09260762|WPS-191-57040
204101,PU+VTWIN,2,09261452|VT-11-6095
2020325,PU+VTWIN+WPS,3,09260195|WPS-191-17012|VT-11-6120
202024M,PU+VTWIN,2,09262270|VT-11-2304
202121M,PU+VTWIN,2,09262302|VT-11-2317
202134M,PU+VTWIN,2,09262311|VT-11-2325
202123,PU+WPS,2,09260725|WPS-191-57054
202022C,PU+VTWIN+WPS,3,09260748|VT-11-0968|WPS-191-57043C
204324,PU+VTWIN,2,09260763|VT-11-1023
120402D,PU+VTWIN,2,09026321|VT-33-1158
2022350,PU+VTWIN,2,09263208|VT-11-2031
710304,PU+VTWIN+WPS,3,09350458|WPS-191-37022|VT-14-0983
2021040,PU+VTWIN+WPS,3,24011105|WPS-191-58018|VT-11-1103
204320,PU+VTWIN+WPS,3,09260744|WPS-191-57003|VT-11-1019
202052M,PU+VTWIN,2,09262284|VT-11-2328
202060M,PU+VTWIN,2,09262287|VT-11-2331
2021500,PU+VTWIN,2,09263001|VT-13-2150
204170,PU+VTWIN+WPS,3,DS198974|VT-11-6009|WPS-191-17002
060177,VTWIN+WPS,2,VT-23-0313|WPS-70-6177
CC120E,PU+VTWIN,2,VT-20-0628|11300176
BA080030,PU+WPS,2,22100662|WPS-27-57014
BA050903,PU+WPS,2,22100403|WPS-27-5795
BA064921,PU+WPS,2,WPS-28-61048|22100665
41972,PU+VTWIN,2,VT-33-2062|11321110
H070595S,PU+VTWIN,2,06102319|VT-26-1050
A1855536,PU+VTWIN,2,VT-10-0516|DS193141
PCC133,PU+VTWIN,2,12040128|VT-20-0478
500770TIN,PU+WPS,2,16211056|WPS-812-55052
5154,PU+VTWIN,2,17103641|VT-44-5154
70357,PU+VTWIN,2,VT-39-0128|10102973
202033C,PU+VTWIN+WPS,3,WPS-191-57020C|09260751|VT-11-0977
78479,VTWIN,2,VT-33-1581|VT-15-8479
3300379,PU+VTWIN,2,09290050|VT-10-0521
78297,VTWIN,2,VT-15-8297|VT-40-0116
P4817,PU+WPS,2,24010995|WPS-830-1094
125,PU+WPS,2,17420044|WPS-571-6114
335177,PU+VTWIN,2,20072510|VT-10-5177
T030161,PU+VTWIN,2,07110243|VT-40-0922
31170,PU,2,17420117|17410302
902053,PU+VTWIN,2,DS199729|VT-13-9226
NHCXCB14,PU+VTWIN+WPS,3,VT-32-6686|WPS-850-08717|21200783
A3604836,PU+VTWIN,2,DS196171|VT-17-0173
6004,PU+VTWIN,2,18010488|VT-12-0751
71049,PU+VTWIN,2,10103170|VT-44-0365
47627,PU,2,18002625|17411694
2403,VTWIN,2,VT-32-2134|VT-32-0236
13155,PU+VTWIN,2,06401391|VT-11-1073
291130,PU+VTWIN+WPS,4,05100260|DS199320|VT-10-2651|WPS-820-0541
102110,PU+WPS,2,06401668|WPS-812-02111
8062,PU+WPS,2,09250955|WPS-56-8062
102110B,PU+WPS,2,06401669|WPS-812-02113
102130B,PU+WPS,2,06401675|WPS-812-02119
JGI1735592,PU+VTWIN,2,DS174423|VT-15-0997
20744,VTWIN+WPS,2,WPS-865-01168|VT-35-0458
T030100C,PU+VTWIN,2,07050555|VT-35-9021
140020CKNU,PU+VTWIN,2,07120642|VT-40-0075
140020BKNU,PU+VTWIN,2,07120643|VT-40-0074
76694,PU+VTWIN,2,08010741|VT-27-0704
SPC004,PU+VTWIN,2,24040044|VT-37-0435
1825,PU+VTWIN,2,VT-10-1825|09290044
2020709C,PU+WPS,2,09262021|WPS-191-57062C
776020,PU+VTWIN,2,24040364|VT-27-0066
10111,PU+WPS,2,24040648|WPS-576-04281
34262,PU+WPS,2,06510001|WPS-18-95091
3001,PU+WPS,2,WPS-811-03001|24010201
801002,PU+WPS,2,801002|WPS-280-1002
78286,VTWIN,2,VT-42-0265|VT-15-8286
060151,PU+WPS,2,18611639|WPS-70-6151
086097,PU+WPS,2,WPS-820-2245|15010743
L2465D9CLEDK,PU+VTWIN,2,VT-33-0911|20100572
52742,PU+WPS,2,06360670|WPS-194-52742
120003,PU+VTWIN+WPS,3,VT-40-1252|WPS-12-0003|04030166
5609,PU,2,17411064|10103344
290340,PU+VTWIN,2,VT-20-0702|DS199461
5020001078,PU+VTWIN,2,VT-18-8227|DS223743
78387,VTWIN,2,VT-15-8387|VT-24-1750
291320,PU+VTWIN,2,16021507|VT-21-0998
500761B,PU+WPS,2,16202282|WPS-812-55005
500751TIN,PU+WPS,2,16202280|WPS-812-55003
1013030014,PU+VTWIN,2,DS223887|VT-36-2505
77323,VTWIN,2,VT-15-7323|VT-26-0116
821,PU+VTWIN,2,VT-37-8902|DS098821
78422,VTWIN,2,VT-32-1630|VT-15-8422
3504X,PU+VTWIN,2,3504X|VT-11-9901
0810157,VTWIN+WPS,2,WPS-56-1149|VT-16-0595
202132M,PU+VTWIN,2,VT-11-2323|09262309
C230238,PU+VTWIN,2,04030047|VT-14-0998
40099,PU+VTWIN,2,VT-16-1941|21200890
7539,VTWIN,2,VT-40-0202|VT-23-1004
1704904X,VTWIN+WPS,2,WPS-681-5217|VT-15-1452
1311CR,PU+VTWIN,2,VT-35-9309|DS390240
6311CR,PU+VTWIN,2,VT-35-9313|DS390260
170437,PU+VTWIN,2,VT-27-0897|10120235
H070780MB2,PU+VTWIN,2,06101876|VT-26-2221
120427,VTWIN+WPS,2,VT-34-0288|WPS-820-50576
02201,PU+WPS,2,17010675|WPS-27-10902
212260,PU+VTWIN,2,09250291|VT-10-2260
33105,PU+WPS,2,17104580|WPS-28-2038S
BDL1413,PU+VTWIN,2,DS360005|VT-20-0603
76032,PU+VTWIN,2,08010455|VT-30-0288
90095,PU+VTWIN,2,VT-34-0148|24010500
JGI1703057,PU+VTWIN,2,DS173335|VT-15-0827
78257,VTWIN,2,VT-15-8257|VT-42-1208
NHD6835505,PU+VTWIN+WPS,3,WPS-850-08776|VT-32-5063|21200604
77429,VTWIN,2,VT-15-7429|VT-16-1286
323493,PU+WPS,2,03650044|WPS-232-3493
JGI1754148C,PU+VTWIN,2,DS173435|VT-15-1006
120045,PU+VTWIN+WPS,3,07060023|WPS-12-0045|VT-39-0144
A1748357,PU+VTWIN,2,VT-13-0100|09270012
2M4805,VTWIN+WPS,2,VT-11-1397|WPS-865-2046
C10198F1,PU+VTWIN+WPS,3,VT-15-1473|WPS-68-10198F1|09345961
89023,PU+WPS,2,08220634|WPS-87-9431
K2789,PU,2,09101998|11120042
V13117,PU+VTWIN,2,09120967|VT-12-0924
7078,PU+VTWIN+WPS,3,VT-18-3120|09320035|WPS-681-4313
JGI1754099X,PU+VTWIN,2,VT-15-1213|DS174533
2063,PU+WPS,2,09250627|WPS-811-02063
1021,PU+VTWIN,3,09250674|DS325781|VT-17-1021
212970,PU+VTWIN,2,09250585|VT-10-2970
202131,PU+WPS,2,09260321|WPS-191-57030
202122,PU+WPS,2,09260721|WPS-191-57053
202031C,PU+VTWIN+WPS,3,09260747|VT-11-0975|WPS-191-57018C
202030C,PU+VTWIN+WPS,3,09260745|VT-11-1167|WPS-191-57017C
202034C,PU+VTWIN+WPS,3,09260753|VT-11-0978|WPS-191-57021C
202032C,PU+VTWIN+WPS,3,09260749|WPS-191-57019C|VT-11-0976
202000,PU+VTWIN,2,09260806|VT-13-2000
202026C,PU+VTWIN+WPS,3,09261976|VT-11-0971|WPS-191-57046C
202028,PU+VTWIN,2,09261977|VT-11-0956
202036,PU+VTWIN,2,09261982|VT-11-0963
202064C,PU+VTWIN+WPS,3,09261996|WPS-191-57025C|VT-11-1007
2020855,PU+VTWIN,2,09262928|VT-11-1477
202120M,PU+VTWIN,2,09262301|VT-11-2316
202130M,PU+VTWIN,2,09262307|VT-11-2321
770045NU,PU+VTWIN,2,VT-31-9924|DS110857
204096C,PU+VTWIN,2,09262794|VT-11-1138
2021300,PU+VTWIN,2,09262999|VT-13-2130
710104,PU+WPS,2,09263204|WPS-191-37020
2022600,PU+VTWIN,2,09263209|VT-11-2340
10HC447,PU+WPS,2,09263358|WPS-191-57104
4080,PU+WPS,2,09280103|WPS-811-04080
202104,PU+VTWIN+WPS,3,09300059|WPS-191-27789|VT-30-2104
316296,PU+VTWIN,2,09320151|VT-12-8009
42812,PU+VTWIN,2,21201497|VT-23-3082
JGI2526304KX,PU+VTWIN,2,09341200|VT-15-1266
CW20,PU+VTWIN,2,CW20|VT-11-9779
JGI3490107,PU+VTWIN,2,09341622|VT-15-1394
110418,PU+VTWIN,2,10020002|VT-35-0013
531062,VTWIN+WPS,2,WPS-820-2264|VT-31-0379
70201,VTWIN,2,VT-32-7201|VT-18-3605
253030,PU+VTWIN,2,VT-17-8243|DS199432
71370,VTWIN,2,VT-17-9758|VT-46-0342
18752,PU+VTWIN,2,10102478|VT-32-8752
A6775,PU+VTWIN,2,09250285|VT-12-0718
255115,PU+WPS,2,255115|WPS-225-5115
71077,PU+VTWIN,2,10103111|VT-32-0408
316271,PU+VTWIN,2,VT-15-0658|DS194246
58929,VTWIN,2,VT-44-8929|VT-20-8829
3200,PU+VTWIN,2,10120247|VT-16-3200
5515,PU+VTWIN,2,VT-16-1196|17411029
JGI1703004X,PU+VTWIN,2,09341849|VT-15-1454
TALONOEM14LB,PU+WPS,2,WPS-827-05398|14011015
170461,PU+VTWIN,2,17420482|VT-27-1557
161100,PU+VTWIN,3,10500337|VT-35-0106|VT-50-1166
I350028,PU+VTWIN,2,11050033|VT-43-0786
1056,PU+VTWIN,3,11040005|VT-21-3000|VT-17-1036
1035,PU+VTWIN,3,11040004|VT-17-1035|VT-41-1035
A909523,PU+VTWIN,2,11060045|VT-17-1147
3200358,PU+VTWIN,2,VT-10-0847|09220122
4731SE5,PU+VTWIN,2,VT-20-0633|DS360105
H070574NMB,PU+VTWIN,2,VT-26-0961|06102301
78441,VTWIN,2,VT-15-8441|VT-31-0915
JGI1753670X,PU+VTWIN,2,09340948|VT-15-1270
1009,PU+WPS,2,WPS-132-7016|09250430
D110299,PU+WPS,2,11070325|WPS-820-2631
2009,VTWIN+WPS,2,WPS-132-7021|VT-21-0858
DC71,PU+VTWIN+WPS,3,WPS-133-1086|DC71|VT-32-7793
70304,VTWIN,2,VT-15-0123|VT-32-3119
NTBW3231008,PU+VTWIN+WPS,3,WPS-850-08210|21300347|VT-36-0792
030106,PU+VTWIN+WPS,3,WPS-820-1320C|06030003|VT-25-2108
300534,VTWIN,2,VT-37-2013|VT-37-2012
260202B,PU+VTWIN,2,11120032|VT-17-9923
2M6198010,VTWIN+WPS,2,VT-11-0162|WPS-865-02015
253101,PU+WPS,2,11200162|WPS-22-53101
191205,PU+VTWIN+WPS,3,11200413|WPS-820-52652|VT-19-0027
CC100S,PU+VTWIN,2,11300177|VT-20-0627
150002,VTWIN+WPS,2,WPS-57-0002|VT-32-9350
120014B,VTWIN+WPS,2,VT-33-1973|WPS-820-0340B
A11000,PU+VTWIN,2,11320270|VT-12-0900
78104,PU+VTWIN,2,VT-47-0848|14050023
78268,VTWIN,2,VT-15-8268|VT-42-1746
H070592N,PU+VTWIN,2,VT-26-0966|06102312
SPC016,PU+VTWIN,2,VT-37-0400|24040052
281111,PU+WPS,2,13020001|WPS-22-81111
120202,PU+VTWIN,2,VT-12-0203|09066317
H070730MB,PU+VTWIN,2,06102254|VT-26-0959
02207,PU+WPS,2,WPS-27-10903|17010681
87161,PU+VTWIN+WPS,4,VT-23-1828|WPS-830-1188|WPS-820-50613|17310419
120411D,PU+VTWIN,2,20100783|VT-33-1164
T030101B,PU+VTWIN,2,07050556|VT-35-9022
206035WI,PU+VTWIN,2,20010099|VT-33-0293
L216106E,PU+VTWIN,2,20010957|VT-33-1302
H070592MB,PU+VTWIN,2,06100795|VT-26-0955
W160332,PU+VTWIN,2,02140449|VT-44-0742
H070592S,PU+VTWIN,2,06102314|VT-26-0979
JGI1677066A,PU+VTWIN,2,09342190|VT-15-1010
TALON2114LB,PU+WPS,2,14010982|WPS-827-05383
78056,PU+VTWIN,2,14050079|VT-40-0090
340102,VTWIN+WPS,2,WPS-57-9726|VT-33-2173
2023,PU+VTWIN,3,VT-29-2023|VT-23-1988|09344746
80312,WPS,2,WPS-57-6565|WPS-817-01802
40114,PU+VTWIN+WPS,4,20101457|VT-32-6683|WPS-274-0015|VT-32-0636
77796,VTWIN,2,VT-21-0264|VT-15-7796
H070730SMB,PU+VTWIN,2,06102328|VT-26-1055
102130TIN,PU+WPS,2,06401676|WPS-812-02121
C770139,PU+VTWIN,2,15100163|VT-50-1523
80856,PU+VTWIN+WPS,3,VT-10-1609|09230689|WPS-820-58023
52675,PU+WPS,3,WPS-820-52010|WPS-194-52675|06360522
105020G,PU+WPS,2,04040497|WPS-812-52302
DC21,PU+VTWIN,2,DC21|VT-32-7790
1228,PU+VTWIN,2,VT-37-1082|09300247
50152,PU+WPS,2,06360612|WPS-28-2025
500773B,PU+WPS,2,16100683|WPS-812-02140
6627,VTWIN,2,VT-11-0170|VT-30-4011
601002,PU+VTWIN,2,10140301|VT-35-1002
352002,PU+VTWIN,2,VT-37-9526|24010700
170404,PU+VTWIN,2,VT-34-1015|DS289211
L226828RC,PU+VTWIN,2,20200401|VT-33-1276
78561,PU+VTWIN,3,16202476|VT-15-8561|VT-27-0208
62138,PU+VTWIN,2,16210098|VT-37-8944
H070574C,PU+WPS,2,06140162|WPS-820-1515C
210207,PU+VTWIN+WPS,3,11070044|WPS-820-54600|VT-32-0439
95753,VTWIN,2,VT-14-5753|VT-18-8284
B160731MB,PU+VTWIN,2,17010759|VT-23-2363
2020701C,PU+VTWIN+WPS,3,09262017|WPS-191-57012C|VT-11-1064
B160723,PU+VTWIN,2,17010695|VT-23-2352
2021009H,PU+VTWIN+WPS,3,09262952|WPS-191-17042|VT-11-1218
89235,PU+VTWIN,2,17020464|VT-23-0812
291127,PU+VTWIN,2,VT-10-1180|DS199344
291151,PU+VTWIN,2,VT-10-1183|DS199447
79100,PU+VTWIN,2,VT-28-1790|08050033
NDP30037,VTWIN+WPS,2,WPS-850-08401|VT-32-9644
5528,PU,2,17411036|10103152
JGI6056790DL,PU+VTWIN,2,VT-15-0465|78081027
NAFH01,PU+VTWIN+WPS,3,WPS-850-08433|21200425|VT-32-6577
030040L,PU+VTWIN,2,07050282|VT-35-0498
02211,PU+WPS,2,17010605|WPS-27-10904
A2558273,PU+VTWIN,2,09240273|VT-10-0708
202111,PU+VTWIN,2,09261445|VT-11-2022
6139,PU+VTWIN,2,17103643|VT-34-1791
299180,PU+VTWIN,2,11060068|VT-17-9180
76760,PU+VTWIN,2,08020767|VT-15-1536
78659,VTWIN,2,VT-33-1946|VT-15-8659
3619,PU+VTWIN,2,17411629|VT-37-6141
8185,VTWIN+WPS,3,VT-33-8185|WPS-60-1947|VT-31-0582
600016,PU+VTWIN+WPS,3,VT-34-0300|WPS-820-0800C|10102654
121230,PU+WPS,2,10100552|WPS-820-50525
2021022,PU+VTWIN+WPS,3,09262959|WPS-191-57072|VT-11-1222
2020690,PU+WPS,2,09262005|WPS-191-57009
202012,PU+VTWIN,3,09260784|DS202012|VT-11-6073
2021030,PU+VTWIN+WPS,3,VT-11-1226|WPS-191-57074|09262961
JGI4357135,PU+VTWIN,2,DS174512|VT-15-0231
70288,VTWIN,2,VT-37-7031|VT-17-0912
C8042,PU+WPS,2,WPS-830-1058|24010296
202240,PU+WPS,2,202240|WPS-812-02060
IN1000,PU+VTWIN,2,VT-20-0938|DS360427
IN1500,PU+VTWIN,2,VT-20-0940|20175002
E280033,PU+VTWIN,2,09330054|VT-31-0887
2060,PU+WPS,2,09250434|WPS-811-02060
JGI1863599F,PU+VTWIN,2,09342108|VT-15-1296
77121,PU+VTWIN,2,17416279|VT-45-0937
H070575B,PU+VTWIN,2,06130202|VT-26-0983
2021060H,PU+WPS,2,09263343|WPS-191-17048
2022250,PU+VTWIN,2,09263312|VT-11-2030
202134C,PU+VTWIN+WPS,3,09260733|WPS-191-57033C|VT-11-1192
23365PK,VTWIN,2,VT-37-0144|VT-37-0143
327094,PU+WPS,2,WPS-232-7094|03650056
GBDU007,PU+WPS,2,WPS-17-DU007|17104927
327091,PU+WPS,2,WPS-232-7091|03650053
NFATO1,PU+VTWIN+WPS,3,21300083|WPS-850-08414|VT-32-6561
9348DC,VTWIN,2,VT-11-4055|VT-11-4056
DC61,PU+VTWIN+WPS,3,WPS-133-1080|DC61|VT-32-7792
C230237,PU+VTWIN+WPS,3,04030046|WPS-820-2712|VT-14-0942
28324,WPS,2,WPS-50-28324|WPS-82-8324
500748TIN,PU+WPS,2,WPS-812-02135|16030390
46495+4650209,VTWIN,2,VT-24-1338|VT-24-1337
105030,PU+WPS,2,04040496|WPS-812-52301
MCRLY3,VTWIN+WPS,2,WPS-275-01092|VT-32-0448
47331,PU+VTWIN,2,18002578|VT-22-7331
K1607,PU+VTWIN,2,VT-11-9727|K1607
030106ANUB,PU+WPS,2,WPS-820-1325B|06030811
A3507879,PU+VTWIN,2,DS193148|VT-12-0557
202021C,PU+VTWIN+WPS,3,09260746|VT-11-0967|WPS-191-57042C
CM4274,VTWIN+WPS,2,VT-48-0598|WPS-27-M427
JGI6054706,PU+VTWIN,2,09341196|VT-15-1254
500063,PU,2,06303264|10030460
JGI6110985C,PU+VTWIN,2,DS174515|VT-15-1065
7145C,PU+VTWIN,2,VT-44-0653|17104784
MCSPA3,VTWIN+WPS,2,WPS-275-01072|VT-32-0519
251370,PU+WPS,2,A251370|WPS-22-51370
H0708021,PU+VTWIN,2,06102201|VT-26-2261
6003,PU+VTWIN,2,18010362|VT-43-0128
820,PU+VTWIN+WPS,3,WPS-830-6003|VT-33-3820|12042729
3088,PU+VTWIN+WPS,3,VT-32-3089|WPS-132-7042|07100260
78292,VTWIN,2,VT-15-8292|VT-38-0777
NWR210020,PU+WPS,2,21201315|WPS-850-09211
20311,VTWIN+WPS,2,VT-25-0463|WPS-830-0316
8032,PU+WPS,2,09250841|WPS-56-8032
JGI2526386X,PU+VTWIN,2,VT-15-1255|09341185
400160,PU+VTWIN,2,11060075|VT-17-1306
1092,PU+WPS,2,WPS-830-0379|09251059
202023,VTWIN+WPS,2,WPS-191-57044|VT-11-0953
47221,PU,2,18000745|17411683
78465,VTWIN,2,VT-15-8465|VT-27-1004
H070810C1,PU+VTWIN,2,06110206|VT-26-2263
1803,PU+VTWIN,2,VT-10-1803|DS194347
1800,PU+VTWIN,2,DS194342|VT-10-0657
79071,PU+VTWIN,2,08050039|VT-40-1762
18446,PU+VTWIN+WPS,3,VT-23-2170|10102063|WPS-865-01428
61006,PU+VTWIN,2,VT-52-0183|16201480
207610,PU+WPS,2,19133014|WPS-830-1131
986826,PU+WPS,2,19133008|WPS-830-1193
202063C,PU+VTWIN,2,09261994|VT-11-1006
JGI91XL,PU+VTWIN,2,DS174531|VT-15-1225
111523,PU+VTWIN,2,DS222045|VT-24-2045
63696,VTWIN,2,VT-36-0740|VT-24-1419
8114,VTWIN,2,VT-33-8114|VT-30-8114
110073,VTWIN+WPS,2,WPS-57-10073|VT-36-1977
75005,VTWIN+WPS,2,VT-42-0765|WPS-820-52416
202020C,PU+VTWIN+WPS,3,WPS-191-57041C|VT-11-1166|09260754
71555,PU+VTWIN,2,02100378|VT-27-0055
02212,PU+WPS,2,WPS-27-10905|17010606
13165,PU+VTWIN,2,06401206|VT-20-0228
78594,VTWIN,2,VT-15-8594|VT-22-1840
191200,PU+WPS,2,11200390|WPS-820-52650
161274,PU+VTWIN,2,20100745|VT-33-1606
120411C,PU+VTWIN,2,20100782|VT-33-1163
77898,VTWIN,2,VT-49-1785|VT-14-0824
10003,WPS,2,WPS-58-5370|WPS-85-2008
328087,PU+VTWIN,2,VT-37-8529|03650029
20033,PU+VTWIN,2,04110178|VT-32-2004
NDP38061,VTWIN+WPS,2,VT-32-9639|WPS-850-08407
78680,PU+VTWIN,3,VT-15-8680|VT-15-1768|09347522
JGI2627380AM,PU+VTWIN,2,DS174429|VT-15-0953
18429,VTWIN+WPS,2,VT-32-8429|WPS-865-01418
NA1750631,PU+VTWIN+WPS,3,21200406|WPS-850-08118|VT-32-7438
260128S16,PU+VTWIN,2,VT-20-0346|12010231
70251,PU+VTWIN,2,21070201|VT-32-3101
20200,PU+VTWIN,4,08200259|VT-25-0633|VT-16-0603|VT-28-0987
20781,WPS,2,WPS-57-020781|WPS-865-01038
792108,PU+WPS,2,21100327|WPS-279-2108
77464,VTWIN,2,VT-15-7464|VT-50-0010
206589SRBLED,VTWIN+WPS,2,WPS-820-0376R|VT-33-3047
50355,PU+VTWIN,2,06360575|VT-25-2291
202053C,PU+VTWIN,2,09261986|VT-11-0999
JGI3491799,PU+VTWIN,2,DS173191|VT-15-1232
7542,PU+VTWIN,2,17416261|VT-40-0245
C9693,PU+VTWIN,2,09341356|VT-15-0480
210209K,PU+VTWIN,2,21060252|VT-32-1699
794005,PU+WPS,2,21100995|WPS-279-2205
210209GB,PU+VTWIN,2,21060225|VT-32-1362
NFATO3,PU+VTWIN+WPS,3,21300084|WPS-850-08415|VT-32-6562
70267,PU+VTWIN,2,21070309|VT-12-7026
801017,PU+WPS,2,21101102|WPS-280-1151
327093,PU+VTWIN+WPS,3,WPS-232-7093|VT-37-8888|03650055
792112,PU+WPS,2,21101100|WPS-279-2111
K1611,PU+VTWIN,2,VT-11-9731|K1611
202160,PU+VTWIN,2,VT-17-8229|DS199410
792111,PU+WPS,2,21101099|WPS-279-1103
JGI3680179,PU+VTWIN,2,DS174326|VT-15-1050
46467,PU+VTWIN+WPS,3,78053045|WPS-820-32018|VT-23-0555
E250091BT3,PU+VTWIN,2,21130664|VT-32-1908
NHCXJ08,PU+VTWIN,2,21200368|VT-32-6677
NHCXJ15,PU+VTWIN,2,21200370|VT-32-6679
11420,VTWIN+WPS,2,VT-16-0049|WPS-57-6302
NHD7267311,PU+VTWIN+WPS,3,21200676|WPS-850-08793|VT-32-5057
NOBPPCB,PU+VTWIN,2,21200811|VT-32-5062
1013040017,PU+VTWIN,2,VT-36-0760|DS223913
HZ030001,PU+WPS,2,21201390|WPS-28-61025
JGI3521185DL,PU+VTWIN,2,DS174458|VT-14-0685
DDKS08OEMC,PU+WPS,2,22010171|WPS-827-05046
19371A,VTWIN,2,VT-44-0389|VT-44-0310
9723,VTWIN,2,VT-16-9723|VT-16-9727
10110,PU+WPS,2,24040647|WPS-576-04280
45217,PU+VTWIN+WPS,3,WPS-820-32007|78053044|VT-23-0587
120014,VTWIN+WPS,2,WPS-820-0340C|VT-33-0305
JGI3490179A,PU+VTWIN,2,DS174321|VT-15-1115
JGI79FLH,PU+VTWIN,2,DS173373|VT-15-0853
20804,PU+WPS,2,24010123|WPS-830-1132
22656,PU+WPS,2,24010119|WPS-830-1137
21071,VTWIN+WPS,2,VT-32-1376|WPS-132-7093
C2037,PU+WPS,2,24010286|WPS-830-1026
DR8G,PU+VTWIN+WPS,3,21200047|WPS-850-08014|VT-32-9612
4548,PU+VTWIN,2,17411011|VT-37-4548
H070585NMB,PU+VTWIN,2,06102305|VT-26-0963
352006,PU+VTWIN,2,24010704|VT-37-9528
SSE2,PU+VTWIN+WPS,3,VT-35-0521|DS391666|WPS-274-0507
202026,PU+VTWIN+WPS,3,VT-11-0955|09261975|WPS-191-57046
D2KI3P,PU+VTWIN+WPS,3,21010029|VT-32-9152|WPS-133-3016
TP33,PU+VTWIN,2,VT-20-0707|DS360168
NCBISCM,VTWIN+WPS,2,WPS-850-08659|VT-32-1918
S770132,PU+VTWIN,2,35010304|VT-31-0970
S770149C,PU+VTWIN,2,35011087|VT-49-1011
SFK3P,PU+VTWIN+WPS,3,21010048|WPS-133-3020|VT-32-0802
251692,PU+WPS,2,02150963|WPS-22-51692
S770149B,PU+VTWIN,2,35011088|VT-49-1012
JGI1795536XL,PU+VTWIN,2,VT-14-0668|DS194489
72223,VTWIN,2,VT-46-0410|VT-12-1414
C320478GB,PU+VTWIN,2,VT-27-0301|05100318
3537X,PU+VTWIN,2,3537X|VT-11-9765
NWR010020,PU+WPS,2,21201309|WPS-850-09205
120000,PU+WPS,2,WPS-12-0000|04030163
NWR0210020,PU+WPS,2,21201310|WPS-850-09206
3204591NU,PU+VTWIN,2,05100264|VT-27-1817
102010,PU+WPS,2,21020333|WPS-820-60413
NWR4010020,PU+WPS,2,21201318|WPS-850-09214
102017,PU+WPS,2,21020416|WPS-820-60417
030320AB,PU+VTWIN,2,07030231|VT-38-1740
NWR5610020,PU+WPS,2,21201320|WPS-850-09216
935076,PU+VTWIN,2,935076|VT-7132-89
33306,PU+VTWIN,2,06500114|VT-46-3306
SS1P,PU+WPS,2,WPS-274-0505|DS391663
110419,PU+VTWIN,2,DS0419|VT-35-9229
JGI6385995,PU+VTWIN,2,DS173469|VT-15-1161
JGI36FLH,PU+VTWIN,2,DS173524|VT-15-1184
JGI6053881K,PU+VTWIN,2,DS173525|VT-15-0865
JGI1678799,PU+VTWIN,2,DS173539|VT-15-1222
JGI1677496,PU+VTWIN,2,DS174117|VT-15-1121
JGI2685689,PU+VTWIN,2,DS174284|VT-14-0963
JGI1677794S,PU+VTWIN,2,DS174307|VT-15-1101
JGIEV1,PU+VTWIN,2,DS174749|VT-15-0726
JGI4584984A,PU+VTWIN,2,DS174784|VT-14-0044
JGI4584973,PU+VTWIN,2,DS174786|VT-14-0040
JGI3490185K,PU+VTWIN,2,DS174953|VT-15-0870
JGI6053994K,PU+VTWIN,2,DS174950|VT-15-0876
JGI6053989KX,PU+VTWIN,2,DS174951|VT-15-0868
JGI4584984K,PU+VTWIN,2,DS174904|VT-14-0045
P101701,PU+WPS,2,DS175005|WPS-830-1017
JGI1677066S,PU+VTWIN,2,DS174914|VT-15-0599
P80148,PU+VTWIN,2,DS175014|VT-37-0266
879812,PU+WPS,2,DS189811|WPS-830-1190
P8839,PU+WPS,2,24010303|WPS-830-1046
74112,PU,2,DS193411|08011178
78073,PU+VTWIN,2,DS193807|VT-42-1391
316206,PU+VTWIN,2,DS194061|VT-12-8003
A6771,PU+VTWIN,2,DS194072|VT-12-0716
202051C,PU+VTWIN+WPS,3,WPS-191-57002C|09260755|VT-11-0997
A25550SET,PU+VTWIN,2,DS194162|VT-12-1508
24611,PU+VTWIN,2,DS194275|VT-10-0644
24641,PU+VTWIN,2,DS194371|VT-10-0635
792101,PU+WPS,2,792101|WPS-279-2101
801009,PU+WPS,2,801009|WPS-280-1009
A11007,PU+VTWIN,2,DS188008|VT-12-0904
298150,PU+VTWIN,2,DS199076|VT-10-8123
50214,PU+VTWIN,2,44020593|VT-23-0704
288137,PU+VTWIN,2,DS199180|VT-10-8137
935096,PU+VTWIN,2,DS199241|VT-11-7717
291113,PU+VTWIN,2,DS199323|VT-10-1171
5113010004,PU+VTWIN,2,DS199219|VT-18-1152
298145,PU+VTWIN,2,DS199196|VT-10-8145
201105,PU+VTWIN,2,DS199406|VT-17-8225
288155G,PU+VTWIN,2,DS199249|VT-10-8135
290294,PU+VTWIN,2,DS199479|VT-20-0709
117248,PU+VTWIN,2,10060319|VT-24-7248
5422,PU,2,06510417|10103136
88102,PU+WPS,2,DS222792|WPS-276-02060
5019010069,PU+VTWIN,2,DS223741|VT-13-9228
19507,VTWIN,2,VT-31-4192|VT-17-0858
1005,VTWIN+WPS,3,WPS-132-7014|VT-32-1005|VT-23-2212
1227,PU+VTWIN,2,09300246|VT-15-2127
7075,PU+VTWIN+WPS,4,09320030|VT-18-3201|VT-24-1369|WPS-811-07075
110450,PU+VTWIN,2,DS0452|VT-35-9230
8730,VTWIN+WPS,2,WPS-133-4015|VT-38-0445
13163,PU+VTWIN,2,06401204|VT-23-0115
77947,VTWIN,2,VT-15-7947|VT-50-1196
JGI3495567F,PU+VTWIN,2,VT-15-1424|09342113
76295,PU+VTWIN,2,08040622|VT-42-0986
110044,PU+VTWIN+WPS,3,WPS-57-10044|VT-36-0515|06580007
070308A,VTWIN,2,VT-17-9934|VT-28-0204
JGI1676973,PU+VTWIN,2,VT-15-0974|DS174800
JGI1754148B,PU+VTWIN,2,DS174660|VT-15-1007
110045,VTWIN+WPS,2,WPS-57-10045|VT-36-0607
8150,VTWIN,2,VT-33-8150|VT-29-8150
8708,PU+WPS,2,DS290352|WPS-874-1224
7010,PU+VTWIN,2,09320089|VT-23-0711
A3272630,PU+VTWIN,2,21050118|VT-32-0123
JGI3495589F,PU+VTWIN,2,09342117|VT-15-1423
78151,PU+VTWIN,2,14050196|VT-23-9272
JGI3565279A,PU+VTWIN,2,DS174131|VT-15-1048
5205,PU+WPS,2,09210787|WPS-82-96413
1019,PU+VTWIN,3,DS325779|09250672|VT-17-1019
3556,PU+VTWIN,2,VT-28-3556|DS3556
76473S,PU+VTWIN,2,DS360113|VT-20-0621
6239TK1,PU+VTWIN,2,DS360104|VT-20-0611
4731SK3,PU+VTWIN,2,DS360107|VT-20-0624
81027,PU+VTWIN+WPS,4,VT-50-0031|04140734|10102123|WPS-820-53030
H170579,PU+VTWIN,2,06300373|VT-28-0628
1080,PU+VTWIN+WPS,3,09262925|VT-12-9976|WPS-571-6109
NA1750621,PU+VTWIN+WPS,3,21200405|WPS-850-08117|VT-32-7437
5432,PU,2,06510425|10103142
TP34,PU+VTWIN,2,DS360169|VT-20-0708
JGI48FL,PU+VTWIN,2,DS173410|VT-15-0851
6141SK4,PU+VTWIN,2,DS360101|VT-20-0614
E210214,PU+VTWIN,2,21060249|VT-32-1084
JGI3774167A,PU+VTWIN,2,DS173426|VT-14-0645
JGI12010,PU+VTWIN,2,DS174375|VT-14-0602
JGI6583468SC,PU+VTWIN,2,DS173461|VT-15-1074
JGI2699597X,PU+VTWIN,2,DS173479|VT-14-0573
E210221,PU+VTWIN,2,21060588|VT-32-1519
JGI3490685X,PU+VTWIN,2,DS173535|VT-15-1202
JGI1754069A,PU+VTWIN,2,DS174182|VT-15-1004
JGI2924283,PU+VTWIN,2,DS174336|VT-15-1018
801003,PU+VTWIN+WPS,3,21100445|WPS-280-1003|VT-32-5117
JGI1677421,PU+VTWIN,2,DS174405|VT-15-0271
T030100B,PU+VTWIN,2,07050554|VT-35-9020
T036240K20,PU+VTWIN,2,VT-35-6240|24020213
JGI2625750A,PU+VTWIN,2,DS174690|VT-15-0944
JGI4584984,PU+VTWIN,2,DS174781|VT-14-0038
77967,VTWIN,2,VT-15-7967|VT-16-0215
A2392887,PU+VTWIN,2,09240264|VT-10-1278
10480007,VTWIN+WPS,2,WPS-827-07010|VT-18-0545
JGI3482436,PU+VTWIN,2,DS174890|VT-15-1038
31472,PU+VTWIN,2,VT-24-0171|11320718
7450597C,PU+VTWIN,2,21120784|VT-32-0950
JGI2524499,PU+VTWIN,2,DS173228|VT-15-1198
JGI1735884,PU+VTWIN,2,DS174915|VT-15-1001
A11218,PU+VTWIN,2,VT-12-0209|09210143
JGI3495575K,PU+VTWIN,2,DS174956|VT-15-0873
JGI3490179B,PU+VTWIN,2,DS174959|VT-15-0904
7945,VTWIN,2,VT-30-7945|VT-30-0923
102100B,PU+WPS,2,WPS-812-02112|06401666
JGI3495252A,PU+VTWIN,2,DS174963|VT-15-1042
JGI1703383S,PU+VTWIN,2,DS174972|VT-15-1191
JGI2627380B,PU+VTWIN,2,DS174826|VT-15-0952
K1625,PU+VTWIN,2,K1625|VT-11-9740
74700021B,PU+VTWIN,2,21121207|VT-32-1460
74700025C,PU+VTWIN,2,21121315|VT-32-1708
K1660,PU+VTWIN,2,K1660|VT-11-9890
420105,PU+VTWIN,2,VT-12-1309|16230558
120416M,PU+VTWIN,2,VT-33-0929|20100780
78673,VTWIN,2,VT-14-8673|VT-34-0090
70287,VTWIN,2,VT-17-0911|VT-32-3074
77326,VTWIN,2,VT-15-7326|VT-49-0834
310000,PU+VTWIN,2,VT-10-0000|DS194303
E250091BT1,PU+VTWIN,2,21130661|VT-32-1906
JGI1702970,PU+VTWIN,2,DS173239|VT-15-0804
240030,PU+VTWIN,2,09280026|VT-11-9872
292088,PU+VTWIN,2,DS199013|VT-11-2088
E250091BD5,PU+VTWIN,2,21130734|VT-32-1974
288121G,PU+VTWIN,2,DS199250|VT-10-8130
JGI1677048X,PU+VTWIN,2,DS174402|VT-15-1009
212130,PU+VTWIN,2,DS199283|VT-10-2130
212965,PU+VTWIN,2,09250584|VT-10-2965
291123,PU+VTWIN,2,DS199097|VT-10-1123
DR2G,PU+VTWIN+WPS,3,21200039|WPS-850-08006|VT-32-9604
DR6G,PU+VTWIN+WPS,3,21200045|WPS-850-08012|VT-32-9610
212011,PU+VTWIN,2,DS199301|VT-10-2011
292025,PU+WPS,2,DS193123|WPS-820-54204
212320,PU+VTWIN,2,DS199347|VT-10-2320
DR8B,PU+VTWIN+WPS,3,21200048|WPS-850-08013|VT-32-9613
201020,PU+VTWIN,2,DS199411|VT-17-6656
272110,PU+VTWIN,2,DS199736|VT-13-9250
254850,PU+VTWIN,2,DS199436|VT-17-4850
DR12G,PU+VTWIN,2,21200049|VT-32-9614
DP2B,PU+VTWIN+WPS,3,21200052|WPS-850-08017|VT-32-9617
292215,PU+VTWIN,2,DS193852|VT-11-9221
DP3B,PU+VTWIN+WPS,3,21200054|WPS-850-08019|VT-32-9619
DP6G,PU+VTWIN+WPS,3,21200057|WPS-850-08024|VT-32-9622
288126G,PU+VTWIN,2,DS199117|VT-10-8131
212150,PU+VTWIN,2,DS199324|VT-10-2150
200369,VTWIN,2,VT-19-3000|VT-31-9986
DP8G,PU+VTWIN+WPS,3,21200059|WPS-850-08026|VT-32-9624
288126,PU+VTWIN,2,DS199179|VT-10-8127
5544,PU,2,17411044|10103326
290344,PU+VTWIN,2,DS199478|VT-20-0711
271100,PU+VTWIN,2,DS199735|VT-11-9877
8030,PU+VTWIN+WPS,3,WPS-56-8030|VT-25-0433|09250839
JGI6709887,PU+VTWIN,2,DS193631|VT-14-0944
1761166B,PU+VTWIN,2,DS193819|VT-11-0539
104636A,PU+VTWIN,2,DS194014|VT-10-0809
NM334721602,PU+VTWIN+WPS,3,21200334|WPS-850-08317|VT-32-9693
2400658,PU+VTWIN,2,DS194086|VT-10-8325
2459940,PU+VTWIN,2,DS194090|VT-10-0240
18445,PU+VTWIN,3,10102062|VT-23-2169|VT-32-8445
77416,VTWIN,2,VT-32-0976|VT-15-7416
MDRPINS,PU+VTWIN+WPS,3,21200399|WPS-850-08038|VT-32-6514
310005,PU+VTWIN,2,DS194301|VT-10-0005
71132,PU+VTWIN,2,DS189981|VT-37-1954
18803,PU+VTWIN,2,10100060|VT-34-0101
A3511352,PU+VTWIN,2,DS194327|VT-12-0931
A3752385,PU+VTWIN,2,DS194361|VT-12-0212
320081,VTWIN,2,VT-23-0081|VT-46-0123
JGI12030,PU+VTWIN,2,DS194418|VT-14-0609
20303A,VTWIN+WPS,2,VT-25-0174|WPS-830-0313
NM334720802,PU+VTWIN+WPS,3,21200332|WPS-850-08313|VT-32-9691
JGI12018,PU+VTWIN,2,DS194480|VT-14-0605
18181,PU+VTWIN,2,10102539|VT-32-8181
T030101C,PU+VTWIN,2,07050557|VT-35-9023
A3157581,PU+VTWIN,2,DS195147|VT-32-7769
A3536593,PU+VTWIN,2,DS195168|VT-17-9606
64391,VTWIN,2,VT-30-4391|VT-52-2037
700002,PU+WPS,2,11070663|WPS-70-7002
NHD69200897,PU+VTWIN,2,21200655|VT-32-5064
288160,PU+VTWIN,2,DS199182|VT-10-8151
8821,VTWIN+WPS,3,WPS-60-1946|VT-31-0327|WPS-874-1241
77349,VTWIN,2,VT-44-0889|VT-15-7349
288137G,PU+VTWIN,2,DS199247|VT-10-8132
70260,PU+VTWIN,3,21070300|VT-32-1924|VT-32-0424
120040,PU+WPS,4,07060018|04120665|WPS-820-50509|WPS-12-0040
70250,PU+VTWIN,2,21070200|VT-32-3102
291146,PU+VTWIN,2,DS199327|VT-10-1146
207650,PU+VTWIN,2,DS199413|VT-17-7650
NHD7240607A,PU+WPS,2,WPS-850-08214|21201211
202330C,PU+VTWIN,2,VT-11-1039|09260699
77901,PU+VTWIN,2,VT-36-0893|16010154
18535,PU+VTWIN,2,10100587|VT-32-8535
370494,PU+VTWIN,2,VT-32-0263|06160204
T030078,PU+VTWIN,2,07070013|VT-35-6106
DBR1,PU+VTWIN,2,21010323|VT-32-7787
JGI04XL,PU+VTWIN,2,VT-15-1372|09341637
6451,PU+VTWIN+WPS,3,VT-34-0628|WPS-82-96333|18002215
1013040006,PU+VTWIN,2,DS223407|VT-36-0705
1023040021,PU+VTWIN,2,DS223419|VT-36-1569
JGI2706278,PU+VTWIN,2,DS174822|VT-14-0626
NHCXMB12,PU+VTWIN,2,VT-32-6654|21200223
NDP30036,VTWIN+WPS,2,WPS-850-08400|VT-32-9643
210009,PU+VTWIN,2,14010743|VT-42-1218
77483,VTWIN,2,VT-24-9911|VT-15-7483
NDP38063,VTWIN+WPS,2,WPS-850-08408|VT-32-9640
A6778,PU+VTWIN,2,VT-12-1258|09250286
1013040015,PU+VTWIN,2,DS223919|VT-36-0720
DR3G,PU+VTWIN+WPS,3,WPS-850-08008|21200041|VT-32-9606
NHD3243597,PU+VTWIN,2,21201447|VT-32-2227
NFATO5,PU+VTWIN+WPS,3,21300085|WPS-850-08416|VT-32-6563
60121,PU,2,44010188|16202665
NTBW3231008A,PU+VTWIN+WPS,3,21300348|WPS-850-08211|VT-36-0793
71600,PU+VTWIN,2,02130800|VT-45-0697
210006,PU+VTWIN,2,14010741|VT-42-0617
84419,PU+VTWIN,2,17310209|VT-23-0857
18040,PU+WPS,2,10112851|WPS-58-54085
H070603,PU+VTWIN,2,06101684|VT-26-0002
202032,PU+WPS,2,DS202032|WPS-191-57019
78406,VTWIN,2,VT-15-8406|VT-32-1481
18442,PU+VTWIN,2,10101463|VT-32-8442
77715,VTWIN,2,VT-35-0850|VT-15-7715
40127,VTWIN,2,VT-32-9097|VT-32-8097
359016,VTWIN+WPS,2,VT-16-9016|WPS-235-9016
81034,PU+VTWIN,2,10102094|VT-32-7561
4124038C,PU+VTWIN,2,VT-54-0038|DS310038
300200,PU+VTWIN,4,12102784|06012851|VT-19-0768|VT-19-0287
77703,PU+VTWIN,2,VT-49-2562|16010179
78543,VTWIN,2,VT-15-8453|VT-15-8543
112187,PU+VTWIN,2,10030353|VT-35-9183
18500,PU+VTWIN+WPS,3,DS288880|WPS-820-52800|VT-34-0112
472019,PU+VTWIN+WPS,3,10090080|WPS-24-72019|VT-35-1727
40049,PU,2,20402676|10102954
DP8B,PU+VTWIN+WPS,3,21200060|WPS-850-08025|VT-32-9625
300905,PU,2,24011697|06015662
111131,PU+VTWIN,2,VT-24-2048|DS222048
H0707904,PU+VTWIN,2,06150275|VT-26-2229
JGI6053994KF,PU+VTWIN,2,09344616|VT-15-1333
251394,PU+WPS,2,251394|WPS-22-51394
63584D,PU+VTWIN,2,VT-38-0736|07010836
6083010011,PU+VTWIN,2,11300205|VT-18-1157
6083010098,PU+VTWIN,2,DS223720|VT-18-3852
6083010090,PU+VTWIN,2,DS223721|VT-18-3842
S770134,PU+VTWIN,2,35010603|VT-49-0798
6083010036,PU+VTWIN,2,DS223723|VT-18-3822
3073010011,PU+VTWIN,2,DS223739|VT-18-3233
DC65,PU+VTWIN+WPS,3,VT-32-9285|WPS-133-1082|DC65
78711,VTWIN,2,VT-15-8711|VT-35-2000
21201,VTWIN+WPS,2,VT-35-1201|WPS-830-0130
BTX14,PU+WPS,2,11311805|WPS-810-5008
TPS29,PU+VTWIN,2,DS360047|VT-20-0651
76472S,PU+VTWIN,2,DS360115|VT-20-0619
NWR2410020,PU+WPS,2,WPS-850-09212|21201316
81016,PU,2,DS193710|04140733
BA080000,PU+WPS,2,22100607|WPS-27-57011
H070587,PU+VTWIN,2,06100220|VT-26-0895
350103,VTWIN,2,VT-37-8660|VT-23-0107
77081,PU+VTWIN,2,24010535|VT-42-1534
1013030008,PU+VTWIN,2,VT-36-2503|DS223876
BA080020,PU+WPS,2,22100661|WPS-27-57013
202122C,PU+VTWIN+WPS,3,09260723|VT-11-1184|WPS-191-57053C
3497X,PU+VTWIN,2,VT-11-9759|3497X
P4829,PU+WPS,2,24010998|WPS-830-1096
062015,PU+WPS,2,WPS-820-70207|17310611
358034,PU+WPS,2,13020654|WPS-820-5384
HD2,PU+VTWIN,2,VT-40-0378|06040002
BA064911,PU+WPS,2,22100664|WPS-28-61047
339909,VTWIN+WPS,2,VT-44-0008|WPS-820-54160
JGI2522570X,PU+VTWIN,2,DS174201|VT-15-0713
1214,VTWIN,2,VT-34-2114|VT-37-1423
B281257,PU+WPS,2,13102497|WPS-750-05581
JGI1735304,PU+VTWIN,2,VT-15-1449|09341848
2025,VTWIN,2,VT-40-0525|VT-29-2025
2028,VTWIN,2,VT-40-0527|VT-29-2028
70007,PU+VTWIN,2,24040632|VT-45-0329
A2434687A,PU+VTWIN,2,09240170|VT-10-2556
40373,PU+VTWIN,3,20101499|10102895|VT-73-373
50117,PU+WPS,2,44020582|WPS-85-4176
BDL30853ST,PU+VTWIN,2,DS360007|VT-20-0100
40174,PU+VTWIN,2,20101456|VT-32-1216
BDL138K,PU+VTWIN,2,DS360086|VT-20-0630
70021,PU+VTWIN,2,24040839|VT-49-0628
3200403,PU+VTWIN,2,09220113|VT-10-3500
202140,PU+WPS,2,DS375001|WPS-812-02054
206589SALED,PU+VTWIN+WPS,3,WPS-820-0370A|78052069|VT-33-0473
987316,PU+WPS,2,19133012|WPS-830-1196
4311CH,PU+VTWIN,2,DS390233|VT-35-9085
4311CR,PU+VTWIN,2,DS390250|VT-35-9311
13608,VTWIN,2,VT-24-0663|VT-24-0095
202024,VTWIN+WPS,2,WPS-191-57045|VT-11-0954
102011,PU+WPS,2,21020334|WPS-820-60414
22971,PU+WPS,2,24010439|WPS-830-1204
9971,VTWIN,2,VT-31-0831|VT-31-0276
NHD69200193,PU+VTWIN+WPS,3,VT-32-9712|21200930|WPS-850-08197
160902,PU+VTWIN,2,22120105|VT-33-2024
BA072100,PU+WPS,2,22110185|WPS-28-61005
160901,PU+VTWIN,2,22120106|VT-33-2025
710334,PU+VTWIN,2,VT-14-0143|09262044
14216,WPS,2,WPS-820-50565|WPS-85-4173
DD2000HD2EP,PU+VTWIN+WPS,3,21010044|WPS-133-3010|VT-32-9113
NA1736451,PU+VTWIN+WPS,3,21200192|WPS-850-08101|VT-32-6500
2396180A3,PU+VTWIN,2,DS194005|VT-10-8357
334146,PU+VTWIN,2,DS194483|VT-12-9942
JGI11190V2,PU+VTWIN,2,DS194487|VT-14-0672
JGI4584977,PU+VTWIN,2,DS194496|VT-14-0037
20036,PU+VTWIN,3,24010514|04110179|VT-32-2018
BA072110,PU+WPS,2,22120893|WPS-28-61049
A3507084,PU+VTWIN,2,DS196237|VT-17-0062
PS1500,PU+VTWIN+WPS,3,22145006|VT-19-0601|WPS-290-01001
BA050510,PU+WPS,2,22120737|WPS-28-61011
6251,PU+VTWIN+WPS,3,18000635|VT-48-0302|WPS-82-96382
76154,PU,2,24010458|08040292
6477,PU+VTWIN,2,18002166|VT-30-3034
88187,PU+VTWIN+WPS,3,VT-11-1194|09310710|WPS-820-51549
6853B,PU+WPS,2,18002257|WPS-82-96507
40173,PU+VTWIN,3,20101455|VT-37-8573|VT-32-1215
1075,PU+VTWIN+WPS,3,09261166|VT-16-1845|WPS-571-6107
3073020013,PU+VTWIN,2,VT-18-3271|11313882
3527X,PU+VTWIN,2,VT-11-9764|3527X
JGI3329536X,PU+VTWIN,2,VT-15-0595|DS174755
40241,VTWIN,2,VT-37-4241|VT-10-0198
67312B,VTWIN+WPS,2,VT-40-0457|WPS-274-0765
02205,PU+WPS,2,17010679|WPS-27-10901
6055,PU+VTWIN,2,18010719|VT-42-6055
6020,PU+VTWIN,3,18010365|09402010|VT-10-0849
62052,PU+VTWIN,2,VT-35-0751|07050030
40265,VTWIN,2,VT-32-8124|VT-37-4265
1218,PU+VTWIN,3,VT-34-0170|09300155|VT-50-2200
M6XL5,VTWIN+WPS,2,VT-18-3684|WPS-39-1204
94640,VTWIN,2,VT-20-4640|VT-24-1926
H070780MB3,PU+VTWIN,2,06150270|VT-26-2226
323055,PU+VTWIN,2,07100253|VT-40-0022
080529,VTWIN+WPS,2,VT-50-0807|WPS-57-8529
1215,PU+VTWIN+WPS,4,09262976|WPS-59-9124|WPS-27-4736|VT-34-2115
D26014132,PU+VTWIN,2,12030015|VT-20-0706
261210,PU+VTWIN,2,24010426|VT-2612-10TW
21058,PU+WPS,2,19133005|WPS-830-1134
5462,PU+VTWIN,2,VT-33-5462|19010526
76191,PU+VTWIN+WPS,3,DS193619|WPS-830-1177|VT-15-0623
750820,PU+WPS,2,DS193766|WPS-830-1109
193002,VTWIN+WPS,2,VT-20-0371|WPS-820-51225
84411,PU+VTWIN+WPS,3,DS190892|WPS-820-32000|VT-23-0499
214040,PU+VTWIN+WPS,4,DS193829|WPS-830-1103|VT-10-4040|09250590
K1746,PU+VTWIN+WPS,3,VT-11-9954|09030583|WPS-K1746
292017,PU+VTWIN,2,09280095|VT-11-1208
C10248,PU+VTWIN+WPS,3,09351031|VT-15-1475|WPS-68-10248
DC101,PU+VTWIN,2,DC101|VT-32-9035
NWR1010020,PU+WPS,2,WPS-850-09207|21201311
NDP38064,VTWIN+WPS,2,WPS-850-08405|VT-32-9636
371036,VTWIN+WPS,2,WPS-820-50844|VT-32-1542
86160,VTWIN,2,VT-31-1315|VT-33-6160
D2KI1P,PU+VTWIN+WPS,3,21010027|WPS-133-3014|VT-32-9159
D2KI2P,PU+VTWIN+WPS,3,21010028|WPS-133-3015|VT-32-9151
DC68,PU+VTWIN+WPS,3,21020307|WPS-133-1085|VT-32-1086
8401,VTWIN+WPS,3,WPS-274-0044|VT-32-0107|VT-27-0930
D2KI5P,PU+VTWIN+WPS,3,21010031|VT-32-9155|WPS-133-3018
DC31,PU+VTWIN+WPS,3,DC31|VT-32-8055|WPS-133-1089
DSPT1,PU+VTWIN+WPS,3,21010071|WPS-133-3007|VT-32-9123
DSK62,PU+VTWIN+WPS,3,DSK62|WPS-133-3004|VT-32-0800
JGI6053994F,PU+VTWIN,2,09344631|VT-15-1337
K2822,PU+VTWIN,2,04050326|VT-24-0907
202322C,PU+VTWIN,2,09260706|VT-11-1036
148407,PU+VTWIN,2,11321828|VT-18-0272
8105,PU+VTWIN,3,DS289306|VT-33-8105|VT-30-8105
8102,PU+VTWIN,2,DS289303|VT-27-0049
L126024CE,PU+VTWIN,2,20300579|VT-33-0086
NCBH02,PU+VTWIN,2,VT-32-2216|21201403
3300166,PU+VTWIN,2,09250741|VT-10-8167
JGI2699598,PU+VTWIN,2,VT-14-0689|09340549
6311BH,PU+WPS,2,WPS-274-0501|07050092
76312FCS,VTWIN+WPS,2,WPS-274-0720|VT-35-0595
106200,PU+WPS,2,04080373|WPS-812-52297
2023000,PU+VTWIN,2,09263217|VT-11-2341
6311CHO,PU+WPS,2,WPS-274-0500|DS390510
140110A,PU+VTWIN,2,10110881|VT-34-0079
112195,PU+VTWIN,2,10030042|VT-35-0978
120231,PU+WPS,2,10120162|WPS-820-50514
8070,PU+WPS,3,09251612|11100043|WPS-56-8070
350027,PU+VTWIN,2,11050034|VT-43-0504
71585,PU+VTWIN,2,02100423|VT-45-0736
H070601,PU+VTWIN,2,VT-26-0009|06100792
52672,PU+WPS,3,WPS-194-52672|WPS-820-52100|06360651
A3150165,PU+VTWIN,2,21100450|VT-17-1503
253103,PU+WPS,2,11200281|WPS-22-53103
B160917P,PU+VTWIN,2,17020346|VT-23-1127
20732,PU+VTWIN+WPS,4,24010107|WPS-830-1102|WPS-865-01161|VT-35-0381
96784,VTWIN+WPS,2,WPS-820-54497|VT-18-3129
3023020009,PU+VTWIN,2,VT-18-3693|DS223731
28322,WPS,2,WPS-50-28322|WPS-82-8322
76281,VTWIN,2,VT-32-6281|VT-43-0458
420027,PU+VTWIN,2,16100632|VT-16-0041
DP4G,PU+VTWIN+WPS,3,21200055|WPS-850-08022|VT-32-9620
46472,PU+VTWIN,2,07100033|VT-40-0668
18536,PU+VTWIN,2,10100588|VT-32-8536
201403,PU+WPS,2,12102667|WPS-820-51158
120230,PU+WPS,2,10120161|WPS-820-50513
A922128,PU+VTWIN,2,09240181|VT-10-0320
79059,PU+VTWIN,2,08070011|VT-27-1305
20092,VTWIN,3,VT-25-1122|VT-35-0235|VT-20-0492
201400,PU+WPS,2,12102668|WPS-820-51159
201406,PU+WPS,2,12102662|WPS-820-51156
7060,PU+VTWIN+WPS,3,09320023|WPS-811-07060|VT-37-0799
18014,VTWIN+WPS,3,WPS-132-7060|VT-32-3045|VT-17-0261
260202CK,PU+VTWIN,2,11050041|VT-43-0107
NSAIH01,PU+VTWIN+WPS,3,WPS-850-08655|21201065|VT-32-2223
1221,VTWIN,2,VT-37-1079|VT-30-0727
D330110,PU+VTWIN,2,11070489|VT-42-1232
NFAXH12,PU+VTWIN+WPS,3,21201165|VT-32-7026|WPS-850-08992
76276,PU+VTWIN,2,08020887|VT-15-0647
500812,VTWIN,2,VT-52-0812|VT-50-0813
1001,PU+VTWIN,2,09250513|VT-16-0643
52830,PU+WPS,3,WPS-820-0082|06360322|WPS-194-52830
A6003,PU+VTWIN,2,DS194280|VT-17-9853
18753,PU+VTWIN,2,10102479|VT-32-8753
KB272.010,VTWIN+WPS,2,WPS-824-01258|VT-11-2230
BDL1185,PU+VTWIN,2,DS360009|VT-20-0117
170418N,PU+VTWIN,2,16210160|VT-27-0914
770070,PU+VTWIN,2,VT-31-9951|35010159
106A,VTWIN+WPS,2,WPS-57-0106|VT-41-0132
350131,VTWIN,2,VT-37-8787|VT-37-8969
K1662,PU+VTWIN,2,K1662|VT-11-9892
JGI2522536CX,PU+VTWIN,2,09341184|VT-15-1267
144005,PU+VTWIN+WPS,3,11321476|WPS-820-52463|VT-18-0534
77324,VTWIN,2,VT-15-7324|VT-26-0117
762,VTWIN,3,VT-47-2206|VT-42-0700|VT-47-2205
1066068,PU+VTWIN,2,VT-12-5240|09250512
P776005,VTWIN+WPS,2,WPS-820-1963|VT-27-0702
18505,PU+VTWIN,2,10100179|VT-34-0178
F510646ME,PU+VTWIN,2,20401963|VT-50-0046
F510646CE,PU+VTWIN,2,20401964|VT-50-0045
62054,PU+VTWIN,2,07050031|VT-35-9353
E210214K,PU+VTWIN,2,21060248|VT-32-1088
210209GBK,PU+VTWIN,2,21060253|VT-32-1690
T030150,PU+VTWIN,2,07110213|VT-40-0830
76387,PU,2,20300171|08030230
E210214GBK,PU+VTWIN,2,21060250|VT-32-1698
76705F,PU+VTWIN,2,21070053|VT-42-0168
110296K,PU+WPS,2,11070036|WPS-820-2670
70277,VTWIN,2,VT-15-7027|VT-42-0300
JGI3523136,PU+VTWIN,2,DS174892|VT-14-0638
77971,VTWIN,2,VT-15-7971|VT-32-1725
78283,VTWIN,2,VT-15-8283|VT-42-1200
V30HTCBB,PU+WPS,2,06303420|WPS-206-40114
H070574S,PU+VTWIN,2,06102302|VT-26-0973
JGI4584377,PU+VTWIN,2,DS173420|VT-14-0652
241003,PU+WPS,2,06020400|WPS-820-1347C
78587,VTWIN,2,VT-15-8587|VT-17-8084
4731SK2,PU+VTWIN,2,DS360108|VT-20-0623
A3512936,PU+VTWIN,2,VT-12-0918|DS188066
H0707892,PU+VTWIN,2,VT-26-2218|06101873
202036M,PU+VTWIN,2,09262279|VT-11-2313
110050,PU+VTWIN+WPS,4,06580009|WPS-57-10050|VT-31-0338|VT-36-0610
JGI1703478S,PU+VTWIN,2,DS174982|VT-15-1188
E250091BD2,PU+VTWIN,2,VT-32-1866|21130665
JGI1677763,PU+VTWIN,2,DS174479|VT-15-0989
352102,PU+VTWIN,2,24010689|VT-37-9541
216326,PU+VTWIN,2,VT-10-8139|09250113
88461,PU+VTWIN+WPS,3,09310822|WPS-820-51547|VT-11-1195
E250091BT5,PU+VTWIN,2,21130668|VT-32-1910
E250091BT2,PU+VTWIN,2,21130663|VT-32-1907
148138,PU+VTWIN,2,21100205|VT-18-8307
323499,PU+WPS,2,03650046|WPS-232-3499
AH4620,VTWIN,2,VT-33-0141|VT-33-1823
E250091BD9,PU+VTWIN,2,21130797|VT-32-1978
120002,PU+WPS,2,WPS-12-0002|04030165
770044CKNU,PU+VTWIN,2,35010258|VT-31-0818
6482010,VTWIN+WPS,2,VT-11-0177|WPS-865-02032
6482020,VTWIN+WPS,2,VT-11-0178|WPS-865-02033
H070591N,PU+VTWIN,2,06102308|VT-26-0964
6127020,VTWIN+WPS,2,VT-11-0187|WPS-865-02023
792105,PU+WPS,2,21100072|WPS-279-2105
792106,PU+WPS,2,21100073|WPS-279-2106
801004,PU+VTWIN+WPS,3,21100446|VT-32-5118|WPS-280-1004
40120,PU+VTWIN,2,16100526|VT-32-6672
102031,PU+VTWIN,2,21020220|VT-32-0513
120049RW,PU+WPS,2,WPS-820-0386|20300016
103070B,PU+WPS,2,06040235|WPS-812-52401
E250091BD1,PU+VTWIN,2,21130662|VT-32-1846
110042,PU+VTWIN+WPS,3,WPS-57-10042|VT-36-2416|06580005
77432,VTWIN,2,VT-15-7432|VT-24-1063
NM334820802,PU+VTWIN+WPS,3,21200328|WPS-850-08328|VT-32-9687
76722,PU+VTWIN,2,08010745|VT-10-0786
8636,VTWIN+WPS,2,WPS-56-8636|VT-43-0145
512HF,PU+VTWIN,2,17220738|VT-23-4550
201401,PU+WPS,2,12102669|WPS-820-51160
500751B,PU+WPS,2,WPS-812-55001|16202278
BA051211,PU+WPS,2,22110170|WPS-27-5797BK
23145,VTWIN+WPS,2,WPS-820-50573|VT-15-0228
352118,PU+VTWIN,2,24010697|VT-37-9535
H070593,PU+VTWIN,2,06101682|VT-26-0000
MDP3B,PU+VTWIN+WPS,3,21200310|WPS-850-08047|VT-32-6539
352018,PU+VTWIN,2,24010715|VT-37-9533
781212,PU+WPS,2,WPS-830-1181|DS189812
500761,PU+WPS,2,WPS-812-55004|16202281
MCCBR4,VTWIN+WPS,2,WPS-275-01013|VT-32-0436
46468,PU+VTWIN+WPS,3,78053040|WPS-820-32020|VT-23-0582
JGI12026B,PU+VTWIN,2,VT-14-0608|DS194455
NNSEP01,PU+VTWIN+WPS,3,VT-37-1075|11050236|WPS-850-08980
77460,PU+VTWIN,2,21070329|VT-15-7460
C8042T,PU+WPS,2,WPS-830-1061|24010295
B160728MB,PU+VTWIN,2,17010755|VT-23-2357
781114,PU+WPS,2,WPS-830-1180|DS193811
JGI12066,PU+VTWIN,2,VT-14-0665|DS194084
D110307,PU+VTWIN,2,07100284|VT-40-1103
78647,VTWIN,2,VT-32-1845|VT-15-8647
78270,VTWIN,2,VT-15-8270|VT-38-0987
NM334720801,PU+VTWIN+WPS,3,21200319|WPS-850-08312|VT-32-9678
27361,PU+WPS,2,04040307|WPS-830-1164
440520,PU+VTWIN,2,VT-12-1313|11060232
78260,VTWIN,3,VT-15-8260|VT-15-8259|VT-42-0787
61126,VTWIN,2,VT-54-0105|VT-12-1188
304,PU+VTWIN,2,17420046|VT-43-0198
78291,VTWIN,2,VT-42-1192|VT-15-8291
A8905,PU+VTWIN,2,09240586|VT-12-0398
323057,PU+VTWIN,2,07100255|VT-40-0024
H070574SMB,PU+VTWIN,2,06102303|VT-26-0974
84889,PU+VTWIN,2,04140527|VT-24-1243
W160333,PU+VTWIN,2,02140450|VT-37-0041
20358,PU+VTWIN,2,04150051|VT-45-0714
2620491A,PU+VTWIN,2,09320189|VT-12-9929
H0707804,PU+VTWIN,2,06150273|VT-26-2224
NWR110020,PU+WPS,2,21201313|WPS-850-09209
26388,PU+WPS,2,24010913|WPS-830-1106
L216094,PU+VTWIN,2,20010278|VT-33-1245
A25313SET,PU+VTWIN,2,09500364|VT-12-1509
R122RS,PU+VTWIN,2,11320198|VT-12-0341
120201,PU+VTWIN,2,09066316|VT-33-0615
594,PU+VTWIN,2,07060005|VT-8206-9
87972,PU+VTWIN+WPS,3,04140528|WPS-820-52289|VT-24-1378
71541,PU+VTWIN,2,02100356|VT-30-0208
DR3B,PU+VTWIN+WPS,3,21200042|WPS-850-08007|VT-32-9607
030320ABA,PU+VTWIN+WPS,3,07030815|WPS-820-2307|VT-38-1739
A6767B,PU+VTWIN,2,09270008|VT-12-0715
9015,PU+VTWIN+WPS,3,VT-23-9115|WPS-811-09015|18610403
70257,VTWIN,2,VT-32-3103|VT-32-0121
110066,PU+WPS,2,17416839|WPS-57-10066
1703286MLS,PU+WPS,2,09341587|WPS-681-5220
110067,PU+VTWIN+WPS,3,17416845|WPS-57-10067|VT-36-2570
P9658,PU+WPS,2,24010307|WPS-830-1068
0610,PU+WPS,2,WPS-60-1305|08220614
P8815,PU+WPS,2,DS175021|WPS-830-1032
1235,PU+VTWIN,2,09270043|VT-27-0900
JGI12074,PU+VTWIN,2,09350123|VT-14-0696
3026,PU+WPS,2,24010203|WPS-811-03026
354,PU+VTWIN,2,17420109|VT-25-2201
JGI3495575X,PU+VTWIN,2,DS174961|VT-15-1153
2070,PU+WPS,2,09250436|WPS-811-02070
1002,PU+VTWIN,2,09250514|VT-49-0945
4000,PU+WPS,2,09290005|WPS-811-04000
H070601MB,PU+VTWIN,2,06100793|VT-26-0010
ST80082,VTWIN,2,VT-33-1096|VT-33-1036
4061,PU+WPS,2,09290018|WPS-811-04061
5607,PU+VTWIN,2,10103342|VT-27-0230
3075,PU+WPS,2,07100272|WPS-85-03075
3048,PU+WPS,2,24010816|WPS-811-03048
7088,PU+VTWIN,2,09251061|VT-17-0097
5523,PU,2,10103149|17411033
600,PU+WPS,4,07110063|DS305504|WPS-571-6110|21200547
JGI1705499,PU+VTWIN,2,VT-15-1350|20112101
76716,PU+VTWIN,2,08010769|VT-26-0415
2020412,PU+WPS,2,24010578|WPS-191-57096
1008,PU+WPS,2,09250429|WPS-132-7015
3033,PU+VTWIN,2,24010874|VT-31-4186
352100,PU+VTWIN,2,24010688|VT-37-9545
PCC1311,PU+VTWIN,2,12040112|VT-20-4022
NU3426,PU+VTWIN,2,VT-34-0984|DS289514
1000,PU+VTWIN,2,09250670|VT-23-0437
1217,PU+VTWIN,2,09300237|VT-34-2706
JGI3680187X,PU+VTWIN,2,DS174539|VT-15-1230
5421,PU,2,10103135|06510416
352015,PU+VTWIN,2,24010712|VT-37-9532
20049,VTWIN+WPS,2,VT-32-0354|WPS-85-1036
53129,PU+VTWIN+WPS,3,06360267|WPS-194-53129|VT-31-0737
P101407,PU+WPS,2,24010277|WPS-830-1038
3042,PU+WPS,2,24010813|WPS-811-03042
A4356035A,PU+VTWIN,2,02130387|VT-12-0720
GBDU003,PU+WPS,2,17104923|WPS-17-DU003
MDP6B,PU+VTWIN+WPS,3,VT-32-6540|WPS-850-08049|21200397
NA1740562,PU+VTWIN+WPS,3,VT-32-6541|WPS-850-08119|21200401
78636,VTWIN,2,VT-28-0667|VT-15-8636
3303176L,PU+VTWIN,2,DS174297|VT-17-6010
24761,PU+VTWIN,2,DS194273|VT-10-0631
700000,PU+WPS,2,WPS-70-7000|11070647
8960,PU+VTWIN,2,11200242|VT-7134-8
1370,PU,2,DS199555|09250748
1020,PU+VTWIN+WPS,4,DS325780|WPS-85-01020|VT-17-1020|09250673
1747,PU+VTWIN,2,02140838|VT-32-7126
8600,PU+VTWIN,2,11030064|VT-17-2147
8611,PU+VTWIN,2,11030066|VT-17-2149
8612,PU+VTWIN,2,11030067|VT-17-2150
P104808,PU+WPS,2,24011001|WPS-830-1090
2401780,PU+VTWIN,2,DS198836|VT-12-0610
77445,VTWIN,2,VT-22-1679|VT-15-7445
7003,VTWIN,2,VT-22-0965|VT-11-0109
24621,PU+VTWIN,2,DS194369|VT-10-0634
24561,PU+VTWIN,2,DS194107|VT-10-0645
E210218,PU+VTWIN,2,21060548|VT-32-0451
5401,PU+VTWIN,3,19010419|10102831|VT-33-5401
24741,PU+VTWIN,2,DS194272|VT-10-0630
3303180,PU+VTWIN,2,DS174298|VT-17-6020
71188,VTWIN,2,VT-40-1188|VT-30-0112
62141,PU+VTWIN,2,VT-14-0701|13040340
O390303Z,PU+VTWIN,2,24011601|VT-37-1087
5810,VTWIN+WPS,2,WPS-57-05810|VT-16-1184
8020,PU+WPS,2,WPS-56-8020|24010127
73101,PU+VTWIN,2,VT-46-0124|21020484
3067,PU+VTWIN,2,24011102|VT-30-1915
H070595NMB,PU+VTWIN,2,06102318|VT-26-0969
40039,PU+WPS,2,20402028|WPS-820-27502
JGI6054706K,PU+VTWIN,2,09341201|VT-15-1264
JGI1704292X,PU+VTWIN,2,09341726|VT-15-1359
NA14803500,PU+VTWIN+WPS,3,21200417|WPS-850-08152|VT-32-8032
JGI1677084A,PU+VTWIN,2,DS174924|VT-15-0414
JGI1704798,PU+VTWIN,2,DS173219|VT-15-1235
JGI2522570K,PU+VTWIN,2,DS173319|VT-15-0871
O390302Z,PU+VTWIN,2,24011600|VT-37-1086
JGI92FLHR,PU+VTWIN,2,DS173382|VT-15-1226
JGI3490194K,PU+VTWIN,2,DS174952|VT-15-0875
105125G,PU+WPS,2,WPS-812-52313|04040566
120025,PU+VTWIN+WPS,3,VT-33-0407|WPS-12-0250|24010390
JGI1677766SX,PU+VTWIN,2,DS174980|VT-15-1122
JGI1703890,PU+VTWIN,2,DS173315|VT-15-0847
JGI54XL,PU+VTWIN,2,DS173407|VT-15-0849
JGI81FL,PU+VTWIN,2,DS173374|VT-15-0854
JGI1795548FL,PU+VTWIN,2,DS194493|VT-14-0667
NCBH01C,PU+VTWIN+WPS,3,VT-32-1917|21200973|WPS-850-08654
JGI1735884A,PU+VTWIN,2,DS174413|VT-15-1002
JGI1704192A,PU+VTWIN,2,DS174532|VT-15-0808
JGISE1,PU+VTWIN,2,DS174743|VT-15-1075
JGI4584975,PU+VTWIN,2,DS174785|VT-14-0041
JGI4584971,PU+VTWIN,2,DS174787|VT-14-0039
JGI12050K,PU+VTWIN,2,DS174907|VT-15-1166
JGI3523039K,PU+VTWIN,2,DS174909|VT-15-1164
JGI11133V2,PU+VTWIN,2,DS194458|VT-14-0671
JGI6111177,PU+VTWIN,2,DS174516|VT-15-1066
28021M,VTWIN,2,VT-11-0163|VT-11-1735
500748B,PU+WPS,2,WPS-812-02134|16030389
204171R,PU+VTWIN,2,09260126|VT-11-6018
202121,PU+WPS,2,09260319|WPS-191-57052
323056,PU+VTWIN,2,VT-40-0023|07100254
202036C,PU+VTWIN,2,09261983|VT-11-0979
346,PU+VTWIN,2,VT-25-3460|17420369
202021M,PU+VTWIN,2,09262267|VT-11-2301
202029M,PU+VTWIN,2,09262273|VT-11-2307
202064M,PU+VTWIN,2,09262290|VT-11-2334
2022100,PU+VTWIN,2,09263309|VT-11-2337
2022550,PU+VTWIN,2,09263316|VT-11-2026
2020810,PU+WPS,2,09230367|WPS-191-57083
204322,PU+WPS,2,09260761|WPS-191-57039
2020132,PU+VTWIN+WPS,3,09260802|WPS-191-27003S|VT-13-2085
202210,PU+VTWIN,2,09260799|VT-13-2210
204321,PU+VTWIN+WPS,3,DS199765|WPS-191-57004|VT-11-1020
10SC541,PU+WPS,2,09260324|WPS-191-57095
NTBW32700050A,PU+VTWIN+WPS,3,WPS-850-08212|VT-36-0794|21300349
202332C,PU+VTWIN,2,09260707|VT-11-1041
202034,PU+WPS,2,09261981|WPS-191-57021
202038,PU+VTWIN,2,09261984|VT-11-0964
202056C,PU+VTWIN+WPS,3,09261991|WPS-191-57049C|VT-11-1001
202068C,PU+VTWIN,2,09262004|VT-11-1009
202039M,PU+VTWIN,2,09262281|VT-11-2315
202054M,PU+VTWIN,2,09262285|VT-11-2329
202062C,PU+VTWIN+WPS,3,09260758|WPS-191-57023C|VT-11-1005
510054,PU+VTWIN,2,09260774|VT-11-2021
2022150,PU+VTWIN,2,09263310|VT-11-2024
200645,PU+VTWIN,2,09230468|VT-10-0765
202132,PU+WPS,2,09260722|WPS-191-57031
202133,PU+WPS,2,09260726|WPS-191-57032
202061C,PU+VTWIN+WPS,3,09260756|WPS-191-57014C|VT-11-1004
202028C,PU+VTWIN,2,09261978|VT-11-0972
204194,PU+VTWIN+WPS,3,VT-11-6001|DS198971|WPS-191-17003
202029C,PU+VTWIN,2,09261980|VT-11-0973
202022M,PU+VTWIN,2,09262268|VT-11-2302
202033M,PU+VTWIN,2,09262277|VT-11-2311
202038M,PU+VTWIN,2,09262280|VT-11-2314
710114,PU+WPS,2,09263205|WPS-191-37021
2022400,PU+VTWIN,2,09263313|VT-11-2338
160042,PU+VTWIN+WPS,4,VT-28-0418|WPS-820-2691|VT-28-0416|07100084
76981,PU+VTWIN,2,08010843|VT-44-0404
204169,PU+VTWIN,2,DS198973|VT-11-6014
MDR3B,PU+VTWIN+WPS,3,21200311|WPS-850-08041|VT-32-6537
160903,PU+VTWIN,2,22120104|VT-33-2026
SPC012,PU+VTWIN,2,24040048|VT-37-0462
JGI1705305X,PU+VTWIN,2,09341595|VT-15-1340
JGI6056790F,PU+VTWIN,2,09342120|VT-15-1421
BA072010,PU+WPS,2,22120892|WPS-28-61050
78500,VTWIN,2,VT-47-0372|VT-15-8500
BA053001,PU+WPS,2,22120788|WPS-28-61007
BA053111,PU+WPS,2,22120815|WPS-28-61009
BA051221,PU+WPS,2,22110171|WPS-27-5798S
BA050907,PU+WPS,2,22100496|WPS-28-61013
70008,PU+VTWIN,2,24040633|VT-45-0336
466002,PU+VTWIN+WPS,4,VT-35-1889|VT-35-1068|WPS-22-66002|10500451
310010,PU+VTWIN,2,310010|VT-10-0030
PCC128,PU+VTWIN,2,12040129|VT-20-0479
PS750,PU+VTWIN,2,22145003|VT-19-0569
DEI2113EB,PU+WPS,2,14010986|WPS-827-05060
PCC136118,PU+VTWIN,2,12040119|VT-20-4004
86265,PU+VTWIN,2,17310416|VT-23-1825
102028,PU+VTWIN+WPS,3,21020213|VT-32-7573|WPS-820-60405
120012,PU+VTWIN+WPS,4,120012|WPS-12-0012|VT-33-0504|04030176
2020920,PU+WPS,2,09262947|WPS-191-17035
BDLSPC13320,PU+VTWIN,2,12040053|VT-20-0787
2076,PU+WPS,2,09240239|WPS-811-02076
191319,PU+VTWIN+WPS,3,12102670|WPS-820-54693|VT-19-0607
C9147,PU+VTWIN+WPS,3,09341207|WPS-68-9147|VT-15-1514
MC200,VTWIN+WPS,2,WPS-62-5110|VT-41-1036
202130C,PU+VTWIN+WPS,3,09260717|VT-11-1188|WPS-191-57029C
50820,PU+WPS,2,10102701|WPS-194-50820
JGI11377K,PU+VTWIN,2,VT-15-1273|09350107
BA077400,PU+WPS,2,22120905|WPS-28-61020
JGI1705405,PU+VTWIN,2,09341718|VT-15-1353
20309,VTWIN+WPS,2,VT-25-0052|WPS-830-0315
77598,PU+VTWIN,2,08210991|VT-15-0538
103070TIN,PU+WPS,2,06040238|WPS-812-52400
NTI45TRI,PU+WPS,2,WPS-850-09231|20500504
NU3413,PU+VTWIN,2,DS289504|VT-34-0905
H070592,PU+VTWIN,2,06100794|VT-26-0952
EV180,PU+VTWIN,2,VT-20-0930|DS360404
C6132T,PU+WPS,2,24010288|WPS-830-1065
JGI1703140,PU+VTWIN,2,DS173367|VT-15-1182
105420,PU+WPS,2,04040626|WPS-812-52320
C8041T,PU+WPS,2,WPS-830-1060|24010294
H070591,PU+VTWIN,2,06100790|VT-26-0325
986924,PU+WPS,2,19133009|WPS-830-1194
NMLRT01,VTWIN+WPS,2,WPS-850-08125|VT-16-1618
600034AK,VTWIN+WPS,2,VT-34-6023|WPS-820-0813
78276,VTWIN,2,VT-40-0051|VT-15-8276
NMCON04P,PU+WPS,2,WPS-850-08213|21201210
83445,PU+VTWIN,2,17010180|VT-23-3051
9042,PU+VTWIN,2,22120610|VT-23-9142
JGI3303041,PU+VTWIN,2,DS173370|VT-15-1418
A3414036,PU+VTWIN,2,DS194214|VT-17-0135
6311CRK,PU+WPS,2,07050033|WPS-274-0503
258120,PU+VTWIN,2,DS199403|VT-17-8120
102110TIN,PU+WPS,2,WPS-812-02115|06401670
A10998,PU+VTWIN,2,11320286|VT-12-0951
ND15497399,PU+WPS,2,21201212|WPS-850-08215
6521,PU+WPS,2,WPS-82-96349|18011302
6478B,PU+WPS,2,WPS-82-96397|18002293
1023030024,PU+VTWIN,2,DS223987|VT-36-1504
61022,PU+VTWIN,2,16201482|VT-45-0109
110015,VTWIN,2,VT-36-0408|VT-40-0015
NTBWX12,PU+VTWIN,2,21200246|VT-32-1206
76782,PU+VTWIN,2,08020530|VT-23-0969
76388,PU+VTWIN,3,08020325|20300172|VT-33-0460
78138,PU+VTWIN,2,VT-17-9989|DS189967
352116,PU+VTWIN,2,VT-37-9534|24010696
DSK61,PU+VTWIN+WPS,3,DSK61|WPS-133-3003|VT-32-0801
6311CRL,PU+WPS,2,21070000|WPS-274-0508
112339P,PU+VTWIN,2,10030196|VT-35-0150
193090,PU+VTWIN,2,12010105|VT-20-3090
204329C,PU+WPS,2,09262031|WPS-191-57064C
2021018K,PU+WPS,2,09263019|WPS-191-17045
IN250,PU+VTWIN,2,VT-20-0935|DS360424
H070591SMB,PU+VTWIN,2,06102311|VT-26-0978
62072RS,PU+VTWIN,2,11060010|VT-12-0587
IN750,PU+VTWIN,2,VT-20-0937|DS360426
77002,VTWIN+WPS,2,VT-31-0845|WPS-276-02080
102032,PU+VTWIN,2,21020219|VT-32-0514
V30HTCHH,PU+WPS,2,06303424|WPS-206-40118
120009,WPS,2,WPS-820-50530|WPS-12-0009
70289,VTWIN,2,VT-32-3093|VT-17-0900
40353,PU+VTWIN,2,20101497|VT-73-353
105410G,PU+WPS,2,04040625|WPS-812-52319
105420G,PU+WPS,2,04040628|WPS-812-52322
81000,PU,2,10102102|07100281
A6750,PU+VTWIN,2,11060021|VT-10-1257
102120TIN,PU+WPS,2,06401673|WPS-812-02120
70263,PU+VTWIN,2,21070303|VT-37-7032
102100,PU+WPS,2,06401665|WPS-812-02110
2021045,PU+VTWIN+WPS,3,WPS-191-58016|VT-11-1101|24011107
GB053170,PU+WPS,2,17220973|WPS-17-53170
030026B,PU+VTWIN,2,07030431|VT-38-0539
190388,PU+VTWIN,2,78050076|VT-42-0453
78112,PU+VTWIN,2,14050085|VT-32-1402
291321,PU+VTWIN,2,16021508|VT-21-1344
C320431B,PU+VTWIN,2,05100216|VT-27-1032
C770078,PU+VTWIN,2,15100157|VT-50-1210
080070,VTWIN+WPS,2,VT-16-1729|WPS-57-8070
40375,PU+VTWIN,2,10102896|VT-73-375
3303176E,PU+VTWIN,2,DS174296|VT-17-6009
286113,PU+VTWIN,2,08200010|VT-13-9236
H070593N,PU+VTWIN,2,06102321|VT-26-0970
78658,VTWIN,2,VT-14-8658|VT-33-1943
76712,PU+VTWIN,2,08010765|VT-39-0730
NHCXMB15,PU+VTWIN,2,21200224|VT-32-6655
C9976,PU+VTWIN,2,09341662|VT-15-1375
202120C,PU+VTWIN+WPS,3,09260716|WPS-191-57051C|VT-11-1182
A2465887,PU+VTWIN,2,09240267|VT-10-1283
102120,PU+WPS,2,06401671|WPS-812-02116
420107,PU,2,02130559|16230560
96781,VTWIN+WPS,2,VT-37-6781|WPS-820-54495
JGI11133FLH,PU+VTWIN,2,DS194486|VT-14-0669
H0707802,PU+VTWIN,2,06100586|VT-26-2220
7812,VTWIN,2,VT-28-0150|VT-43-0233
H0707891,PU+VTWIN,2,06101872|VT-26-2239
JGI1677648XF,PU+VTWIN,2,09343141|VT-15-1440
1013040009,PU+VTWIN,2,DS223911|VT-36-0709
17923,PU+VTWIN,2,18000448|VT-32-9060
6291CH,PU+VTWIN,2,DS390213|VT-35-9094
202050M,PU+VTWIN,2,09262282|VT-11-2326
7061,PU+VTWIN+WPS,3,09320024|WPS-811-07061|VT-54-0410
84517,PU+VTWIN,2,17020124|VT-23-0276
JGI6054706F,PU+VTWIN,2,09341626|VT-15-1417
F510645M,PU+WPS,2,20400587|WPS-820-0401
76244,PU+VTWIN,2,VT-34-0394|08020520
JGI1747538,PU+VTWIN,2,DS174414|VT-14-0620
JGI3774167K,PU+VTWIN,2,DS174456|VT-15-1238
334249,PU+VTWIN,2,09320128|VT-12-9909
901914,PU,2,09344753|06016154
73100,PU+VTWIN,2,21020483|VT-46-0117
B160723MB,PU+VTWIN,2,17010696|VT-23-2353
200210,PU+WPS,2,DS189140|WPS-812-02040
212267,PU+VTWIN,2,09250293|VT-10-2267
3532238,PU+VTWIN,2,DS194252|VT-10-0738
NU3412,PU+VTWIN,2,VT-34-0904|DS289502
JGI2541699KT,PU+VTWIN,2,11050038|VT-15-1384
76969,PU+VTWIN,2,08010845|VT-16-0118
79067,PU+VTWIN,2,08050028|VT-50-0353
2024450,PU+VTWIN,2,35500438|VT-31-1582
2021021,PU+VTWIN+WPS,3,09262957|WPS-191-57071|VT-11-1221
420100,PU+VTWIN,3,11060081|VT-12-1305|16230555
77412,VTWIN,2,VT-15-7412|VT-49-4133
2041951,PU+VTWIN,2,09260782|VT-11-6016
NHD69200722,PU+VTWIN+WPS,3,21200894|WPS-850-08792|VT-32-5060
BA053011,PU+WPS,2,22120789|WPS-28-61006
SPC023,PU+VTWIN,2,24040055|VT-37-0466
NHD7023304A,PU+VTWIN,2,21201237|VT-32-2228
301711,PU+VTWIN,2,09401179|VT-42-1082
258080,PU+VTWIN,2,DS199402|VT-17-8080
V30HTCBZ,PU+WPS,3,06303422|WPS-206-40101|WPS-206-40116
A2498300,PU+VTWIN,2,09500224|VT-12-0392
251366,PU+WPS,2,A251366|WPS-22-51366
77685,VTWIN,2,VT-31-1351|VT-31-1353
291137,PU+WPS,2,05100378|WPS-820-0542
DC81,PU+VTWIN,2,DC81|VT-32-8086
3073010013,PU+VTWIN,2,DS223472|VT-18-3695
JGI2707778,PU+VTWIN,2,DS174492|VT-15-1086
302,PU+VTWIN,2,DS098302|VT-43-0359
354128,PU+VTWIN,2,16201333|VT-27-1009
C9690,PU+VTWIN,2,DS172088|VT-15-0477
110069,PU+WPS,2,17416847|WPS-57-10069
H070592SMB,PU+VTWIN,2,06102315|VT-26-1049
JGI1702970A,PU+VTWIN,2,DS173323|VT-15-0803
JGI1702848,PU+VTWIN,2,DS173326|VT-15-0801
20351,PU+VTWIN,2,04150038|VT-45-0409
JGI4573348,PU+VTWIN,2,DS173348|VT-14-0651
JGI1863348D,PU+VTWIN,2,DS173376|VT-15-0926
6331CH,PU+VTWIN,2,DS390285|VT-35-0420
JGI3303170,PU+VTWIN,2,DS173418|VT-15-0836
208650,PU+VTWIN,2,DS199417|VT-17-8501
JGI6386906,PU+VTWIN,2,09341197|VT-15-1275
A35327SET,PU+VTWIN,2,DS194184|VT-17-1132
JGI2707778X,PU+VTWIN,2,DS173446|VT-15-1144
JGI2905988X,PU+VTWIN,2,DS173441|VT-15-1147
81190,VTWIN+WPS,2,WPS-820-51515|VT-35-9356
JGI1795548,PU+VTWIN,2,DS173468|VT-15-1138
H070595MB,PU+VTWIN,2,06101954|VT-26-0005
C770100GB,PU+VTWIN,2,15100319|VT-37-1159
120021,PU,2,120021|04030183
JGI3565279X,PU+VTWIN,2,DS174133|VT-15-1207
D110298,PU+WPS,2,11070324|WPS-820-2629
PV31504,PU+WPS,2,WPS-133-4033|10204288
1091,PU+WPS,2,WPS-85-01091|09251058
JGI2699586A,PU+VTWIN,2,DS174368|VT-14-0624
K1606,PU+VTWIN,2,VT-11-9726|K1606
JGI1677385T,PU+VTWIN,2,DS174404|VT-15-1083
A4329182,PU+VTWIN,2,DS195413|VT-44-2028
JGI3132180,PU+VTWIN,2,DS174442|VT-15-0966
JGI1735386,PU+VTWIN,2,DS174483|VT-15-0991
JGI6583468X,PU+VTWIN,2,DS174746|VT-15-1073
JGI1677648,PU+VTWIN,2,DS174410|VT-15-0986
1013040014,PU+VTWIN,2,DS223917|VT-36-2506
A2558293,PU+VTWIN,2,09240275|VT-10-8536
JGI3495575,PU+VTWIN,2,DS174015|VT-15-0912
JGI3680187A,PU+VTWIN,2,DS174372|VT-15-1051
JGI3602536,PU+VTWIN,2,DS174899|VT-15-1049
JGI1677066X,PU+VTWIN,2,DS174911|VT-15-1011
JGI1677385,PU+VTWIN,2,DS174912|VT-15-1082
JGI3490179,PU+VTWIN,2,DS174958|VT-15-0909
JGI6054036K,PU+VTWIN,2,DS174968|VT-15-0844
JGI1703438,PU+VTWIN,2,DS174975|VT-15-0820
C8014,PU+VTWIN,2,DS193860|VT-37-8985
13401,PU+VTWIN,2,06400490|VT-39-0108
579H.CT,PU+VTWIN,2,17211760|VT-23-1785
JGI3303185,PU+VTWIN,2,DS173243|VT-15-0841
A10991,PU+VTWIN,2,11060082|VT-12-1304
47219,PU,2,17411682|18000752
JGI1735584A,PU+VTWIN,2,DS174411|VT-15-0996
JGI12051,PU+VTWIN,2,DS174342|VT-14-0617
G320323,PU+VTWIN,2,12020069|VT-27-1115
92134,PU+WPS,2,DS193768|WPS-830-1128
2400156,PU+VTWIN,2,DS194073|VT-10-8362
A11046,PU+VTWIN,2,DS188027|VT-12-0961
2020700C,PU+VTWIN+WPS,3,09262015|WPS-191-57011C|VT-11-1063
A2555336,PU+VTWIN,2,DS194166|VT-12-1426
A2398518,PU+VTWIN,2,DS194300|VT-12-0201
24711,PU+VTWIN+WPS,3,DS194276|VT-10-0632|WPS-830-0376
A3533756,PU+VTWIN,2,DS194324|VT-12-0932
JGI12049DL,PU+VTWIN,2,DS194417|VT-14-0615
120075,PU+VTWIN+WPS,3,WPS-57-20075|24010558|VT-33-0434
JGI4537887,PU+VTWIN,2,DS194453|VT-14-0648
JGI4751983A,PU+VTWIN,2,DS194463|VT-14-0659
JGI11101XL,PU+VTWIN,2,DS194488|VT-14-0670
8031,PU+VTWIN,2,VT-25-0431|09250840
980710,PU+WPS,2,DS189701|WPS-830-1116
JGI1677766X,PU+VTWIN,2,DS174983|VT-15-1123
JGI6270252,PU+VTWIN,2,DS174815|VT-15-1158
2020322,PU+VTWIN+WPS,3,09260193|WPS-191-17011|VT-11-6119
204195,PU+VTWIN+WPS,3,DS198970|VT-11-6007|WPS-191-17004
4552,PU+VTWIN,2,VT-31-9943|17411013
JGI3774182K,PU+VTWIN,2,DS174908|VT-15-1165
212020,PU+VTWIN,2,DS199302|VT-10-2020
298140,PU+VTWIN,2,DS199296|VT-10-8140
7272,PU+VTWIN,2,09251620|VT-16-1731
212030,PU+VTWIN,2,DS199303|VT-10-2030
212310,PU+VTWIN,2,DS199317|VT-10-2310
206215,PU+VTWIN,2,DS199426|VT-17-1048
296555,PU+VTWIN,2,DS199453|VT-17-9863
4124013C,PU+VTWIN,2,DS222004|VT-54-2004
111120,PU+VTWIN,2,DS222040|VT-24-2040
3023010013,PU+VTWIN,2,DS223353|VT-18-3250
1013030018,PU+VTWIN,2,DS223578|VT-36-0764
1013030903,PU+VTWIN,2,DS223865|VT-36-2460
1013030901,PU+VTWIN,2,DS223878|VT-36-2462
1013030020,PU+VTWIN,2,DS223881|VT-36-0711
1013030015,PU+VTWIN,2,DS223889|VT-36-0717
1013040005,PU+VTWIN,2,DS223905|VT-36-2491
DC112,PU+VTWIN,2,21020024|VT-32-9342
202058C,PU+VTWIN,2,09261992|VT-11-1002
77837,VTWIN,2,VT-15-7837|VT-31-0828
A2634954,PU+VTWIN,2,09320033|VT-12-1450
JGI68FL,PU+VTWIN,2,DS173409|VT-15-0852
JGI4592773,PU+VTWIN,2,DS194457|VT-14-0655
JGI6053885KF,PU+VTWIN,2,09344612|VT-15-1335
70203,VTWIN,2,VT-32-3070|VT-28-0201
JGILINKERT,PU+VTWIN,2,DS289108|VT-15-1102
40374,PU+VTWIN,2,20101500|VT-73-374
801014,PU+WPS,2,21100248|WPS-280-1014
62139,PU+VTWIN,2,16010208|VT-37-9129
JGI2624541,PU+VTWIN,2,DS174480|VT-15-0126
4124029C,PU+VTWIN,2,DS310087|VT-54-0087
JGI2541482DL,PU+VTWIN,2,DS194454|VT-14-0622
08100696,VTWIN+WPS,2,VT-16-1794|WPS-56-1138
ILL01D,VTWIN+WPS,2,VT-33-1192|WPS-850-09018
78466,VTWIN,2,VT-15-8466|VT-27-1003
H170513T,VTWIN+WPS,2,VT-28-0645|WPS-820-1708
300,PU+WPS,2,DS098300|WPS-571-6101
75031,PU+VTWIN,2,VT-44-0329|DS190919
70130,VTWIN,2,VT-32-7130|VT-42-0301
8004,PU,2,09320086|11010029
A2555236,PU+VTWIN,2,DS194165|VT-12-1425
11328,PU+VTWIN+WPS,3,WPS-817-01843|11328E|VT-50-0944
76181,PU+VTWIN,3,08020485|VT-34-0365|DS193004
790TD6X2,PU+VTWIN,2,DS245274|VT-40-0581
BDL371442,PU+VTWIN,2,DS360013|VT-20-0104
3517,PU+VTWIN,2,DS3517|VT-28-3517
TPS28,PU+VTWIN,2,DS360046|VT-20-0650
4731SE4,PU+VTWIN,2,DS360106|VT-20-0625
76107,PU+VTWIN,2,08030305|VT-33-0387
TP30,PU+VTWIN,2,DS360165|VT-20-0704
TP32,PU+VTWIN,2,DS360167|VT-20-0661
202120,PU+WPS,3,DS375744|WPS-191-57051|09260318
6391CH,PU+VTWIN+WPS,3,DS390237|WPS-274-0502|VT-35-9087
K2806,PU+VTWIN,2,09031680|VT-11-9987
76240,PU+VTWIN,2,08020516|VT-15-0671
1703291MLS,PU+VTWIN+WPS,3,WPS-681-5218|VT-15-1368|09341588
SS1C,PU+VTWIN+WPS,3,DS391662|VT-35-0519|WPS-274-0506
2020555,PU+VTWIN,2,VT-11-6126|09262871
76106,PU+VTWIN,2,08030304|VT-33-0383
2020699C,PU+WPS,2,09262012|WPS-191-57059C
8413,VTWIN,2,VT-27-1209|VT-34-1102
78025,PU+VTWIN,2,DS265502|VT-50-1509
JGI2522593,PU+VTWIN,2,DS174386|VT-15-0930
11330,PU+VTWIN+WPS,3,WPS-817-01844|11330E|VT-45-0735
99001,PU+VTWIN+WPS,3,VT-52-0967|24010679|WPS-276-02200
JGI11293TC,PU+VTWIN,2,DS173247|VT-14-0686
79104,PU+VTWIN,2,DS900232|VT-43-2167
053590,PU+WPS,2,06102259|WPS-820-54376
DP12B,PU+VTWIN+WPS,3,21200062|WPS-850-08027|VT-32-9627
19145,VTWIN,2,VT-50-9145|VT-21-0475
292245,PU+VTWIN,3,DS193851|VT-11-9224|VT-44-0594
4062,PU+WPS,2,09290022|WPS-811-04062
P80150,PU+WPS,2,WPS-830-1052|DS190136
NTBW4201,PU+VTWIN+WPS,3,21200343|WPS-850-08757|VT-32-6651
NTI45,PU+WPS,2,20101358|WPS-850-09079
NHCXMB04,PU+VTWIN,2,21200221|VT-32-6652
ILLCBC,PU+VTWIN+WPS,3,20500247|WPS-850-09032|VT-33-1196
NTSX3601,PU+VTWIN,2,21200629|VT-32-3601
76738,PU+VTWIN,2,08011062|VT-25-0985
8196,PU+VTWIN,2,21030188|VT-33-8196
2115,PU+VTWIN+WPS,3,BPR5EIX11|WPS-2-BPR5EIX-11|VT-29-2115
77813,VTWIN,2,VT-24-1764|VT-15-7813
THICKYOEM14LC,PU+WPS,2,14011009|WPS-827-05424
TALONOEM14LC,PU+WPS,2,14011016|WPS-827-05399
TALON2314LC,PU+WPS,2,14011019|WPS-827-05390
DEIOEM14LC,PU+WPS,2,14011025|WPS-827-05079
JGI1702836,PU+VTWIN,2,DS174965|VT-15-0800
1824,PU+VTWIN,2,09290043|VT-10-1824
20400,PU+WPS,2,15101073|WPS-830-0344
DDKS08OEMR,PU+WPS,2,22010167|WPS-827-05047
SG1,PU+VTWIN,3,DS360157|VT-20-0933|VT-35-1807
50191,VTWIN,2,VT-40-0788|VT-25-5019
11324,PU+VTWIN+WPS,4,11324E|WPS-681-4275|VT-45-0927|WPS-817-01841
NM334824001,PU+VTWIN+WPS,3,21200326|WPS-850-08324|VT-32-9685
77467,VTWIN,2,VT-15-7467|VT-28-0054
HZ030002,PU+WPS,2,21201391|WPS-28-61026
2390980,PU+VTWIN,2,DS194190|VT-10-8318
290,PU+VTWIN,2,DS098290|VT-37-0747
070655,VTWIN,2,VT-26-0328|VT-22-0378
77625,PU+VTWIN,2,35010977|VT-42-0187
11332,PU+VTWIN+WPS,3,11332E|VT-45-0922|WPS-817-01798
76248,PU+VTWIN,2,08020524|VT-33-0215
NM330121002,PU+VTWIN+WPS,3,21200341|VT-32-9701|WPS-850-08301
DEI2313EB,PU+WPS,2,14011036|WPS-827-05066
DDKS08OEMB,PU+WPS,2,22010188|WPS-827-05045
18744,PU+VTWIN,2,VT-32-8744|10102475
DUTY50%,VTWIN,15,VT-40-0847|VT-37-0036|VT-40-1424|VT-42-0871|VT-16-0333|VT-50-2016|VT-50-1235|VT-40-1295|VT-9682-5T|VT-18-3614|VT-23-0448|VT-24-0250|VT-28-1952|VT-33-1064|VT-34-1468
78476,VTWIN,2,VT-15-8476|VT-33-1680
JGI4751972,PU+VTWIN,2,DS194459|VT-14-0658
JGI3774182A,PU+VTWIN,2,DS194468|VT-14-0646
500747,PU+WPS,2,16100676|WPS-812-02130
909109B,PU+WPS,2,20201541|WPS-812-02103
77403,VTWIN,2,VT-15-7403|VT-9669-9T
76714,PU+VTWIN,2,08010767|VT-36-0959
JGI1705205,PU+VTWIN,2,09341592|VT-15-1344
3200361,PU+VTWIN,2,09210524|VT-10-3504
B160732MB,PU+VTWIN,2,17010777|VT-23-2367
40288,VTWIN,2,VT-37-4288|VT-36-1608
203950,PU+WPS,2,DS288819|WPS-812-02070
201407,PU+WPS,2,12102663|WPS-820-51155
7089,PU+VTWIN,2,09251062|VT-17-0123
500747TIN,PU+WPS,2,16100678|WPS-812-02132
2020709,PU+WPS,2,09262020|WPS-191-57061
296330,PU+VTWIN,2,DS199451|VT-17-9858
A2400172,PU+VTWIN,2,VT-10-0415|09220133
7196,PU+VTWIN,2,09251255|VT-12-0365
202240B,PU+WPS,2,11070252|WPS-812-02061
33254,PU+VTWIN,2,VT-40-0903|06500401
50192,VTWIN,2,VT-40-0905|VT-25-2290
909109,PU+WPS,2,20201540|WPS-812-02102
NA14803490,PU+VTWIN+WPS,3,21200409|WPS-850-08144|VT-32-8033
600259,PU,2,10103403|DS326641
A3679384,PU+VTWIN,2,11320701|VT-18-8266
103423,PU+WPS,2,DS222842|WPS-812-02016
4070,PU+WPS,2,09280010|WPS-811-04070
7070,PU+WPS,2,09320027|WPS-811-07070
7071,PU+WPS,2,09320069|WPS-811-07071
7076,PU+VTWIN+WPS,3,09320071|WPS-811-07076|VT-23-1732
8037,PU+VTWIN,2,09320193|VT-27-1056
600239,PU,2,DS325758|10103239
203950B,PU+WPS,2,10101321|WPS-812-02071
A3462875,PU+VTWIN,2,11060087|VT-17-1189
77434,VTWIN,2,VT-15-7434|VT-35-0954
2030,PU+VTWIN,2,09345984|VT-29-2030
339199,VTWIN+WPS,2,VT-44-0801|WPS-820-54127
75632,PU+VTWIN,2,08220098|VT-27-0503
1311CH,PU+VTWIN,2,DS390231|VT-35-9083
71103,PU+VTWIN,2,10103297|VT-35-7113
1746,PU+VTWIN,2,02140837|VT-32-7144
A35840SET,PU+VTWIN,2,DS194187|VT-17-1133
354129,PU+VTWIN,2,16030286|VT-21-0926
111132,PU+VTWIN,2,DS222057|VT-24-2057
13159,PU+VTWIN,2,06401395|VT-17-9257
20225,PU+VTWIN,2,DS190143|VT-12-9972
NOBPP01,PU+VTWIN+WPS,3,21300101|WPS-850-08789|VT-32-6579
4124012C,PU+VTWIN,2,DS222003|VT-54-2003
4322,PU,2,08200045|06500708
77339,VTWIN,2,VT-15-7339|VT-44-0890
76869,PU+VTWIN,2,08010924|VT-45-0792
76159,PU+VTWIN,2,08040291|VT-15-0625
4096,PU+WPS,2,09280105|WPS-811-04096
7074,PU+VTWIN+WPS,3,09320029|WPS-811-07074|VT-24-0603
H070593MB,PU+VTWIN,2,06101683|VT-26-0001
7020,PU+VTWIN,2,09320196|VT-14-0034
4124006C,PU+VTWIN,2,DS310033|VT-54-0033
400315,PU+VTWIN,2,11060077|VT-12-1311
60200,PU+VTWIN,2,16201777|VT-30-6200
55113,PU+WPS,2,04070057|WPS-22-55113
105125B,PU+WPS,2,04040565|WPS-812-52312
11352,PU+VTWIN+WPS,3,11352E|VT-37-8682|WPS-817-01854
18510,PU+VTWIN,2,10100351|VT-34-0184
202098,PU+VTWIN+WPS,3,DS199771|WPS-191-57086|VT-37-9259
64390,VTWIN,2,VT-52-2041|VT-30-4390
B160687,PU+VTWIN,2,17030085|VT-28-0687
A3408379,PU+VTWIN,2,11060049|VT-13-0131
62071,PU+VTWIN,2,07050055|VT-35-0701
MDP12B,PU+VTWIN+WPS,3,21200312|WPS-850-08051|VT-32-6526
1705499MLS,PU+WPS,2,09341598|WPS-681-4017
JGI1754069X,PU+VTWIN,2,09342189|VT-15-0705
JGI3303105,PU+VTWIN,2,09341618|VT-15-1391
700006,PU+WPS,2,11070651|WPS-70-700006
120020,PU,2,120020|04030182
2041971,PU+VTWIN,2,09260780|VT-11-6108
JGI11125XMS,PU+VTWIN,2,09341183|VT-15-1280
K0008000,PU+WPS,2,21200843|WPS-27-5836
37633,PU+VTWIN,2,17410385|VT-52-1404
791101,PU+WPS,2,791101|WPS-279-1101
NA14803190,PU+VTWIN+WPS,3,21200418|WPS-850-08153|VT-32-9095
K1685,PU+VTWIN+WPS,3,VT-11-9913|K1685|WPS-K1685
78386,VTWIN,2,VT-54-0545|VT-15-8386
110062,PU+VTWIN+WPS,3,WPS-87-10062|17416835|VT-36-0622
DC111,PU+VTWIN,2,21020023|VT-32-9341
102023,PU+WPS,2,21020215|WPS-820-60401
HDEG118,VTWIN,2,VT-51-1093|VT-51-1345
61000673,VTWIN,2,VT-38-0869|VT-38-0532
50334,PU+VTWIN,2,10101603|VT-25-2017
NHD7023302,VTWIN+WPS,2,WPS-850-08774|VT-32-2229
3300718,PU+VTWIN,2,09290085|VT-10-2201
MDR8B,PU+VTWIN+WPS,3,21200393|WPS-850-08044|VT-32-6521
75061,PU+VTWIN,2,VT-26-2171|08021110
T0300A3,PU+VTWIN,2,VT-35-6113|07070077
8412,VTWIN,2,VT-27-1074|VT-27-1075
77841,VTWIN,2,VT-15-8741|VT-16-0407
77707,PU+VTWIN,2,16010514|VT-15-0652
8136,PU+VTWIN+WPS,4,10070005|WPS-133-4013|VT-29-8136|VT-33-8136
7620,VTWIN,2,VT-37-1432|VT-37-0436
JGI1704292SS,PU+VTWIN,2,DS174501|VT-15-1221
62130,PU+VTWIN,2,16210069|VT-37-8917
1702686MLS,PU+VTWIN,2,09341585|VT-15-1366
84261,PU+VTWIN,2,17010178|VT-23-2215
77800,PU+VTWIN,2,16010171|VT-15-7800
2021020,PU+VTWIN+WPS,3,09262955|WPS-191-57070|VT-11-1220
62144,PU+VTWIN,2,44020058|VT-14-0939
202050C,PU+VTWIN+WPS,3,09260759|WPS-191-57001C|VT-11-0996
MDR6B,PU+VTWIN+WPS,3,21200392|VT-32-6538|WPS-850-08043
18498,PU+VTWIN,2,DS288882|VT-34-1128
JGI2700289K,PU+VTWIN,2,DS174381|VT-14-0976
70204,PU+VTWIN,3,21070161|VT-32-7204|VT-21-0901
NO2BP,PU+VTWIN+WPS,3,21201169|VT-32-1930|WPS-850-08990
71516,PU+VTWIN,2,02100403|VT-18-3155
H070603MB,PU+VTWIN,2,06101685|VT-26-0003
H070805MB1,PU+VTWIN,2,06102197|VT-26-2260
160492,PU+VTWIN,2,160492|VT-35-0258
NRARS1,PU+WPS,2,WPS-850-08850|44010274
NSXHRG2,PU+VTWIN+WPS,3,21201148|WPS-850-08830|VT-32-1604
A2555090,PU+VTWIN,2,09250288|VT-10-1314
JGI3303191,PU+VTWIN,2,DS173371|VT-15-0842
JGI3733736,PU+VTWIN,2,DS174474|VT-14-0640
060161,VTWIN+WPS,2,VT-19-0113|WPS-70-6161
JGI2522452A,PU+VTWIN,2,DS174050|VT-15-1078
710074,PU,2,04040571|09260795
*7859,VTWIN,2,VT-37-0720|VT-37-6139
NU3424,PU+VTWIN,2,DS289510|VT-34-0913
2433536,PU+VTWIN,2,VT-10-0758|DS197066
86186,PU+WPS,2,04040314|WPS-820-52466
292140,PU+VTWIN,2,DS193112|VT-11-9866
A9123,PU+VTWIN,2,VT-10-8503|09200072
81080,PU+VTWIN+WPS,3,VT-12-9809|WPS-820-50002|09320304
78284,VTWIN,2,VT-15-8284|VT-42-1202
316203,PU+VTWIN,2,DS194062|VT-12-8002
A3513181,PU+VTWIN,2,DS194181|VT-17-0164
SPC014,PU+VTWIN,2,VT-37-0464|24040050
210037,PU+VTWIN,2,14011094|VT-18-3334
B160921,PU+VTWIN,2,17020740|VT-23-2074
12171,VTWIN,2,VT-34-2171|VT-33-2122
120417M,PU+VTWIN,2,20100778|VT-33-0933
13214,VTWIN,2,VT-37-8704|VT-42-0304
120224,PU+VTWIN,2,20200391|VT-33-0465
053591,PU+WPS,2,06102260|WPS-820-54377
NM334724001,PU+VTWIN+WPS,3,21200316|WPS-850-08308|VT-32-9675
DR4G,PU+VTWIN+WPS,3,21200043|WPS-850-08010|VT-32-9608
998244,VTWIN,2,VT-14-0260|VT-14-0256
212358,PU+VTWIN,2,09250296|VT-10-2358
19132,VTWIN+WPS,2,WPS-865-01201|VT-27-2145
810,PU+WPS,2,WPS-830-6001|12042726
JGI3303106,PU+VTWIN,2,09341619|VT-15-1392
GA030100,PU+WPS,2,20012923|WPS-28-61024
210550,PU+VTWIN+WPS,4,DS194498|35500136|WPS-812-02076|VT-17-6004
5457,PU,2,10103315|09500605
5206,PU+VTWIN+WPS,3,09210938|VT-23-0694|WPS-82-96402
B2102,VTWIN,3,VT-34-0945S|VT-34-0778|VT-34-0780
10480041,VTWIN+WPS,2,VT-18-0542|WPS-827-07013
53136,PU+WPS,3,WPS-194-53136|06360270|06500742
DC64,PU+VTWIN+WPS,3,DC64|WPS-133-1081|VT-32-9264
A11219,PU+VTWIN,2,09500220|VT-12-0215
030320AA,PU+VTWIN,2,07030230|VT-38-0656
1311CHV,PU+VTWIN,2,21070002|VT-35-0166
21409,VTWIN+WPS,2,VT-23-1409|WPS-830-0333
BA051201,PU+WPS,2,22110169|WPS-27-5797S
NM334721201,PU+VTWIN+WPS,3,21200320|WPS-850-08314|VT-32-9679
19265,VTWIN,2,VT-23-2319|VT-50-9265
28022M,VTWIN,2,VT-11-1736|VT-11-0164
K1623,PU+VTWIN,2,K1623|VT-11-9738
78026,PU+VTWIN,2,VT-26-0846|DS265501
87789,VTWIN+WPS,2,VT-39-0617|WPS-820-2734
JGI4751958,PU+VTWIN,2,DS173428|VT-14-0657
B160730MB,PU+VTWIN,2,17010757|VT-23-2361
JGI2625868B,PU+VTWIN,2,DS174428|VT-15-0949
NA14802850,PU+VTWIN+WPS,3,21200415|WPS-850-08150|VT-32-9096
202330,PU+VTWIN,2,09260697|VT-11-1029
105030B,PU+WPS,2,04040500|WPS-812-52305
792104,PU+WPS,2,21100319|WPS-279-2104
13154,PU+VTWIN,2,06401390|VT-18-0169
120416A,PU+VTWIN,2,20100799|VT-33-0930
NWR1910020,PU+WPS,2,21201314|WPS-850-09210
600249,PU,2,10103249|DS326640
C320434,PU+VTWIN+WPS,3,05100183|WPS-820-0513|VT-13-0176
4124035C,PU+VTWIN,2,DS310089|VT-54-0089
A11150,PU+VTWIN,2,DS188032|VT-12-0950
DP2G,PU+VTWIN+WPS,3,21200051|WPS-850-08018|VT-32-9616
BDLSPC13520,PU+VTWIN,2,VT-20-0786|12040057
77353,VTWIN,2,VT-15-7353|VT-34-0843
JGI1678799X,PU+VTWIN,2,DS173540|VT-15-1370
508094,PU+VTWIN,2,DS289935|VT-14-0957
P101501,PU+WPS,2,24010298|WPS-830-1015
JGI2526386F,PU+VTWIN,2,09346490|VT-15-1433
C10181HB030014,PU+WPS,2,09345946|WPS-68-10181-HB-030-014
46778,PU+VTWIN,2,17020121|VT-23-1999
H070789MB2,PU+VTWIN,2,06101875|VT-26-2219
H070595N,PU+VTWIN,2,06102317|VT-26-0968
A2636336,PU+VTWIN,2,DS194223|VT-13-0113
846H.HF,PU+VTWIN,2,17220760|VT-23-1781
3204541,PU+VTWIN,2,05100265|VT-27-0538
A3339136,PU+VTWIN,2,21100362|VT-13-0128
4731TK1,PU+VTWIN,2,DS360109|VT-20-0622
102016,PU+VTWIN+WPS,3,21020397|WPS-820-60416|VT-32-1456
9010,VTWIN+WPS,2,VT-23-9110|WPS-811-09010
13028,PU+VTWIN,2,06400208|VT-28-0748
46469,PU+VTWIN,2,17020122|VT-23-2279
70200,PU+WPS,2,21070157|WPS-820-53221
902212,PU,2,09262921|06016140
120042,PU+VTWIN+WPS,3,WPS-12-0042|07060020|VT-33-0306
2M6482030,VTWIN+WPS,2,WPS-865-02029|VT-11-1371
251691,PU+WPS,2,WPS-22-51691|02150962
6143,PU+VTWIN,2,17103644|VT-30-1902
NRACA1,PU+WPS,2,WPS-850-08851|44010275
117247,PU+VTWIN,2,VT-24-7247|10060318
202062,VTWIN+WPS,2,VT-11-0991|WPS-191-57023
110404,PU+VTWIN,2,VT-35-0005|DS0404
300400,PU+WPS,3,06012845|20201170|WPS-230-0400
2005,VTWIN+WPS,4,VT-32-2013|VT-29-2005|WPS-132-7019|VT-33-0699
1013010004,PU+VTWIN,2,VT-36-2362|06521313
ABIG7B2C,VTWIN+WPS,2,WPS-227-0033|VT-33-1674
40SI,PU+VTWIN,2,VT-20-0907|11200425
B160686,PU+VTWIN,2,17030084|VT-28-0686
150157,PU+VTWIN,2,VT-10-8273|09251168
78850,VTWIN,2,VT-28-0026|VT-39-1873
JGI2607290X,PU+VTWIN,2,VT-15-1205|DS174549
314009,PU,2,09240386|04160111
3300165,PU+VTWIN,2,09250740|VT-10-8166
JGI1677048,PU+VTWIN,2,09342191|VT-15-1008
371030,VTWIN+WPS,2,WPS-820-50843|VT-32-1541
11326,PU+VTWIN+WPS,4,WPS-817-01842|WPS-681-4183|VT-45-0587|11326E
H070591S,PU+VTWIN,2,06102310|VT-26-0977
70280,VTWIN,2,VT-32-3087|VT-17-0901
161620,PU+VTWIN,2,10500352|VT-35-8021
JGI1677086S,PU+VTWIN,2,DS174403|VT-15-0877
77430,VTWIN,2,VT-15-7430|VT-49-0534
28323,WPS,2,WPS-50-28323|WPS-82-8323
CTX30LBSFT,PU+WPS,2,WPS-49-3036|21130782
70283,VTWIN,2,VT-32-3084|VT-17-0906
316295,PU+VTWIN,2,09320150|VT-12-8008
14014,VTWIN+WPS,2,WPS-820-51578|VT-27-0109
77461,VTWIN,2,VT-15-7461|VT-27-1453
241275,VTWIN+WPS,2,WPS-820-54670|VT-19-0299
16200,VTWIN+WPS,2,WPS-132-7010|VT-32-3042
1007EX,VTWIN+WPS,2,WPS-132-7037|VT-32-1007
3008,VTWIN+WPS,2,WPS-132-7041|VT-32-3088
ATS03BF,VTWIN+WPS,2,VT-33-2278|WPS-850-09003
170336,PU+VTWIN,2,10101966|VT-34-1098
A1849278,PU+VTWIN,2,VT-10-0501|09290020
3200359,PU+VTWIN,2,VT-10-3512|09220112
87716,PU+VTWIN+WPS,3,WPS-820-50611|VT-23-1211|17310543
1100099,PU+VTWIN,2,10010043|VT-35-1050
102002,PU+WPS,2,WPS-820-60400|21020226
NWR910020,PU+WPS,2,21201255|WPS-850-09227
NWR410020,PU+WPS,2,21201319|WPS-850-09215
S535,PU+VTWIN,2,VT-11-9777|S535
110470,PU+VTWIN,2,VT-35-9368|10010018
78429,VTWIN,2,VT-35-0123|VT-15-8429
JGI11125XM,PU+VTWIN,2,VT-15-1282|09340943
7502000,WPS,2,WPS-821-2009|WPS-821-2003
7536,PU+VTWIN,2,VT-27-1233|17416260
204170R,PU+VTWIN,2,VT-11-6019|09260127
20010,VTWIN+WPS,3,WPS-562-20210C|VT-51-0004|VT-51-0304
16541,VTWIN+WPS,2,WPS-865-01010|VT-35-9075
A2579177,PU+VTWIN,2,VT-10-0803|DS195007
080220,VTWIN+WPS,2,WPS-57-8220|VT-16-0220
63425,PU+VTWIN,2,VT-42-1156|09401316
78454,VTWIN,2,VT-15-8454|VT-28-0895
72378,VTWIN,2,VT-42-9941|VT-17-0514
565089,PU+VTWIN,2,11200148|VT-17-0465
70301,VTWIN,2,VT-32-3122|VT-15-0158
335064,PU+VTWIN,2,09250418|VT-10-5045
160207,VTWIN+WPS,2,VT-42-0686|WPS-820-2380
770032,PU+VTWIN,2,VT-31-9909|DS110852
2020690C,PU+VTWIN+WPS,3,09262006|WPS-191-57009C|VT-11-1060
298135,PU+VTWIN,2,VT-43-8135|09250072
77425,VTWIN,2,VT-15-7425|VT-21-0932
110420,PU+VTWIN,2,VT-35-0471|10020025
6141SE1,PU+VTWIN,2,VT-20-0615|DS360099
1310,VTWIN+WPS,2,WPS-830-5039|VT-33-2155
78595,VTWIN,2,VT-15-8595|VT-22-1842
CTX24HLBS,PU+WPS,2,WPS-49-2291|21130205
191327,PU+VTWIN+WPS,3,VT-19-0767|12102671|WPS-820-51151
W5731,PU+VTWIN,2,VT-11-9773|W5731
CE85T,VTWIN+WPS,2,VT-32-1280|WPS-273-1133
7080,PU+VTWIN,2,VT-18-3118|09320091
335175,PU+VTWIN,2,DS199321|VT-12-0126
352112,PU+VTWIN,2,VT-37-9539|24010694
JGI1703089X,PU+VTWIN,2,VT-15-1363|09341852
334275,PU+VTWIN,2,DS199532|VT-10-4275
BA035K00HD,PU+WPS,2,WPS-28-61003|22100492
202122M,PU+VTWIN,2,09262303|VT-11-2318
NTBWJ15,PU+VTWIN,2,VT-32-6689|21200839
202124M,PU+VTWIN,2,09262305|VT-11-2320
110401,PU+VTWIN,2,DS0401|VT-35-0001
110402,PU+VTWIN,2,DS0402|VT-35-0002
879410,PU+WPS,2,DS190491|WPS-830-1115
110407,PU+VTWIN,2,DS0407|VT-35-0004
18440,PU+VTWIN,2,VT-34-0192|10101461
70266,PU+VTWIN,2,VT-32-3081|21070308
NMTRT01,VTWIN+WPS,2,WPS-850-08302|VT-16-1619
78275,VTWIN,2,VT-49-0829|VT-15-8275
347004,PU+VTWIN,2,DS194652|VT-10-0260
NDP39000,VTWIN+WPS,2,WPS-850-08411|VT-32-9638
2021012H,PU+VTWIN+WPS,3,09263305|VT-11-1217|WPS-191-17040
63633,VTWIN,2,VT-23-0293|VT-23-0290
AX068K10,PU+WPS,2,WPS-27-5833|06310179
310003,PU+VTWIN,2,DS194305|VT-10-0003
88263,VTWIN+WPS,2,VT-24-1377|WPS-820-52284
78710,VTWIN,2,VT-15-8710|VT-15-1769
C9607F1,PU+VTWIN+WPS,3,09344809|WPS-68-9607F1|VT-15-1310
71061,PU+VTWIN,2,VT-42-0421|10102946
27161,WPS,2,WPS-82-7161|WPS-57-027161
1065896,PU+VTWIN,2,VT-12-0125|09250456
20761,VTWIN+WPS,2,VT-35-0761|WPS-865-01061
18447,PU+VTWIN,3,VT-23-1672|VT-32-8447|10102064
103413,PU+WPS,2,WPS-812-02015|DS221926
210540,PU+WPS,2,WPS-812-02075|35500135
909102,PU+WPS,2,WPS-812-02096|20201319
352065,PU+VTWIN,2,VT-37-9546|24040984
I010150,PU+WPS,2,09342560|WPS-820-0102
28621,WPS,2,WPS-82-8292|WPS-29-1121
A2555436,PU+VTWIN,2,DS194167|VT-12-1427
2059,PU+VTWIN,2,09250753|VT-37-8963
42818,VTWIN+WPS,2,VT-23-0552|WPS-820-32008
A2403470,PU+VTWIN,2,DS196138|VT-10-0444
SPC025,PU+VTWIN,2,24040057|VT-37-0467
NU3423,PU+VTWIN,2,DS289507|VT-34-0911
18741,PU+VTWIN,2,VT-32-8741|10102472
202124C,PU+VTWIN+WPS,3,VT-11-1186|WPS-191-57055C|09260732
JGI3565398,PU+VTWIN,2,DS173192|VT-15-1500
20103,VTWIN+WPS,2,WPS-830-0305|VT-10-0487
21403,VTWIN+WPS,2,WPS-830-0332|VT-23-1403
9026,PU+VTWIN,2,18610578|VT-23-9126
1827,PU+VTWIN,2,VT-10-1827|09290046
71104,PU+VTWIN,2,10103299|VT-35-7114
77482,VTWIN,2,VT-15-7482|VT-38-6555
70393,PU+VTWIN,2,10102919|VT-34-1530
3300017,PU+VTWIN,2,VT-10-5182|09250540
52676,PU+WPS,3,WPS-820-52009|WPS-194-52676|06360523
89450,VTWIN+WPS,2,VT-23-1071|WPS-820-32019
HDEG115,VTWIN,2,VT-51-1221|VT-51-1220
K1608,PU+VTWIN,2,K1608|VT-11-9728
K1624,PU+VTWIN,2,K1624|VT-11-9739
K1626,PU+VTWIN,2,K1626|VT-11-9741
K1605,PU+VTWIN,2,K1605|VT-11-9725
202023C,PU+VTWIN+WPS,3,WPS-191-57044C|VT-11-0969|09260750
715,WPS,2,WPS-830-6000|WPS-571-6122
K1602,PU+VTWIN,2,K1602|VT-11-9722
JGI3490486,PU+VTWIN,2,DS173343|VT-15-1041
16202,VTWIN+WPS,2,WPS-132-7011|VT-32-3044
2006KIT,VTWIN+WPS,2,WPS-132-7038|VT-32-1015
2006,VTWIN+WPS,2,WPS-132-7040|VT-29-2006
3005,PU+VTWIN+WPS,4,WPS-132-7054|WPS-811-03005|VT-32-3015|24010825
1005EX,VTWIN+WPS,2,WPS-132-7077|VT-32-3053
C320435,PU+VTWIN+WPS,3,WPS-820-0514|VT-13-0545|05100184
21054,VTWIN+WPS,3,WPS-132-7091|VT-25-0565|VT-32-1374
40098,PU+VTWIN,2,VT-16-1977|21200902
21062,VTWIN+WPS,3,WPS-132-7092|VT-32-1375|VT-49-1873
33214,PU+VTWIN,2,06500399|VT-45-3214
DC69,PU+VTWIN+WPS,3,WPS-133-1087|VT-32-1085|21020283
DS61,PU+VTWIN+WPS,3,WPS-133-3001|VT-32-7778|DS61
MDP2B,PU+VTWIN+WPS,3,WPS-850-08046|VT-32-6523|21200395
MDP4B,PU+VTWIN+WPS,3,WPS-850-08048|VT-32-6524|21200396
103070R,PU+WPS,2,WPS-812-52402|06040236
110298P,PU+VTWIN,2,11070339|VT-37-0005
36505,VTWIN+WPS,2,VT-52-1421|WPS-28-2030X
4085,PU,2,09280040|BPR6HIX
NDP38060,VTWIN+WPS,2,WPS-850-08403|VT-32-9634
NDP38065,VTWIN+WPS,2,WPS-850-08409|VT-32-9641
FA409,PU+VTWIN+WPS,3,WPS-15-409|VT-23-0998|17220603
H070585SMB,PU+VTWIN,2,06102307|VT-26-0976
H070730N,PU+VTWIN,2,06102325|VT-26-0972
NFMAX40,PU+VTWIN+WPS,3,21300082|WPS-850-08423|VT-32-6566
E210214GB,PU+VTWIN,2,21060251|VT-32-1697
IHL02,VTWIN+WPS,2,WPS-850-09006|VT-33-2216
ILLPROIII,VTWIN+WPS,2,WPS-850-09035|VT-33-2207
A2462399B,PU+VTWIN,2,09240122|VT-12-0754
2020326R,PU+WPS,2,WPS-191-17017|09260196
2020364,PU+WPS,2,WPS-191-27004S|09260184
204320C,PU+VTWIN+WPS,3,WPS-191-57003C|VT-11-1014|09260718
204321C,PU+VTWIN+WPS,3,WPS-191-57004C|VT-11-1015|DS199760
2020700,PU+WPS,2,WPS-191-57011|09262014
2020701,PU+WPS,2,WPS-191-57012|09262016
202060C,PU+VTWIN+WPS,3,WPS-191-57013C|VT-11-1003|09260760
202066C,VTWIN+WPS,2,WPS-191-57026C|VT-11-1008
2020702,PU+VTWIN+WPS,3,WPS-191-57027|09262018|VT-11-1059
2020702C,PU+WPS,2,WPS-191-57027C|09262019
202130,PU+WPS,3,WPS-191-57029|09260320|DS375745
500751,PU+WPS,2,WPS-812-55000|16202277
202131C,PU+VTWIN+WPS,3,WPS-191-57030C|VT-11-1189|09260720
202132C,PU+VTWIN+WPS,3,WPS-191-57031C|VT-11-1190|09260724
500751R,PU+WPS,2,WPS-812-55002|16202279
204322C,PU+VTWIN+WPS,3,WPS-191-57039C|DS199761|VT-11-1016
202052C,PU+VTWIN+WPS,3,WPS-191-57047C|VT-11-0998|09260757
060139,PU+WPS,2,18611636|WPS-70-6139
202123C,PU+VTWIN+WPS,3,WPS-191-57054C|VT-11-1185|09260727
700001,PU+WPS,2,WPS-70-7001|11070664
71033A,VTWIN,2,VT-42-0102|VT-42-1980
3073010090,PU+VTWIN,2,VT-18-8248|DS223763
204329,PU+WPS,2,WPS-191-57063|09262030
764,VTWIN,2,VT-42-0104|VT-47-2202
8080,PU+WPS,2,WPS-56-8080|09251068
2020812,PU+WPS,2,WPS-191-57084|09230368
830704,PU+WPS,2,WPS-191-57087|DS199772
299110,PU+VTWIN,2,VT-17-9110|11060064
202106,PU+VTWIN+WPS,3,WPS-191-57088|09270024|VT-10-2106
202107,VTWIN+WPS,2,WPS-191-57089|VT-10-2107
202108,VTWIN+WPS,2,WPS-191-57090|VT-10-2108
10SC446,PU+WPS,2,WPS-191-57092|09260325
302910,VTWIN+WPS,2,VT-42-0165|WPS-820-51925
3521,PU+WPS,3,WPS-2-CR9EIX|DS3521|CR9EIX
JGI2625868D,PU+VTWIN,2,DS174720|VT-15-0134
11309,PU+VTWIN+WPS,3,11309E|WPS-817-01829|VT-45-0622
H070810MB1,PU+VTWIN,2,VT-26-2264|06110207
221068,PU+WPS,2,WPS-22-1068|04100294
253102,PU+WPS,2,WPS-22-53102|11200217
55119,PU+WPS,2,WPS-22-55119|04070058
H070574B,PU+VTWIN+WPS,3,VT-26-0982|WPS-820-1515B|06130201
281139,PU+WPS,2,WPS-22-81139|13020091
302911,VTWIN+WPS,2,VT-42-0186|WPS-820-51926
64217,VTWIN+WPS,2,WPS-57-064217|VT-51-0059
95840,VTWIN+WPS,2,WPS-57-068569|VT-14-5840
281095,PU+WPS,2,WPS-22-81095|13020084
H070574,PU+VTWIN,2,06100126|VT-26-0780
78574,VTWIN,2,VT-15-8574|VT-38-0020
CM420,VTWIN+WPS,2,WPS-27-M420|VT-48-1707
110041,PU+VTWIN+WPS,3,WPS-57-10041|06580004|VT-36-0992
CM4213,VTWIN+WPS,2,WPS-27-M421|VT-48-1740
JGI3495589X,PU+VTWIN,2,VT-15-1154|DS174960
75312,PU+VTWIN,2,VT-42-0202|08220097
CM253,VTWIN+WPS,2,WPS-27-M253|VT-48-1800
CM418,VTWIN+WPS,2,WPS-27-M418|VT-48-1706
CM4232,VTWIN+WPS,2,WPS-27-M423|VT-48-1759
CM4304,VTWIN+WPS,2,WPS-27-M430|VT-48-1754
3895VM,PU+VTWIN,2,VT-11-9926|09120288
VT2719,PU+VTWIN,2,VT-11-9938|09030791
120425,VTWIN+WPS,2,WPS-820-50574|VT-34-0767
22005,VTWIN+WPS,2,WPS-57-1111|VT-51-0371
NHD3243599,PU+VTWIN+WPS,3,21200818|WPS-850-08771|VT-32-2226
19137,VTWIN+WPS,2,WPS-865-01206|VT-23-0429
C9889,PU+VTWIN+WPS,3,09340744|WPS-68-9889|VT-15-1304
NWR610020,PU+WPS,2,21201322|WPS-850-09218
216321,PU+VTWIN,2,09250112|VT-10-8138
20159,VTWIN,2,VT-25-0991|VT-17-2019
791102,PU+WPS,2,WPS-279-1102|21100320
H070574BB,PU+WPS,2,WPS-820-1516B|06140708
202320C,PU+VTWIN,2,09260698|VT-11-1034
HDEG116,VTWIN,2,VT-51-1222|VT-51-1223
900,VTWIN+WPS,2,WPS-571-6119|VT-16-2131
72651,VTWIN,2,VT-38-0122|VT-27-0094
19134,VTWIN+WPS,2,VT-23-2316|WPS-865-01203
T030151,PU+VTWIN,2,07110214|VT-40-0831
78633,VTWIN,2,VT-14-8633|VT-32-1754
102100TIN,PU+WPS,2,WPS-812-02114|06401667
10105,WPS,2,WPS-576-04288|WPS-78-9829
206589SABLED,VTWIN+WPS,2,WPS-820-0376A|VT-33-3044
76110,VTWIN+WPS,2,WPS-57-6226|VT-38-0326
206220,PU+VTWIN,2,VT-17-8230|DS199415
NDP422,VTWIN+WPS,2,WPS-850-08402|VT-16-0478
200370,VTWIN,2,VT-19-3001|VT-31-0206
170571DB,PU+VTWIN,2,06300268|VT-28-0451
20180,VTWIN+WPS,2,WPS-820-1326C|VT-25-0729
120023,PU+WPS,2,WPS-12-0023|04030184
CHD412,PU+WPS,2,WPS-490-2128|RCHD412
1030,WPS,2,WPS-571-6113|WPS-132-7018
1008EX,VTWIN+WPS,2,WPS-132-7078|VT-32-3056
191202,VTWIN+WPS,2,WPS-820-52651|VT-19-0028
2400739,PU+VTWIN,2,DS194143|VT-10-8323
A33212SET,PU+VTWIN,2,VT-17-9855|11060035
NTBW4202,PU+VTWIN+WPS,3,21200651|WPS-850-08758|VT-32-6687
H070790MB3,PU+VTWIN,2,06150272|VT-26-2228
20050,VTWIN+WPS,3,WPS-562-20230C|VT-51-0327|VT-28-2004
14206,WPS,2,WPS-05-1084|WPS-820-50555
3021,VTWIN+WPS,2,WPS-132-7044|VT-32-3048
1009EX,VTWIN+WPS,2,WPS-132-7079|VT-32-3058
DS62,PU+VTWIN+WPS,3,WPS-133-3002|VT-32-7777|DS62
4124018C,PU+VTWIN,2,DS222009|VT-54-2009
202010,PU+VTWIN,3,09260789|DS202011|VT-11-6072
202110,PU+VTWIN,3,09260800|DS373964|VT-13-2110
2024400,PU+WPS,2,09263458|WPS-191-27027S
2020265,PU+VTWIN,2,09262868|VT-11-6128
2020915,PU+WPS,2,09262946|WPS-191-17034
87758,PU+WPS,2,17020605|WPS-820-32023
BA064902,PU+WPS,2,22100663|WPS-28-61046
312321,PU+VTWIN,2,24010885|VT-37-8951
V30ITWBS,WPS,2,WPS-206-40123|WPS-206-40122
2400130,PU+VTWIN,2,DS194080|VT-10-8314
3200353,PU+VTWIN,2,VT-10-3510|09220111
C9173,PU+VTWIN+WPS,3,WPS-68-9173|VT-15-1326|09341221
106004,PU+VTWIN,2,21020418|VT-32-0778
214045,PU+VTWIN,2,VT-10-4045|09250591
20701,PU+WPS,2,24011120|WPS-830-0319
76312BCS,VTWIN+WPS,2,WPS-274-0714|VT-35-0591
6211CH,PU+VTWIN,2,DS390211|VT-35-9178
MCVOS2,VTWIN+WPS,2,WPS-275-01151|VT-32-9079
202066,PU+VTWIN,2,07110096|VT-11-0994
CM251,VTWIN+WPS,2,VT-48-1810|WPS-27-M251
201409,PU+WPS,2,12102665|WPS-820-51154
2022050,PU+VTWIN,2,09263308|VT-11-2023
6051865DLK,PU+WPS,2,WPS-681-4781|09342119
794002,PU+WPS,2,21100993|WPS-279-2202
6000,PU+WPS,2,WPS-85-06000|18010359
C9688,PU+VTWIN+WPS,3,WPS-68-9688|VT-15-0475|DS172086
105120G,PU+WPS,2,04040541|WPS-812-52308
2020550,PU+VTWIN,2,09262870|VT-11-6125
70261,PU+VTWIN,2,21070301|VT-32-3090
030318AA,PU+VTWIN+WPS,3,07030228|WPS-820-2305|VT-38-1736
370293,PU+WPS,2,08200152|WPS-820-2268
C9886,PU+VTWIN+WPS,3,WPS-68-9886|09340742|VT-15-1302
53128,PU+VTWIN+WPS,3,WPS-194-53128|06360450|VT-32-0432
NWR10910020,PU+WPS,2,WPS-850-09208|21201312
120400,PU+VTWIN,2,20100561|VT-33-0325
10109,WPS,2,WPS-576-04291|WPS-820-51915
20093,VTWIN,3,VT-37-8635|VT-28-0200|VT-25-2280
053326,PU+WPS,2,06100211|WPS-820-54351
202133C,PU+VTWIN+WPS,3,WPS-191-57032C|09260728|VT-11-1191
1705599MLS,PU+VTWIN+WPS,3,WPS-681-4006|09341601|VT-15-1347
206589SRLED,PU+WPS,2,78052070|WPS-820-0370R
210716,PU+WPS,2,19133007|WPS-830-1136
JGI1739307,PU+VTWIN,3,09350371|VT-14-0955|VT-15-1448
11246,VTWIN+WPS,2,WPS-681-4332|VT-52-0026
846H.CT,PU+VTWIN,2,17220761|VT-23-1782
H070605MB,PU+VTWIN,2,06101956|VT-26-0008
161200,PU+VTWIN,2,DS289231|VT-35-0101
1677496XT1,PU+VTWIN+WPS,3,09341583|WPS-681-5334|VT-15-1373
K0216P2,PU+VTWIN+WPS,3,09031582|WPS-K0216P2|VT-11-1321
5020001008,PU+VTWIN,2,DS199218|VT-18-3696
3487341,VTWIN,2,VT-49-0419|VT-49-1722
74012,PU+VTWIN,2,DS243851|VT-24-0142
78570,VTWIN,2,VT-27-0183|VT-27-1131
112906,PU+VTWIN,2,DS289111|VT-35-9185
660325,PU+WPS,2,WPS-70-660325|17412900
2M6127020,VTWIN+WPS,2,VT-11-1365|WPS-865-02018
296550,PU+VTWIN,2,DS199452|VT-17-9861
298130,PU+VTWIN,2,VT-10-8122|DS199075
L226828M,PU+VTWIN,2,20200399|VT-33-1273
P7443,PU+VTWIN,2,DS190693|VT-37-8672
V30HTCGRB,PU+WPS,2,06303426|WPS-206-40120
117246,PU+VTWIN,2,10060317|VT-24-7246
K1609,PU+VTWIN,2,K1609|VT-11-9729
A1745157,PU+VTWIN,2,09270011|VT-12-2116
125001,PU+WPS,2,04110191|WPS-820-51890
120019,PU+VTWIN,2,04030181|VT-33-0301
120049,PU+VTWIN+WPS,3,WPS-12-0049|VT-31-3943|07060038
K2804,PU+VTWIN,2,VT-11-9985|09031678
VRK1,PU+VTWIN,2,VT-35-9290|DS390225
328126,PU+VTWIN,2,03650022|VT-37-8530
A9110,PU+VTWIN,2,09200068|VT-10-8523
1229,PU+VTWIN,3,20010124|VT-34-0175|09300248
298165,PU+VTWIN,2,VT-10-8165|DS199114
BTX5,PU+WPS,2,WPS-810-5003|11311801
2071,PU+WPS,2,WPS-811-02071|09250537
3000,PU+WPS,2,WPS-811-03000|24010128
JGI12053A,PU+VTWIN,2,VT-14-0619|DS194089
4025,PU+WPS,2,WPS-811-04025|09290017
4017,PU+VTWIN+WPS,3,WPS-811-04050|09290072|VT-40-0346
4018,PU+WPS,2,WPS-811-04051|09290073
1900005,PU+VTWIN,2,10500302|VT-35-0548
7000,PU+VTWIN+WPS,3,WPS-811-07000|09320018|VT-23-1727
7001,PU+VTWIN+WPS,3,WPS-811-07001|09320019|VT-23-0113
7050,VTWIN+WPS,2,WPS-811-07050|VT-12-0509
H070585N,PU+VTWIN,2,06102304|VT-26-0962
7062,PU+VTWIN+WPS,3,WPS-811-07062|09320026|VT-54-0412
7072,PU+WPS,2,WPS-811-07072|09320028
7073,VTWIN+WPS,3,WPS-811-07073|VT-24-0522|VT-12-0527
77911,VTWIN,2,VT-12-7911|VT-42-1376
T101,PU+WPS,2,WPS-26-44801|D101
2M6198,VTWIN+WPS,2,VT-11-0160|WPS-865-02013
210209,PU+VTWIN,2,21060224|VT-32-0241
207770,PU+VTWIN,2,DS199414|VT-17-7651
78611,VTWIN,2,VT-15-8611|VT-32-1773
C320436,PU+WPS,2,05100182|WPS-820-0515
A6773,PU+VTWIN,2,09250284|VT-12-0717
010127,PU+WPS,2,09342556|WPS-820-0080
H0708051,PU+VTWIN,2,06102196|VT-26-2259
296900,PU+VTWIN,2,DS199424|VT-17-8238
217460,PU+VTWIN,2,09251166|VT-10-5272
206812CWH,PU+VTWIN,2,20401182|VT-33-2241
290304,PU+VTWIN,2,DS199477|VT-20-0710
294150,PU+VTWIN,2,DS199739|VT-13-9251
27162,VTWIN+WPS,2,WPS-82-7162|VT-24-7162
DP12G,PU+VTWIN+WPS,3,21200061|WPS-850-08028|VT-32-9626
18754,PU+VTWIN,2,10102480|VT-32-8754
010107,WPS,2,WPS-820-0001|WPS-70-11071
320464,PU+WPS,2,WPS-820-0504|05100334
21555,VTWIN+WPS,2,WPS-820-1104|VT-38-1555
21561,VTWIN+WPS,2,WPS-820-1105|VT-38-1561
316172A,VTWIN+WPS,2,WPS-820-1123C|VT-25-1095
200412,PU+VTWIN,2,20010101|VT-33-1300
126015,PU+VTWIN,2,20100563|VT-33-0676
310086S,VTWIN+WPS,2,WPS-820-1151C|VT-25-0658
19131,WPS,2,WPS-865-01200|WPS-820-50540
W150562,PU+VTWIN,2,12010844|VT-28-2261
20252B,VTWIN+WPS,2,WPS-820-1517B|VT-25-1293
110100,PU+WPS,2,K110100|WPS-56-4256
160024,VTWIN+WPS,2,WPS-820-1901|VT-21-0903
120069,PU,2,07060207|17416863
V30HTCBS,PU+WPS,2,06303421|WPS-206-40115
202056,PU+VTWIN,2,07110093|VT-11-0987
71554,PU+VTWIN,2,02100377|VT-27-1563
A2620783,PU+VTWIN,2,DS194207|VT-13-0111
P80110,PU+VTWIN,2,DS096647|VT-37-8517
316275,PU+VTWIN,2,09320149|VT-15-0361
110293K,PU+WPS,2,WPS-820-2667|11070035
2020323R,PU+WPS,2,09260194|WPS-191-17024
190401B,VTWIN+WPS,2,WPS-820-2697|VT-32-1195
120185,PU+WPS,2,WPS-820-50512|10130036
148151,VTWIN+WPS,2,WPS-820-50951|VT-18-1221
105125,PU+WPS,2,04040564|WPS-812-52311
314011,PU,2,04140744|09500885
78444,VTWIN,2,VT-15-8444|VT-33-1565
112355,PU+VTWIN,2,DS289141|VT-35-0421
20763,VTWIN+WPS,2,VT-35-0763|WPS-865-01063
3200351,PU+VTWIN,2,VT-10-3513|09220123
160497,PU+VTWIN,2,10500360|VT-35-0086
112084,PU+VTWIN,2,112084|VT-35-0152
5500502,PU+VTWIN,2,21010346|VT-32-1732
7082,VTWIN+WPS,2,WPS-874-1231|VT-18-1213
117249,PU+VTWIN,2,10060320|VT-24-7249
76238,PU+VTWIN,2,DS189966|VT-15-1540
78700,VTWIN,2,VT-23-1666|VT-15-8700
E250091BD3,PU+VTWIN,2,21130666|VT-32-1895
1705405MLS,PU+VTWIN+WPS,3,09341596|WPS-681-4011|VT-15-1345
BDLPA133118,VTWIN,2,VT-20-4001|VT-20-0586
47OFP,PU+VTWIN,2,DS360417|VT-20-0900
161800,VTWIN+WPS,2,WPS-820-52361|VT-33-1175
161801,VTWIN+WPS,2,WPS-820-52362|VT-33-1176
161802,VTWIN+WPS,2,WPS-820-52363|VT-33-1177
161803,VTWIN+WPS,2,WPS-820-52364|VT-33-1178
3200360,PU+VTWIN,2,09220158|VT-10-3515
81029,PU+VTWIN,3,10102125|07100282|VT-35-0472
JGI81FLH,PU+VTWIN,2,VT-15-0855|DS173408
1704092MLS,PU+VTWIN+WPS,3,VT-15-1362|WPS-681-4384|09340947
2022300,PU+VTWIN,2,09263207|VT-11-2344
70220,VTWIN+WPS,2,WPS-820-53223|VT-32-7220
77000,VTWIN,2,VT-35-1673|VT-15-1532
056268,PU+WPS,2,WPS-820-54207|16020137
6141SE2,PU+VTWIN,2,DS360098|VT-20-0616
45EVSH,PU+VTWIN,2,DS360416|VT-20-0903
NA1749662,PU+VTWIN+WPS,3,21200403|WPS-850-08121|VT-32-6543
A8972,PU+VTWIN,2,09500368|VT-10-0466
S770145ACDS,PU+VTWIN,2,VT-49-1695|35010865
280108,WPS,2,WPS-820-70456|WPS-820-70455
217520,PU+VTWIN,2,09251365|VT-10-5276
KB258.020,VTWIN+WPS,2,VT-11-2219|WPS-824-01003
302866,VTWIN+WPS,2,WPS-820-80005|VT-51-0049
KB305.005,VTWIN+WPS,2,WPS-824-01007|VT-11-2258
KB266.005,VTWIN+WPS,2,WPS-824-01013|VT-11-2223
KB266.010,VTWIN+WPS,2,WPS-824-01014|VT-11-2224
KB288.010,VTWIN+WPS,2,WPS-824-01152|VT-11-2236
KB297.020,VTWIN+WPS,2,WPS-824-01159|VT-11-2254
KB272.STD,VTWIN+WPS,2,WPS-824-01256|VT-11-2228
KB348.STD,VTWIN+WPS,2,WPS-824-01361|VT-11-2274
148420,PU+WPS,2,11320698|WPS-820-54690
78092,PU+VTWIN,2,DS193809|VT-38-0661
A4361292,PU+VTWIN,2,DS195407|VT-44-0236
471064,PU+VTWIN+WPS,3,10090215|WPS-24-71064|VT-35-4764
352104,PU+VTWIN,2,24010690|VT-37-9537
77003,PU+VTWIN,2,24010646|VT-31-0846
S770151,PU+VTWIN,2,35011179|VT-49-1420
A2491858,PU+VTWIN,2,10120103|VT-12-1513
1013030016,PU+VTWIN,2,DS223538|VT-36-2477
3193010003,PU+VTWIN,2,DS223757|VT-18-1217
202014,PU+VTWIN+WPS,3,09260329|WPS-191-17008|VT-11-6094
24571,VTWIN,2,VT-73-0040|VT-37-9056
20724,PU+VTWIN+WPS,3,19133013|WPS-830-1130|VT-35-0377
A11019,PU+VTWIN,2,DS188013|VT-12-1159
70199Z,VTWIN,2,VT-18-3648|VT-18-3128
78256,VTWIN,2,VT-15-8256|VT-42-1210
70253,PU+VTWIN,2,21070287|VT-32-3100
5013210068,PU+VTWIN,2,DS223760|VT-13-0163
A11016,PU+VTWIN,2,DS188012|VT-12-0938
A6067885,PU+VTWIN,2,DS188082|VT-12-0969
40130063014,PU+VTWIN,2,DS223354|VT-18-3251
A3757444,PU+VTWIN,2,11320621|VT-13-0138
A2403270,PU+VTWIN,2,DS196136|VT-10-0442
A2462140,PU+VTWIN,2,DS194098|VT-10-0208
A2403370,PU+VTWIN,2,DS196137|VT-10-0443
204280,PU+VTWIN,2,DS199409|VT-17-8232
1013040012,PU+VTWIN,2,DS223593|VT-36-0768
344,PU+VTWIN,2,VT-32-3440|17420065
78285,VTWIN,2,VT-15-8285|VT-42-0263
210242,VTWIN+WPS,2,VT-31-0242|WPS-820-50805
T030162,PU+VTWIN,2,07110242|VT-40-0921
710464,PU+WPS,2,09262971|WPS-191-37032
334246,PU+VTWIN,2,09320126|VT-12-9907
87935,PU+WPS,2,DS190490|WPS-830-1114
1013030002,PU+VTWIN,2,DS223897|VT-36-2501
6083030017,PU+VTWIN,2,11300298|VT-18-1158
255580,PU+VTWIN,2,DS199439|VT-17-8580
A1826002,PU+VTWIN,2,09261092|VT-11-1233
A2578530A,PU+VTWIN,2,DS194192|VT-10-0716
NMCON02P,PU,2,21201406|21201424
3213002017,PU+VTWIN,2,11321000|VT-18-1155
A2555036,PU+VTWIN,2,DS194163|VT-12-1440
1863348A/C,PU+WPS,2,DS174360|WPS-681-4467
K2834,PU+VTWIN,2,04050329|VT-24-0904
A2555536,PU+VTWIN,2,DS194168|VT-12-1428
281204,PU+WPS,2,13020367|WPS-22-81204
A4412472,PU+VTWIN,2,DS324613|VT-23-1733
A3749684,PU+VTWIN,2,DS193157|VT-12-0564
L240436CRLED,PU+WPS,2,20100772|WPS-820-0351
A8970,PU+VTWIN,2,11060092|VT-12-1303
87804,PU+WPS,2,DS189844|WPS-830-1186
102024,PU+WPS,2,21020216|WPS-820-60402
77743,VTWIN,2,VT-37-8976|VT-15-7743
846H.LS,PU+VTWIN,2,17212452|VT-23-4559
6239SK2,PU+VTWIN,2,DS360103|VT-20-0612
105130G,PU+WPS,2,04040542|WPS-812-52309
JGI4584949,PU+VTWIN,2,DS194494|VT-14-0036
31861,PU+VTWIN,2,04100325|VT-24-0667
JGI2700688,PU+VTWIN,2,DS289109|VT-35-0422
JGI6053885K,PU+VTWIN,2,DS173351|VT-15-0866
H070595SMB,PU+VTWIN,2,06102320|VT-26-1051
9261,VTWIN,3,VT-11-3253|VT-14-0254|VT-12-1156
201402,PU+WPS,2,12102666|WPS-820-51157
JGI2522593K,PU+VTWIN,2,DS173318|VT-15-0872
C3204331,PU+VTWIN,2,05100193|VT-27-1818
78713,VTWIN,2,VT-15-8713|VT-35-2002
89236,PU+VTWIN+WPS,3,VT-23-2318|17020463|WPS-820-32022
210150,PU+VTWIN,2,DS194499|VT-17-6000
A2400803,PU+VTWIN,2,09500357|VT-12-0821
21064,PU+WPS,2,19133006|WPS-830-1135
E280042,PU+VTWIN,2,05211235|VT-37-0902
314004,PU,2,04140511|09240211
251002,PU+WPS,2,A251002|WPS-22-51002
P101401,PU+WPS,2,WPS-830-1014|24010297
205120,PU+VTWIN,2,DS199420|VT-17-8233
P101708,PU+WPS,2,WPS-830-1021|DS175008
3023020011,PU+VTWIN,2,DS223737|VT-18-3690
500775B,PU+WPS,2,16021496|WPS-812-02143
40121,PU+VTWIN,2,16100527|VT-32-6673
160904,PU+VTWIN,2,22120103|VT-33-2023
1013030017,PU+VTWIN,2,DS223885|VT-36-0715
78588,VTWIN,2,VT-15-8588|VT-17-8085
110411,PU+VTWIN,2,DS0411|VT-35-0003
40130063100,PU+VTWIN,2,DS223771|VT-18-1146
78589,VTWIN,2,VT-15-8589|VT-17-8086
296700,PU+VTWIN,2,DS199423|VT-17-9897
1013010016,PU+VTWIN,2,06521305|VT-36-2495
A3749641,PU+VTWIN,2,DS193158|VT-12-0508
102005,PU+WPS,3,21020278|WPS-820-60411|04160060
206011PA,PU+VTWIN,2,20010249|VT-33-0030
053324,PU+WPS,2,06100210|WPS-820-54350
C6132,VTWIN+WPS,2,WPS-830-1063|VT-37-9236
102002C,PU+VTWIN,2,21020415|VT-32-0474
61129,VTWIN+WPS,2,WPS-830-1084|VT-54-0175
1101,PU+WPS,2,WPS-830-5000|09261466
A3743636,PU+VTWIN,2,DS193152|VT-17-9830
1710,VTWIN+WPS,2,WPS-830-5010|VT-16-0705
A3513180,PU+VTWIN,2,DS194179|VT-17-0414
204260,PU+VTWIN,2,DS199408|VT-17-8231
20760,VTWIN+WPS,2,WPS-865-01060|VT-35-0760
20762,VTWIN+WPS,2,WPS-865-01062|VT-35-6100
E280041,PU+VTWIN,2,05211234|VT-37-0903
5020001004,PU+VTWIN,2,DS223355|VT-18-3252
JGI1676973T,PU+VTWIN,2,DS174913|VT-15-1130
40111,PU+VTWIN+WPS,3,WPS-274-0011|35011863|VT-32-0633
1013030007,PU+VTWIN,2,DS223883|VT-36-2468
6311CH,PU+VTWIN,2,DS390235|VT-35-9088
JGI3565406X,PU+VTWIN,2,09341192|VT-15-1259
JGI8316251,PU+VTWIN,2,DS194464|VT-14-0663
78478,VTWIN,2,VT-15-8478|VT-33-1682
210450,PU+VTWIN,2,DS194500|VT-17-6003
20157,VTWIN,2,VT-17-2017|VT-25-0951
920212,PU+WPS,2,DS193767|WPS-830-1126
JGI3307637,PU+VTWIN,2,DS174478|VT-14-0630
A2400906,PU+VTWIN,2,09500358|VT-12-0819
A4329382,PU+VTWIN,2,DS195411|VT-44-2030
86631,PU+VTWIN,2,VT-12-9990|09320088
A3581236,PU+VTWIN,2,DS195169|VT-17-0161
202031,VTWIN+WPS,2,WPS-191-57018|VT-11-0959
4021,VTWIN+WPS,2,WPS-57-04021|VT-21-0343
F510216GB,PU+VTWIN,2,14110040|VT-50-0288
105130,PU+WPS,2,04040540|WPS-812-52307
A4119683,PU+VTWIN,2,DS195402|VT-44-0423
71192,PU+VTWIN,2,24010432|VT-40-1192
16205,VTWIN+WPS,2,WPS-87-9417|VT-39-0117
161300,PU+VTWIN,2,DS289232|VT-35-0102
105120,PU+WPS,2,04040539|WPS-812-52306
A2403901A,PU+VTWIN,2,09500229|VT-12-0813
B160733MB,PU+VTWIN,2,17010781|VT-23-2369
B160920,PU+VTWIN,2,17020739|VT-23-2073
120401,PU+VTWIN,2,09026319|VT-33-0238
2400654A,PU+VTWIN,2,DS194141|VT-10-8324
40188,VTWIN,2,VT-32-1723|VT-37-8588
237230,PU+VTWIN,2,21020204|VT-32-0709
K0210P2,PU+VTWIN+WPS,3,09031567|WPS-K0210P2|VT-11-1314
053843,PU+WPS,2,06102258|WPS-820-54378
JGI4584987,PU+VTWIN,2,DS174782|VT-14-0042
710468,PU+VTWIN,2,09263027|VT-14-1000
A3312694,PU+VTWIN,2,21100229|VT-32-9281
A3404052,PU+VTWIN,2,11060018|VT-12-0917
112914,PU+VTWIN,2,10030453|VT-35-9142
254710,PU+VTWIN,2,DS199440|VT-17-8710
205340,PU+VTWIN,2,DS199425|VT-17-8234
794004,PU+WPS,2,21100994|WPS-279-2204
78475,VTWIN,2,VT-15-8475|VT-33-1679
A2558136,PU+VTWIN,2,DS194147|VT-10-0704
JGI1703399,PU+VTWIN,2,DS173218|VT-15-1210
700005,PU+WPS,2,11070650|WPS-70-700005
110409,PU+VTWIN,2,VT-35-0009|DS0409
DC66,PU+VTWIN+WPS,3,21020141|WPS-133-1083|VT-32-1065
70256,PU+VTWIN,3,21070288|VT-32-3106|VT-33-0903
206588ALED,PU+VTWIN,2,20300115|VT-33-0902
A3758341,PU+VTWIN,2,11320622|VT-18-3114
A1849248,PU+VTWIN,2,09290019|VT-10-0500
1013040016,PU+VTWIN,2,DS223541|VT-36-0765
987016,PU+WPS,2,19133011|WPS-830-1195
A3581036,PU+VTWIN,2,DS188069|VT-12-0925
1023010015,PU+VTWIN,2,06521303|VT-36-1536
150131,PU+VTWIN,2,DS194195|VT-10-8260
302450,VTWIN+WPS,2,WPS-820-54666|VT-49-0900
148423,VTWIN+WPS,2,WPS-820-54680|VT-18-2159
302288,VTWIN+WPS,2,WPS-820-54669|VT-51-0482
16106,PU+VTWIN,2,V16106|VT-32-3049
148400,PU+WPS,2,WPS-820-54681|11320697
148141,PU+WPS,2,WPS-820-54683|11321379
148108,VTWIN+WPS,2,WPS-820-54685|VT-18-8310
237240,PU+VTWIN,2,21020205|VT-32-0712
A3339350,PU+VTWIN,2,DS194350|VT-12-0206
A5707,PU+VTWIN,2,11320658|VT-18-8269
148111,VTWIN+WPS,2,WPS-820-54686|VT-18-8311
JGI3495504K,PU+VTWIN,2,VT-15-0881|09340952
40130047060,PU+VTWIN,2,DS223772|VT-18-1118
16739,VTWIN+WPS,2,WPS-865-01030|VT-35-0363
A6754,PU+VTWIN,2,11060026|VT-17-9751
78021,PU+VTWIN,2,DS193002|VT-42-0226
5016610041,PU+VTWIN,2,DS223759|VT-13-0172
191318,VTWIN+WPS,2,WPS-820-54692|VT-19-0606
110019,VTWIN,2,VT-40-0019|VT-36-0627
A3790500,PU+VTWIN,2,11320281|VT-18-0455
296800,PU+VTWIN,2,11060061|VT-17-9898
191322,VTWIN+WPS,2,WPS-820-54696|VT-19-0610
62142,PU+VTWIN,2,16010225|VT-14-0700
A2498166,PU+VTWIN,2,09500227|VT-12-1516
JGI2700289,PU+VTWIN,2,DS174373|VT-14-0625
JGI2526386,PU+VTWIN,2,DS174367|VT-15-0932
JGI1754148A,PU+VTWIN,2,DS174470|VT-15-1005
S521,PU+VTWIN,2,S521|VT-11-9776
A3505052,PU+VTWIN,2,09500418|VT-17-0910
1066051,PU+VTWIN,2,09280023|VT-11-7715
202038C,PU+VTWIN,2,09261985|VT-11-0980
62137,PU+VTWIN,2,VT-26-0400|44020048
27400040,VTWIN,2,VT-35-2424|VT-32-2185
BG001801,PU+WPS,2,18610522|WPS-27-5728
2021031,PU+VTWIN+WPS,3,WPS-191-57075|VT-11-1227|09262963
JGI1705399,PU+VTWIN,2,DS173222|VT-15-1208
42815,VTWIN+WPS,2,VT-23-0554|WPS-820-32004
190401,VTWIN+WPS,2,WPS-820-2696|VT-32-0742
DR6B,PU+VTWIN+WPS,3,21200046|WPS-850-08011|VT-32-9611
BA051231,PU+WPS,2,WPS-27-5798BK|22110172
20813,PU+WPS,2,WPS-830-1133|24010124
84081,PU+WPS,2,WPS-830-1185|DS189975
JGI1738699,PU+VTWIN,2,DS173223|VT-15-1195
JGI2925078,PU+VTWIN,2,DS289104|VT-15-1019
40130089070,PU+VTWIN,2,DS223753|VT-18-1116
990417,PU+WPS,2,WPS-830-1197|19133010
H070789MB1,PU+VTWIN,2,06101874|VT-26-2240
1201,PU+VTWIN+WPS,3,WPS-830-5033|VT-41-0988|09261469
1304,PU+WPS,2,WPS-830-5037|09250728
8050,VTWIN,2,VT-27-1060|VT-30-8050
3534,PU+VTWIN,2,VT-27-1072|DS3534
8374,VTWIN+WPS,2,WPS-56-8374|VT-27-8374
JGI1703007X,PU+VTWIN,2,09342097|VT-15-1455
2291,VTWIN,2,VT-27-2291|VT-30-0776
302860,VTWIN+WPS,2,WPS-820-52453|VT-50-0622
JGI3014358,PU+VTWIN,2,DS174040|VT-15-1023
302861,VTWIN+WPS,2,WPS-820-52454|VT-50-0623
302862,VTWIN+WPS,2,WPS-820-52455|VT-31-0025
108,VTWIN+WPS,2,WPS-57-0108|VT-41-0134
JGI3490105KF,PU+VTWIN,2,09344617|VT-15-1334
28629,WPS,2,WPS-82-8299|WPS-29-1123
2M4942005,VTWIN+WPS,2,WPS-865-02001|VT-11-1351
350153,VTWIN,2,VT-37-8790|VT-22-0760
88186,VTWIN+WPS,2,WPS-820-51548|VT-11-1196
606009,PU+VTWIN,2,VT-34-0351|07110041
36028,VTWIN+WPS,2,WPS-820-52286|VT-24-0198
2M6164005,VTWIN+WPS,2,WPS-865-02004|VT-11-1358
6164,VTWIN+WPS,2,WPS-865-02008|VT-11-0190
6164010,VTWIN+WPS,2,WPS-865-02010|VT-11-0192
6164020,VTWIN+WPS,2,WPS-865-02011|VT-11-0193
6164030,VTWIN+WPS,2,WPS-865-02012|VT-11-0194
2M6127,VTWIN+WPS,2,WPS-865-02016|VT-11-1363
2M6127030,VTWIN+WPS,2,WPS-865-02019|VT-11-1366
2M6127040,VTWIN+WPS,2,WPS-865-02020|VT-11-1367
6127,VTWIN+WPS,2,WPS-865-02021|VT-11-0185
6127030,VTWIN+WPS,2,WPS-865-02024|VT-11-0188
2M6482,VTWIN+WPS,2,WPS-865-02026|VT-11-1368
2M6482010,VTWIN+WPS,2,WPS-865-02027|VT-11-1369
500140,PU+VTWIN,2,06302835|VT-50-1140
2M6482020,VTWIN+WPS,2,WPS-865-02028|VT-11-1370
2M6482040,VTWIN+WPS,2,WPS-865-02030|VT-11-1372
6482,VTWIN+WPS,2,WPS-865-02031|VT-11-0176
CM255,VTWIN+WPS,2,WPS-27-M255|VT-48-1812
CM256,VTWIN+WPS,2,WPS-27-M256|VT-48-0599
2021250,PU+WPS,2,WPS-191-27050|09500887
241276,PU+VTWIN+WPS,3,WPS-820-54660|VT-13-0871|11200444
148422,PU+VTWIN+WPS,3,WPS-820-54720|VT-18-2158|11321583
2020260,PU+VTWIN,2,09262866|VT-11-6127
15500,VTWIN+WPS,2,WPS-132-7065|VT-16-0388
353064,VTWIN+WPS,2,WPS-820-4064|VT-27-0457
AX068M00,PU+WPS,2,WPS-27-5830|06310180
JGI6053989KF,PU+VTWIN,2,09344618|VT-15-1332
70139,VTWIN,2,VT-30-0109|VT-32-7139
70300,VTWIN,2,VT-32-3116|VT-15-0179
190310JBS,PU+VTWIN,2,VT-32-0178|21050124
NOBDPYH,PU+VTWIN+WPS,3,21300138|WPS-850-08788|VT-32-5058
DP4B,PU+VTWIN+WPS,3,21200056|WPS-850-08021|VT-32-9621
110061,VTWIN+WPS,2,WPS-87-10061|VT-36-2552
19301,VTWIN+WPS,2,WPS-830-0300|VT-50-2600
19314,VTWIN+WPS,2,WPS-830-0303|VT-42-0618
20118,VTWIN+WPS,3,WPS-830-0310|WPS-830-1100|VT-25-3253
20301,PU+WPS,2,WPS-830-0312|35110027
20308,VTWIN+WPS,2,WPS-830-0314|VT-25-0050
20314,VTWIN+WPS,2,WPS-830-0317|VT-25-0771
20318,VTWIN+WPS,2,WPS-830-0318|VT-25-2288
BZ080000,PU+WPS,2,22100695|WPS-28-61022
21414,VTWIN+WPS,2,WPS-830-0339|VT-23-1414
21418,VTWIN+WPS,2,WPS-830-0341|VT-23-1418
77623,PU+VTWIN,2,35010975|VT-42-0189
U080217,VTWIN,2,VT-30-0240|VT-30-0601
21411,VTWIN+WPS,2,WPS-830-0367|VT-23-1411
3576,PU+VTWIN,2,DS3576|VT-54-0438
286082,VTWIN,2,VT-42-0998|VT-42-0164
2022,PU+VTWIN,2,VT-40-0359|07120318
77031,VTWIN,2,VT-31-0429|VT-32-7031
DEI2114LB,PU+WPS,2,WPS-827-05063|14010985
DEIOEM14LS,PU+WPS,2,WPS-827-05080|14010984
DEIOEMB,PU+WPS,2,WPS-827-05081|14011032
DEIOEMC,PU+WPS,2,WPS-827-05082|14011033
TALONOEMB,PU+WPS,2,WPS-827-05401|14011022
610,PU,2,DS305501|07110045
NHCXJ12,PU+VTWIN,2,21200369|VT-32-6678
1212,PU+VTWIN,2,VT-34-2150|09263368
79600,PU+VTWIN,2,08010462|VT-32-7539
302291,VTWIN,2,VT-42-1054|VT-46-0339
DC121,PU+VTWIN,2,21020025|VT-32-9343
PCC128118,PU+VTWIN,2,12040123|VT-20-0060
250029GB,PU+VTWIN,2,VT-42-1164|21130494
80176B,VTWIN,2,VT-50-1514|VT-50-1305
JGI6056536,PU+VTWIN,2,DS174780|VT-15-0919
JGI2624668D,PU+VTWIN,2,VT-15-0939|DS174730
80211,VTWIN,2,VT-50-1875|VT-50-1505
HBCLF0201,VTWIN+WPS,2,WPS-490-9950|VT-16-1898
358885,VTWIN+WPS,2,WPS-235-8885|VT-16-0066
89445,VTWIN+WPS,2,WPS-820-51408|VT-10-0691
11503,VTWIN,2,VT-10-1770|VT-10-0175
120411MD,PU+VTWIN,2,20100777|VT-33-1169
8106,VTWIN,2,VT-33-8106|VT-30-8106
BDL30884,PU+VTWIN,2,DS360011|VT-20-0115
20581,PU+WPS,2,19133001|WPS-830-1129
77001,VTWIN+WPS,2,WPS-276-02081|VT-15-1376
JGI3482479,PU+VTWIN,2,DS174831|VT-15-1039
208700,PU+VTWIN,2,VT-17-8502|DS199418
4550,PU+WPS,2,WPS-821-2026|17411012
056319,PU+WPS,2,WPS-820-0536|16220554
84966,PU+VTWIN+WPS,3,WPS-820-32021|VT-23-0810|17020119
120429,VTWIN+WPS,2,WPS-820-50578|VT-34-0279
193000,VTWIN+WPS,2,WPS-820-51223|VT-20-0369
BA053101,PU+WPS,2,WPS-28-61008|22120814
77933,VTWIN,2,VT-15-7933|VT-35-0872
40175,VTWIN,2,VT-37-8575|VT-32-1217
10560002,VTWIN+WPS,2,WPS-827-07000|VT-20-0516
10560005,VTWIN+WPS,2,WPS-827-07002|VT-20-0550
10560006,VTWIN+WPS,2,WPS-827-07003|VT-20-0769
10560020,VTWIN+WPS,2,WPS-827-07005|VT-20-0770
10560026,VTWIN+WPS,2,WPS-827-07006|VT-20-0771
10560027,VTWIN+WPS,2,WPS-827-07007|VT-20-0772
55404,VTWIN+WPS,2,WPS-139-10014|VT-16-0920
12361,VTWIN+WPS,2,VT-34-0174|WPS-85-4165
DR4B,PU+VTWIN+WPS,3,21200044|WPS-850-08009|VT-32-9609
2021800,PU+WPS,2,WPS-191-27792T|09263276
2021850,PU+WPS,2,WPS-191-27793S|09263277
334148,PU+VTWIN,2,334148|VT-10-2560
A4356035,PU+VTWIN,2,02130388|VT-12-0708
L226828AC,PU+VTWIN,2,20200400|VT-33-1274
106200B,PU+WPS,2,WPS-812-52299|04080374
2023150,PU+VTWIN,2,VT-11-2029|09263220
18438,VTWIN+WPS,2,WPS-865-01426|VT-32-8438
19259,VTWIN+WPS,2,WPS-865-01434|VT-39-0143
19260,VTWIN+WPS,3,WPS-865-01435|VT-23-1019|VT-39-0140
1012,PU+VTWIN,2,09250433|VT-49-0909
2021016H,PU+VTWIN+WPS,3,WPS-191-17046|VT-11-1219|09263306
JGI3491790X,PU+VTWIN,2,DS173193|VT-15-1231
062400,PU+WPS,2,WPS-820-1365|06521570
KB258.010,VTWIN+WPS,2,VT-11-2218|WPS-824-01002
403,VTWIN+WPS,2,WPS-57-0403|VT-25-2223
347013,PU+VTWIN,2,VT-10-0268|DS194027
C10178FP,PU+VTWIN,2,VT-15-1479|09346316
77717,VTWIN,2,VT-15-7717|VT-31-1349
78280,VTWIN,2,VT-15-8280|VT-40-0057
78282,VTWIN,2,VT-15-8282|VT-42-1198
3023010007,PU+VTWIN,2,VT-18-1123|DS223762
20304,PU+VTWIN,2,35150227|VT-25-0992
20733,VTWIN+WPS,2,WPS-865-01162|VT-35-0338
77900,PU+VTWIN,3,16010175|VT-24-1405|VT-14-7900
JGI6714136,PU+VTWIN,2,DS174893|VT-15-1070
BDL13838K,PU+VTWIN,2,VT-20-0631|23021252
A2001C,PU+VTWIN,2,DS390208|VT-35-0218
6482030,VTWIN+WPS,2,WPS-865-02034|VT-11-0179
302180,PU+VTWIN,2,VT-43-0156|09400440
JGI7019,PU+VTWIN,2,DS193632|VT-14-0674
93111,PU+VTWIN,2,07010285|VT-11-3111
40150,PU+VTWIN,2,20402382|VT-32-1041
8751,VTWIN,3,VT-10-8751|VT-27-8751|VT-29-8751
NBR01,VTWIN+WPS,2,WPS-850-08782|VT-32-6578
78060,PU+VTWIN,2,14050080|VT-34-0083
NO2X1202,PU+VTWIN+WPS,3,WPS-850-08784|18610789|VT-32-1315
NOBDPYHCB,PU+VTWIN+WPS,3,WPS-850-08790|VT-32-5059|21200810
NHD69201599A,PU+VTWIN+WPS,3,WPS-850-08794|21201070|VT-32-5066
ATS03A,VTWIN+WPS,2,WPS-850-09001|VT-33-2276
ATS03B,VTWIN+WPS,2,WPS-850-09002|VT-33-2277
ATS03D,VTWIN+WPS,2,WPS-850-09004|VT-32-0794
ILL01,VTWIN+WPS,2,WPS-850-09013|VT-33-0713
ILL01A,VTWIN+WPS,2,WPS-850-09014|VT-33-0816
ILL01B,VTWIN+WPS,2,WPS-850-09016|VT-33-0815
ILL01E,VTWIN+WPS,2,WPS-850-09019|VT-33-1193
71350,VTWIN,2,VT-31-2104|VT-46-0256
ILLCBA,VTWIN+WPS,2,WPS-850-09030|VT-33-1194
ILLCBB,VTWIN+WPS,2,WPS-850-09031|VT-33-1195
ILLCBDR,VTWIN+WPS,2,WPS-850-09034|VT-33-1637
JGI3490194KF,PU+VTWIN,2,09344613|VT-15-1331
5113010904,PU+VTWIN,2,VT-18-1153|11312051
LE03,VTWIN+WPS,2,WPS-850-09046|VT-33-2138
LE03A,VTWIN+WPS,2,WPS-850-09047|VT-33-2213
LE03C,VTWIN+WPS,2,WPS-850-09048|VT-33-2214
352236,VTWIN+WPS,2,WPS-820-1988|VT-27-0207
LE03SR,VTWIN+WPS,2,WPS-850-09050|VT-32-2143
LECBA,VTWIN+WPS,2,WPS-850-09053|VT-32-2144
6046B,PU+WPS,2,18011266|WPS-82-96419
LECBB,VTWIN+WPS,2,WPS-850-09054|VT-32-2145
LECBC,VTWIN+WPS,2,WPS-850-09055|VT-32-2147
LECBD,VTWIN+WPS,2,WPS-850-09056|VT-32-2146
352239,VTWIN+WPS,2,WPS-820-1989|VT-27-0196
20179,VTWIN+WPS,2,WPS-85-1046|VT-25-0728
148425,PU+VTWIN+WPS,3,WPS-820-54724|VT-18-0671|11321829
1010,VTWIN+WPS,4,VT-32-1036|VT-16-1747|WPS-27-4730|WPS-132-7017
604,PU+VTWIN,2,21200548|VT-16-1882
7201,PU+WPS,2,09250533|WPS-874-1935
6164005,VTWIN+WPS,2,WPS-865-02009|VT-11-0191
MCSCT1,VTWIN+WPS,2,VT-32-8042|WPS-275-01100
40261,VTWIN,2,VT-32-8120|VT-37-4261
200306C,VTWIN,2,VT-33-0113|VT-33-1838
7544,PU+VTWIN,2,17416262|VT-40-0244
105020,PU+WPS,2,WPS-812-52300|04040495
105030G,PU+WPS,2,WPS-812-52303|04040498
105020B,PU+WPS,2,WPS-812-52304|04040499
7443796,PU,2,22100287|DS243612
105120B,PU+WPS,2,WPS-812-52310|04040543
200444,PU+VTWIN,2,VT-33-2357|20010095
80319,WPS,2,WPS-57-6566|WPS-817-01808
1062A,VTWIN,2,VT-34-1457|VT-21-3001
20200390,PU+VTWIN,3,VT-33-2259|VT-31-0079|20200390
291,PU+VTWIN,2,VT-37-0748|DS098291
20305,PU+VTWIN,3,DS190141|VT-25-0488|35150228
600012,PU+VTWIN,2,10102650|VT-34-0319
110291P,PU+VTWIN,2,VT-37-8934|11070326
TPS30,PU+VTWIN,2,DS360048|VT-20-0652
JGI12068,PU+VTWIN,2,DS173214|VT-14-0810
801015,PU+WPS,2,WPS-280-1150|21101101
1013030006,PU+VTWIN,2,DS223373|VT-36-0703
19007,PU+VTWIN,2,18610869|VT-23-0029
JGI2522536A,PU+VTWIN,2,DS174422|VT-15-1077
105135,PU+WPS,2,WPS-812-52314|04040567
105135B,PU+WPS,2,WPS-812-52315|04040568
105135G,PU+WPS,2,WPS-812-52316|04040569
71373A,VTWIN,2,VT-32-0406|VT-32-8930
500,PU+WPS,2,WPS-571-6103|07060016
500762B,PU+WPS,2,WPS-812-55013|16202331
1390,PU+VTWIN,2,09251037|VT-16-1283
JGI1750748,PU+VTWIN,2,DS174425|VT-15-1079
210202,PU+VTWIN,2,VT-32-0449|11320005
NA14803030,PU+VTWIN+WPS,3,21200411|WPS-850-08146|VT-32-6547
42817,VTWIN+WPS,2,VT-23-0551|WPS-820-32006
CM252,VTWIN+WPS,2,VT-48-1762|WPS-27-M252
3517X,PU+VTWIN,2,VT-11-9760|3517X
78288,VTWIN,2,VT-42-0269|VT-15-8288
52072RS,VTWIN+WPS,2,VT-12-0588|WPS-22-53104
216348,PU+VTWIN,2,09250598|VT-10-6348
G320316,PU+VTWIN,2,VT-20-0240|12020070
87116,VTWIN+WPS,2,WPS-820-32026|VT-23-0811
H170571T,PU+VTWIN,2,06300613|VT-28-0857
86271,VTWIN+WPS,2,WPS-820-51511|VT-35-0652
86285,VTWIN+WPS,2,WPS-820-51512|VT-35-9195
86187,PU+WPS,2,WPS-820-52465|04040315
28188,VTWIN+WPS,2,WPS-820-52467|VT-24-0097
28187,VTWIN+WPS,2,WPS-820-52468|VT-24-0449
28186,VTWIN+WPS,2,WPS-820-52469|VT-24-0181
28185,VTWIN+WPS,2,WPS-820-52470|VT-24-0182
37488,VTWIN+WPS,2,WPS-820-52471|VT-24-0451
37487,VTWIN+WPS,2,WPS-820-52472|VT-24-0450
89786,VTWIN+WPS,2,WPS-820-58021|VT-10-1608
80041,PU+VTWIN+WPS,3,WPS-820-58022|09230630|VT-10-1607
801007,PU+VTWIN+WPS,3,VT-32-5120|WPS-280-1007|801007
2021,VTWIN,2,VT-40-0358|VT-21-0934
NTT182,PU+VTWIN,2,21300374|VT-41-0198
NHCXMB08,PU+VTWIN,2,21200222|VT-32-6653
DTMHP,PU+VTWIN+WPS,3,21200309|WPS-850-08052|VT-32-6518
NCBH01A,PU+VTWIN+WPS,3,21200769|WPS-850-08653|VT-32-2213
SOLIDSOCKETS,PU+VTWIN+WPS,3,WPS-850-08003|VT-32-9603|21200072
10043,VTWIN+WPS,2,VT-48-1004|WPS-58-5200
500770,PU+WPS,2,WPS-812-55050|16211054
2M4805005,VTWIN+WPS,2,VT-11-1398|WPS-865-2047
500770B,PU+WPS,2,WPS-812-55051|16211055
120027,PU+VTWIN+WPS,3,24010096|WPS-12-0270|VT-33-1969
327092,PU+VTWIN+WPS,3,03650054|WPS-232-7092|VT-37-8887
T216924,PU+VTWIN,2,22100198|VT-39-0213
8140719000,PU,2,08220592|08011364
78468,VTWIN,2,VT-10-0834|VT-15-1103
201408,PU+WPS,2,WPS-820-51153|12102664
88721,PU,2,09320219|04040303
339187,VTWIN+WPS,2,WPS-820-54157|VT-44-0760
339907,VTWIN+WPS,2,WPS-820-54158|VT-44-0006
339908,VTWIN+WPS,2,WPS-820-54159|VT-44-0007
302840,VTWIN+WPS,2,WPS-820-70210|VT-43-0796
JGI1705599X,PU+VTWIN,2,20112099|VT-15-1348
78357,VTWIN,2,VT-15-8357|VT-15-8366
3020,VTWIN+WPS,2,VT-32-3047|WPS-132-7043
25003,PU+VTWIN,2,09344730|VT-35-0771
JGI1705505X,PU+VTWIN,2,09351093|VT-15-1342
223,VTWIN,2,VT-37-0742|VT-14-0900
78114,VTWIN,3,VT-32-1403|VT-30-0488|VT-35-8114
61000676,VTWIN,2,VT-38-0870|VT-38-0633
500773TIN,PU+WPS,2,WPS-812-02141|16100684
500775,PU+WPS,2,WPS-812-02142|16021495
500779,PU+WPS,2,WPS-812-02145|16010571
500779B,PU+WPS,2,WPS-812-02146|16010572
JGI2541670DL,PU+VTWIN,2,09350074|VT-15-1279
6795,PU+WPS,2,18002321|WPS-82-96505
19135,VTWIN+WPS,2,VT-27-1227|WPS-865-01204
JGI12067AK,PU+VTWIN,2,DS174906|VT-15-1167
78390,VTWIN,2,VT-42-1279|VT-15-8390
78361,VTWIN,2,VT-15-8361|VT-27-0471
10560030,VTWIN+WPS,2,WPS-827-07008|VT-20-0773
78564,VTWIN,2,VT-14-8564|VT-22-0132
70279,VTWIN,2,VT-17-0902|VT-32-7279
901106,PU+WPS,2,WPS-790-01034|09300006
3033010019,PU+VTWIN,2,11313325|VT-18-3273
JGI6064565,PU+VTWIN,2,VT-15-0917|DS174230
PV41504,PU+WPS,2,10204287|WPS-133-4023
9948,PU+VTWIN,2,VT-30-0684|10220119
1013010001,PU+VTWIN,2,06521307|VT-36-2350
STAMPSOCKETS,PU+VTWIN+WPS,3,21200038|WPS-850-08001|VT-32-9601
150117,PU+VTWIN,2,VT-10-8264|DS194172
99771,PU+WPS,2,WPS-830-1201|24010118
JGI1863348KF,PU+VTWIN,2,VT-15-0070|09343434
78392,VTWIN,2,VT-15-8392|VT-43-9169
55151,PU+VTWIN,2,06360611|VT-27-0019
40130047010,PU+VTWIN,2,VT-18-1148|DS223746
78399,VTWIN,2,VT-15-8399|VT-38-0665
NSC01,PU+VTWIN+WPS,3,20500244|VT-32-1919|WPS-850-08658
78009,VTWIN,2,VT-23-0800|VT-23-0042
C770139GB,PU+VTWIN,2,15101112|VT-50-1598
77325,VTWIN,2,VT-15-7325|VT-15-0888
71093,PU+VTWIN,2,10140361|VT-43-0192
77810,VTWIN,2,VT-49-1006|VT-15-7810
A9125,PU+VTWIN,2,VT-10-8505|09200073
16455,PU+VTWIN,2,18010606|VT-19-0673
76753,PU+VTWIN,2,08020764|VT-31-0790
72694,VTWIN,2,VT-12-0161|VT-12-1767
WT001C,VTWIN,2,VT-49-2494|VT-49-2495
76279,PU+VTWIN,2,08020890|VT-14-0917
2023100,PU+VTWIN,2,VT-11-2342|09263219
78532,VTWIN,2,VT-33-1648|VT-15-8532
76306B3,VTWIN,2,VT-34-0138|VT-34-0141
PCC125118,PU+VTWIN,2,12040130|VT-20-0456
204323C,PU+WPS,2,09260729|WPS-191-57040C
61026,PU+VTWIN,2,16201484|VT-52-0071
JGI3495589K,PU+VTWIN,2,VT-15-0874|DS174955
78612,VTWIN,2,VT-33-1726|VT-15-8612
86162,VTWIN,2,VT-33-6162|VT-31-1300
4793,VTWIN,2,VT-27-0722|VT-21-2025
102130,PU+WPS,2,WPS-812-02117|06401674
40115,PU+VTWIN,2,VT-32-6684|20101458
8483,VTWIN,2,VT-30-4012|VT-33-1107
7353,VTWIN,2,VT-42-0386|VT-29-1164
MCCBR1,VTWIN+WPS,2,WPS-275-01010|VT-32-9207
678H.HF,PU+VTWIN,2,VT-23-4556|17211923
2C5232,VTWIN+WPS,2,VT-11-1430|WPS-865-2043
77340,VTWIN,2,VT-15-7340|VT-44-0894
NM334722001,PU+VTWIN+WPS,3,21200322|WPS-850-08318|VT-32-9681
L226828R,PU+VTWIN,2,VT-33-1272|20200398
76033,PU+VTWIN,2,08010456|VT-33-2194
TJA063,VTWIN+WPS,2,WPS-820-50678|VT-34-0934
40371,PU+VTWIN,2,VT-73-371|10102894
JGI2607793,PU+VTWIN,2,VT-15-1117|09343431
40177,VTWIN,2,VT-37-8577|VT-32-1687
H4P43T2,PU+VTWIN,2,VT-33-0181|20010378
76182,PU+VTWIN,2,08020486|VT-33-0361
040901AGB,PU+VTWIN,2,24011046|VT-37-9399
86132,VTWIN,2,VT-23-1995|VT-33-6132
2M4941005,VTWIN+WPS,3,WPS-865-2050|VT-11-1414|VT-11-1355
THICKYOEM14LS,PU+WPS,2,WPS-827-05425|14010979
B060198ASP,PU+VTWIN,2,VT-23-0908|17103155
2021017H,PU+WPS,2,WPS-191-17047|09263018
94643,VTWIN,2,VT-20-4643|VT-24-1932
94644,VTWIN,2,VT-20-4644|VT-24-1909
AC1156AR,VTWIN+WPS,2,WPS-227-0016|VT-33-1587
C770081,VTWIN+WPS,2,WPS-820-2626|VT-50-0040
102025B,PU+WPS,2,WPS-820-60403|21020308
102029,PU+WPS,2,WPS-820-60406|21020228
102001,PU+VTWIN+WPS,3,WPS-820-60408|VT-32-0743|21020225
102003,PU+WPS,3,WPS-820-60409|21020244|04160037
102004,PU+VTWIN+WPS,4,WPS-820-60410|VT-32-0771|21020274|04160038
402,VTWIN+WPS,2,VT-37-9040|WPS-57-0402
102014,PU+WPS,2,WPS-820-60415|21020359
H070593SMB,PU+VTWIN,2,06102324|VT-26-1053
9088,VTWIN,2,VT-42-1093|VT-42-1110
KB305.010,VTWIN+WPS,2,VT-11-2259|WPS-824-01008
2020691C,PU+VTWIN+WPS,3,WPS-191-57010C|VT-11-1061|09262008
5517,PU+VTWIN,2,VT-16-1191|17411030
120074,PU+VTWIN+WPS,3,VT-31-0686|24010557|WPS-57-20074
JGI1703466X,PU+VTWIN,2,DS174973|VT-15-1187
202024C,PU+VTWIN+WPS,3,WPS-191-57045C|VT-11-0970|09260752
CM250,VTWIN+WPS,2,WPS-27-M250|VT-48-1761
DEI2114LC,PU+WPS,2,WPS-827-05064|14011026
DEI2313EC,PU+WPS,2,WPS-827-05067|14011037
302912,VTWIN+WPS,2,WPS-820-51927|VT-42-0249
053842,PU+WPS,2,WPS-820-54379|06102257
8476,VTWIN,2,VT-27-1762|VT-27-1549
76695,PU+VTWIN,2,08010742|VT-31-0841
SG2,PU+VTWIN,2,VT-20-0965|DS360158
40263,VTWIN,2,VT-37-4263|VT-32-8122
H070790MB4,PU+VTWIN,2,VT-26-2230|06150276
77720,VTWIN,2,VT-23-0680|VT-15-7720
EVRD1,PU+VTWIN,2,VT-20-0928|DS360400
CTX14LBSFT,PU+WPS,2,WPS-49-3033|21130769
20189,VTWIN+WPS,2,WPS-85-4060|VT-25-1838
78418,VTWIN,2,VT-33-1633|VT-15-8418
78545,VTWIN,2,VT-15-8545|VT-30-1312
A3001C,PU+WPS,2,WPS-274-0509|07050082
A1351T,VTWIN,2,VT-8861-8|VT-8860-8
202054C,PU+WPS,2,WPS-191-57048C|09261988
77428,VTWIN,2,VT-15-7428|VT-39-0459
8082,PU+WPS,2,09251070|WPS-56-8082
6057,PU+WPS,3,WPS-82-96024|WPS-681-4638|18011244
JGI6054065,PU+VTWIN,2,DS173394|VT-15-1128
6257,PU+VTWIN+WPS,3,WPS-82-96381|VT-23-1020|18020392
78551,VTWIN,2,VT-15-8551|VT-53-0877
58606,VTWIN+WPS,2,VT-20-8606|WPS-57-058607
H070749,PU+VTWIN,2,VT-26-2208|06120146
H070585B,PU+VTWIN,2,VT-26-0981|06100187
KB348.010,VTWIN+WPS,2,WPS-824-01363|VT-11-2276
63664B,VTWIN,2,VT-26-2216|VT-26-2214
1013030021,PU+VTWIN,2,VT-36-0762|DS223416
2021061H,PU+WPS,2,WPS-191-17049|09263344
10HC350,PU+WPS,2,WPS-191-57100|09263351
808H.LS,PU+VTWIN,2,VT-23-1952|17211752
88252,VTWIN+WPS,2,WPS-820-26354|VT-40-0634
41SI,PU+VTWIN,2,VT-20-0904|11200429
40247,VTWIN,2,VT-37-4024|VT-32-1656
77033,VTWIN,2,VT-34-1565|VT-32-7033
B281350B,PU+WPS,2,WPS-750-05582|13102333
062430,PU+WPS,2,WPS-70-602430|06523246
V30HTCHB,PU+WPS,2,WPS-206-40117|06303423
V30HTCHU,PU+WPS,2,WPS-206-40119|06303425
1274,VTWIN,2,VT-33-0232|VT-32-1301
81033,PU+VTWIN+WPS,3,WPS-820-53031|04140735|VT-24-1428
81243,VTWIN+WPS,2,WPS-820-53033|VT-24-1429
4321,PU+VTWIN,2,VT-43-1055|06500707
8130,PU+VTWIN+WPS,3,DS290149|VT-30-8130|WPS-133-4014
6986,PU+WPS,2,WPS-82-96084|18001750
6208RB,PU+WPS,2,WPS-82-96418|18011219
6957T,PU+WPS,2,WPS-82-96559|18001829
191321,VTWIN+WPS,2,WPS-820-54695|VT-19-0609
GBDU002,PU+WPS,2,WPS-17-DU002|17104922
GBDU004,PU+WPS,2,WPS-17-DU004|17104924
GBDU009,PU+WPS,2,WPS-17-DU009|17104929
3200355,PU+VTWIN,2,VT-10-3506|09220143
4542,PU+VTWIN,2,17411007|VT-39-0941
1023040014,PU+VTWIN,2,VT-36-1514|DS224007
81028,PU+VTWIN,2,07100283|VT-50-0032
204171,PU+VTWIN+WPS,3,WPS-191-17001|VT-11-6002|DS198972
78149,VTWIN,2,VT-23-9270|VT-15-8149
202013,PU+VTWIN+WPS,3,WPS-191-17007|VT-11-6093|09260328
200789,PU+VTWIN+WPS,3,WPS-191-27790|VT-13-0789|DS199209
216337,PU+VTWIN,2,VT-10-8146|09250115
204197,PU+VTWIN+WPS,3,WPS-191-17015|DS198976|VT-11-6010
204196,PU+VTWIN+WPS,3,WPS-191-17021|VT-11-6004|DS198975
251001,PU+WPS,2,WPS-22-51001|A251001
3200350,PU+VTWIN,2,VT-10-3507|09220156
251368,PU+WPS,2,WPS-22-51368|A251368
251369,PU+WPS,2,WPS-22-51369|A251369
901,VTWIN,2,VT-16-2130|VT-49-0908
60301,PU+VTWIN,2,VT-30-2204|16210895
34168,PU+VTWIN,2,06510006|VT-25-4168
JGI1677766S,PU+VTWIN,2,VT-15-0990|DS174409
9905,PU+VTWIN,2,VT-32-9303|18611363
JGI3565406F,PU+VTWIN,2,09341193|VT-15-1260
5554,PU,2,10103330|17411050
P80147,PU+VTWIN,2,DS175013|VT-37-0816
MCDR90X,VTWIN+WPS,2,WPS-275-01023|VT-32-0157
MCSPA1,VTWIN+WPS,2,WPS-275-01070|VT-32-9020
MCSPA2,VTWIN+WPS,2,WPS-275-01071|VT-32-0518
MCNSS2,VTWIN+WPS,2,WPS-275-01081|VT-32-9065
MCNSS4,VTWIN+WPS,2,WPS-275-01083|VT-32-2025
MCNSS5,VTWIN+WPS,2,WPS-275-01084|VT-32-0069
MCRLY4,VTWIN+WPS,2,WPS-275-01093|VT-32-9076
MCRLY5,VTWIN+WPS,2,WPS-275-01094|VT-32-0737
MCRLY6,VTWIN+WPS,2,WPS-275-01095|VT-32-0536
76005,PU+VTWIN,2,08021506|VT-24-0622
MCRLY9,VTWIN+WPS,2,WPS-275-01097|VT-32-1160
5428,PU,2,10103140|06510422
MCVOS3,VTWIN+WPS,2,WPS-275-01152|VT-32-9083
39904,VTWIN,2,VT-10-1769|VT-10-0174
801010,PU+WPS,2,WPS-280-1010|801010
801013,PU+WPS,2,WPS-280-1013|21100247
JGI1677036,PU+VTWIN,2,VT-15-1131|09342187
1704907X,VTWIN+WPS,2,VT-15-1453|WPS-681-5216
76862,PU+VTWIN,2,08010933|VT-23-2288
JGI92FLH,PU+VTWIN,2,DS173375|VT-15-0856
76707,PU+VTWIN,2,08030399|VT-45-0952
77433,VTWIN,2,VT-15-7433|VT-27-1452
7199,PU+WPS,2,09320231|WPS-874-1934
50356,PU+VTWIN,2,06360576|VT-25-0356
50153,PU+WPS,2,06360613|WPS-28-2027
83009,PU+VTWIN,2,VT-42-0949|08021193
C9435,PU+WPS,2,WPS-68-9435|09350186
22001,WPS,2,WPS-139-10009|WPS-57-1110
148432,VTWIN+WPS,2,VT-18-2157|WPS-820-54719
170378,PU+VTWIN,2,DS289404|VT-34-0981
353061,VTWIN+WPS,2,WPS-820-4057|VT-28-0871
40262,VTWIN,2,VT-37-4262|VT-32-8121
C9632,PU+VTWIN+WPS,3,WPS-68-9632|VT-14-5819|09350154
JGI2699586D,PU+VTWIN,2,VT-14-0678|09340548
61047,VTWIN,2,VT-52-0390|VT-52-0308
11063,VTWIN+WPS,2,WPS-820-51253|VT-38-0991
S410195006002,VTWIN,2,VT-15-0107|VT-15-0108
78161,PU+VTWIN,2,VT-42-9996|DS193813
JGI3495589,PU+VTWIN,2,VT-15-0913|DS174014
JGI8316251DL,PU+VTWIN,2,VT-14-0680|DS194460
94168,VTWIN,2,VT-24-0594|VT-19-4168
MCRLY8,VTWIN+WPS,2,VT-32-0768|WPS-275-01096
1704192MLS,PU+VTWIN+WPS,3,WPS-681-4380|VT-15-1358|09341591
1703583MLS,PU+VTWIN+WPS,3,WPS-681-4382|VT-15-1360|09341589
1703383MLS,PU+WPS,2,WPS-681-4386|09340946
1863448A/B,PU+WPS,2,WPS-681-4466|DS174370
101561,PU+VTWIN,2,PS01561|VT-24-1561
18432,VTWIN+WPS,2,WPS-865-01427|VT-32-8432
105410,PU+WPS,2,WPS-812-52317|04040623
78819,VTWIN,2,VT-15-0064|VT-15-0063
11062,VTWIN+WPS,2,WPS-820-51251|VT-38-0990
3143384A,VTWIN+WPS,2,WPS-681-4627|VT-37-8931
77446,VTWIN,2,VT-15-7446|VT-16-1262
11191,VTWIN+WPS,2,WPS-681-4686|VT-14-0913
291312,VTWIN+WPS,2,WPS-820-54202|VT-21-2065
6352957,VTWIN+WPS,2,WPS-681-4871|VT-14-0147
1702691MLS,PU+VTWIN+WPS,3,WPS-681-5212|VT-15-1367|09341586
NU9001,PU+VTWIN,2,VT-34-0906|DS289509
060173,VTWIN+WPS,2,WPS-70-6173|VT-23-0305
060174,VTWIN+WPS,2,WPS-70-6174|VT-23-0310
060175,VTWIN+WPS,2,WPS-70-6175|VT-23-0312
JGI3491706F,PU+VTWIN,2,09341190|VT-15-1258
080008,VTWIN+WPS,2,WPS-57-8008|VT-16-0992
F510642M,PU+WPS,2,WPS-820-0393|20400584
A3536352,PU+VTWIN,2,DS194326|VT-17-1129
NU3403,PU+VTWIN,2,DS289500|VT-34-0900
JGI6056765B,PU+VTWIN,2,DS174305|VT-15-0700
94165,VTWIN,2,VT-19-4165|VT-24-1354
78279,VTWIN,2,VT-40-0055|VT-15-8279
71102,PU+VTWIN,2,10103295|VT-35-7112
770037,VTWIN+WPS,2,WPS-820-2603|VT-50-1001
B350221,PU+WPS,2,WPS-820-2628|16110032
T030154,PU+VTWIN,2,07110245|VT-40-0924
JGI2524499K,PU+VTWIN,2,DS173229|VT-15-1461
PH125HD04C,VTWIN,2,VT-32-5116|VT-32-1151
351565,VTWIN+WPS,2,WPS-820-52353|VT-50-0278
JGI2522593X,PU+VTWIN,2,VT-15-0722|DS174202
77322,VTWIN,2,VT-15-7322|VT-26-0115
H1200,VTWIN+WPS,2,WPS-820-60114|VT-32-7534
H1200C,VTWIN+WPS,2,WPS-820-60115|VT-32-7562
NA14802880,PU+VTWIN+WPS,3,21200424|WPS-850-08159|VT-32-9033
H1075,VTWIN+WPS,2,WPS-820-60128|VT-32-0615
H4607,VTWIN+WPS,2,WPS-820-60134|VT-32-0981
H2386,VTWIN+WPS,2,WPS-820-60144|VT-32-7570
H0482,VTWIN+WPS,2,WPS-820-60146|VT-32-0620
H0478,VTWIN+WPS,2,WPS-820-60148|VT-32-0617
H614,VTWIN+WPS,2,WPS-820-60150|VT-32-0619
20276,VTWIN,2,VT-25-0134|VT-12-9969
14274,VTWIN+WPS,2,WPS-865-01002|VT-30-0487
19139,VTWIN+WPS,2,WPS-865-01208|VT-23-0431
JGI1863448F,PU+VTWIN,2,09343433|VT-15-1439
19140,VTWIN+WPS,2,WPS-865-01209|VT-23-9242
21462,PU+VTWIN+WPS,3,WPS-830-1104|VT-23-1462|20053001
98185,PU+WPS,2,WPS-830-1117|DS189702
06041,PU+WPS,2,WPS-820-51289|23300024
85124,VTWIN+WPS,2,WPS-820-50830|VT-32-7782
JGI3515152A,PU+VTWIN,2,VT-14-0635|DS194415
A1745073,PU+VTWIN,2,VT-12-2122|09270013
76693,PU+VTWIN,2,08010740|VT-15-1329
42816,VTWIN+WPS,2,WPS-820-32005|VT-23-0580
42844,VTWIN+WPS,2,WPS-820-32009|VT-23-0634
BDLSPC13324,PU+VTWIN,2,12040092|VT-20-4023
080526,VTWIN+WPS,2,VT-50-0801|WPS-57-8526
26533,VTWIN+WPS,2,WPS-820-58015|VT-11-9506
39898,VTWIN+WPS,2,WPS-820-58020|VT-10-1211
77418,VTWIN,2,VT-27-0863|VT-15-7418
111130,PU+VTWIN,2,VT-24-2056|DS222056
NM334810301,PU+VTWIN+WPS,3,21200323|WPS-850-08320|VT-32-9682
18420,VTWIN+WPS,2,WPS-865-01090|VT-32-1443
18427,VTWIN+WPS,2,WPS-865-01096|VT-32-8427
30100,VTWIN+WPS,2,WPS-865-01290|VT-35-0715
170129,PU+VTWIN,2,VT-14-0125|DS194202
STAMPPINS,PU+VTWIN+WPS,3,WPS-850-08000|21200037|VT-32-9600
202331C,PU+VTWIN,2,09260703|VT-11-1040
DR2B,PU+VTWIN+WPS,3,WPS-850-08005|VT-32-9605|21200040
2022500,PU+VTWIN,2,VT-11-2339|09263315
DR12B,PU+VTWIN+WPS,3,WPS-850-08015|VT-32-9615|21200050
DP6B,PU+VTWIN+WPS,3,WPS-850-08023|21200058|VT-32-9623
MDR2B,PU+VTWIN+WPS,3,WPS-850-08040|VT-32-6519|21200390
MDR4B,PU+VTWIN+WPS,3,WPS-850-08042|21200391|VT-32-6520
MDR12B,PU+VTWIN+WPS,3,WPS-850-08045|VT-32-6522|21200394
MDP8B,PU+VTWIN+WPS,3,WPS-850-08050|21200398|VT-32-6525
NA1736311,PU+VTWIN+WPS,3,WPS-850-08100|VT-32-0936|21200193
13105,VTWIN+WPS,2,WPS-820-51451|VT-42-0499
NA1740572,PU+VTWIN+WPS,3,WPS-850-08120|21200402|VT-32-6542
NA1738502,VTWIN+WPS,2,WPS-850-08113|VT-32-6512
C770099GB,PU+VTWIN,2,VT-37-1157|15100317
NA14803180,PU+VTWIN+WPS,3,WPS-850-08145|VT-32-9094|21200410
NA14804240,PU+VTWIN+WPS,3,WPS-850-08147|21200412|VT-32-6549
NA14802700,PU+VTWIN+WPS,3,WPS-850-08148|21200413|VT-32-8035
24570,VTWIN,2,VT-73-0042|VT-37-9055
NA14802830,PU+VTWIN+WPS,3,WPS-850-08149|VT-32-6551|21200414
NA14802870,PU+VTWIN+WPS,3,WPS-850-08151|VT-32-9034|21200416
NA14803050,PU+VTWIN+WPS,3,WPS-850-08154|21200419|VT-32-6548
NA14804260,PU+VTWIN+WPS,3,WPS-850-08155|VT-32-6550|21200420
NA14803400,PU+VTWIN+WPS,3,WPS-850-08156|21200421|VT-32-8034
NA14803450,PU+VTWIN+WPS,3,WPS-850-08157|21200422|VT-32-6552
NA2820801,VTWIN+WPS,2,WPS-850-08161|VT-32-9702
20271,VTWIN,2,VT-25-0183|VT-34-1512
JGI1702691,PU+VTWIN,2,20111001|VT-15-0818
2M4941010,VTWIN+WPS,3,VT-11-1415|VT-11-1356|WPS-865-2051
NM330001002,PU+VTWIN+WPS,3,WPS-850-08300|VT-32-9700|21200342
NM334710301,PU+VTWIN+WPS,3,WPS-850-08304|VT-32-9673|21200314
NM334821201,PU+VTWIN+WPS,3,21200336|WPS-850-08329|VT-32-9695
NM334721202,PU+VTWIN+WPS,3,WPS-850-08315|VT-32-9692|21200333
77816,VTWIN,2,VT-23-9160|VT-15-8716
NM334721601,PU+VTWIN+WPS,3,WPS-850-08316|VT-32-9680|21200321
78407,VTWIN,2,VT-32-1483|VT-15-8407
NM334810302,PU+VTWIN+WPS,3,WPS-850-08321|VT-32-9694|21200335
NM334823601,PU+VTWIN+WPS,3,WPS-850-08326|VT-32-9690|21200331
NM334820801,PU+VTWIN+WPS,3,WPS-850-08327|21200327|VT-32-9686
NM334821202,PU+VTWIN+WPS,3,WPS-850-08330|VT-32-9688|21200329
NM334821601,PU+VTWIN+WPS,3,WPS-850-08331|VT-32-9689|21200330
20000,VTWIN,2,VT-51-0299|VT-31-0442
NM334821602,PU+VTWIN+WPS,3,WPS-850-08332|VT-32-9698|21200339
NM343450001,PU+VTWIN+WPS,3,WPS-850-08333|21200340|VT-32-9699
NM314032100,PU+WPS,2,WPS-850-08334|21200617
NFATO10,PU+VTWIN+WPS,3,WPS-850-08417|VT-32-6564|21300086
NFATO15,PU+VTWIN+WPS,3,WPS-850-08418|21300087|VT-32-6565
70910B,VTWIN,2,VT-50-0065|VT-50-0067
5502,VTWIN,2,VT-16-1030|VT-30-3010
6938009BHP,VTWIN,2,VT-31-0013|VT-31-0022
NHD3243500,PU+VTWIN+WPS,3,WPS-850-08772|VT-32-2224|21200594
NHD3243501,PU+VTWIN+WPS,3,WPS-850-08773|VT-32-2225|21200595
NHD7015399,PU+VTWIN+WPS,3,WPS-850-08775|21201018|VT-32-1616
NHD69200533,PU+VTWIN+WPS,3,WPS-850-08777|21200654|VT-32-5065
20267,VTWIN,2,VT-10-0137|VT-25-0143
26529,PU+VTWIN,2,VT-10-0138|18610709
86269,VTWIN,2,VT-10-0144|VT-10-0156
2460058B,PU+VTWIN,2,VT-10-0250|DS197067
350,PU+VTWIN,3,VT-25-2202|VT-32-3500|17420105
2021400,PU+VTWIN,2,VT-13-2131|09263000
1810,PU+VTWIN,2,VT-10-0571|09290023
24591,PU+VTWIN,2,VT-10-0642|DS194271
3200352,PU+VTWIN,2,VT-10-0846|09220121
2058,PU+VTWIN,2,VT-37-8964|09250752
4431,PU+VTWIN,2,VT-27-0729|06510406
A6506B,PU+VTWIN,2,VT-10-1149|09220110
3022,VTWIN,2,VT-27-1761|VT-27-1984
JGI3523039DL,PU+VTWIN,2,VT-14-0637|DS174538
78116,PU+VTWIN,2,VT-10-8179|08200016
78445,VTWIN,2,VT-15-8445|VT-23-2307
JGI1677984X,PU+VTWIN,2,VT-15-1252|09340949
77845,VTWIN,2,VT-39-0704|VT-15-7845
JGI3259170,PU+VTWIN,2,DS174240|VT-15-1032
77968,VTWIN,2,VT-15-7968|VT-50-1513
77948,VTWIN,2,VT-15-7948|VT-50-1197
78459,VTWIN,2,VT-15-8459|VT-28-0984
5020001077,PU+VTWIN,2,DS223742|VT-18-8306
3100232,PU+VTWIN,2,VT-10-8799|09010188
6127010,VTWIN+WPS,2,VT-11-0186|WPS-865-02022
76292,PU+VTWIN,2,VT-7824-12T|08010986
200390,PU+VTWIN,2,24010078|VT-11-0743
A25319SET,PU+VTWIN,2,VT-12-1530|DS194160
202021,VTWIN+WPS,2,VT-11-0951|WPS-191-57042
202321,PU+VTWIN,2,VT-11-1025|09260700
202321C,PU+VTWIN,2,VT-11-1035|09260702
2020691,PU+VTWIN+WPS,3,VT-11-1055|WPS-191-57010|09262007
2020692,PU+VTWIN+WPS,3,VT-11-1056|WPS-191-57050|09262009
2020692C,PU+VTWIN+WPS,3,VT-11-1062|WPS-191-57050C|09262010
202020,VTWIN+WPS,2,VT-11-1164|WPS-191-57041
202030,VTWIN+WPS,2,VT-11-1165|WPS-191-57017
PS1250,VTWIN,2,VT-19-0600|VT-19-0571
H070593S,PU+VTWIN,2,06102323|VT-26-1052
120417A,PU+VTWIN,2,20100781|VT-33-0935
77327,VTWIN,2,VT-15-7327|VT-35-9355
6083030011,PU+VTWIN,2,11300209|VT-18-1156
2M6127010,VTWIN+WPS,2,VT-11-1364|WPS-865-02017
3885VMF,PU+VTWIN+WPS,3,VT-11-1423|WPS-3885VMF|09120932
2C5231,VTWIN+WPS,2,VT-11-1426|WPS-865-2040
2023050,PU+VTWIN,2,VT-11-2028|09263218
202020M,PU+VTWIN,2,VT-11-2300|09262266
202030M,PU+VTWIN,2,VT-11-2308|09262274
202031M,PU+VTWIN,2,VT-11-2309|09262275
202051M,PU+VTWIN,2,VT-11-2327|09262283
2022000,PU+VTWIN,2,VT-11-2336|09263307
78661,VTWIN,2,VT-15-8661|VT-33-1612
EVBB2SL,PU+VTWIN,2,VT-20-0629|11200247
37017,PU+VTWIN,2,VT-11-2700|17414263
2000,VTWIN,2,VT-11-2703|VT-30-0837
78471,VTWIN,2,VT-15-8471|VT-38-0883
B060199ASP,PU+VTWIN,2,VT-23-0907|17103157
H070730,PU+VTWIN,2,VT-26-0956|06102253
78671,VTWIN,2,VT-15-0061|VT-15-0060
VT2797,PU+VTWIN,2,VT-11-9975|09031170
K2802,PU+VTWIN,2,VT-11-9988|09031676
77480,VTWIN,2,VT-15-7480|VT-31-1274
JGI2541670X,PU+VTWIN,2,DS174457|VT-15-0701
76385,PU+VTWIN,2,VT-33-0457|20300169
316200,PU+VTWIN,2,VT-12-8001|DS194063
70290,VTWIN,2,VT-32-3071|VT-15-0197
9885,VTWIN,2,VT-12-9885|VT-48-0307
334242,PU+VTWIN,2,VT-12-9957|09320125
74342B,VTWIN,2,VT-13-0352|VT-13-0482
77462,VTWIN,2,VT-24-1045|VT-15-7462
78388,VTWIN,2,VT-15-8388|VT-22-0716
2021550,PU+VTWIN,2,VT-13-2151|09263002
710344,PU+VTWIN,2,VT-14-0144|09262047
JGI4650801,PU+VTWIN,2,VT-14-0587|09346496
1795548FLR,PU+VTWIN+WPS,3,VT-14-0823|WPS-681-4747|DS174536
5193020*N/A,VTWIN,2,VT-11-0122|VT-11-0119
89238,PU+VTWIN,2,VT-24-1380|04140736
C9691,PU+VTWIN,2,VT-15-0478|DS172089
A3735741,PU+VTWIN,2,DS193159|VT-18-3202
78477,VTWIN,2,VT-33-1681|VT-15-8477
JGI2541699X,PU+VTWIN,2,VT-15-1224|09340289
JGI1754148DL,PU+VTWIN,2,VT-15-1271|09340726
6532483KW2,PU+VTWIN,2,VT-15-1274|18610459
K2805,PU+VTWIN,2,VT-11-9986|09031679
JGI11125XMF,PU+VTWIN,2,VT-15-1283|09341581
JGI1705299X,PU+VTWIN,2,VT-15-1354|DS173532
JGI1705399X,PU+VTWIN,2,VT-15-1355|20112098
JGI6054706KF,PU+VTWIN,2,VT-15-1426|09263301
77872,VTWIN,2,VT-15-7872|VT-39-0030
77874,VTWIN,2,VT-15-7874|VT-24-0113
212335,PU+VTWIN,2,DS199328|VT-10-2331
78264,VTWIN,2,VT-15-8264|VT-21-0751
78277,VTWIN,2,VT-15-8277|VT-40-0053
78294,VTWIN,2,VT-15-8294|VT-38-0781
78586,VTWIN,2,VT-15-8586|VT-17-8083
78613,VTWIN,2,VT-15-8613|VT-33-1741
78642,VTWIN,2,VT-15-8642|VT-34-0494
80645,VTWIN+WPS,2,WPS-59-9195|VT-32-0775
937,VTWIN,2,VT-16-0322|VT-34-1390
3005SEX,VTWIN+WPS,2,WPS-132-7039|VT-32-3016
CE801007,VTWIN+WPS,2,WPS-273-1413|VT-32-0868
90201,VTWIN,2,VT-16-0807|VT-50-1010
78712,VTWIN,2,VT-15-8712|VT-35-2001
120417MA,PU+VTWIN,2,VT-33-0936|20100779
202034M,PU+VTWIN,2,VT-11-2312|09262278
JGI3014330,PU+VTWIN,2,VT-15-1022|DS173386
JGI1703091X,PU+VTWIN,2,09341853|VT-15-1364
2020851,VTWIN,2,VT-11-1474|VT-11-1153
98548,VTWIN,2,VT-10-9848|VT-10-8755
JGI3490107K,PU+VTWIN,2,09341624|VT-15-1397
77080,VTWIN,2,VT-17-0235|VT-38-5551
77945,VTWIN,2,VT-50-1135|VT-15-7945
3409106,VTWIN,2,VT-17-0594|VT-17-1308
H070575,PU+VTWIN,2,06100127|VT-26-2203
217450,PU+VTWIN,2,09251165|VT-10-5271
NDP38062,VTWIN+WPS,2,WPS-850-08404|VT-32-9635
500747B,PU+WPS,2,WPS-812-02131|16100677
A35326SET,PU+VTWIN,2,VT-17-9752|DS194183
3213002012,PU+VTWIN,2,VT-18-1154|11320930
2020940,PU+WPS,2,09262992|WPS-191-17038
3063020018,PU+VTWIN,2,VT-18-3270|11314007
3043010005,PU+VTWIN,2,VT-18-3667|DS223727
3073020011,PU+VTWIN,2,VT-18-3691|DS223750
3023020013,PU+VTWIN,2,VT-18-3694|DS223471
6083010086,PU+VTWIN,2,VT-18-3833|DS223722
6083010009,PU+VTWIN,2,VT-18-3853|11300138
94101,VTWIN,2,VT-19-0167|VT-24-0841
947,VTWIN,2,VT-16-0315|VT-19-9470
202026M,PU+VTWIN,2,09262271|VT-11-2305
370314,PU+WPS,2,21060011|WPS-820-50842
CS34A,PU+VTWIN,2,VT-19-0593|11200292
203375,PU+VTWIN,2,DS199404|VT-17-8228
94213,VTWIN,2,VT-19-4213|VT-24-0962
JGI1676957,PU+VTWIN,2,DS174900|VT-15-1012
EVBB3TRB,PU+VTWIN,2,VT-20-0610|11200250
77463,VTWIN,2,VT-21-0072|VT-15-7463
1023030014,PU+VTWIN,2,VT-36-1512|DS224013
276150,PU+VTWIN,2,DS199737|VT-11-9878
110010,VTWIN,2,VT-21-0452|VT-36-0402
202121C,PU+VTWIN+WPS,3,09260719|WPS-191-57052C|VT-11-1183
JGI3515174,PU+VTWIN,2,DS194461|VT-14-0636
6083010017,PU+VTWIN,2,11300436|VT-18-1159
78289,VTWIN,2,VT-21-0817|VT-15-8289
78290,VTWIN,2,VT-21-0819|VT-15-8290
76312DCS,VTWIN+WPS,2,WPS-274-0717|VT-35-0593
202215,PU+VTWIN,2,09260807|VT-13-0102
19141B,VTWIN,2,VT-22-0041|VT-22-0709
19141,VTWIN,2,VT-22-0708|VT-22-0040
3200354,PU+VTWIN,2,09220157|VT-10-0845
74543,VTWIN,2,VT-22-0745|VT-22-0074
74543B,VTWIN,2,VT-22-0746|VT-22-0075
BDL371443,PU+VTWIN,2,VT-20-0105|DS360014
H070585S,PU+VTWIN,2,06102306|VT-26-0975
BDL38078,PU+VTWIN,2,VT-20-0106|DS360015
76982,PU+VTWIN,2,VT-22-1678|08010844
JGI6711887,PU+VTWIN,2,DS173512|VT-14-0947
JGI2526381,PU+VTWIN,2,DS174075|VT-15-0931
H070574N,PU+VTWIN,2,06102300|VT-26-0960
50217,PU+VTWIN,2,VT-23-1012|44020596
B160726C,PU+VTWIN,2,VT-23-1048|17020708
981,VTWIN,2,VT-23-1122|VT-27-1667
78255,VTWIN,2,VT-23-1151|VT-15-8255
193087,PU+VTWIN,2,VT-20-0143|12010101
77414,VTWIN,2,VT-15-7414|VT-48-1985
94384,VTWIN,2,VT-24-0428|VT-19-4384
7067,VTWIN,2,VT-24-0518|VT-54-0408
217462,PU+VTWIN,2,09251205|VT-10-5273
217464,PU+VTWIN,2,09251206|VT-10-5274
292120,VTWIN+WPS,2,WPS-820-54217|VT-21-0704
410140,PU+VTWIN,2,09250926|VT-10-0913
060143,PU+WPS,2,18611637|WPS-70-6143
74700021C,PU+VTWIN,2,VT-32-1461|21121208
20303,PU+VTWIN,2,VT-25-0173|35110028
296110,PU+VTWIN,2,DS199531|VT-17-6100
2077,PU+WPS,2,WPS-811-02077|09240240
JGI1754069,PU+VTWIN,2,DS174180|VT-15-1136
76081,VTWIN+WPS,2,VT-32-6081|WPS-57-6225
37927,PU+VTWIN,2,VT-52-1479|17410802
350016,VTWIN,2,VT-43-9136|VT-43-9322
H070605,PU+VTWIN,2,VT-26-0006|06101955
79111,VTWIN,2,VT-26-0071|VT-28-3102
H070730S,PU+VTWIN,2,VT-26-1054|06102327
H070730NMB,PU+VTWIN,2,VT-26-1056|06102326
070509V,VTWIN,2,VT-26-2178|VT-26-2176
C320433,PU+VTWIN,2,VT-27-0008|05100181
8041,PU+VTWIN,4,VT-27-0321|VT-27-0320|VT-12-1315|09250951
2M6164010,VTWIN+WPS,2,VT-11-1359|WPS-865-02005
8873,VTWIN,2,VT-27-0824|VT-12-1768
77427,VTWIN,2,VT-50-1552|VT-15-7427
78463,VTWIN,2,VT-27-0866|VT-15-8463
8846,VTWIN+WPS,2,VT-27-1236|WPS-874-1234
288131,PU+VTWIN,2,VT-10-8141|09250070
7716,VTWIN,2,VT-27-1756|VT-11-0942
78637,VTWIN,2,VT-28-0668|VT-15-8637
78497,VTWIN,2,VT-28-0875|VT-15-8497
331035B,VTWIN,2,VT-28-1014|VT-28-0101
3544,PU+VTWIN,2,VT-28-3544|DS3544
72040,VTWIN+WPS,2,VT-30-3106|WPS-820-71153
JGI2649589,PU+VTWIN,2,DS174876|VT-15-0962
7351,VTWIN,2,VT-29-1101|VT-42-0375
7352,VTWIN,2,VT-29-1102|VT-37-8658
030024,PU+VTWIN,2,10030292|VT-35-0444
78398,VTWIN,2,VT-15-8398|VT-50-0352
8146,VTWIN,2,VT-29-8146|VT-33-8146
8153,VTWIN,2,VT-29-8153|VT-30-8153
8154,VTWIN,2,VT-29-8154|VT-30-8154
8914,VTWIN,2,VT-30-0006|VT-42-1324
8820,VTWIN+WPS,2,VT-30-0008|WPS-874-1240
330063,PU+VTWIN,2,11070034|VT-42-0678
20133,VTWIN+WPS,2,VT-17-2033|WPS-85-1045
260128S32,PU+VTWIN,2,12010232|VT-20-0347
78467,VTWIN,2,VT-15-8467|VT-11-1286
99762,PU+WPS,2,WPS-830-1200|24010117
NWR8510020,PU+WPS,2,WPS-850-09222|21201326
2001,VTWIN,2,VT-30-0838|VT-49-2560
728,VTWIN,2,VT-30-0849|VT-30-3100
370339,PU+WPS,2,21060418|WPS-820-50840
JGI1703448XF,PU+VTWIN,2,09343127|VT-15-1295
296,PU+VTWIN,2,DS098296|VT-30-1403
78254,VTWIN,2,VT-30-1435|VT-15-8254
11312,PU+VTWIN+WPS,3,VT-38-0115|WPS-817-01831|11312E
370338,PU+WPS,2,21060419|WPS-820-50841
202320,PU+VTWIN,2,VT-11-1024|09260696
729,VTWIN,2,VT-30-3120|VT-16-1027
312096,PU+VTWIN,2,VT-12-1949|09200008
A11096A,PU+VTWIN,2,VT-12-9992|DS188030
4859,VTWIN,2,VT-30-4859|VT-27-0554
84526,VTWIN+WPS,2,WPS-820-50837|VT-32-7001
8097,VTWIN,2,VT-30-8097|VT-40-0220
727K,PU+VTWIN,2,VT-16-1171|DS196400
3200396,PU+VTWIN,2,VT-10-3502|09220120
316278,PU+VTWIN,2,VT-15-0364|09320168
78582,VTWIN,2,VT-15-0492|VT-15-8582
JGI77XL,PU+VTWIN,2,VT-15-0850|DS173406
JGI2526300KX,PU+VTWIN,2,VT-15-1265|09341199
JGI12074K,PU+VTWIN,2,VT-15-1276|09350124
JGI3490685DL,PU+VTWIN,2,VT-15-1278|09350076
78623,VTWIN,2,VT-15-8623|VT-15-8621
78501,VTWIN,2,VT-15-1325|VT-47-0374
JGI6053881CF,PU+VTWIN,2,VT-15-1338|09344629
JGI1705505,PU+VTWIN,2,VT-15-1346|09341599
1677496XT2,PU+VTWIN,2,VT-15-1374|09341584
JGI2541699K,PU+VTWIN,2,VT-15-1383|11050037
JGI3303107,PU+VTWIN,2,VT-15-1393|09341620
78371,VTWIN,2,VT-15-1456|VT-15-8371
3303106,VTWIN+WPS,2,VT-15-1619|WPS-681-4028
2M4941,VTWIN+WPS,2,VT-11-1413|WPS-865-2049
H070593NMB,PU+VTWIN,2,06102322|VT-26-0971
20193,VTWIN,2,VT-25-0860|VT-28-0424
77348,VTWIN,2,VT-15-7348|VT-44-0888
SPC013,PU+VTWIN,2,24040049|VT-37-0463
L240436CMLED,PU+WPS,2,WPS-820-0352|20100769
50216,PU+VTWIN,2,VT-23-1011|44020595
2823,VTWIN+WPS,2,WPS-30-3634|VT-11-0907
70232,VTWIN,2,VT-32-0099|VT-38-0101
MCFPR1,VTWIN+WPS,2,WPS-275-01034|VT-32-0504
40253,PU+VTWIN,2,20101461|VT-32-1658
76067,PU+VTWIN,2,08010547|VT-37-1052
6031,PU+WPS,2,18010703|WPS-82-96014
MCTS2,VTWIN+WPS,2,WPS-275-01033|VT-32-0569
JGI4584906,PU+VTWIN,2,04070663|VT-14-0047
JGI11110,PU+VTWIN,2,DS174361|VT-14-0506
148150,VTWIN+WPS,2,WPS-820-50950|VT-18-1220
26514,PU+VTWIN,2,DS380318|VT-52-0697
1277,VTWIN,2,VT-32-1297|VT-16-0792
JGI2958301A,PU+VTWIN,2,09341617|VT-15-1390
20054,VTWIN,2,VT-32-1370|VT-10-2561
JGI1705405X,PU+VTWIN,2,09341597|VT-15-1349
1067,PU+VTWIN,2,11040006|VT-17-0119
78403,VTWIN,2,VT-32-1444|VT-15-8403
78405,VTWIN,2,VT-32-1479|VT-15-8405
PS500,PU+VTWIN,2,22145002|VT-19-0561
BDL371441,PU+VTWIN,2,DS360012|VT-20-0103
40243,VTWIN,2,VT-32-1652|VT-37-8342
PS250,PU+VTWIN,2,22145001|VT-19-0568
353,PU+VTWIN,2,17420108|VT-25-2200
PS1000,PU+VTWIN,2,22145004|VT-19-0570
E250091BT4,PU+VTWIN,2,VT-32-1909|21130667
76157,PU+VTWIN,2,08040290|VT-15-0369
801005,PU+VTWIN+WPS,3,VT-32-5122|WPS-280-1005|801005
78191,PU+VTWIN,2,14050285|VT-50-0536
76401,PU+VTWIN,2,08020327|VT-15-0389
71375,VTWIN,2,VT-32-7521|VT-32-0416
BDL30853BE,PU+VTWIN,2,DS360008|VT-20-0102
112338P,PU+VTWIN,2,10030195|VT-35-0151
DC11,PU+VTWIN,2,VT-32-7789|DC11
1062011,PU+VTWIN,2,10030237|VT-35-0924
W5752,PU+VTWIN,2,VT-11-9774|W5752
15410BN,VTWIN,2,VT-32-8999|VT-32-0967
370492,PU+VTWIN,2,06160205|VT-32-0264
NU3422,PU+VTWIN,2,DS289505|VT-34-0909
202061M,PU+VTWIN,2,VT-11-2332|09262288
120203,PU+VTWIN,2,VT-33-0616|09066318
41216,VTWIN,2,VT-33-0656|VT-32-0053
71140,VTWIN,2,VT-13-9174|VT-40-7114
78480,VTWIN,2,VT-33-1558|VT-15-8480
ABIG7B2B,VTWIN+WPS,2,VT-33-1574|WPS-227-0031
161273,PU+VTWIN,2,VT-33-1605|20100744
78416,VTWIN,2,VT-33-1632|VT-15-8416
78413,VTWIN,2,VT-33-1634|VT-15-8413
78533,VTWIN,2,VT-33-1649|VT-15-8533
78534,VTWIN,2,VT-33-1650|VT-15-8534
77415,VTWIN,2,VT-15-7415|VT-28-0761
70117,VTWIN,2,VT-33-2271|VT-33-1961
170023A,PU+VTWIN,2,VT-18-3236|11312180
202033,VTWIN+WPS,2,VT-11-0961|WPS-191-57020
96829,VTWIN,2,VT-25-0470|VT-37-6829
NHCXDB12,PU+VTWIN,2,VT-32-6662|21200227
78119,VTWIN,2,VT-10-8213|VT-10-8168
C770071,PU+WPS,2,WPS-820-2618|15100092
826H.HS,PU+VTWIN,2,VT-23-4561|17211772
77710,VTWIN,2,VT-34-1081|VT-15-7710
351,PU+VTWIN,3,VT-25-2204|VT-32-3510|17420106
352,PU+VTWIN,2,VT-25-2205|17420107
47123,PU+VTWIN,2,VT-26-0786|17411676
62336,VTWIN,2,VT-26-0886|VT-26-0377
77399,VTWIN,2,VT-34-1333|VT-15-7399
70053A,VTWIN,2,VT-27-0950|VT-27-0917
9953,PU+VTWIN,2,VT-30-1281|10220124
9952,PU+VTWIN,2,VT-30-1282|10220123
0861478/54,PU+VTWIN,2,VT-30-1417|18610914
78474,VTWIN,2,VT-35-0253|VT-15-8474
8115,VTWIN,2,VT-30-8115|VT-33-8115
77424,VTWIN,2,VT-35-0447|VT-15-7424
22732,WPS,2,WPS-59-9179|WPS-865-01041
JGI1736207,PU+VTWIN,2,VT-15-1447|09342098
VT2712,PU+VTWIN+WPS,3,WPS-VT2712|VT-11-9921|09030790
030091,VTWIN+WPS,2,WPS-820-2655|VT-40-0361
71139,VTWIN,2,VT-40-7113|VT-24-0120
78470,VTWIN,2,VT-15-8470|VT-38-0881
63400,VTWIN,2,VT-46-0255|VT-49-0805
471066,PU+VTWIN,2,VT-35-4766|10090221
471072,PU+VTWIN+WPS,3,VT-35-4772|WPS-24-71072|10090218
6311AH,PU+VTWIN,2,VT-35-9089|07050552
68168,VTWIN+WPS,2,VT-48-0263|WPS-820-51309
000815,VTWIN+WPS,2,VT-48-0490|WPS-57-98021
86163,VTWIN,2,VT-48-1101|VT-33-6163
03010710,VTWIN+WPS,2,VT-37-7966|WPS-820-1178C
352066,PU+VTWIN,2,VT-37-9547|24040985
C9692,PU+VTWIN,2,VT-15-0479|09341355
70231,VTWIN,2,VT-38-0100|VT-32-0097
74489,VTWIN,2,VT-50-0929|VT-54-0153
78353,VTWIN,2,VT-38-0506|VT-15-8353
10518,VTWIN+WPS,2,WPS-38-1019|VT-50-2000
78575,VTWIN,2,VT-38-0620|VT-15-8575
78401,VTWIN,2,VT-38-0651|VT-15-8401
77402,VTWIN,2,VT-38-0943|VT-15-7402
78396,VTWIN,2,VT-38-0967|VT-15-8396
90105,PU+VTWIN,2,VT-39-0067|24010501
9724,VTWIN,2,VT-16-9726|VT-16-9724
208800,PU+VTWIN,2,VT-17-8503|11060057
40354,PU+VTWIN,2,VT-73-354|20101498
41582,PU+VTWIN,2,VT-7412-24|11321013
1013030005,PU+VTWIN,2,DS223872|VT-36-2490
T216924WB,PU+VTWIN,2,VT-39-0496|22100545
71485,VTWIN,2,VT-39-0985|VT-39-0932
2021255,PU+WPS,2,WPS-191-27051|09500888
2021260,PU+WPS,2,WPS-191-27052|09500889
87623,PU+WPS,2,WPS-820-51404|09251162
63867,VTWIN,2,VT-40-0036|VT-40-0034
50225,VTWIN,2,VT-40-0106|VT-25-2021
50167Z,VTWIN,2,VT-40-0164|VT-40-1291
140002,PU+VTWIN,2,VT-40-0172|07120379
78101,VTWIN,2,VT-40-0241|VT-40-0243
060163,VTWIN+WPS,2,WPS-70-6163|VT-19-0004
50189Z,VTWIN,2,VT-40-0286|VT-40-9983
120092,PU+VTWIN,2,VT-33-0105|10120005
302843,VTWIN+WPS,2,WPS-820-70211|VT-43-0797
C770075,VTWIN+WPS,2,WPS-820-2622|VT-50-1130
7077,VTWIN+WPS,2,WPS-811-07077|VT-23-1736
306,PU+VTWIN,2,17420048|VT-43-0360
NWR810020,PU+WPS,2,WPS-850-09221|21201325
50226A,VTWIN,2,VT-40-1418|VT-40-9090
71305,PU+VTWIN,2,VT-42-0290|10102887
342510,PU,2,17103957|06510555
78427,VTWIN,2,VT-42-0788|VT-15-8427
9084,VTWIN,2,VT-42-1091|VT-12-4576
9963,VTWIN,2,VT-42-1100|VT-37-0520
9087,VTWIN,2,VT-42-1125|VT-42-1126
210241,VTWIN+WPS,2,VT-21-0253|WPS-820-50804
71033P,VTWIN,2,VT-42-1284|VT-42-1824
080350,VTWIN+WPS,2,WPS-57-80350|VT-16-1765
126055R,VTWIN,2,VT-33-1056|VT-33-1920
63002C,VTWIN,2,VT-44-0239|VT-44-0226
11161,VTWIN+WPS,2,WPS-681-5452|VT-12-0952
78503,VTWIN,2,VT-44-0441|VT-15-8503
CM4253,VTWIN+WPS,2,WPS-27-M425|VT-48-1755
P8859,PU+WPS,2,WPS-830-1069|DS175011
WT001B,VTWIN,2,VT-49-2493|VT-49-2492
77350,VTWIN,2,VT-44-0974|VT-15-7350
71588,PU+VTWIN,2,VT-45-0752|02100426
CM419,VTWIN+WPS,2,WPS-27-M419|VT-48-0587
77836,VTWIN,2,VT-24-1173|VT-14-7836
76161,VTWIN+WPS,2,WPS-57-6213|VT-15-0268
JGI3490105K,PU+VTWIN,2,VT-15-1396|09341621
77316,VTWIN,2,VT-15-7316|VT-39-0654
503,VTWIN,2,VT-25-5030|VT-30-1909
600077,PU+VTWIN,2,VT-34-0306|10102842
CM4242,VTWIN+WPS,2,VT-48-1711|WPS-27-M424
JGI3490179K,PU+VTWIN,2,DS174954|VT-15-0869
CM4223,VTWIN+WPS,2,VT-48-1753|WPS-27-M422
CM254,VTWIN+WPS,2,VT-48-1763|WPS-27-M254
206595B,VTWIN,2,VT-33-1290|VT-33-0334
78393,VTWIN,2,VT-33-1624|VT-15-8393
78473,VTWIN,2,VT-33-1640|VT-15-8473
77758,VTWIN,2,VT-49-0380|VT-15-7758
600001,PU+VTWIN,2,VT-34-0309|10102639
61000675,VTWIN,2,VT-38-0557|VT-38-0868
77769,VTWIN,2,VT-15-7769|VT-35-0965
77770,VTWIN,2,VT-15-7770|VT-23-0721
78269,VTWIN,2,VT-15-8269|VT-42-1745
NFLRP01,PU+WPS,2,WPS-850-09230|20500502
61000674,VTWIN,2,VT-38-0596|VT-38-0699
103330,PU+WPS,2,WPS-812-02010|DS240202
202022,VTWIN+WPS,2,VT-11-0952|WPS-191-57043
311151,VTWIN+WPS,2,WPS-582-02301|VT-41-0200
6482040,VTWIN+WPS,2,WPS-865-02035|VT-11-0180
33262,PU+VTWIN,2,VT-40-0263|06500002
9908,PU+VTWIN,2,VT-42-0180|18611647
40110,PU+VTWIN+WPS,3,WPS-274-0010|VT-32-0640|35011862
83097B,VTWIN,2,VT-33-1818|VT-35-1818
2M6164030,VTWIN+WPS,2,VT-11-1361|WPS-865-02007
63363,VTWIN,2,VT-34-0733|VT-22-0841
2M6164020,VTWIN+WPS,2,WPS-865-02006|VT-11-1360
83071,PU+VTWIN,2,VT-33-4071|08021511
78263,VTWIN,2,VT-14-8263|VT-28-2262
216355G,PU+VTWIN,2,09250175|VT-10-8197
78397,VTWIN,2,VT-49-2518|VT-15-3897
KB305.020,VTWIN+WPS,2,WPS-824-01009|VT-11-2260
306014,VTWIN+WPS,2,WPS-820-0161|VT-30-0002
241336,PU+VTWIN+WPS,3,WPS-820-52653|VT-19-0159|11200435
140512,PU+WPS,2,WPS-820-2683|21070196
11344,VTWIN+WPS,2,WPS-817-01850|VT-38-0116
58835,VTWIN,2,VT-37-5873|VT-37-5875
50215,PU+VTWIN,2,VT-23-0806|44020594
A3510552,PU+VTWIN,2,VT-17-1136|DS195018
20041,PU+VTWIN,2,VT-51-0274|04110172
510298,PU+VTWIN+WPS,3,WPS-191-27030|VT-11-1232|09262969
64393,VTWIN,2,VT-52-0802|VT-30-4393
HDEG109,VTWIN,2,VT-51-2036|VT-51-2035
HDEG110,VTWIN,2,VT-51-2040|VT-51-2039
61031C,VTWIN,2,VT-52-0097|VT-52-0087
64396,VTWIN,2,VT-52-0215|VT-30-4396
204168,PU+VTWIN,2,VT-11-6013|09260783
2041961,PU+VTWIN,2,VT-11-6107|09260787
204256,PU+VTWIN,2,VT-11-6015|09260786
9300165,PU+VTWIN,2,VT-11-7716|09280124
62152,PU+VTWIN,2,16210687|VT-21-4755
40051,PU,2,20101348|10102955
NSXHCB36A,PU+WPS,2,WPS-850-08766|21201161
4124007C,PU+VTWIN,2,VT-54-2000|DS222000
102027,PU+WPS,2,WPS-820-60404|21020227
76710,PU+VTWIN,2,08030401|VT-45-0332
23201,PU+WPS,2,WPS-830-1144|24010435
822,PU+VTWIN,2,VT-37-8220|12042730
13222,VTWIN,2,VT-37-8707|VT-12-1306
78430,VTWIN,2,VT-8015-4T|VT-15-8430
6009,VTWIN,2,VT-43-0373|VT-12-0337
76741,VTWIN,2,VT-47-2204|VT-11-1132
70281,VTWIN,2,VT-32-1923|VT-17-0903
77965,VTWIN,2,VT-15-7965|VT-44-0623
78265,VTWIN,2,VT-15-8265|VT-21-0753
78266,VTWIN,2,VT-15-8266|VT-21-1342
78481,VTWIN,2,VT-15-8481|VT-28-0873
78482,VTWIN,2,VT-15-8482|VT-47-0369
78563,VTWIN,2,VT-15-8563|VT-22-0131
3300378,PU+VTWIN,2,VT-10-0529|09290053
212351,PU+VTWIN,2,VT-10-2351|09250294
212353,PU+VTWIN,2,VT-10-2353|09250295
212430,PU+VTWIN,2,VT-10-2430|DS199298
3200402,PU+VTWIN,2,VT-10-3503|09220119
77352,VTWIN,2,VT-15-7352|VT-44-0924
500773,PU+WPS,2,WPS-812-02139|16100682
39909,VTWIN,2,VT-10-1771|VT-10-0188
JGI6381599,PU+VTWIN,2,VT-11-0584|DS173248
347,PU+VTWIN,2,VT-25-3470|17420104
300203,PU+VTWIN,2,VT-19-0769|12102803
288015,PU+VTWIN,2,VT-19-8015|DS199175
A2209799,PU+VTWIN,2,VT-11-0856|09130016
94645,VTWIN,2,VT-20-4645|VT-24-1912
41112,PU+VTWIN,2,VT-2017-8|10103347
18011,VTWIN,2,VT-9520-4|VT-9520-4T
3326,PU+VTWIN,2,VT-44-3326|DS3326
8601,PU+VTWIN,2,VT-17-2148|11030065
2020090,PU+VTWIN,2,VT-11-6091|DS198806
2020092,PU+VTWIN,2,VT-11-6092|DS198807
062013,PU+WPS,2,06550026|WPS-820-70205
FROM#963713,VTWIN,2,VT-12-0004|VT-12-0005
73825,VTWIN,2,VT-12-0156|VT-12-1769
A8906,VTWIN,2,VT-12-0349|VT-12-0399
6209,PU+VTWIN,2,VT-12-0361|18010590
A8876A,PU+VTWIN,2,VT-12-0366|09240585
LM11949,VTWIN,2,VT-12-0382|VT-44-0406
70252,PU+VTWIN,2,VT-32-3097|21070286
20158,VTWIN,2,VT-25-0952|VT-17-2018
5041,VTWIN+WPS,2,WPS-830-5021|VT-37-8992
66101,PU+VTWIN,2,VT-25-1753|05020574
50314,PU+VTWIN,2,VT-25-2002|44020602
2401680,PU+VTWIN,2,VT-12-0609|DS198835
2250,VTWIN,2,VT-12-0706|VT-30-0257
A11494,PU+VTWIN,2,VT-12-0753|09250283
A2403903,PU+VTWIN,2,VT-12-0817|09500361
4002,VTWIN,2,VT-12-0901|VT-51-0991
A11096,PU+VTWIN,2,VT-12-0923|DS188029
A11067,PU+VTWIN,2,VT-12-0928|DS188022
A11177,PU+VTWIN,2,VT-12-0946|DS188039
A3790484,PU+VTWIN,2,VT-12-0953|DS188073
A3790784,PU+VTWIN,2,VT-12-0955|DS188075
A3508799A,PU+VTWIN,2,VT-12-1308|11060029
A2640082,PU+VTWIN,2,VT-12-1417|09320075
A2555679,PU+VTWIN,2,VT-12-1429|DS194169
2632662A,VTWIN,2,VT-12-1436|VT-12-0174
A25302SET,PU+VTWIN,2,VT-12-1510|DS194159
A2470354,PU+VTWIN,2,VT-12-1521|09500288
20194,VTWIN,2,VT-12-1533|VT-25-0863
3251,PU+VTWIN,2,VT-12-1779|10120269
A1683054,PU+VTWIN,2,VT-12-2113|09310317
334241,PU+VTWIN,2,VT-12-9906|09320124
77834,VTWIN,2,VT-14-7834|VT-15-0376
A3408779A,PU+VTWIN,2,VT-13-0132|11060048
JGI2685899,PU+VTWIN,2,DS173232|VT-14-0811
JGI12067A,PU+VTWIN,2,DS194088|VT-14-0972
76742,VTWIN,2,VT-14-0583|VT-47-6742
JGI12013A,PU+VTWIN,2,VT-14-0603|DS174475
JGI12043A,PU+VTWIN,2,VT-14-0612|DS173506
JGI12044A,PU+VTWIN,2,VT-14-0613|DS174476
JGI12050,PU+VTWIN,2,VT-14-0616|DS194476
JGI2622758,PU+VTWIN,2,VT-14-0623|DS194425
JGI3134180DL,PU+VTWIN,2,VT-14-0629|DS174486
JGI3403552,PU+VTWIN,2,VT-14-0631|DS194440
JGI3403636,PU+VTWIN,2,VT-14-0632|DS174477
JGI4540075,PU+VTWIN,2,VT-14-0650|DS174540
JGI4587584,PU+VTWIN,2,VT-14-0654|DS173345
JGI6064174,PU+VTWIN,2,VT-14-0660|DS194462
JGI6352957,PU+VTWIN,2,VT-14-0662|DS174310
JGI12045M,PU+VTWIN,2,VT-14-0677|DS173423
JGI11291,PU+VTWIN,2,VT-14-0687|DS173208
JGI12077,PU+VTWIN,2,VT-14-0697|09350405
JGI12066A,PU+VTWIN,2,VT-14-0698|09350122
JGI12035B,PU+VTWIN,2,VT-14-0821|DS173536
MCRLY2,VTWIN+WPS,2,WPS-275-01091|VT-32-0642
JGI6709687,PU+VTWIN,2,VT-14-0966|09346502
77825,VTWIN,2,VT-14-7825|VT-27-0440
77835,VTWIN,2,VT-14-7835|VT-44-0750
S410195006003,VTWIN,2,VT-15-0109|VT-15-0110
JGI2625741,PU+VTWIN,2,VT-15-0130|DS174732
S410195010007,VTWIN,2,VT-15-0139|VT-15-0146
70296,VTWIN,2,VT-15-0150|VT-32-3109
170347,PU,2,10120232|17420468
120011B,VTWIN,2,VT-15-0301|VT-33-0299
63296A,VTWIN,2,VT-15-0535|VT-15-0547
63074A,VTWIN,2,VT-15-0586|VT-15-0566
JGI3490685,PU+VTWIN,2,VT-15-0702|DS174350
JGI6532483A,PU+VTWIN,2,VT-15-0712|DS174735
JGI1703383,PU+VTWIN,2,VT-15-0824|DS173342
JGI1704092,PU+VTWIN,2,VT-15-0825|DS173250
JGI1703383A,PU+VTWIN,2,VT-15-0859|DS173251
JGI6053881A,PU+VTWIN,2,VT-15-0906|09341722
JGI6056765,PU+VTWIN,2,VT-15-0915|DS174430
JGI2522536C,PU+VTWIN,2,VT-15-0928|DS174510
JGI2541670,PU+VTWIN,2,VT-15-0934|DS174790
JGI3490194,PU+VTWIN,2,VT-15-0937|DS174322
JGI2624668A,PU+VTWIN,2,VT-15-0940|DS174427
JGI2627680A,PU+VTWIN,2,VT-15-0955|DS174829
JGI2627692,PU+VTWIN,2,VT-15-0957|DS174432
JGI1677663,PU+VTWIN,2,VT-15-0987|DS174408
JGI1677748,PU+VTWIN,2,VT-15-0988|DS174420
77827,VTWIN,2,VT-15-7827|VT-33-1468
JGI1735684,PU+VTWIN,2,VT-15-0998|DS174916
JGI1735684A,PU+VTWIN,2,VT-15-0999|DS174412
JGI1735692,PU+VTWIN,2,VT-15-1000|DS174419
JGI3252136,PU+VTWIN,2,VT-15-1030|DS174436
JGI3329536,PU+VTWIN,2,VT-15-1035|DS174895
JGI3456552,PU+VTWIN,2,VT-15-1037|DS174897
JGI6055980,PU+VTWIN,2,VT-15-1064|DS174443
JGI6583468A,PU+VTWIN,2,VT-15-1098|DS174745
JGI6243293,PU+VTWIN,2,VT-15-1120|DS174520
JGI1677084X,PU+VTWIN,2,VT-15-1132|DS173439
JGI1795536,PU+VTWIN,2,VT-15-1137|DS173499
1677084MLS,PU+WPS,2,WPS-681-4480|09340954
JGI3143384A,PU+VTWIN,2,VT-15-1151|DS174346
JGI1703583B,PU+VTWIN,2,VT-15-1169|DS173245
JGI1702686,PU+VTWIN,2,VT-15-1178|DS181178
JGI1703392,PU+VTWIN,2,VT-15-1192|DS173275
JGI2607799,PU+VTWIN,2,VT-15-1206|09342877
JGI3303199,PU+VTWIN,2,VT-15-1211|DS173238
JGI1677084B,PU+VTWIN,2,VT-15-1219|DS173438
JGI2526300X,PU+VTWIN,2,VT-15-1223|DS174347
JGI1704898,PU+VTWIN,2,VT-15-1236|DS173220
JGI3680506X,PU+VTWIN,2,VT-15-1261|09341194
JGI3680506F,PU+VTWIN,2,VT-15-1262|09341195
JGI3560706,PU+VTWIN,2,VT-15-1263|09350128
JGI2541699F,PU+VTWIN,2,VT-15-1422|09343435
JGI3495504F,PU+VTWIN,2,VT-15-1399|09350249
JGI3495575F,PU+VTWIN,2,VT-15-1425|09342115
JGI2524499F,PU+VTWIN,2,VT-15-1432|24041023
JGI1759199F,PU+VTWIN,2,VT-15-1444|09345084
JGI1759299F,PU+VTWIN,2,VT-15-1445|09345085
88082,PU+WPS,2,WPS-830-1191|DS189813
78678,VTWIN,2,VT-15-1766|VT-15-8678
2396029,VTWIN,2,VT-10-1121|VT-10-0127
77802,VTWIN,2,VT-15-7802|VT-15-0525
77838,VTWIN,2,VT-15-7838|VT-21-0347
78355,VTWIN,2,VT-15-8355|VT-27-1507
78367,VTWIN,2,VT-15-8367|VT-38-0513
78368,VTWIN,2,VT-15-8368|VT-38-0515
78394,VTWIN,2,VT-15-8394|VT-33-1627
78411,VTWIN,2,VT-15-8411|VT-33-1630
78464,VTWIN,2,VT-15-8464|VT-27-0849
78632,VTWIN,2,VT-15-8632|VT-32-1753
78644,VTWIN,2,VT-15-8644|VT-26-0011
78663,VTWIN,2,VT-15-8663|VT-27-0661
JGI6111448,PU+VTWIN,2,VT-15-1156|DS174517
345,PU+VTWIN,2,VT-25-3450|17420066
A3149367,PU+VTWIN,2,VT-17-0081|21100317
A3153065,PU+VTWIN,2,VT-17-0084|21100237
7087,PU+VTWIN,2,VT-17-0096|09251060
13162,PU+VTWIN,2,VT-17-0104|06401203
3561476,VTWIN,2,VT-17-0129|VT-17-0131
207800,PU+VTWIN,2,VT-17-0137|DS199428
W14182A,VTWIN,2,VT-17-0143|VT-17-1167
A3513136,PU+VTWIN,2,VT-17-0162|DS195162
A3604636,PU+VTWIN,2,VT-17-0171|DS196173
71380A,VTWIN,2,VT-21-0455|VT-21-0309
160900,PU+VTWIN,2,22120107|VT-33-2022
3309654B,PU+VTWIN,3,VT-17-0312|VT-17-0317|DS196011
3562579B,VTWIN,2,VT-17-0527|VT-17-0565
JGI1703383R,PU+VTWIN,2,VT-15-0845|DS173321
79111B,VTWIN,2,VT-26-0072|VT-28-3101
A3333579,PU+VTWIN,2,VT-17-0905|DS194398
A4751358,PU+VTWIN,2,VT-17-0909|13020250
A3999665,PU+VTWIN,2,VT-17-0915|11200189
A2555158,PU+VTWIN,2,VT-17-0921|09250290
A9054,VTWIN,2,VT-17-0942|VT-8798-12
3570,PU+VTWIN,2,VT-27-0327|DS3570
206330,PU+VTWIN,2,VT-17-8236|DS199412
206335,PU+VTWIN,2,VT-17-8237|DS199427
253050,PU+VTWIN,2,VT-17-8244|DS199433
299105,PU+VTWIN,2,VT-17-9105|DS199469
3309654AL,PU+VTWIN,2,VT-17-9145|DS196012
A3507980,PU+VTWIN,2,VT-17-9242|DS195163
A3507679,PU+VTWIN,2,VT-17-9850|DS193149
A3311979B,PU+VTWIN,2,VT-17-9854|11100044
296220,PU+VTWIN,2,VT-17-9857|DS199450
296585,PU+VTWIN,2,VT-17-9862|DS199454
296850,PU+VTWIN,2,VT-17-9899|DS199422
296591,PU+VTWIN,2,VT-17-9942|DS199457
296910,PU+VTWIN,2,VT-17-9943|DS199429
77413,VTWIN,2,VT-18-0452|VT-15-7413
148427,PU+VTWIN,2,VT-18-0725|11321830
13614Z,VTWIN,2,VT-18-0832|VT-18-3753
3023010030,PU+VTWIN,2,VT-18-1117|DS223766
A3787141,PU+VTWIN,2,VT-18-1127|11320572
JGI3143384,PU+VTWIN,2,VT-15-1150|DS173471
7081,PU+VTWIN,2,VT-18-3117|09320092
5139,PU+VTWIN,2,VT-18-3223|17103635
40130119006,PU+VTWIN,2,VT-18-3652|DS223745
A3790890,PU+VTWIN,2,VT-18-8260|11320282
344010,PU+VTWIN,2,09240390|VT-12-2556
203541,VTWIN,2,VT-19-0062|VT-19-0496
MCSCT2,VTWIN+WPS,2,VT-32-8041|WPS-275-01101
DMD4282RV82NRI,VTWIN,2,VT-19-0360|VT-19-0367
PCC126,PU+VTWIN,2,VT-20-0120|12040126
D26013929,PU+VTWIN,2,VT-20-0341|12030018
50803,VTWIN+WPS,2,VT-54-0434|WPS-194-50803
D26013930,PU+VTWIN,2,VT-20-0383|12030019
PCC132,PU+VTWIN,2,VT-20-0440|12040125
PCC136,PU+VTWIN,2,VT-20-0441|12040131
D26014232,PU+VTWIN,2,VT-20-0447|12030016
9017,PU+VTWIN,2,VT-23-9127|18610407
PCC130,PU+VTWIN,2,VT-20-0501|12040127
PCC139,PU+VTWIN,2,VT-20-0579|12040124
BDLSPC137118,PU+VTWIN,2,VT-20-0688|12040085
78530,VTWIN,2,VT-33-1646|VT-15-8530
TOOLING$750,VTWIN,2,VT-20-3012|VT-20-3013
BDLSPC1331,PU+VTWIN,2,VT-20-4019|12040052
BDLSPC1371,PU+VTWIN,2,VT-20-4020|12040061
PCC1401,PU+VTWIN,2,VT-20-4021|12040114
50212,PU+VTWIN,2,VT-21-2043|44020591
201145,PU+VTWIN,2,DS199407|VT-17-8226
19307,VTWIN,2,VT-23-0112|VT-50-9307
84515,PU+VTWIN,2,VT-23-0274|17020123
71502,PU+VTWIN,2,VT-23-0404|02100332
36965,PU+VTWIN,2,VT-23-0533|17020127
82560,VTWIN,2,VT-23-0851|VT-23-0852
77820,VTWIN,2,VT-23-0944|VT-15-7820
B060199AS,PU+VTWIN,2,VT-23-1000|17103158
B160918P,PU+VTWIN,2,VT-23-1128|17020345
71092,VTWIN,2,VT-23-1998|VT-12-0535
B160727,PU+VTWIN,2,VT-23-2354|17010754
50337,PU+WPS,2,WPS-87-9741|10101606
B160727MB,PU+VTWIN,2,VT-23-2355|17010753
B160728,PU+VTWIN,2,VT-23-2356|17010756
B160729,PU+VTWIN,2,VT-23-2358|17010762
B160730,PU+VTWIN,2,VT-23-2360|17010758
B160731,PU+VTWIN,2,VT-23-2362|17010760
JGI12014,PU+VTWIN,2,VT-14-0604|DS194475
B160733,PU+VTWIN,2,VT-23-2368|17010780
11860,VTWIN,2,VT-23-3021|VT-38-0372
826H.HF,PU+VTWIN,2,VT-23-4560|17220758
854H.LS,PU+VTWIN,2,VT-23-4563|17211777
B060195ASP,PU+VTWIN,2,VT-23-6764|17103048
O390301Z,PU+VTWIN,2,VT-37-1085|24011599
50353,PU+VTWIN,2,VT-25-0353|06360573
A2626280,PU+VTWIN,2,VT-13-0112|DS194222
73151,VTWIN,2,VT-46-0149|VT-33-1414
20324,PU+VTWIN,2,VT-25-3264|DS190138
H070591MB,PU+VTWIN,2,VT-26-0940|06100791
H070591NMB,PU+VTWIN,2,VT-26-0965|06102309
H070592NMB,PU+VTWIN,2,VT-26-0967|06102313
77840,VTWIN,2,VT-27-0386|VT-15-8740
105051,PU+VTWIN,2,VT-27-0534|12020010
77496C,PU+VTWIN,2,VT-27-1010|16210726
G150936,PU+VTWIN,2,VT-28-0234|11200079
20029,PU+VTWIN,2,VT-28-0412|04110085
1700341,PU+VTWIN,2,VT-28-0502|10220186
79112,PU+VTWIN,2,VT-28-3105|08010299
5534,PU+VTWIN,2,VT-16-1669|10103156
77244,VTWIN,2,VT-30-0356|VT-31-0319
14280,VTWIN+WPS,2,VT-30-0491|WPS-865-01007
510164,PU+VTWIN,2,VT-50-0146|14010325
C160114,PU+VTWIN,2,VT-31-0443|09330053
NTBWJ08,PU+VTWIN,2,21200837|VT-32-6688
S280056,PU+VTWIN,2,VT-31-0943|15050004
8819,VTWIN+WPS,2,WPS-874-1248|VT-30-0009
13407,PU+VTWIN,2,VT-34-0510|06400494
NU3408,PU+VTWIN,2,DS289501|VT-34-0901
A3157673,PU+VTWIN,2,VT-32-0059|21100452
A3157573,PU+VTWIN,2,VT-32-0307|DS194144
77503,PU+VTWIN,2,16010415|VT-47-0062
71074A,VTWIN,2,VT-32-0402|VT-32-8931
102033,PU+VTWIN,2,VT-32-0512|21020221
BA080010,PU+WPS,2,22100660|WPS-27-57012
62136,PU+VTWIN,2,VT-32-0603|07050043
JGI1677663XF,PU+VTWIN,2,09343142|VT-15-1441
NNSEB01,PU+VTWIN,2,11050275|VT-37-1076
1213,PU+VTWIN,2,09261171|VT-34-2113
H1001C,VTWIN+WPS,2,VT-32-0784|WPS-820-60113
F510645R,VTWIN+WPS,2,VT-50-1160|WPS-820-0402
18450,VTWIN,2,VT-32-0968|VT-32-8450
7471108C,PU+VTWIN,2,VT-32-0984|21120821
DC67,PU+VTWIN+WPS,3,VT-32-1066|WPS-133-1084|21020246
1013010014,PU+VTWIN,2,06521297|VT-36-2496
A3312693,PU+VTWIN,2,21100232|VT-32-9280
PH125HD09B,VTWIN,2,VT-32-1308|VT-32-7525
E210219,PU+VTWIN,2,VT-32-1517|21060549
74700031C,PU+VTWIN,2,VT-32-1710|21121317
29900038,PU+VTWIN,2,VT-32-1823|21121314
060147,PU+WPS,2,18611638|WPS-70-6147
1141,VTWIN,2,VT-32-5141|VT-28-0420
86266,VTWIN+WPS,2,WPS-820-51510|VT-35-9169
23961413,PU+VTWIN,2,VT-10-8356|DS194004
K2803,PU+VTWIN,2,VT-11-9984|09031677
20100,VTWIN,2,VT-39-0955|VT-38-2010
JGI6054036,PU+VTWIN,2,DS174344|VT-15-0905
JGI6352592,PU+VTWIN,2,DS174524|VT-40-9835
7000179,VTWIN,2,VT-32-7579|VT-32-7580
18300BN,PU+VTWIN,2,VT-32-7760|21100225
H070588B,VTWIN+WPS,2,WPS-820-1520B|VT-26-0980
MCVOS1,VTWIN+WPS,2,VT-32-9080|WPS-275-01150
A2491248A,PU+VTWIN,2,VT-12-1514|10120104
A4360882,PU+VTWIN,2,DS195406|VT-44-2025
A4329482,PU+VTWIN,2,DS195410|VT-44-2031
A3312690,PU+VTWIN,2,VT-32-9229|21100231
NHCXJ04,PU+VTWIN,2,21200367|VT-32-6676
9040CRK,PU+VTWIN,2,07050032|VT-35-0040
B160729MB,PU+VTWIN,2,VT-23-2359|17010761
1927,VTWIN,2,VT-50-1927|VT-16-0499
H6024,VTWIN,2,VT-33-0123|VT-33-2009
76989,PU+VTWIN,2,08030485|VT-27-0599
78044,PU,2,08200024|11070550
120011,PU+VTWIN+WPS,3,VT-33-0300|WPS-12-0011|04030175
H070749MB,PU+VTWIN,2,06101871|VT-26-2217
1705505MLS,PU+WPS,2,WPS-681-4001|09341600
63381,VTWIN,2,VT-38-0951|VT-38-0853
200334E,VTWIN,2,VT-33-2141|VT-33-2159
C770079,PU+VTWIN,2,VT-50-2076|15100158
C8043,PU+VTWIN,2,DS190692|VT-24-0602
260406,PU+VTWIN,2,VT-43-0129|11070282
NU3415,PU+VTWIN,2,VT-34-0903|DS289503
121002,PU+VTWIN,2,VT-40-0042|04040644
NU3425,PU+VTWIN,2,VT-34-0976|DS289511
060177A,PU+VTWIN,2,VT-23-0297|17101064
20731,VTWIN+WPS,2,VT-35-0380|WPS-865-01160
78842,VTWIN,2,VT-35-0600|VT-35-1178
78843,VTWIN,2,VT-35-0609|VT-35-1180
7507102,VTWIN,2,VT-35-0713|VT-35-0720
7527906,VTWIN,2,VT-35-0719|VT-35-1161
7520502,VTWIN,2,VT-35-1160|VT-35-0712
T030080NU,PU+VTWIN,2,VT-35-6108|07060229
86284,VTWIN+WPS,2,VT-35-9188|WPS-820-51513
030002AA,VTWIN,2,VT-35-9247|VT-35-9248
1013030009,PU+VTWIN,2,VT-36-0707|DS223879
1013040021,PU+VTWIN,2,VT-36-0763|DS223418
1013030012,PU+VTWIN,2,VT-36-0766|DS223590
1013010015,PU+VTWIN,2,VT-36-2352|06521301
1013040024,PU+VTWIN,2,VT-36-2466|DS223901
1013040008,PU+VTWIN,2,VT-36-2504|DS223909
288121,PU+VTWIN,2,VT-10-8121|DS199176
112907,PU+VTWIN,2,VT-35-9186|DS289112
37,VTWIN,2,VT-37-0756|VT-26-0509
BA072000,PU+WPS,2,WPS-28-61004|22110184
T030163,PU+VTWIN,2,VT-40-0923|07110244
JGI6352892,PU+VTWIN,2,VT-40-9833|DS174992
330054,PU+VTWIN,2,VT-42-0120|11070047
160260,VTWIN,2,VT-44-0569|VT-44-0570
78681,VTWIN,2,VT-44-0978|VT-15-8681
6021408,VTWIN,2,VT-50-0882|VT-50-0883
80142,PU+VTWIN,2,VT-50-1608|24010448
HDEG105,VTWIN,2,VT-51-1121|VT-51-1122
HDEG106,VTWIN,2,VT-51-1123|VT-51-1124
4012,VTWIN,2,VT-54-0152|VT-6945-2
12322,VTWIN,2,VT-8773-12|VT-48-0164
A2403770,PU+VTWIN,2,VT-10-0447|DS196143
20090,VTWIN,2,VT-10-0485|VT-25-1121
20091,VTWIN,3,VT-10-0486|VT-23-0600|VT-25-2277
A2558170,PU+VTWIN,2,VT-10-0705|DS194198
A3585284,PU+VTWIN,2,VT-10-1214|DS196153
A2555584,PU+VTWIN,2,VT-10-1254|09250289
2400680/83,PU+VTWIN,2,VT-10-8328|DS194191
292240,PU+VTWIN,2,VT-10-8527|21100036
212263,PU+VTWIN,2,VT-10-2263|09250292
46445PK,VTWIN,2,VT-37-0256|VT-37-0257
78275PK,VTWIN,2,VT-37-0387|VT-37-0386
40170,PU+VTWIN,3,VT-37-8623|VT-32-1212|35011823
202131M,PU+VTWIN,2,VT-11-2322|09262308
JGI1705499X,PU+VTWIN,2,VT-15-1352|20112100
JGI1704704X,PU+VTWIN,2,VT-15-1450|09341851
BDLSPC13424,PU+VTWIN,2,VT-20-4024|12040234
807H.HS,PU+VTWIN,2,VT-23-1960|17211751
7198,PU+WPS,2,WPS-874-1933|09320230
94642,VTWIN,2,VT-24-1931|VT-20-4642
H070595,PU+VTWIN,2,VT-26-0004|06101953
40254,PU+VTWIN,2,VT-32-1659|20101462
75770A,VTWIN,2,VT-49-1804|VT-49-0787
531061,VTWIN+WPS,2,VT-31-0377|WPS-820-2263
060458,PU+WPS,2,WPS-70-60458|06523231
153,PU+VTWIN,2,VT-51-2149|DS098153
7188,PU+WPS,2,WPS-874-1228|09251502
78807,PU+VTWIN,2,VT-35-1719|08012125
JGI2526390X,PU+VTWIN,2,VT-15-1256|09341186
70022,PU+VTWIN,2,VT-49-0629|24040840
71512,PU+VTWIN,2,VT-24-0115|02100338
14204,WPS,2,WPS-05-1177|WPS-820-50553
320465,PU+WPS,2,WPS-820-0505|05100335
298125,PU+VTWIN,2,VT-10-8125|DS199195
AC1157AAW,VTWIN+WPS,2,WPS-227-0014|VT-33-1584
C770098GB,PU+VTWIN,2,15100315|VT-37-1155
53214,PU+WPS,3,WPS-194-53214|06360276|06500751
1820,PU+VTWIN,2,VT-10-0569|09290015
10112,VTWIN+WPS,2,WPS-576-04282|VT-37-0825
202023M,PU+VTWIN,2,VT-11-2303|09262269
2021150,PU+VTWIN,2,VT-13-2115|09262930
7204,PU+VTWIN,2,VT-30-3027|09250518
170355,PU,2,17420648|10120234
5548,PU,2,17411047|10103328
37631,PU+VTWIN,2,17410384|VT-52-1412
4530,PU+VTWIN,2,17411001|VT-29-0033
77957,VTWIN,2,VT-43-0885|VT-15-7957
50332,PU+VTWIN,2,VT-25-2003|10101602
63664,VTWIN,2,VT-26-2215|VT-26-2213
JGI12045DL,PU+VTWIN,2,VT-14-0614|DS174376
40171,PU+VTWIN,2,VT-32-1213|35011824
JGI6111665,PU+VTWIN,2,VT-15-1067|DS174518
112923,PU+VTWIN,2,VT-35-9240|112923
50352,PU+VTWIN,2,VT-25-0352|06360572
W160125,PU+WPS,2,WPS-820-2382|13030197
5500501,PU+VTWIN,2,VT-32-1731|21010345
76743,VTWIN,2,VT-47-2203|VT-40-0673
77798,VTWIN,2,VT-24-0387|VT-15-7798
H070802MB1,PU+VTWIN,2,VT-26-2262|06102202
NHCXDB15,PU+VTWIN,2,VT-32-6663|21200228
SPC026,PU+VTWIN,2,VT-37-0468|24040058
86630,PU+VTWIN,2,VT-12-9902|09320087
40116,VTWIN+WPS,2,VT-32-0973|WPS-274-0030
79063,PU+VTWIN,2,VT-26-1022|08050041
352011,PU+VTWIN,2,VT-37-9530|24010708
1023040024,PU+VTWIN,2,VT-36-1506|DS223985
EVBB3T4,PU+VTWIN,2,VT-20-0609|11200248
84970,PU+VTWIN,2,VT-23-0863|17020606
21553,VTWIN,2,VT-38-1553|VT-38-1557
310008,PU+VTWIN,2,VT-10-0029|09200124
SPC015,PU+VTWIN,2,VT-37-0465|24040051
216321G,PU+VTWIN,2,VT-10-8163|09250168
204102,PU+VTWIN,2,VT-11-6096|09261453
JGI12052,PU+VTWIN,2,VT-14-0618|DS174343
G320324,PU+VTWIN,2,VT-27-1118|12020076
78749,VTWIN,2,VT-31-1478|VT-31-2003
JGI1705305,PU+VTWIN,2,VT-15-1339|09341594
20735,VTWIN+WPS,2,VT-35-0339|WPS-865-01164
76481,VTWIN,2,VT-10-0277|VT-32-6481
7324,PU+VTWIN,2,09251282|VT-35-0426
JGI1705205X,PU+VTWIN,2,VT-15-1357|09341593
A2558170+5,PU+VTWIN,2,09240272|VT-10-2525
JGI2541606X,PU+VTWIN,2,VT-15-1381|09341607
T216927,PU+VTWIN,2,22100199|VT-39-0212
6240SK3,PU+VTWIN,2,VT-20-0613|DS360102
78261,PU+VTWIN,2,DS189864|VT-15-8261
HDEG103,VTWIN,2,VT-51-1079|VT-51-1078
P509103C,PU,2,17420724|509103CH
1013030024,PU+VTWIN,2,VT-36-2464|DS223868
20034,PU+VTWIN,2,04110087|VT-32-2016
212440,PU+VTWIN,2,DS199299|VT-10-2440
7197,PU+WPS,2,WPS-874-1937|09251256
CB30LB,PU+VTWIN,2,RCB30LB|VT-53-0556
JGI1705599,PU+VTWIN,2,DS174204|VT-15-1246
50336,PU+VTWIN,2,VT-25-2014|10101605
27371,PU+WPS,2,04040308|WPS-830-1165