normalized_part_number,bucket,member_count,distinct_real_canonical_ids,canonical_ids,skus
CTX20HBSFT,multiple_real,2,2,103909|139481,21130780|WPS-49-3034
CTX20HLBSFT,multiple_real,2,2,103910|139482,21130781|WPS-49-3035
16201,multiple_real,2,2,153712|125960,VT-32-3043|WPS-132-7013
E250091BD10,multiple_real,2,2,103912|173285,21130798|VT-32-1979
E250091BD11,multiple_real,2,2,103914|173286,21130799|VT-32-1980
9960,multiple_real,2,2,92074|151699,22120798|VT-30-1283
DP3G,multiple_real,3,2,101585|173674,WPS-850-08020|21200053|VT-32-9618
83440,multiple_real,2,2,103950|170512,17310208|VT-23-1787
SOLIDPINS,multiple_real,3,2,98866|173657,WPS-850-08002|21200071|VT-32-9602
87159,multiple_real,2,2,103965|136607,17310417|WPS-820-50610
371032,multiple_real,2,2,153397|132275,VT-32-1543|WPS-820-50845
NHCXFX25,multiple_real,2,2,153853|123509,VT-32-6699|21201446
7122,multiple_real,2,2,179099|159966,VT-10-0427|VT-40-9907
77958,multiple_real,2,2,155839|144771,VT-34-0744|VT-15-7958
E250091BD6,multiple_real,2,2,104009|173282,21130735|VT-32-1975
E250091BD7,multiple_real,2,2,104010|173283,21130736|VT-32-1976
3507X,multiple_real,2,2,143728|113767,VT-11-9762|3507X
102009,multiple_real,2,2,104044|138443,21020332|WPS-820-60412
B281256,one_real_rest_null,2,1,94798,13102496|WPS-750-05580
351567,multiple_real,3,3,104076|178035|141183,23300268|VT-50-0279|WPS-820-52354
24572,multiple_real,2,2,178673|175677,VT-73-0041|VT-37-9057
W160331,multiple_real,2,2,119276|175379,02140374|VT-37-0999
78287,multiple_real,2,2,144814|160167,VT-15-8287|VT-42-0267
H070587B,multiple_real,2,2,119361|150019,06100221|VT-26-2113
NM334710302,multiple_real,3,2,98846|173703,21200338|WPS-850-08305|VT-32-9697
210035,multiple_real,2,2,95128|169584,14011076|VT-18-8328
78113,multiple_real,2,2,98717|151168,14050086|VT-29-0206
792103,multiple_real,2,2,104273|140375,792103|WPS-279-2103
31SI,multiple_real,2,2,146846|116366,VT-20-0909|11200433
801001,multiple_real,2,2,104274|140381,801001|WPS-280-1001
320459NU,multiple_real,2,2,104307|171835,05100270|VT-27-1695
A24032SET,multiple_real,2,2,179100|119948,VT-10-0428|DS196135
77401,multiple_real,2,2,101988|176666,16010203|VT-42-9913
NM334720601,multiple_real,3,2,101567|173686,21200318|WPS-850-08311|VT-32-9677
55129,multiple_real,2,2,104357|126542,04070192|WPS-22-55129
190389,multiple_real,2,2,176584|91556,VT-42-0927|78050012
GBDU001,one_real_rest_null,2,1,99110,17104921|WPS-17-DU001
305,multiple_real,2,2,118107|176851,17420047|VT-43-1050
A1745266,multiple_real,2,2,104770|166872,09270009|VT-12-2115
A6466W,multiple_real,2,2,104772|166698,09270025|VT-12-1193
55135,multiple_real,2,2,126544|116783,WPS-22-55135|06360607
76581,multiple_real,2,2,101476|175532,08030331|VT-38-0789
D26014029,multiple_real,2,2,146770|93267,VT-20-0526|12030020
A3150365,multiple_real,2,2,104792|169057,21100235|VT-17-1502
A3343850,multiple_real,2,2,104793|179171,DS194120|VT-10-0721
A2555136,multiple_real,2,2,104794|166784,DS194164|VT-12-1441
A3510036,multiple_real,2,2,104798|169188,DS194282|VT-17-9761
A3578936,multiple_real,2,2,104814|179178,DS194135|VT-10-0729
300067,multiple_real,2,2,120930|111295,06010824|17104712
110065,multiple_real,2,2,104919|127827,17416843|WPS-57-10065
4091,multiple_real,2,2,104976|129573,09280025|WPS-811-04091
4055,multiple_real,2,2,104978|129568,09290024|WPS-811-04055
9962,multiple_real,2,2,105002|160399,22120861|VT-42-1104
8040,multiple_real,2,2,105011|150466,09250950|VT-27-1067
120041,multiple_real,5,4,98311|106725|130215|154405,WPS-12-0041|07060019|04120666|WPS-820-50510|VT-33-0310
2075,multiple_real,3,3,105014|129554|137115,09240238|WPS-811-02075|WPS-85-02075
C6131T,multiple_real,2,2,113461|130879,24010287|WPS-830-1064
2061,multiple_real,3,3,105024|129549|159889,09250535|WPS-811-02061|VT-40-1467
2064,multiple_real,2,2,105045|129551,09250628|WPS-811-02064
5468,multiple_real,2,2,105058|105139,10103320|19010757
8022,multiple_real,2,2,105072|138348,24010993|WPS-56-8022
GBDU011,one_real_rest_null,2,1,105086,17104931|WPS-17-DU011
86264,multiple_real,3,3,91710|141349|170103,17310415|WPS-820-32010|VT-23-0288
87158,multiple_real,3,3,103967|136559|170520,17310420|WPS-820-50609|VT-23-1827
83117,multiple_real,2,2,97578|176164,17310121|VT-39-1130
87717,multiple_real,3,3,103970|136609|170430,17310544|WPS-820-50612|VT-23-1212
3512537,multiple_real,2,2,105135|168755,DS195016|VT-17-0220
323494,multiple_real,2,2,134115|99748,WPS-232-3494|03650045
2402354,multiple_real,2,2,105153|166519,DS198839|VT-12-0613
JGI3498604,multiple_real,2,2,105198|167489,09350109|VT-14-0995
JGI1863348F,multiple_real,2,2,105199|168160,09343432|VT-15-1438
JGI11125XMSF,multiple_real,2,2,105201|144480,09341582|VT-15-1281
660411,multiple_real,2,2,97562|135843,17410868|WPS-70-660411
JGI3490107F,multiple_real,2,2,105204|168140,09341623|VT-15-1395
4532,multiple_real,2,2,93450|151106,17411002|VT-29-0031
JGI1769507,multiple_real,2,2,105208|168164,09342099|VT-15-1446
JGI3490194F,multiple_real,2,2,105211|144524,09344630|VT-15-1336
3561465,multiple_real,2,2,168685|168682,VT-17-0128|VT-17-0125
JGI2541699DL,multiple_real,2,2,105219|144476,09350090|VT-15-1277
5521,multiple_real,2,2,111401|120265,17411032|10103147
JGI2909595,multiple_real,2,2,105225|167775,DS173445|VT-15-0596
JGI1677999X,multiple_real,2,2,105230|168105,DS174203|VT-15-1245
JGI1703466,multiple_real,2,2,105236|167877,DS173242|VT-15-0823
JGI1863448C,multiple_real,2,2,105238|167927,DS173377|VT-15-0927
JGI1863236,multiple_real,2,2,105240|167925,DS173454|VT-15-0925
JGI6056790,multiple_real,2,2,105241|167839,DS173476|VT-15-0703
JGI3490679A,multiple_real,2,2,105242|167840,DS173478|VT-15-0704
JGI6053881C,multiple_real,2,2,105244|167909,DS174352|VT-15-0900
JGI6056736,multiple_real,2,2,105245|167922,DS174380|VT-15-0920
JGI11124,multiple_real,2,2,105249|167337,DS194420|VT-14-0600
JGI6053989X,multiple_real,2,2,105250|167910,DS174382|VT-15-0902
NTBWX04,multiple_real,2,2,153207|123486,VT-32-1205|21200244
70291,multiple_real,2,2,152693|167596,VT-32-3114|VT-15-0176
MCCBR7,multiple_real,2,2,98255|172934,WPS-275-01016|VT-32-0460
204257,multiple_real,3,3,105340|143554|140280,09260409|VT-11-6000|WPS-191-17013
2022650,multiple_real,2,2,105346|143156,09263210|VT-11-2027
2022450,multiple_real,2,2,105348|143154,09263314|VT-11-2025
204323,multiple_real,2,2,105350|126407,09260762|WPS-191-57040
204101,multiple_real,2,2,105352|166240,09261452|VT-11-6095
2020325,multiple_real,3,3,105358|140279|166242,09260195|WPS-191-17012|VT-11-6120
202024M,multiple_real,2,2,105361|143220,09262270|VT-11-2304
202121M,multiple_real,2,2,105362|143232,09262302|VT-11-2317
202134M,multiple_real,2,2,105363|143240,09262311|VT-11-2325
202123,multiple_real,2,2,105364|126433,09260725|WPS-191-57054
202022C,multiple_real,3,3,105365|142722|126414,09260748|VT-11-0968|WPS-191-57043C
204324,multiple_real,2,2,105366|142764,09260763|VT-11-1023
120402D,multiple_real,2,2,98534|154757,09026321|VT-33-1158
2022350,multiple_real,2,2,105372|143160,09263208|VT-11-2031
710304,multiple_real,3,3,105375|131488|167477,09350458|WPS-191-37022|VT-14-0983
2021040,multiple_real,3,3,105376|134633|142806,24011105|WPS-191-58018|VT-11-1103
204320,multiple_real,3,3,105378|126363|142761,09260744|WPS-191-57003|VT-11-1019
202052M,multiple_real,2,2,105383|143244,09262284|VT-11-2328
202060M,multiple_real,2,2,105384|143247,09262287|VT-11-2331
2021500,multiple_real,2,2,105390|144142,09263001|VT-13-2150
204170,multiple_real,3,3,105396|143560|140270,DS198974|VT-11-6009|WPS-191-17002
060177,multiple_real,2,2,170118|140998,VT-23-0313|WPS-70-6177
CC120E,multiple_real,2,2,146797|116373,VT-20-0628|11300176
BA080030,multiple_real,2,2,105444|138973,22100662|WPS-27-57014
BA050903,multiple_real,2,2,105446|126774,22100403|WPS-27-5795
BA064921,multiple_real,2,2,138976|121201,WPS-28-61048|22100665
41972,multiple_real,2,2,155247|122737,VT-33-2062|11321110
H070595S,multiple_real,2,2,107510|150001,06102319|VT-26-1050
A1855536,multiple_real,2,2,179134|93995,VT-10-0516|DS193141
PCC133,multiple_real,2,2,95978|169696,12040128|VT-20-0478
500770TIN,multiple_real,2,2,99176|136805,16211056|WPS-812-55052
5154,multiple_real,2,2,105773|161196,17103641|VT-44-5154
70357,multiple_real,2,2,159172|125700,VT-39-0128|10102973
202033C,multiple_real,3,3,126385|99660|142730,WPS-191-57020C|09260751|VT-11-0977
78479,multiple_real,2,2,154948|144848,VT-33-1581|VT-15-8479
3300379,multiple_real,2,2,105901|179138,09290050|VT-10-0521
78297,multiple_real,2,2,144821|175922,VT-15-8297|VT-40-0116
P4817,multiple_real,2,2,99103|133310,24010995|WPS-830-1094
125,multiple_real,2,2,103972|136272,17420044|WPS-571-6114
335177,multiple_real,2,2,105953|142261,20072510|VT-10-5177
T030161,multiple_real,2,2,91839|175900,07110243|VT-40-0922
31170,multiple_real,2,2,118111|96799,17420117|17410302
902053,multiple_real,2,2,105989|144164,DS199729|VT-13-9226
NHCXCB14,multiple_real,3,2,153845|123515,VT-32-6686|WPS-850-08717|21200783
A3604836,multiple_real,2,2,95021|168721,DS196171|VT-17-0173
6004,multiple_real,2,2,96968|166547,18010488|VT-12-0751
71049,multiple_real,2,2,106146|160890,10103170|VT-44-0365
47627,multiple_real,2,2,106159|100818,18002625|17411694
2403,multiple_real,2,2,153653|152952,VT-32-2134|VT-32-0236
13155,multiple_real,2,2,95149|142794,06401391|VT-11-1073
291130,multiple_real,4,4,93861|115346|142194|132264,05100260|DS199320|VT-10-2651|WPS-820-0541
102110,multiple_real,2,2,99134|137316,06401668|WPS-812-02111
8062,multiple_real,2,2,106231|138352,09250955|WPS-56-8062
102110B,multiple_real,2,2,123782|137318,06401669|WPS-812-02113
102130B,multiple_real,2,2,99137|137289,06401675|WPS-812-02119
JGI1735592,multiple_real,2,2,94233|167970,DS174423|VT-15-0997
20744,multiple_real,2,2,131217|156786,WPS-865-01168|VT-35-0458
T030100C,multiple_real,2,2,119654|174617,07050555|VT-35-9021
140020CKNU,multiple_real,2,2,93873|159548,07120642|VT-40-0075
140020BKNU,multiple_real,2,2,93747|159547,07120643|VT-40-0074
76694,multiple_real,2,2,123263|150306,08010741|VT-27-0704
SPC004,multiple_real,2,2,117590|157829,24040044|VT-37-0435
1825,multiple_real,2,2,142068|99227,VT-10-1825|09290044
2020709C,multiple_real,2,2,121084|126446,09262021|WPS-191-57062C
776020,multiple_real,2,2,113651|150109,24040364|VT-27-0066
10111,multiple_real,2,2,96359|139045,24040648|WPS-576-04281
34262,multiple_real,2,2,94424|92619,06510001|WPS-18-95091
3001,multiple_real,2,2,129558|105068,WPS-811-03001|24010201
801002,multiple_real,2,2,119049|140382,801002|WPS-280-1002
78286,multiple_real,2,2,160165|144813,VT-42-0265|VT-15-8286
060151,multiple_real,2,2,121220|140988,18611639|WPS-70-6151
086097,multiple_real,2,2,136908|97675,WPS-820-2245|15010743
L2465D9CLEDK,multiple_real,2,2,154639|118517,VT-33-0911|20100572
52742,one_real_rest_null,2,1,105848,06360670|WPS-194-52742
120003,multiple_real,3,3,159866|125877|103172,VT-40-1252|WPS-12-0003|04030166
5609,multiple_real,2,2,106970|120397,17411064|10103344
290340,multiple_real,2,2,146810|114466,VT-20-0702|DS199461
5020001078,multiple_real,2,2,169545|116190,VT-18-8227|DS223743
78387,multiple_real,2,2,168304|171142,VT-15-8387|VT-24-1750
291320,multiple_real,2,2,97690|169905,16021507|VT-21-0998
500761B,multiple_real,2,2,99109|135884,16202282|WPS-812-55005
500751TIN,multiple_real,2,2,101751|135882,16202280|WPS-812-55003
1013030014,multiple_real,2,2,92816|174892,DS223887|VT-36-2505
77323,multiple_real,2,2,165712|149836,VT-15-7323|VT-26-0116
821,multiple_real,2,2,158422|119038,VT-37-8902|DS098821
78422,multiple_real,2,2,173215|144835,VT-32-1630|VT-15-8422
3504X,multiple_real,2,2,113756|143768,3504X|VT-11-9901
0810157,multiple_real,2,2,127529|145079,WPS-56-1149|VT-16-0595
202132M,multiple_real,2,2,143238|121013,VT-11-2323|09262309
C230238,multiple_real,2,2,106615|144255,04030047|VT-14-0998
40099,multiple_real,2,2,145406|116872,VT-16-1941|21200890
7539,multiple_real,2,2,159575|148043,VT-40-0202|VT-23-1004
1704904X,multiple_real,2,2,140848|168170,WPS-681-5217|VT-15-1452
1311CR,multiple_real,2,2,157418|99863,VT-35-9309|DS390240
6311CR,multiple_real,2,2,157420|124240,VT-35-9313|DS390260
170437,multiple_real,2,2,150397|122936,VT-27-0897|10120235
H070780MB2,multiple_real,2,2,98610|171478,06101876|VT-26-2221
120427,multiple_real,2,2,155645|134494,VT-34-0288|WPS-820-50576
02201,multiple_real,2,2,103144|126742,17010675|WPS-27-10902
212260,multiple_real,2,2,94786|142140,09250291|VT-10-2260
33105,multiple_real,2,2,103064|126998,17104580|WPS-28-2038S
BDL1413,multiple_real,2,2,114841|146779,DS360005|VT-20-0603
76032,multiple_real,2,2,108624|172204,08010455|VT-30-0288
90095,multiple_real,2,2,155583|103408,VT-34-0148|24010500
JGI1703057,multiple_real,2,2,92197|167880,DS173335|VT-15-0827
78257,multiple_real,2,2,144790|160451,VT-15-8257|VT-42-1208
NHD6835505,multiple_real,3,2,92013|173335,WPS-850-08776|VT-32-5063|21200604
77429,multiple_real,2,2,144597|145280,VT-15-7429|VT-16-1286
323493,multiple_real,2,2,99751|134114,03650044|WPS-232-3493
JGI1754148C,multiple_real,2,2,105239|167979,DS173435|VT-15-1006
120045,multiple_real,3,2,122377|159176,07060023|WPS-12-0045|VT-39-0144
A1748357,multiple_real,2,2,166956|104776,VT-13-0100|09270012
2M4805,multiple_real,2,2,142978|137295,VT-11-1397|WPS-865-2046
C10198F1,multiple_real,3,2,132702|97120,VT-15-1473|WPS-68-10198F1|09345961
89023,multiple_real,2,2,109101|131298,08220634|WPS-87-9431
K2789,multiple_real,2,2,109141|93881,09101998|11120042
V13117,multiple_real,2,2,109186|166599,09120967|VT-12-0924
7078,multiple_real,3,3,169445|109426|140602,VT-18-3120|09320035|WPS-681-4313
JGI1754099X,multiple_real,2,2,168089|99516,VT-15-1213|DS174533
2063,multiple_real,2,2,109246|129550,09250627|WPS-811-02063
1021,multiple_real,3,3,109251|114814|145757,09250674|DS325781|VT-17-1021
212970,multiple_real,2,2,109254|142209,09250585|VT-10-2970
202131,multiple_real,2,2,109296|126396,09260321|WPS-191-57030
202122,multiple_real,2,2,109301|126431,09260721|WPS-191-57053
202031C,multiple_real,3,3,109303|142728|126380,09260747|VT-11-0975|WPS-191-57018C
202030C,multiple_real,3,3,109308|142829|126378,09260745|VT-11-1167|WPS-191-57017C
202034C,multiple_real,3,3,109309|142731|126387,09260753|VT-11-0978|WPS-191-57021C
202032C,multiple_real,3,3,109310|126383|142729,09260749|WPS-191-57019C|VT-11-0976
202000,multiple_real,2,2,109317|144132,09260806|VT-13-2000
202026C,multiple_real,3,3,109321|142725|126420,09261976|VT-11-0971|WPS-191-57046C
202028,multiple_real,2,2,109326|142714,09261977|VT-11-0956
202036,multiple_real,2,2,109327|142717,09261982|VT-11-0963
202064C,multiple_real,3,3,109328|126390|142754,09261996|WPS-191-57025C|VT-11-1007
2020855,multiple_real,2,2,109339|143013,09262928|VT-11-1477
202120M,multiple_real,2,2,109340|143231,09262301|VT-11-2316
202130M,multiple_real,2,2,109341|143236,09262307|VT-11-2321
770045NU,multiple_real,2,2,172727|104223,VT-31-9924|DS110857
204096C,multiple_real,2,2,109344|142816,09262794|VT-11-1138
2021300,multiple_real,2,2,109348|144140,09262999|VT-13-2130
710104,multiple_real,2,2,109354|131487,09263204|WPS-191-37020
2022600,multiple_real,2,2,109355|143256,09263209|VT-11-2340
10HC447,multiple_real,2,2,109363|139963,09263358|WPS-191-57104
4080,multiple_real,2,2,109387|129572,09280103|WPS-811-04080
202104,multiple_real,3,3,109391|126337|151845,09300059|WPS-191-27789|VT-30-2104
316296,multiple_real,2,2,109427|144018,09320151|VT-12-8009
42812,multiple_real,2,2,113108|170639,21201497|VT-23-3082
JGI2526304KX,multiple_real,2,2,109477|144468,09341200|VT-15-1266
CW20,multiple_real,2,2,114073|143738,CW20|VT-11-9779
JGI3490107,multiple_real,2,2,109494|168139,09341622|VT-15-1394
110418,multiple_real,2,2,109686|156611,10020002|VT-35-0013
531062,multiple_real,2,2,135359|152246,WPS-820-2264|VT-31-0379
70201,multiple_real,2,2,153880|169494,VT-32-7201|VT-18-3605
253030,multiple_real,2,2,169114|94796,VT-17-8243|DS199432
71370,multiple_real,2,2,169186|161406,VT-17-9758|VT-46-0342
18752,multiple_real,2,2,109840|154122,10102478|VT-32-8752
A6775,multiple_real,2,2,109870|166544,09250285|VT-12-0718
255115,multiple_real,2,2,94338|126556,255115|WPS-225-5115
71077,multiple_real,2,2,109899|172906,10103111|VT-32-0408
316271,multiple_real,2,2,144402|114408,VT-15-0658|DS194246
58929,multiple_real,2,2,161201|146968,VT-44-8929|VT-20-8829
3200,multiple_real,2,2,109996|145437,10120247|VT-16-3200
5515,multiple_real,2,2,145254|100790,VT-16-1196|17411029
JGI1703004X,multiple_real,2,2,120819|144579,09341849|VT-15-1454
TALONOEM14LB,multiple_real,2,2,133666|101693,WPS-827-05398|14011015
170461,multiple_real,2,2,101117|150571,17420482|VT-27-1557
161100,multiple_real,3,3,110111|156629|178229,10500337|VT-35-0106|VT-50-1166
I350028,multiple_real,2,2,110151|176809,11050033|VT-43-0786
1056,multiple_real,3,3,110161|147376|145761,11040005|VT-21-3000|VT-17-1036
1035,multiple_real,3,3,110162|145760|160060,11040004|VT-17-1035|VT-41-1035
A909523,multiple_real,2,2,110173|168996,11060045|VT-17-1147
3200358,multiple_real,2,2,141841|109213,VT-10-0847|09220122
4731SE5,multiple_real,2,2,146801|92782,VT-20-0633|DS360105
H070574NMB,multiple_real,2,2,171405|111227,VT-26-0961|06102301
78441,multiple_real,2,2,144836|172517,VT-15-8441|VT-31-0915
JGI1753670X,multiple_real,2,2,91189|144470,09340948|VT-15-1270
1009,multiple_real,2,2,125963|120346,WPS-132-7016|09250430
D110299,multiple_real,2,2,93286|141136,11070325|WPS-820-2631
2009,multiple_real,2,2,125969|147284,WPS-132-7021|VT-21-0858
DC71,multiple_real,3,2,114082|153984,WPS-133-1086|DC71|VT-32-7793
70304,multiple_real,2,2,167559|152984,VT-15-0123|VT-32-3119
NTBW3231008,multiple_real,3,2,123493|174774,WPS-850-08210|21300347|VT-36-0792
030106,multiple_real,3,3,130083|119417|171177,WPS-820-1320C|06030003|VT-25-2108
300534,multiple_real,2,2,158116|158115,VT-37-2013|VT-37-2012
260202B,multiple_real,2,2,110266|146008,11120032|VT-17-9923
2M6198010,multiple_real,2,2,142437|132801,VT-11-0162|WPS-865-02015
253101,multiple_real,2,2,110278|126535,11200162|WPS-22-53101
191205,multiple_real,3,3,110290|133477|146337,11200413|WPS-820-52652|VT-19-0027
CC100S,multiple_real,2,2,110308|146796,11300177|VT-20-0627
150002,multiple_real,2,2,127776|173653,WPS-57-0002|VT-32-9350
120014B,multiple_real,2,2,173991|129990,VT-33-1973|WPS-820-0340B
A11000,multiple_real,2,2,110377|166575,11320270|VT-12-0900
78104,multiple_real,2,2,161647|122401,VT-47-0848|14050023
78268,multiple_real,2,2,144799|176647,VT-15-8268|VT-42-1746
H070592N,multiple_real,2,2,171410|92366,VT-26-0966|06102312
SPC016,multiple_real,2,2,157802|113638,VT-37-0400|24040052
281111,multiple_real,2,2,110488|126529,13020001|WPS-22-81111
120202,multiple_real,2,2,166319|93750,VT-12-0203|09066317
H070730MB,multiple_real,2,2,119482|149955,06102254|VT-26-0959
02207,multiple_real,2,2,126743|115738,WPS-27-10903|17010681
87161,multiple_real,4,4,170521|132148|136610|93215,VT-23-1828|WPS-830-1188|WPS-820-50613|17310419
120411D,multiple_real,2,2,104014|154762,20100783|VT-33-1164
T030101B,multiple_real,2,2,99238|174618,07050556|VT-35-9022
206035WI,multiple_real,2,2,118718|154398,20010099|VT-33-0293
L216106E,multiple_real,2,2,112098|154821,20010957|VT-33-1302
H070592MB,multiple_real,2,2,119121|171403,06100795|VT-26-0955
W160332,multiple_real,2,2,106539|177135,02140449|VT-44-0742
H070592S,multiple_real,2,2,107515|147797,06102314|VT-26-0979
JGI1677066A,multiple_real,2,2,91233|167983,09342190|VT-15-1010
TALON2114LB,multiple_real,2,2,110690|133657,14010982|WPS-827-05383
78056,multiple_real,2,2,110697|176199,14050079|VT-40-0090
340102,multiple_real,2,2,128045|155273,WPS-57-9726|VT-33-2173
2023,multiple_real,3,3,151232|170545|105056,VT-29-2023|VT-23-1988|09344746
80312,multiple_real,2,2,127921|129755,WPS-57-6565|WPS-817-01802
40114,multiple_real,4,3,95056|153843|126913,20101457|VT-32-6683|WPS-274-0015|VT-32-0636
77796,multiple_real,2,2,147113|168257,VT-21-0264|VT-15-7796
H070730SMB,multiple_real,2,2,119167|150006,06102328|VT-26-1055
102130TIN,multiple_real,2,2,99086|137323,06401676|WPS-812-02121
C770139,multiple_real,2,2,110783|178278,15100163|VT-50-1523
80856,multiple_real,3,2,142035|109214,VT-10-1609|09230689|WPS-820-58023
52675,multiple_real,3,2,130346|125065,WPS-820-52010|WPS-194-52675|06360522
105020G,multiple_real,2,2,99168|135870,04040497|WPS-812-52302
DC21,multiple_real,2,2,97199|153982,DC21|VT-32-7790
1228,multiple_real,2,2,158016|120375,VT-37-1082|09300247
50152,multiple_real,2,2,116891|126985,06360612|WPS-28-2025
500773B,multiple_real,2,2,110899|137334,16100683|WPS-812-02140
6627,multiple_real,2,2,142445|151963,VT-11-0170|VT-30-4011
601002,multiple_real,2,2,115704|174507,10140301|VT-35-1002
352002,multiple_real,2,2,158525|104003,VT-37-9526|24010700
170404,multiple_real,2,2,155927|102715,VT-34-1015|DS289211
L226828RC,multiple_real,2,2,118479|154810,20200401|VT-33-1276
78561,multiple_real,3,3,111004|144866|150142,16202476|VT-15-8561|VT-27-0208
62138,multiple_real,2,2,111032|175640,16210098|VT-37-8944
H070574C,multiple_real,2,2,98627|130101,06140162|WPS-820-1515C
210207,multiple_real,3,3,110192|130516|172927,11070044|WPS-820-54600|VT-32-0439
95753,multiple_real,2,2,144268|146305,VT-14-5753|VT-18-8284
B160731MB,multiple_real,2,2,97541|170608,17010759|VT-23-2363
2020701C,multiple_real,3,3,120985|126374|142791,09262017|WPS-191-57012C|VT-11-1064
B160723,multiple_real,2,2,111170|170597,17010695|VT-23-2352
2021009H,multiple_real,3,3,121094|132655|142867,09262952|WPS-191-17042|VT-11-1218
89235,multiple_real,2,2,111200|147996,17020464|VT-23-0812
291127,multiple_real,2,2,141941|114461,VT-10-1180|DS199344
291151,multiple_real,2,2,141942|94780,VT-10-1183|DS199447
79100,multiple_real,2,2,171680|123367,VT-28-1790|08050033
NDP30037,multiple_real,2,2,135424|154246,WPS-850-08401|VT-32-9644
5528,multiple_real,2,2,91753|98935,17411036|10103152
JGI6056790DL,multiple_real,2,2,167737|92151,VT-15-0465|78081027
NAFH01,multiple_real,3,2,112933|153820,WPS-850-08433|21200425|VT-32-6577
030040L,multiple_real,2,2,108425|174393,07050282|VT-35-0498
02211,multiple_real,2,2,103143|126745,17010605|WPS-27-10904
A2558273,multiple_real,2,2,91497|179159,09240273|VT-10-0708
202111,multiple_real,2,2,121005|143151,09261445|VT-11-2022
6139,multiple_real,2,2,102430|156310,17103643|VT-34-1791
299180,multiple_real,2,2,92722|169137,11060068|VT-17-9180
76760,multiple_real,2,2,101471|168203,08020767|VT-15-1536
78659,multiple_real,2,2,155215|168401,VT-33-1946|VT-15-8659
3619,multiple_real,2,2,111403|158202,17411629|VT-37-6141
8185,multiple_real,3,3,155484|133150|172480,VT-33-8185|WPS-60-1947|VT-31-0582
600016,multiple_real,3,3,155653|130026|103037,VT-34-0300|WPS-820-0800C|10102654
121230,multiple_real,2,2,109800|130227,10100552|WPS-820-50525
2021022,multiple_real,3,3,99669|132661|142871,09262959|WPS-191-57072|VT-11-1222
2020690,multiple_real,2,2,99681|126367,09262005|WPS-191-57009
202012,multiple_real,3,3,99722|120926|143574,09260784|DS202012|VT-11-6073
2021030,multiple_real,3,3,142875|131880|109350,VT-11-1226|WPS-191-57074|09262961
JGI4357135,multiple_real,2,2,92299|167641,DS174512|VT-15-0231
70288,multiple_real,2,2,158231|168909,VT-37-7031|VT-17-0912
C8042,multiple_real,2,2,130874|113459,WPS-830-1058|24010296
202240,multiple_real,2,2,101722|131759,202240|WPS-812-02060
IN1000,multiple_real,2,2,146862|114875,VT-20-0938|DS360427
IN1500,multiple_real,2,2,146863|116393,VT-20-0940|20175002
E280033,multiple_real,2,2,98539|172510,09330054|VT-31-0887
2060,multiple_real,2,2,98910|129547,09250434|WPS-811-02060
JGI1863599F,multiple_real,2,2,99373|168121,09342108|VT-15-1296
77121,multiple_real,2,2,111605|161331,17416279|VT-45-0937
H070575B,multiple_real,2,2,119380|171420,06130202|VT-26-0983
2021060H,multiple_real,2,2,99653|139953,09263343|WPS-191-17048
2022250,multiple_real,2,2,99706|143159,09263312|VT-11-2030
202134C,multiple_real,3,3,99717|126382|142851,09260733|WPS-191-57033C|VT-11-1192
23365PK,multiple_real,2,2,174424|174399,VT-37-0144|VT-37-0143
327094,multiple_real,2,2,126583|121101,WPS-232-7094|03650056
GBDU007,one_real_rest_null,2,1,99124,WPS-17-DU007|17104927
327091,multiple_real,2,2,126580|98865,WPS-232-7091|03650053
NFATO1,multiple_real,3,2,94562|173397,21300083|WPS-850-08414|VT-32-6561
9348DC,multiple_real,2,2,143539|143540,VT-11-4055|VT-11-4056
DC61,multiple_real,3,2,117844|153983,WPS-133-1080|DC61|VT-32-7792
C230237,multiple_real,3,3,119288|130195|144242,04030046|WPS-820-2712|VT-14-0942
28324,multiple_real,2,2,127467|129959,WPS-50-28324|WPS-82-8324
500748TIN,multiple_real,2,2,137329|110883,WPS-812-02135|16030390
46495+4650209,multiple_real,2,2,171086|171085,VT-24-1338|VT-24-1337
105030,multiple_real,2,2,101712|135869,04040496|WPS-812-52301
MCRLY3,multiple_real,2,2,126946|152999,WPS-275-01092|VT-32-0448
47331,multiple_real,2,2,111794|147790,18002578|VT-22-7331
K1607,multiple_real,2,2,143714|125766,VT-11-9727|K1607
030106ANUB,multiple_real,2,2,130084|119356,WPS-820-1325B|06030811
A3507879,multiple_real,2,2,95074|166484,DS193148|VT-12-0557
202021C,multiple_real,3,3,121074|142721|126412,09260746|VT-11-0967|WPS-191-57042C
CM4274,multiple_real,2,2,161906|126814,VT-48-0598|WPS-27-M427
JGI6054706,multiple_real,2,2,91186|168111,09341196|VT-15-1254
500063,multiple_real,2,2,103137|109707,06303264|10030460
JGI6110985C,multiple_real,2,2,94283|168016,DS174515|VT-15-1065
7145C,multiple_real,2,2,177112|111301,VT-44-0653|17104784
MCSPA3,multiple_real,2,2,91100|172950,WPS-275-01072|VT-32-0519
251370,multiple_real,2,2,104099|126530,A251370|WPS-22-51370
H0708021,multiple_real,2,2,104316|149334,06102201|VT-26-2261
6003,multiple_real,2,2,111830|176709,18010362|VT-43-0128
820,multiple_real,3,3,130917|155407|110422,WPS-830-6003|VT-33-3820|12042729
3088,multiple_real,3,3,153748|125981|120260,VT-32-3089|WPS-132-7042|07100260
78292,multiple_real,2,2,144819|158833,VT-15-8292|VT-38-0777
NWR210020,multiple_real,2,2,122732|138793,21201315|WPS-850-09211
20311,multiple_real,2,2,149317|133498,VT-25-0463|WPS-830-0316
8032,multiple_real,2,2,105038|138350,09250841|WPS-56-8032
JGI2526386X,multiple_real,2,2,144465|91197,VT-15-1255|09341185
400160,multiple_real,2,2,95077|169029,11060075|VT-17-1306
1092,multiple_real,2,2,133549|98970,WPS-830-0379|09251059
202023,multiple_real,2,2,126415|142711,WPS-191-57044|VT-11-0953
47221,multiple_real,2,2,106131|122801,18000745|17411683
78465,multiple_real,2,2,168356|150434,VT-15-8465|VT-27-1004
H070810C1,multiple_real,2,2,107531|149743,06110206|VT-26-2263
1803,multiple_real,2,2,142055|105142,VT-10-1803|DS194347
1800,multiple_real,2,2,94079|141775,DS194342|VT-10-0657
79071,multiple_real,2,2,108985|159902,08050039|VT-40-1762
18446,multiple_real,3,3,148251|103115|134905,VT-23-2170|10102063|WPS-865-01428
61006,multiple_real,2,2,163936|110951,VT-52-0183|16201480
207610,multiple_real,2,2,112049|132132,19133014|WPS-830-1131
986826,multiple_real,2,2,112051|132151,19133008|WPS-830-1193
202063C,multiple_real,2,2,109324|142753,09261994|VT-11-1006
JGI91XL,multiple_real,2,2,114154|144460,DS174531|VT-15-1225
111523,multiple_real,2,2,114491|149128,DS222045|VT-24-2045
63696,multiple_real,2,2,157536|148934,VT-36-0740|VT-24-1419
8114,multiple_real,2,2,155477|152047,VT-33-8114|VT-30-8114
110073,multiple_real,2,2,127834|174849,WPS-57-10073|VT-36-1977
75005,multiple_real,2,2,176552|132246,VT-42-0765|WPS-820-52416
202020C,multiple_real,3,3,126410|142828|121043,WPS-191-57041C|VT-11-1166|09260754
71555,multiple_real,2,2,115813|171548,02100378|VT-27-0055
02212,multiple_real,2,2,126746|95555,WPS-27-10905|17010606
13165,multiple_real,2,2,115948|146725,06401206|VT-20-0228
78594,multiple_real,2,2,144878|147770,VT-15-8594|VT-22-1840
191200,multiple_real,2,2,118274|131485,11200390|WPS-820-52650
161274,multiple_real,2,2,112166|154970,20100745|VT-33-1606
120411C,multiple_real,2,2,112173|154761,20100782|VT-33-1163
77898,multiple_real,2,2,162870|167427,VT-49-1785|VT-14-0824
10003,multiple_real,2,2,128184|131009,WPS-58-5370|WPS-85-2008
328087,multiple_real,2,2,158322|106603,VT-37-8529|03650029
20033,multiple_real,2,2,115828|153615,04110178|VT-32-2004
NDP38061,multiple_real,2,2,154241|135429,VT-32-9639|WPS-850-08407
78680,multiple_real,3,3,144904|168227|93828,VT-15-8680|VT-15-1768|09347522
JGI2627380AM,multiple_real,2,2,105251|167945,DS174429|VT-15-0953
18429,multiple_real,2,2,154057|134891,VT-32-8429|WPS-865-01418
NA1750631,multiple_real,3,2,112926|173432,21200406|WPS-850-08118|VT-32-7438
260128S16,multiple_real,2,2,146746|110395,VT-20-0346|12010231
70251,multiple_real,2,2,115602|153759,21070201|VT-32-3101
20200,multiple_real,4,4,116792|149376|145080|172074,08200259|VT-25-0633|VT-16-0603|VT-28-0987
20781,multiple_real,2,2,137991|131047,WPS-57-020781|WPS-865-01038
792108,multiple_real,2,2,104055|140379,21100327|WPS-279-2108
77464,multiple_real,2,2,143828|163126,VT-15-7464|VT-50-0010
206589SRBLED,multiple_real,2,2,133121|155397,WPS-820-0376R|VT-33-3047
50355,multiple_real,2,2,116887|171302,06360575|VT-25-2291
202053C,multiple_real,2,2,120984|142747,09261986|VT-11-0999
JGI3491799,multiple_real,2,2,92180|168101,DS173191|VT-15-1232
7542,multiple_real,2,2,122774|159596,17416261|VT-40-0245
C9693,multiple_real,2,2,117670|144356,09341356|VT-15-0480
210209K,multiple_real,2,2,112699|153483,21060252|VT-32-1699
794005,multiple_real,2,2,118629|136346,21100995|WPS-279-2205
210209GB,multiple_real,2,2,112700|173175,21060225|VT-32-1362
NFATO3,multiple_real,3,2,90962|173398,21300084|WPS-850-08415|VT-32-6562
70267,multiple_real,2,2,112720|144011,21070309|VT-12-7026
801017,multiple_real,2,2,104039|136348,21101102|WPS-280-1151
327093,multiple_real,3,3,126582|175620|121109,WPS-232-7093|VT-37-8888|03650055
792112,multiple_real,2,2,112778|136343,21101100|WPS-279-2111
K1611,multiple_real,2,2,143717|125791,VT-11-9731|K1611
202160,multiple_real,2,2,169103|92734,VT-17-8229|DS199410
792111,multiple_real,2,2,112780|136342,21101099|WPS-279-1103
JGI3680179,multiple_real,2,2,99456|168012,DS174326|VT-15-1050
46467,multiple_real,3,3,112846|134432|147949,78053045|WPS-820-32018|VT-23-0555
E250091BT3,multiple_real,2,2,112880|153593,21130664|VT-32-1908
NHCXJ08,multiple_real,2,2,112922|153837,21200368|VT-32-6677
NHCXJ15,multiple_real,2,2,112923|153839,21200370|VT-32-6679
11420,multiple_real,2,2,144933|127891,VT-16-0049|WPS-57-6302
NHD7267311,multiple_real,3,2,112971|173331,21200676|WPS-850-08793|VT-32-5057
NOBPPCB,multiple_real,2,2,112974|153791,21200811|VT-32-5062
1013040017,multiple_real,2,2,157487|92569,VT-36-0760|DS223913
HZ030001,multiple_real,2,2,113094|139916,21201390|WPS-28-61025
JGI3521185DL,multiple_real,2,2,92291|167405,DS174458|VT-14-0685
DDKS08OEMC,multiple_real,2,2,113133|133586,22010171|WPS-827-05046
19371A,multiple_real,2,2,177018|176970,VT-44-0389|VT-44-0310
9723,multiple_real,2,2,145470|145474,VT-16-9723|VT-16-9727
10110,multiple_real,2,2,113654|139044,24040647|WPS-576-04280
45217,multiple_real,3,3,141346|98084|170235,WPS-820-32007|78053044|VT-23-0587
120014,multiple_real,2,2,129991|173823,WPS-820-0340C|VT-33-0305
JGI3490179A,multiple_real,2,2,99477|168036,DS174321|VT-15-1115
JGI79FLH,multiple_real,2,2,114124|144430,DS173373|VT-15-0853
20804,multiple_real,2,2,113452|132133,24010123|WPS-830-1132
22656,multiple_real,2,2,113457|132137,24010119|WPS-830-1137
21071,multiple_real,2,2,153289|125994,VT-32-1376|WPS-132-7093
C2037,multiple_real,2,2,113458|130852,24010286|WPS-830-1026
DR8G,multiple_real,3,2,101564|173667,21200047|WPS-850-08014|VT-32-9612
4548,multiple_real,2,2,122356|158194,17411011|VT-37-4548
H070585NMB,multiple_real,2,2,119453|171407,06102305|VT-26-0963
352006,multiple_real,2,2,113514|158526,24010704|VT-37-9528
SSE2,multiple_real,3,3,156803|114918|133702,VT-35-0521|DS391666|WPS-274-0507
202026,multiple_real,3,3,142713|121079|126419,VT-11-0955|09261975|WPS-191-57046
D2KI3P,multiple_real,3,2,97192|154161,21010029|VT-32-9152|WPS-133-3016
TP33,multiple_real,2,2,146814|116386,VT-20-0707|DS360168
NCBISCM,multiple_real,2,2,135511|153601,WPS-850-08659|VT-32-1918
S770132,multiple_real,2,2,113692|152426,35010304|VT-31-0970
S770149C,multiple_real,2,2,113711|162679,35011087|VT-49-1011
SFK3P,multiple_real,3,2,97196|153085,21010048|WPS-133-3020|VT-32-0802
251692,multiple_real,2,2,104435|126534,02150963|WPS-22-51692
S770149B,multiple_real,2,2,113713|162680,35011088|VT-49-1012
JGI1795536XL,multiple_real,2,2,167397|120868,VT-14-0668|DS194489
72223,multiple_real,2,2,161411|143931,VT-46-0410|VT-12-1414
C320478GB,multiple_real,2,2,150194|119621,VT-27-0301|05100318
3537X,multiple_real,2,2,113800|143730,3537X|VT-11-9765
NWR010020,multiple_real,2,2,113089|138787,21201309|WPS-850-09205
120000,multiple_real,2,2,125874|103016,WPS-12-0000|04030163
NWR0210020,multiple_real,2,2,122350|138788,21201310|WPS-850-09206
3204591NU,multiple_real,2,2,119617|150651,05100264|VT-27-1817
102010,multiple_real,2,2,93484|138444,21020333|WPS-820-60413
NWR4010020,multiple_real,2,2,113090|138795,21201318|WPS-850-09214
102017,multiple_real,2,2,97761|138448,21020416|WPS-820-60417
030320AB,multiple_real,2,2,119626|159006,07030231|VT-38-1740
NWR5610020,multiple_real,2,2,113086|138797,21201320|WPS-850-09216
935076,multiple_real,2,2,114014|164932,935076|VT-7132-89
33306,multiple_real,2,2,122747|161506,06500114|VT-46-3306
SS1P,multiple_real,2,2,133700|124236,WPS-274-0505|DS391663
110419,multiple_real,2,2,114088|157411,DS0419|VT-35-9229
JGI6385995,multiple_real,2,2,114133|168064,DS173469|VT-15-1161
JGI36FLH,multiple_real,2,2,114134|144455,DS173524|VT-15-1184
JGI6053881K,multiple_real,2,2,114135|167894,DS173525|VT-15-0865
JGI1678799,multiple_real,2,2,114138|168096,DS173539|VT-15-1222
JGI1677496,multiple_real,2,2,114140|168041,DS174117|VT-15-1121
JGI2685689,multiple_real,2,2,114141|167469,DS174284|VT-14-0963
JGI1677794S,multiple_real,2,2,99451|168035,DS174307|VT-15-1101
JGIEV1,multiple_real,2,2,114155|144412,DS174749|VT-15-0726
JGI4584984A,multiple_real,2,2,114156|167190,DS174784|VT-14-0044
JGI4584973,multiple_real,2,2,114157|144183,DS174786|VT-14-0040
JGI3490185K,multiple_real,2,2,114162|167898,DS174953|VT-15-0870
JGI6053994K,multiple_real,2,2,114163|167904,DS174950|VT-15-0876
JGI6053989KX,multiple_real,2,2,114164|167896,DS174951|VT-15-0868
JGI4584984K,multiple_real,2,2,114167|144185,DS174904|VT-14-0045
P101701,multiple_real,2,2,114170|130850,DS175005|WPS-830-1017
JGI1677066S,multiple_real,2,2,114175|167777,DS174914|VT-15-0599
P80148,multiple_real,2,2,114181|175073,DS175014|VT-37-0266
879812,multiple_real,2,2,114188|132149,DS189811|WPS-830-1190
P8839,multiple_real,2,2,99098|130866,24010303|WPS-830-1046
74112,multiple_real,2,2,114392|108671,DS193411|08011178
78073,multiple_real,2,2,114396|176638,DS193807|VT-42-1391
316206,multiple_real,2,2,114399|144016,DS194061|VT-12-8003
A6771,multiple_real,2,2,114401|166542,DS194072|VT-12-0716
202051C,multiple_real,3,3,126328|121001|142745,WPS-191-57002C|09260755|VT-11-0997
A25550SET,multiple_real,2,2,114406|166806,DS194162|VT-12-1508
24611,multiple_real,2,2,114410|141773,DS194275|VT-10-0644
24641,multiple_real,2,2,114412|141770,DS194371|VT-10-0635
792101,multiple_real,2,2,98359|140374,792101|WPS-279-2101
801009,multiple_real,2,2,113993|140387,801009|WPS-280-1009
A11007,multiple_real,2,2,94013|166579,DS188008|VT-12-0904
298150,multiple_real,2,2,114449|142296,DS199076|VT-10-8123
50214,multiple_real,2,2,96415|170272,44020593|VT-23-0704
288137,multiple_real,2,2,114450|142305,DS199180|VT-10-8137
935096,multiple_real,2,2,114452|143592,DS199241|VT-11-7717
291113,multiple_real,2,2,114455|141936,DS199323|VT-10-1171
5113010004,multiple_real,2,2,114456|146165,DS199219|VT-18-1152
298145,multiple_real,2,2,114457|142310,DS199196|VT-10-8145
201105,multiple_real,2,2,114458|145955,DS199406|VT-17-8225
288155G,multiple_real,2,2,114459|142303,DS199249|VT-10-8135
290294,multiple_real,2,2,114465|146817,DS199479|VT-20-0709
117248,multiple_real,2,2,109767|149174,10060319|VT-24-7248
5422,multiple_real,2,2,97497|98974,06510417|10103136
88102,multiple_real,2,2,114497|136141,DS222792|WPS-276-02060
5019010069,multiple_real,2,2,114527|144165,DS223741|VT-13-9228
19507,multiple_real,2,2,152782|145703,VT-31-4192|VT-17-0858
1005,multiple_real,3,3,125961|153113|170564,WPS-132-7014|VT-32-1005|VT-23-2212
1227,multiple_real,2,2,120244|144647,09300246|VT-15-2127
7075,multiple_real,4,4,120245|169463|171091|129586,09320030|VT-18-3201|VT-24-1369|WPS-811-07075
110450,multiple_real,2,2,105996|157412,DS0452|VT-35-9230
8730,multiple_real,2,2,126036|158684,WPS-133-4015|VT-38-0445
13163,multiple_real,2,2,115725|170050,06401204|VT-23-0115
77947,multiple_real,2,2,144760|178245,VT-15-7947|VT-50-1196
JGI3495567F,multiple_real,2,2,168151|105209,VT-15-1424|09342113
76295,multiple_real,2,2,123363|160351,08040622|VT-42-0986
110044,multiple_real,3,2,108250|157500,WPS-57-10044|VT-36-0515|06580007
070308A,multiple_real,2,2,146010|171952,VT-17-9934|VT-28-0204
JGI1676973,multiple_real,2,2,167955|92310,VT-15-0974|DS174800
JGI1754148B,multiple_real,2,2,92303|167980,DS174660|VT-15-1007
110045,multiple_real,2,2,127823|157519,WPS-57-10045|VT-36-0607
8150,multiple_real,2,2,155482|151272,VT-33-8150|VT-29-8150
8708,one_real_rest_null,2,1,114759,DS290352|WPS-874-1224
7010,multiple_real,2,2,120334|170278,09320089|VT-23-0711
A3272630,multiple_real,2,2,93944|172794,21050118|VT-32-0123
JGI3495589F,multiple_real,2,2,99375|168150,09342117|VT-15-1423
78151,multiple_real,2,2,114793|170751,14050196|VT-23-9272
JGI3565279A,multiple_real,2,2,94193|168010,DS174131|VT-15-1048
5205,multiple_real,2,2,120350|139874,09210787|WPS-82-96413
1019,multiple_real,3,3,114815|120316|145755,DS325779|09250672|VT-17-1019
3556,multiple_real,2,2,151063|114848,VT-28-3556|DS3556
76473S,multiple_real,2,2,114850|146790,DS360113|VT-20-0621
6239TK1,multiple_real,2,2,114862|146782,DS360104|VT-20-0611
4731SK3,multiple_real,2,2,114863|146793,DS360107|VT-20-0624
81027,multiple_real,4,3,177980|119715|103203,VT-50-0031|04140734|10102123|WPS-820-53030
H170579,multiple_real,2,2,119110|172036,06300373|VT-28-0628
1080,multiple_real,3,3,120365|144065|136261,09262925|VT-12-9976|WPS-571-6109
NA1750621,multiple_real,3,2,94613|173431,21200405|WPS-850-08117|VT-32-7437
5432,multiple_real,2,2,100943|98975,06510425|10103142
TP34,multiple_real,2,2,114865|146815,DS360169|VT-20-0708
JGI48FL,multiple_real,2,2,120850|144428,DS173410|VT-15-0851
6141SK4,multiple_real,2,2,96009|146785,DS360101|VT-20-0614
E210214,multiple_real,2,2,112698|173129,21060249|VT-32-1084
JGI3774167A,multiple_real,2,2,92199|167379,DS173426|VT-14-0645
JGI12010,multiple_real,2,2,92263|167339,DS174375|VT-14-0602
JGI6583468SC,multiple_real,2,2,105226|168023,DS173461|VT-15-1074
JGI2699597X,multiple_real,2,2,92215|167333,DS173479|VT-14-0573
E210221,multiple_real,2,2,104059|173196,21060588|VT-32-1519
JGI3490685X,multiple_real,2,2,99443|168081,DS173535|VT-15-1202
JGI1754069A,multiple_real,2,2,94194|167977,DS174182|VT-15-1004
JGI2924283,multiple_real,2,2,94225|167987,DS174336|VT-15-1018
801003,multiple_real,3,3,103915|140383|153792,21100445|WPS-280-1003|VT-32-5117
JGI1677421,multiple_real,2,2,92272|167669,DS174405|VT-15-0271
T030100B,multiple_real,2,2,93719|174616,07050554|VT-35-9020
T036240K20,multiple_real,2,2,157342|113642,VT-35-6240|24020213
JGI2625750A,multiple_real,2,2,92304|167938,DS174690|VT-15-0944
JGI4584984,multiple_real,2,2,114161|167186,DS174781|VT-14-0038
77967,multiple_real,2,2,144779|144984,VT-15-7967|VT-16-0215
A2392887,multiple_real,2,2,91128|179281,09240264|VT-10-1278
10480007,multiple_real,2,2,137384|146107,WPS-827-07010|VT-18-0545
JGI3482436,multiple_real,2,2,92313|168004,DS174890|VT-15-1038
31472,multiple_real,2,2,148663|95240,VT-24-0171|11320718
7450597C,multiple_real,2,2,93559|173092,21120784|VT-32-0950
JGI2524499,multiple_real,2,2,91967|168079,DS173228|VT-15-1198
JGI1735884,multiple_real,2,2,99426|167974,DS174915|VT-15-1001
A11218,multiple_real,2,2,166326|93858,VT-12-0209|09210143
JGI3495575K,multiple_real,2,2,120843|167901,DS174956|VT-15-0873
JGI3490179B,multiple_real,2,2,94204|167911,DS174959|VT-15-0904
7945,multiple_real,2,2,152031|151636,VT-30-7945|VT-30-0923
102100B,multiple_real,2,2,137317|101748,WPS-812-02112|06401666
JGI3495252A,multiple_real,2,2,92325|168007,DS174963|VT-15-1042
JGI1703383S,multiple_real,2,2,99427|168075,DS174972|VT-15-1191
JGI2627380B,multiple_real,2,2,99497|167944,DS174826|VT-15-0952
K1625,multiple_real,2,2,115082|143723,K1625|VT-11-9740
74700021B,multiple_real,2,2,91965|173189,21121207|VT-32-1460
74700025C,multiple_real,2,2,93534|173231,21121315|VT-32-1708
K1660,multiple_real,2,2,115090|143760,K1660|VT-11-9890
420105,multiple_real,2,2,166736|115592,VT-12-1309|16230558
120416M,multiple_real,2,2,154647|104013,VT-33-0929|20100780
78673,multiple_real,2,2,144281|174129,VT-14-8673|VT-34-0090
70287,multiple_real,2,2,168908|153733,VT-17-0911|VT-32-3074
77326,multiple_real,2,2,144659|177658,VT-15-7326|VT-49-0834
310000,multiple_real,2,2,141653|125457,VT-10-0000|DS194303
E250091BT1,multiple_real,2,2,112877|153591,21130661|VT-32-1906
JGI1702970,multiple_real,2,2,94173|167869,DS173239|VT-15-0804
240030,multiple_real,2,2,115327|143753,09280026|VT-11-9872
292088,multiple_real,2,2,115337|143165,DS199013|VT-11-2088
E250091BD5,multiple_real,2,2,97899|173281,21130734|VT-32-1974
288121G,multiple_real,2,2,115340|142299,DS199250|VT-10-8130
JGI1677048X,multiple_real,2,2,99486|167982,DS174402|VT-15-1009
212130,multiple_real,2,2,115342|142135,DS199283|VT-10-2130
212965,multiple_real,2,2,115345|142208,09250584|VT-10-2965
291123,multiple_real,2,2,115353|141917,DS199097|VT-10-1123
DR2G,multiple_real,3,2,91981|173659,21200039|WPS-850-08006|VT-32-9604
DR6G,multiple_real,3,2,94565|173665,21200045|WPS-850-08012|VT-32-9610
212011,multiple_real,2,2,115355|142114,DS199301|VT-10-2011
292025,multiple_real,2,2,115359|130485,DS193123|WPS-820-54204
212320,multiple_real,2,2,115361|142145,DS199347|VT-10-2320
DR8B,multiple_real,3,2,94566|173668,21200048|WPS-850-08013|VT-32-9613
201020,multiple_real,2,2,115362|145936,DS199411|VT-17-6656
272110,multiple_real,2,2,115364|144170,DS199736|VT-13-9250
254850,multiple_real,2,2,115366|145906,DS199436|VT-17-4850
DR12G,multiple_real,2,2,101592|173669,21200049|VT-32-9614
DP2B,multiple_real,3,2,101584|173673,21200052|WPS-850-08017|VT-32-9617
292215,multiple_real,2,2,115367|143649,DS193852|VT-11-9221
DP3B,multiple_real,3,2,94567|173675,21200054|WPS-850-08019|VT-32-9619
DP6G,multiple_real,3,2,98877|173678,21200057|WPS-850-08024|VT-32-9622
288126G,multiple_real,2,2,115377|142300,DS199117|VT-10-8131
212150,multiple_real,2,2,115383|142136,DS199324|VT-10-2150
200369,multiple_real,2,2,146651|172742,VT-19-3000|VT-31-9986
DP8G,multiple_real,3,2,98879|173680,21200059|WPS-850-08026|VT-32-9624
288126,multiple_real,2,2,115384|142298,DS199179|VT-10-8127
5544,multiple_real,2,2,122359|120396,17411044|10103326
290344,multiple_real,2,2,115386|146819,DS199478|VT-20-0711
271100,multiple_real,2,2,115387|143755,DS199735|VT-11-9877
8030,multiple_real,3,3,138349|149303|99016,WPS-56-8030|VT-25-0433|09250839
JGI6709887,multiple_real,2,2,92389|167457,DS193631|VT-14-0944
1761166B,multiple_real,2,2,92392|166115,DS193819|VT-11-0539
104636A,multiple_real,2,2,94067|179207,DS194014|VT-10-0809
NM334721602,multiple_real,3,2,101569|173700,21200334|WPS-850-08317|VT-32-9693
2400658,multiple_real,2,2,94084|179366,DS194086|VT-10-8325
2459940,multiple_real,2,2,94075|179041,DS194090|VT-10-0240
18445,multiple_real,3,3,115440|148250|154065,10102062|VT-23-2169|VT-32-8445
77416,multiple_real,2,2,153125|144687,VT-32-0976|VT-15-7416
MDRPINS,multiple_real,3,2,92005|173368,21200399|WPS-850-08038|VT-32-6514
310005,multiple_real,2,2,106000|141655,DS194301|VT-10-0005
71132,multiple_real,2,2,115497|175441,DS189981|VT-37-1954
18803,multiple_real,2,2,115526|155561,10100060|VT-34-0101
A3511352,multiple_real,2,2,95013|166606,DS194327|VT-12-0931
A3752385,multiple_real,2,2,94019|166329,DS194361|VT-12-0212
320081,multiple_real,2,2,147882|161376,VT-23-0081|VT-46-0123
JGI12030,multiple_real,2,2,94261|167345,DS194418|VT-14-0609
20303A,multiple_real,2,2,149262|133495,VT-25-0174|WPS-830-0313
NM334720802,multiple_real,3,2,101568|173698,21200332|WPS-850-08313|VT-32-9691
JGI12018,multiple_real,2,2,99505|167342,DS194480|VT-14-0605
18181,multiple_real,2,2,115543|154049,10102539|VT-32-8181
T030101C,multiple_real,2,2,119451|174619,07050557|VT-35-9023
A3157581,multiple_real,2,2,92471|173499,DS195147|VT-32-7769
A3536593,multiple_real,2,2,114423|145985,DS195168|VT-17-9606
64391,multiple_real,2,2,151983|178569,VT-30-4391|VT-52-2037
700002,multiple_real,2,2,115555|135897,11070663|WPS-70-7002
NHD69200897,multiple_real,2,2,92025|173336,21200655|VT-32-5064
288160,multiple_real,2,2,115354|142312,DS199182|VT-10-8151
8821,one_real_rest_null,3,1,92150,WPS-60-1946|VT-31-0327|WPS-874-1241
77349,multiple_real,2,2,161059|144668,VT-44-0889|VT-15-7349
288137G,multiple_real,2,2,114453|142301,DS199247|VT-10-8132
70260,multiple_real,3,3,115590|153604|172914,21070300|VT-32-1924|VT-32-0424
120040,multiple_real,4,3,122598|106726|130214,07060018|04120665|WPS-820-50509|WPS-12-0040
70250,multiple_real,2,2,115606|153760,21070200|VT-32-3102
291146,multiple_real,2,2,115388|141930,DS199327|VT-10-1146
207650,multiple_real,2,2,92523|169092,DS199413|VT-17-7650
NHD7240607A,multiple_real,2,2,137154|92294,WPS-850-08214|21201211
202330C,multiple_real,2,2,142774|109300,VT-11-1039|09260699
77901,multiple_real,2,2,174802|124217,VT-36-0893|16010154
18535,multiple_real,2,2,115667|154077,10100587|VT-32-8535
370494,multiple_real,2,2,152961|93154,VT-32-0263|06160204
T030078,multiple_real,2,2,104570|174601,07070013|VT-35-6106
DBR1,multiple_real,2,2,117842|153979,21010323|VT-32-7787
JGI04XL,multiple_real,2,2,144551|109500,VT-15-1372|09341637
6451,multiple_real,3,2,155794|103346,VT-34-0628|WPS-82-96333|18002215
1013040006,multiple_real,2,2,92821|174756,DS223407|VT-36-0705
1023040021,multiple_real,2,2,92836|174831,DS223419|VT-36-1569
JGI2706278,multiple_real,2,2,99496|167361,DS174822|VT-14-0626
NHCXMB12,multiple_real,2,2,153824|101593,VT-32-6654|21200223
NDP30036,multiple_real,2,2,135423|154245,WPS-850-08400|VT-32-9643
210009,multiple_real,2,2,115715|160456,14010743|VT-42-1218
77483,multiple_real,2,2,171191|144701,VT-24-9911|VT-15-7483
NDP38063,multiple_real,2,2,135430|154242,WPS-850-08408|VT-32-9640
A6778,multiple_real,2,2,166717|104780,VT-12-1258|09250286
1013040015,multiple_real,2,2,95823|174762,DS223919|VT-36-0720
DR3G,multiple_real,3,2,94598|173661,WPS-850-08008|21200041|VT-32-9606
NHD3243597,multiple_real,2,2,101613|173311,21201447|VT-32-2227
NFATO5,multiple_real,3,2,92047|173399,21300085|WPS-850-08416|VT-32-6563
60121,multiple_real,2,2,115804|96420,44010188|16202665
NTBW3231008A,multiple_real,3,2,113126|174775,21300348|WPS-850-08211|VT-36-0793
71600,multiple_real,2,2,115816|161268,02130800|VT-45-0697
210006,multiple_real,2,2,115844|160275,14010741|VT-42-0617
84419,multiple_real,2,2,103774|170338,17310209|VT-23-0857
18040,multiple_real,2,2,115863|139463,10112851|WPS-58-54085
H070603,multiple_real,2,2,98609|149778,06101684|VT-26-0002
202032,multiple_real,2,2,114472|126381,DS202032|WPS-191-57019
78406,multiple_real,2,2,168318|153362,VT-15-8406|VT-32-1481
18442,multiple_real,2,2,115899|154063,10101463|VT-32-8442
77715,multiple_real,2,2,156949|166622,VT-35-0850|VT-15-7715
40127,multiple_real,2,2,173602|154031,VT-32-9097|VT-32-8097
359016,multiple_real,2,2,145465|126587,VT-16-9016|WPS-235-9016
81034,multiple_real,2,2,115908|173463,10102094|VT-32-7561
4124038C,multiple_real,2,2,164567|123908,VT-54-0038|DS310038
300200,multiple_real,4,4,115939|120946|146596|146439,12102784|06012851|VT-19-0768|VT-19-0287
77703,multiple_real,2,2,177883|101989,VT-49-2562|16010179
78543,multiple_real,2,2,168349|144862,VT-15-8453|VT-15-8543
112187,multiple_real,2,2,124401|157398,10030353|VT-35-9183
18500,multiple_real,3,3,115989|130421|155564,DS288880|WPS-820-52800|VT-34-0112
472019,multiple_real,3,2,115998|174551,10090080|WPS-24-72019|VT-35-1727
40049,multiple_real,2,2,95192|102874,20402676|10102954
DP8B,multiple_real,3,2,98832|173681,21200060|WPS-850-08025|VT-32-9625
300905,multiple_real,2,2,95020|107011,24011697|06015662
111131,multiple_real,2,2,149129|114492,VT-24-2048|DS222048
H0707904,multiple_real,2,2,98587|171485,06150275|VT-26-2229
JGI6053994KF,multiple_real,2,2,109515|144521,09344616|VT-15-1333
251394,multiple_real,2,2,93480|140294,251394|WPS-22-51394
63584D,multiple_real,2,2,158816|93419,VT-38-0736|07010836
6083010011,multiple_real,2,2,116146|146170,11300205|VT-18-1157
6083010098,multiple_real,2,2,116188|146271,DS223720|VT-18-3852
6083010090,multiple_real,2,2,116225|146270,DS223721|VT-18-3842
S770134,multiple_real,2,2,98027|177651,35010603|VT-49-0798
6083010036,multiple_real,2,2,116227|146268,DS223723|VT-18-3822
3073010011,multiple_real,2,2,116228|146213,DS223739|VT-18-3233
DC65,multiple_real,3,2,154210|117845,VT-32-9285|WPS-133-1082|DC65
78711,multiple_real,2,2,144913|174580,VT-15-8711|VT-35-2000
21201,multiple_real,2,2,157057|133166,VT-35-1201|WPS-830-0130
BTX14,multiple_real,2,2,116376|129544,11311805|WPS-810-5008
TPS29,multiple_real,2,2,116394|146804,DS360047|VT-20-0651
76472S,multiple_real,2,2,116406|146789,DS360115|VT-20-0619
NWR2410020,multiple_real,2,2,138794|108506,WPS-850-09212|21201316
81016,multiple_real,2,2,92928|119711,DS193710|04140733
BA080000,multiple_real,2,2,105441|137260,22100607|WPS-27-57011
H070587,multiple_real,2,2,119598|149939,06100220|VT-26-0895
350103,multiple_real,2,2,175563|170043,VT-37-8660|VT-23-0107
77081,multiple_real,2,2,116631|160519,24010535|VT-42-1534
1013030008,multiple_real,2,2,174890|95465,VT-36-2503|DS223876
BA080020,multiple_real,2,2,105449|138972,22100661|WPS-27-57013
202122C,multiple_real,3,3,121042|142842|126432,09260723|VT-11-1184|WPS-191-57053C
3497X,multiple_real,2,2,143725|113517,VT-11-9759|3497X
P4829,multiple_real,2,2,113546|133311,24010998|WPS-830-1096
062015,multiple_real,2,2,132299|118116,WPS-820-70207|17310611
358034,multiple_real,2,2,93242|133387,13020654|WPS-820-5384
HD2,multiple_real,2,2,176233|94752,VT-40-0378|06040002
BA064911,multiple_real,2,2,99858|138975,22100664|WPS-28-61047
339909,multiple_real,2,2,176882|136933,VT-44-0008|WPS-820-54160
JGI2522570X,multiple_real,2,2,99453|167844,DS174201|VT-15-0713
1214,multiple_real,2,2,156392|175426,VT-34-2114|VT-37-1423
B281257,one_real_rest_null,2,1,116748,13102497|WPS-750-05581
JGI1735304,multiple_real,2,2,168167|91234,VT-15-1449|09341848
2025,multiple_real,2,2,176268|151233,VT-40-0525|VT-29-2025
2028,multiple_real,2,2,176269|151234,VT-40-0527|VT-29-2028
70007,multiple_real,2,2,116828|177260,24040632|VT-45-0329
A2434687A,multiple_real,2,2,98868|179339,09240170|VT-10-2556
40373,multiple_real,3,3,116853|102918|165313,20101499|10102895|VT-73-373
50117,multiple_real,2,2,116870|136304,44020582|WPS-85-4176
BDL30853ST,multiple_real,2,2,116403|146676,DS360007|VT-20-0100
40174,multiple_real,2,2,116897|153214,20101456|VT-32-1216
BDL138K,multiple_real,2,2,116395|146799,DS360086|VT-20-0630
70021,multiple_real,2,2,116909|177623,24040839|VT-49-0628
3200403,multiple_real,2,2,125110|142220,09220113|VT-10-3500
202140,multiple_real,2,2,123820|131726,DS375001|WPS-812-02054
206589SALED,multiple_real,3,3,129853|98308|154479,WPS-820-0370A|78052069|VT-33-0473
987316,multiple_real,2,2,117049|132154,19133012|WPS-830-1196
4311CH,multiple_real,2,2,124218|157371,DS390233|VT-35-9085
4311CR,multiple_real,2,2,124239|157419,DS390250|VT-35-9311
13608,multiple_real,2,2,148789|170799,VT-24-0663|VT-24-0095
202024,multiple_real,2,2,126417|142712,WPS-191-57045|VT-11-0954
102011,multiple_real,2,2,93385|138445,21020334|WPS-820-60414
22971,multiple_real,2,2,117138|133126,24010439|WPS-830-1204
9971,multiple_real,2,2,152383|172411,VT-31-0831|VT-31-0276
NHD69200193,multiple_real,3,2,173710|98862,VT-32-9712|21200930|WPS-850-08197
160902,multiple_real,2,2,104068|174004,22120105|VT-33-2024
BA072100,multiple_real,2,2,99853|133772,22110185|WPS-28-61005
160901,multiple_real,2,2,93389|174005,22120106|VT-33-2025
710334,multiple_real,2,2,144187|120988,VT-14-0143|09262044
14216,multiple_real,2,2,130245|136301,WPS-820-50565|WPS-85-4173
DD2000HD2EP,multiple_real,3,2,97198|154153,21010044|WPS-133-3010|VT-32-9113
NA1736451,multiple_real,3,2,94535|173357,21200192|WPS-850-08101|VT-32-6500
2396180A3,multiple_real,2,2,105140|179373,DS194005|VT-10-8357
334146,multiple_real,2,2,94621|166937,DS194483|VT-12-9942
JGI11190V2,multiple_real,2,2,114421|144215,DS194487|VT-14-0672
JGI4584977,multiple_real,2,2,114416|167146,DS194496|VT-14-0037
20036,multiple_real,3,3,117331|106719|153620,24010514|04110179|VT-32-2018
BA072110,multiple_real,2,2,99856|138978,22120893|WPS-28-61049
A3507084,multiple_real,2,2,95028|168633,DS196237|VT-17-0062
PS1500,multiple_real,3,3,116387|146550|127056,22145006|VT-19-0601|WPS-290-01001
BA050510,multiple_real,2,2,121188|132578,22120737|WPS-28-61011
6251,multiple_real,3,2,117438|161843,18000635|VT-48-0302|WPS-82-96382
76154,multiple_real,2,2,117463|123332,24010458|08040292
6477,multiple_real,2,2,117470|151902,18002166|VT-30-3034
88187,multiple_real,3,3,166208|92959|132619,VT-11-1194|09310710|WPS-820-51549
6853B,one_real_rest_null,2,1,117475,18002257|WPS-82-96507
40173,multiple_real,3,3,116812|175528|153213,20101455|VT-37-8573|VT-32-1215
1075,multiple_real,3,3,105046|145374|136260,09261166|VT-16-1845|WPS-571-6107
3073020013,multiple_real,2,2,146223|116154,VT-18-3271|11313882
3527X,multiple_real,2,2,143729|113802,VT-11-9764|3527X
JGI3329536X,multiple_real,2,2,167774|94288,VT-15-0595|DS174755
40241,multiple_real,2,2,158180|179018,VT-37-4241|VT-10-0198
67312B,multiple_real,2,2,159676|134326,VT-40-0457|WPS-274-0765
02205,multiple_real,2,2,95721|126741,17010679|WPS-27-10901
6055,multiple_real,2,2,96973|160603,18010719|VT-42-6055
6020,multiple_real,3,3,117511|105134|141843,18010365|09402010|VT-10-0849
62052,multiple_real,2,2,156906|124187,VT-35-0751|07050030
40265,multiple_real,2,2,154042|158188,VT-32-8124|VT-37-4265
1218,multiple_real,3,3,154980|120243|163547,VT-34-0170|09300155|VT-50-2200
M6XL5,multiple_real,2,2,146250|127124,VT-18-3684|WPS-39-1204
94640,multiple_real,2,2,146894|171162,VT-20-4640|VT-24-1926
H070780MB3,multiple_real,2,2,90949|171482,06150270|VT-26-2226
323055,multiple_real,2,2,104347|159516,07100253|VT-40-0022
080529,multiple_real,2,2,178104|128019,VT-50-0807|WPS-57-8529
1215,multiple_real,4,3,94038|131283|156393,09262976|WPS-59-9124|WPS-27-4736|VT-34-2115
D26014132,multiple_real,2,2,91504|169692,12030015|VT-20-0706
261210,multiple_real,2,2,117582|150071,24010426|VT-2612-10TW
21058,multiple_real,2,2,117584|141295,19133005|WPS-830-1134
5462,multiple_real,2,2,155436|120639,VT-33-5462|19010526
76191,multiple_real,3,3,117619|132143|144391,DS193619|WPS-830-1177|VT-15-0623
750820,multiple_real,2,2,117620|131978,DS193766|WPS-830-1109
193002,multiple_real,2,2,146755|134498,VT-20-0371|WPS-820-51225
84411,multiple_real,3,3,117630|141342|170200,DS190892|WPS-820-32000|VT-23-0499
214040,multiple_real,4,4,117641|131588|142237|115323,DS193829|WPS-830-1103|VT-10-4040|09250590
K1746,multiple_real,3,2,131402|125746,VT-11-9954|09030583|WPS-K1746
292017,multiple_real,2,2,115370|142862,09280095|VT-11-1208
C10248,multiple_real,3,2,117726|141423,09351031|VT-15-1475|WPS-68-10248
DC101,multiple_real,2,2,117749|154145,DC101|VT-32-9035
NWR1010020,multiple_real,2,2,138789|101553,WPS-850-09207|21201311
NDP38064,multiple_real,2,2,135428|154238,WPS-850-08405|VT-32-9636
371036,multiple_real,2,2,132274|153396,WPS-820-50844|VT-32-1542
86160,multiple_real,2,2,172567|155449,VT-31-1315|VT-33-6160
D2KI1P,multiple_real,3,2,117830|154163,21010027|WPS-133-3014|VT-32-9159
D2KI2P,multiple_real,3,2,117831|154160,21010028|WPS-133-3015|VT-32-9151
DC68,multiple_real,3,2,117834|173131,21020307|WPS-133-1085|VT-32-1086
8401,multiple_real,3,2,126916|150407,WPS-274-0044|VT-32-0107|VT-27-0930
D2KI5P,multiple_real,3,2,117835|154162,21010031|VT-32-9155|WPS-133-3018
DC31,multiple_real,3,2,117839|154014,DC31|VT-32-8055|WPS-133-1089
DSPT1,multiple_real,3,2,117841|154157,21010071|WPS-133-3007|VT-32-9123
DSK62,multiple_real,3,2,117849|153083,DSK62|WPS-133-3004|VT-32-0800
JGI6053994F,multiple_real,2,2,99405|144525,09344631|VT-15-1337
K2822,multiple_real,2,2,94951|171022,04050326|VT-24-0907
202322C,multiple_real,2,2,120981|142773,09260706|VT-11-1036
148407,multiple_real,2,2,110391|146066,11321828|VT-18-0272
8105,multiple_real,3,3,117880|155475|152044,DS289306|VT-33-8105|VT-30-8105
8102,multiple_real,2,2,117881|171543,DS289303|VT-27-0049
L126024CE,multiple_real,2,2,97735|154313,20300579|VT-33-0086
NCBH02,multiple_real,2,2,153672|101588,VT-32-2216|21201403
3300166,multiple_real,2,2,109252|179349,09250741|VT-10-8167
JGI2699598,multiple_real,2,2,167407|99359,VT-14-0689|09340549
6311BH,multiple_real,2,2,133697|101975,WPS-274-0501|07050092
76312FCS,multiple_real,2,2,134318|156833,WPS-274-0720|VT-35-0595
106200,multiple_real,2,2,123743|134675,04080373|WPS-812-52297
2023000,multiple_real,2,2,99645|143257,09263217|VT-11-2341
6311CHO,multiple_real,2,2,133696|114912,WPS-274-0500|DS390510
140110A,multiple_real,2,2,118234|155550,10110881|VT-34-0079
112195,multiple_real,2,2,109687|157002,10030042|VT-35-0978
120231,multiple_real,2,2,109994|130221,10120162|WPS-820-50514
8070,multiple_real,3,3,120385|120625|138353,09251612|11100043|WPS-56-8070
350027,multiple_real,2,2,118071|176801,11050034|VT-43-0504
71585,multiple_real,2,2,115811|161280,02100423|VT-45-0736
H070601,multiple_real,2,2,149785|119120,VT-26-0009|06100792
52672,multiple_real,3,2,125027|130348,WPS-194-52672|WPS-820-52100|06360651
A3150165,multiple_real,2,2,93668|169058,21100450|VT-17-1503
253103,multiple_real,2,2,110287|126537,11200281|WPS-22-53103
B160917P,multiple_real,2,2,93229|170424,17020346|VT-23-1127
20732,multiple_real,4,4,97017|141283|131177|174357,24010107|WPS-830-1102|WPS-865-01161|VT-35-0381
96784,multiple_real,2,2,134336|169450,WPS-820-54497|VT-18-3129
3023020009,multiple_real,2,2,146256|92832,VT-18-3693|DS223731
28322,multiple_real,2,2,127455|129957,WPS-50-28322|WPS-82-8322
76281,multiple_real,2,2,153814|176797,VT-32-6281|VT-43-0458
420027,multiple_real,2,2,94829|168422,16100632|VT-16-0041
DP4G,multiple_real,3,2,101586|173676,21200055|WPS-850-08022|VT-32-9620
46472,multiple_real,2,2,108504|159761,07100033|VT-40-0668
18536,multiple_real,2,2,109794|154078,10100588|VT-32-8536
201403,multiple_real,2,2,118197|136916,12102667|WPS-820-51158
120230,multiple_real,2,2,118229|130220,10120161|WPS-820-50513
A922128,multiple_real,2,2,118235|179062,09240181|VT-10-0320
79059,multiple_real,2,2,123315|150518,08070011|VT-27-1305
20092,multiple_real,3,3,149510|156678|146764,VT-25-1122|VT-35-0235|VT-20-0492
201400,multiple_real,2,2,118240|136917,12102668|WPS-820-51159
201406,multiple_real,2,2,118242|136914,12102662|WPS-820-51156
7060,multiple_real,3,3,109424|129577|175315,09320023|WPS-811-07060|VT-37-0799
18014,multiple_real,3,3,125985|153714|145531,WPS-132-7060|VT-32-3045|VT-17-0261
260202CK,multiple_real,2,2,118267|160653,11050041|VT-43-0107
NSAIH01,multiple_real,3,2,123553|153673,WPS-850-08655|21201065|VT-32-2223
1221,multiple_real,2,2,158013|151548,VT-37-1079|VT-30-0727
D330110,multiple_real,2,2,118277|176625,11070489|VT-42-1232
NFAXH12,multiple_real,3,2,113057|153856,21201165|VT-32-7026|WPS-850-08992
76276,multiple_real,2,2,98753|167806,08020887|VT-15-0647
500812,multiple_real,2,2,164176|178108,VT-52-0812|VT-50-0813
1001,multiple_real,2,2,104973|145090,09250513|VT-16-0643
52830,multiple_real,3,2,133744|105856,WPS-820-0082|06360322|WPS-194-52830
A6003,multiple_real,2,2,92422|169236,DS194280|VT-17-9853
18753,multiple_real,2,2,115455|154123,10102479|VT-32-8753
KB272.010,multiple_real,2,2,103892|143191,WPS-824-01258|VT-11-2230
BDL1185,multiple_real,2,2,114853|146683,DS360009|VT-20-0117
170418N,multiple_real,2,2,118330|171718,16210160|VT-27-0914
770070,multiple_real,2,2,152840|118649,VT-31-9951|35010159
106A,multiple_real,2,2,127799|160018,WPS-57-0106|VT-41-0132
350131,multiple_real,2,2,175576|158437,VT-37-8787|VT-37-8969
K1662,multiple_real,2,2,125793|143762,K1662|VT-11-9892
JGI2522536CX,multiple_real,2,2,99422|144469,09341184|VT-15-1267
144005,multiple_real,3,3,118371|135370|146102,11321476|WPS-820-52463|VT-18-0534
77324,multiple_real,2,2,165853|149837,VT-15-7324|VT-26-0117
762,multiple_real,3,3,161137|176536|161735,VT-47-2206|VT-42-0700|VT-47-2205
1066068,multiple_real,2,2,143996|94437,VT-12-5240|09250512
P776005,multiple_real,2,2,130122|150304,WPS-820-1963|VT-27-0702
18505,multiple_real,2,2,95071|155597,10100179|VT-34-0178
F510646ME,multiple_real,2,2,118444|177989,20401963|VT-50-0046
F510646CE,multiple_real,2,2,118445|177988,20401964|VT-50-0045
62054,multiple_real,2,2,108414|157427,07050031|VT-35-9353
E210214K,multiple_real,2,2,118450|173132,21060248|VT-32-1088
210209GBK,multiple_real,2,2,118451|153479,21060253|VT-32-1690
T030150,multiple_real,2,2,104351|176314,07110213|VT-40-0830
76387,multiple_real,2,2,118453|101462,20300171|08030230
E210214GBK,multiple_real,2,2,118456|173230,21060250|VT-32-1698
76705F,multiple_real,2,2,118459|160115,21070053|VT-42-0168
110296K,multiple_real,2,2,118264|130180,11070036|WPS-820-2670
70277,multiple_real,2,2,144651|176436,VT-15-7027|VT-42-0300
JGI3523136,multiple_real,2,2,94254|167371,DS174892|VT-14-0638
77971,multiple_real,2,2,144782|173233,VT-15-7971|VT-32-1725
78283,multiple_real,2,2,144810|160445,VT-15-8283|VT-42-1200
V30HTCBB,one_real_rest_null,2,1,123654,06303420|WPS-206-40114
H070574S,multiple_real,2,2,107508|149957,06102302|VT-26-0973
JGI4584377,multiple_real,2,2,94217|167384,DS173420|VT-14-0652
241003,multiple_real,2,2,119095|130099,06020400|WPS-820-1347C
78587,multiple_real,2,2,144875|169098,VT-15-8587|VT-17-8084
4731SK2,multiple_real,2,2,95996|146792,DS360108|VT-20-0623
A3512936,multiple_real,2,2,166593|94999,VT-12-0918|DS188066
H0707892,multiple_real,2,2,150050|111483,VT-26-2218|06101873
202036M,multiple_real,2,2,109338|143228,09262279|VT-11-2313
110050,multiple_real,4,2,108221|157520,06580009|WPS-57-10050|VT-31-0338|VT-36-0610
JGI1703478S,multiple_real,2,2,114179|168074,DS174982|VT-15-1188
E250091BD2,multiple_real,2,2,153565|118766,VT-32-1866|21130665
JGI1677763,multiple_real,2,2,92297|167964,DS174479|VT-15-0989
352102,multiple_real,2,2,118606|175794,24010689|VT-37-9541
216326,multiple_real,2,2,142307|115374,VT-10-8139|09250113
88461,multiple_real,3,3,119680|133304|166209,09310822|WPS-820-51547|VT-11-1195
E250091BT5,multiple_real,2,2,118617|153595,21130668|VT-32-1910
E250091BT2,multiple_real,2,2,118621|153592,21130663|VT-32-1907
148138,multiple_real,2,2,118625|146309,21100205|VT-18-8307
323499,multiple_real,2,2,121116|134116,03650046|WPS-232-3499
AH4620,multiple_real,2,2,154328|155136,VT-33-0141|VT-33-1823
E250091BD9,multiple_real,2,2,118636|173284,21130797|VT-32-1978
120002,multiple_real,2,2,125876|95655,WPS-12-0002|04030165
770044CKNU,multiple_real,2,2,118650|172499,35010258|VT-31-0818
6482010,multiple_real,2,2,142452|132817,VT-11-0177|WPS-865-02032
6482020,multiple_real,2,2,142453|132818,VT-11-0178|WPS-865-02033
H070591N,multiple_real,2,2,92365|171408,06102308|VT-26-0964
6127020,multiple_real,2,2,142462|132809,VT-11-0187|WPS-865-02023
792105,multiple_real,2,2,118705|140377,21100072|WPS-279-2105
792106,multiple_real,2,2,118706|140378,21100073|WPS-279-2106
801004,multiple_real,3,3,118748|153793|140384,21100446|VT-32-5118|WPS-280-1004
40120,multiple_real,2,2,95235|153832,16100526|VT-32-6672
102031,multiple_real,2,2,118751|172946,21020220|VT-32-0513
120049RW,multiple_real,2,2,129995|112288,WPS-820-0386|20300016
103070B,multiple_real,2,2,99177|136799,06040235|WPS-812-52401
E250091BD1,multiple_real,2,2,118764|153556,21130662|VT-32-1846
110042,multiple_real,3,2,123228|174868,WPS-57-10042|VT-36-2416|06580005
77432,multiple_real,2,2,144605|171057,VT-15-7432|VT-24-1063
NM334820802,multiple_real,3,2,101596|173694,21200328|WPS-850-08328|VT-32-9687
76722,multiple_real,2,2,108637|141813,08010745|VT-10-0786
8636,multiple_real,2,2,138360|160654,WPS-56-8636|VT-43-0145
512HF,multiple_real,2,2,105765|148337,17220738|VT-23-4550
201401,multiple_real,2,2,110433|136918,12102669|WPS-820-51160
500751B,multiple_real,2,2,135880|123752,WPS-812-55001|16202278
BA051211,multiple_real,2,2,121208|132003,22110170|WPS-27-5797BK
23145,multiple_real,2,2,134399|167639,WPS-820-50573|VT-15-0228
352118,multiple_real,2,2,118803|175790,24010697|VT-37-9535
H070593,multiple_real,2,2,119128|149776,06101682|VT-26-0000
MDP3B,multiple_real,3,2,91998|173384,21200310|WPS-850-08047|VT-32-6539
352018,multiple_real,2,2,118807|158530,24010715|VT-37-9533
781212,multiple_real,2,2,132145|114187,WPS-830-1181|DS189812
500761,multiple_real,2,2,135883|99093,WPS-812-55004|16202281
MCCBR4,multiple_real,2,2,92053|172925,WPS-275-01013|VT-32-0436
46468,multiple_real,3,3,118847|134434|170232,78053040|WPS-820-32020|VT-23-0582
JGI12026B,multiple_real,2,2,167344|92446,VT-14-0608|DS194455
NNSEP01,multiple_real,3,2,157927|123431,VT-37-1075|11050236|WPS-850-08980
77460,multiple_real,2,2,104634|144452,21070329|VT-15-7460
C8042T,multiple_real,2,2,130876|120436,WPS-830-1061|24010295
B160728MB,multiple_real,2,2,93194|170602,17010755|VT-23-2357
781114,multiple_real,2,2,132144|114397,WPS-830-1180|DS193811
JGI12066,multiple_real,2,2,167395|94230,VT-14-0665|DS194084
D110307,multiple_real,2,2,104349|176339,07100284|VT-40-1103
78647,multiple_real,2,2,153555|168395,VT-32-1845|VT-15-8647
78270,multiple_real,2,2,144801|175943,VT-15-8270|VT-38-0987
NM334720801,multiple_real,3,2,94573|173687,21200319|WPS-850-08312|VT-32-9678
27361,multiple_real,2,2,97003|141299,04040307|WPS-830-1164
440520,multiple_real,2,2,166740|93859,VT-12-1313|11060232
78260,multiple_real,3,3,144793|144792|176557,VT-15-8260|VT-15-8259|VT-42-0787
61126,multiple_real,2,2,164577|166694,VT-54-0105|VT-12-1188
304,multiple_real,2,2,118105|176737,17420046|VT-43-0198
78291,multiple_real,2,2,160438|144818,VT-42-1192|VT-15-8291
A8905,multiple_real,2,2,119200|166409,09240586|VT-12-0398
323057,multiple_real,2,2,119202|159518,07100255|VT-40-0024
H070574SMB,multiple_real,2,2,107513|149958,06102303|VT-26-0974
84889,multiple_real,2,2,119237|148881,04140527|VT-24-1243
W160333,multiple_real,2,2,119253|174990,02140450|VT-37-0041
20358,multiple_real,2,2,95654|161275,04150051|VT-45-0714
2620491A,multiple_real,2,2,119256|166928,09320189|VT-12-9929
H0707804,multiple_real,2,2,119334|171481,06150273|VT-26-2224
NWR110020,multiple_real,2,2,122381|138791,21201313|WPS-850-09209
26388,multiple_real,2,2,92740|141287,24010913|WPS-830-1106
L216094,multiple_real,2,2,112068|154797,20010278|VT-33-1245
A25313SET,multiple_real,2,2,93951|166807,09500364|VT-12-1509
R122RS,multiple_real,2,2,119457|166372,11320198|VT-12-0341
120201,multiple_real,2,2,104365|173866,09066316|VT-33-0615
594,multiple_real,2,2,119664|165462,07060005|VT-8206-9
87972,multiple_real,3,3,119197|132608|148919,04140528|WPS-820-52289|VT-24-1378
71541,multiple_real,2,2,115809|172192,02100356|VT-30-0208
DR3B,multiple_real,3,2,91982|173662,21200042|WPS-850-08007|VT-32-9607
030320ABA,multiple_real,3,3,104556|130156|159005,07030815|WPS-820-2307|VT-38-1739
A6767B,multiple_real,2,2,119947|143870,09270008|VT-12-0715
9015,multiple_real,3,3,169508|129593|111924,VT-23-9115|WPS-811-09015|18610403
70257,multiple_real,2,2,153761|172792,VT-32-3103|VT-32-0121
110066,multiple_real,2,2,119955|127828,17416839|WPS-57-10066
1703286MLS,multiple_real,2,2,91187|140851,09341587|WPS-681-5220
110067,multiple_real,3,3,119957|127829|174905,17416845|WPS-57-10067|VT-36-2570
P9658,multiple_real,2,2,119996|130884,24010307|WPS-830-1068
0610,multiple_real,2,2,128245|124535,WPS-60-1305|08220614
P8815,multiple_real,2,2,120201|130857,DS175021|WPS-830-1032
1235,multiple_real,2,2,120224|171710,09270043|VT-27-0900
JGI12074,multiple_real,2,2,94094|167409,09350123|VT-14-0696
3026,multiple_real,2,2,120225|129560,24010203|WPS-811-03026
354,multiple_real,2,2,118674|149671,17420109|VT-25-2201
JGI3495575X,multiple_real,2,2,92324|168058,DS174961|VT-15-1153
2070,multiple_real,2,2,120231|129552,09250436|WPS-811-02070
1002,multiple_real,2,2,120232|162657,09250514|VT-49-0945
4000,multiple_real,2,2,120240|129563,09290005|WPS-811-04000
H070601MB,multiple_real,2,2,98425|149786,06100793|VT-26-0010
ST80082,multiple_real,2,2,154733|154702,VT-33-1096|VT-33-1036
4061,multiple_real,2,2,120241|129569,09290018|WPS-811-04061
5607,multiple_real,2,2,120255|150156,10103342|VT-27-0230
3075,multiple_real,2,2,120259|137116,07100272|WPS-85-03075
3048,multiple_real,2,2,120277|129562,24010816|WPS-811-03048
7088,multiple_real,2,2,104966|168662,09251061|VT-17-0097
5523,multiple_real,2,2,120304|96844,10103149|17411033
600,multiple_real,4,4,108532|114788|136268|103301,07110063|DS305504|WPS-571-6110|21200547
JGI1705499,multiple_real,2,2,144531|91824,VT-15-1350|20112101
76716,multiple_real,2,2,123295|149856,08010769|VT-26-0415
2020412,multiple_real,2,2,121113|126463,24010578|WPS-191-57096
1008,multiple_real,2,2,120321|125962,09250429|WPS-132-7015
3033,multiple_real,2,2,120333|172704,24010874|VT-31-4186
352100,multiple_real,2,2,104071|175795,24010688|VT-37-9545
PCC1311,multiple_real,2,2,92513|169756,12040112|VT-20-4022
NU3426,multiple_real,2,2,155920|114757,VT-34-0984|DS289514
1000,multiple_real,2,2,120364|170181,09250670|VT-23-0437
1217,multiple_real,2,2,120373|156461,09300237|VT-34-2706
JGI3680187X,multiple_real,2,2,99493|168099,DS174539|VT-15-1230
5421,multiple_real,2,2,120400|100942,10103135|06510416
352015,multiple_real,2,2,118611|158529,24010712|VT-37-9532
20049,multiple_real,2,2,172881|131947,VT-32-0354|WPS-85-1036
53129,multiple_real,3,2,125051|152344,06360267|WPS-194-53129|VT-31-0737
P101407,multiple_real,2,2,120441|130858,24010277|WPS-830-1038
3042,multiple_real,2,2,105001|129561,24010813|WPS-811-03042
A4356035A,multiple_real,2,2,106529|143871,02130387|VT-12-0720
GBDU003,one_real_rest_null,2,1,120461,17104923|WPS-17-DU003
MDP6B,multiple_real,3,2,173385|94611,VT-32-6540|WPS-850-08049|21200397
NA1740562,multiple_real,3,2,173386|94612,VT-32-6541|WPS-850-08119|21200401
78636,multiple_real,2,2,150929|144895,VT-28-0667|VT-15-8636
3303176L,multiple_real,2,2,120614|169085,DS174297|VT-17-6010
24761,multiple_real,2,2,120615|141767,DS194273|VT-10-0631
700000,multiple_real,2,2,135895|94959,WPS-70-7000|11070647
8960,multiple_real,2,2,120617|164933,11200242|VT-7134-8
1370,multiple_real,2,2,120618|120293,DS199555|09250748
1020,multiple_real,4,4,120619|137111|145756|98994,DS325780|WPS-85-01020|VT-17-1020|09250673
1747,multiple_real,2,2,120620|153868,02140838|VT-32-7126
8600,multiple_real,2,2,120621|145879,11030064|VT-17-2147
8611,multiple_real,2,2,120622|145881,11030066|VT-17-2149
8612,multiple_real,2,2,120623|145882,11030067|VT-17-2150
P104808,multiple_real,2,2,113547|133307,24011001|WPS-830-1090
2401780,multiple_real,2,2,120629|166517,DS198836|VT-12-0610
77445,multiple_real,2,2,170004|144313,VT-22-1679|VT-15-7445
7003,multiple_real,2,2,170002|142418,VT-22-0965|VT-11-0109
24621,multiple_real,2,2,120631|141769,DS194369|VT-10-0634
24561,multiple_real,2,2,120632|141774,DS194107|VT-10-0645
E210218,multiple_real,2,2,97989|172931,21060548|VT-32-0451
5401,multiple_real,3,3,120638|120403|155435,19010419|10102831|VT-33-5401
24741,multiple_real,2,2,120640|141766,DS194272|VT-10-0630
3303180,multiple_real,2,2,120642|145926,DS174298|VT-17-6020
71188,multiple_real,2,2,159853|172172,VT-40-1188|VT-30-0112
62141,multiple_real,2,2,144224|124206,VT-14-0701|13040340
O390303Z,multiple_real,2,2,92110|175407,24011601|VT-37-1087
5810,multiple_real,2,2,138010|145242,WPS-57-05810|VT-16-1184
8020,multiple_real,2,2,138347|99071,WPS-56-8020|24010127
73101,multiple_real,2,2,161377|116819,VT-46-0124|21020484
3067,multiple_real,2,2,99008|151831,24011102|VT-30-1915
H070595NMB,multiple_real,2,2,119161|171413,06102318|VT-26-0969
40039,multiple_real,2,2,96355|139947,20402028|WPS-820-27502
JGI6054706K,multiple_real,2,2,120791|144466,09341201|VT-15-1264
JGI1704292X,multiple_real,2,2,120802|144520,09341726|VT-15-1359
NA14803500,multiple_real,3,2,98890|173529,21200417|WPS-850-08152|VT-32-8032
JGI1677084A,multiple_real,2,2,120827|167731,DS174924|VT-15-0414
JGI1704798,multiple_real,2,2,120829|144463,DS173219|VT-15-1235
JGI2522570K,multiple_real,2,2,120831|167899,DS173319|VT-15-0871
O390302Z,multiple_real,2,2,103999|175406,24011600|VT-37-1086
JGI92FLHR,multiple_real,2,2,120833|144461,DS173382|VT-15-1226
JGI3490194K,multiple_real,2,2,120841|167903,DS174952|VT-15-0875
105125G,multiple_real,2,2,136394|123799,WPS-812-52313|04040566
120025,multiple_real,3,2,154452|123248,VT-33-0407|WPS-12-0250|24010390
JGI1677766SX,multiple_real,2,2,120844|168042,DS174980|VT-15-1122
JGI1703890,multiple_real,2,2,120846|167889,DS173315|VT-15-0847
JGI54XL,multiple_real,2,2,120848|144425,DS173407|VT-15-0849
JGI81FL,multiple_real,2,2,120849|144431,DS173374|VT-15-0854
JGI1795548FL,multiple_real,2,2,120852|167396,DS194493|VT-14-0667
NCBH01C,multiple_real,3,2,153600|123464,VT-32-1917|21200973|WPS-850-08654
JGI1735884A,multiple_real,2,2,120854|167975,DS174413|VT-15-1002
JGI1704192A,multiple_real,2,2,120855|167870,DS174532|VT-15-0808
JGISE1,multiple_real,2,2,120856|144447,DS174743|VT-15-1075
JGI4584975,multiple_real,2,2,120857|167188,DS174785|VT-14-0041
JGI4584971,multiple_real,2,2,120858|167187,DS174787|VT-14-0039
JGI12050K,multiple_real,2,2,120861|144454,DS174907|VT-15-1166
JGI3523039K,multiple_real,2,2,120862|168065,DS174909|VT-15-1164
JGI11133V2,multiple_real,2,2,120865|167399,DS194458|VT-14-0671
JGI6111177,multiple_real,2,2,99491|168017,DS174516|VT-15-1066
28021M,multiple_real,2,2,142438|143083,VT-11-0163|VT-11-1735
500748B,multiple_real,2,2,137328|101714,WPS-812-02134|16030389
204171R,multiple_real,2,2,120978|143568,09260126|VT-11-6018
202121,multiple_real,2,2,120980|126429,09260319|WPS-191-57052
323056,multiple_real,2,2,159517|98507,VT-40-0023|07100254
202036C,multiple_real,2,2,120983|142732,09261983|VT-11-0979
346,multiple_real,2,2,149661|118567,VT-25-3460|17420369
202021M,multiple_real,2,2,120989|143217,09262267|VT-11-2301
202029M,multiple_real,2,2,120990|143223,09262273|VT-11-2307
202064M,multiple_real,2,2,120991|143250,09262290|VT-11-2334
2022100,multiple_real,2,2,120995|143253,09263309|VT-11-2337
2022550,multiple_real,2,2,120996|143155,09263316|VT-11-2026
2020810,multiple_real,2,2,120999|126452,09230367|WPS-191-57083
204322,multiple_real,2,2,121002|126405,09260761|WPS-191-57039
2020132,multiple_real,3,3,121004|126358|144134,09260802|WPS-191-27003S|VT-13-2085
202210,multiple_real,2,2,121008|144144,09260799|VT-13-2210
204321,multiple_real,3,3,121020|126365|142762,DS199765|WPS-191-57004|VT-11-1020
10SC541,multiple_real,2,2,121024|126462,09260324|WPS-191-57095
NTBW32700050A,multiple_real,3,2,123494|174776,WPS-850-08212|VT-36-0794|21300349
202332C,multiple_real,2,2,121027|142776,09260707|VT-11-1041
202034,multiple_real,2,2,121029|126386,09261981|WPS-191-57021
202038,multiple_real,2,2,121030|142718,09261984|VT-11-0964
202056C,multiple_real,3,3,121031|126424|142748,09261991|WPS-191-57049C|VT-11-1001
202068C,multiple_real,2,2,121032|142756,09262004|VT-11-1009
202039M,multiple_real,2,2,121037|143230,09262281|VT-11-2315
202054M,multiple_real,2,2,121038|143245,09262285|VT-11-2329
202062C,multiple_real,3,3,121044|126389|142752,09260758|WPS-191-57023C|VT-11-1005
510054,multiple_real,2,2,121045|143150,09260774|VT-11-2021
2022150,multiple_real,2,2,121061|143153,09263310|VT-11-2024
200645,multiple_real,2,2,121069|141803,09230468|VT-10-0765
202132,multiple_real,2,2,121070|126398,09260722|WPS-191-57031
202133,multiple_real,2,2,121071|126400,09260726|WPS-191-57032
202061C,multiple_real,3,3,121075|126376|142751,09260756|WPS-191-57014C|VT-11-1004
202028C,multiple_real,2,2,121080|142726,09261978|VT-11-0972
204194,multiple_real,3,3,143555|105377|140271,VT-11-6001|DS198971|WPS-191-17003
202029C,multiple_real,2,2,121081|142727,09261980|VT-11-0973
202022M,multiple_real,2,2,121085|143218,09262268|VT-11-2302
202033M,multiple_real,2,2,121086|143226,09262277|VT-11-2311
202038M,multiple_real,2,2,121087|143229,09262280|VT-11-2314
710114,multiple_real,2,2,121100|131489,09263205|WPS-191-37021
2022400,multiple_real,2,2,121103|143254,09263313|VT-11-2338
160042,multiple_real,4,4,150865|141149|171991|92111,VT-28-0418|WPS-820-2691|VT-28-0416|07100084
76981,multiple_real,2,2,98480|160906,08010843|VT-44-0404
204169,multiple_real,2,2,121114|143565,DS198973|VT-11-6014
MDR3B,multiple_real,3,2,94572|173382,21200311|WPS-850-08041|VT-32-6537
160903,multiple_real,2,2,103905|174006,22120104|VT-33-2026
SPC012,multiple_real,2,2,117592|157840,24040048|VT-37-0462
JGI1705305X,multiple_real,2,2,94110|168126,09341595|VT-15-1340
JGI6056790F,multiple_real,2,2,94123|168149,09342120|VT-15-1421
BA072010,multiple_real,2,2,121196|138979,22120892|WPS-28-61050
78500,multiple_real,2,2,161570|168360,VT-47-0372|VT-15-8500
BA053001,multiple_real,2,2,121203|133784,22120788|WPS-28-61007
BA053111,multiple_real,2,2,121204|134549,22120815|WPS-28-61009
BA051221,multiple_real,2,2,121209|132005,22110171|WPS-27-5798S
BA050907,multiple_real,2,2,121210|132579,22100496|WPS-28-61013
70008,multiple_real,2,2,113656|177263,24040633|VT-45-0336
466002,multiple_real,4,3,157242|157041|116003,VT-35-1889|VT-35-1068|WPS-22-66002|10500451
310010,multiple_real,2,2,105987|141660,310010|VT-10-0030
PCC128,multiple_real,2,2,95971|169697,12040129|VT-20-0479
PS750,multiple_real,2,2,95989|146533,22145003|VT-19-0569
DEI2113EB,multiple_real,2,2,101672|133588,14010986|WPS-827-05060
PCC136118,multiple_real,2,2,116364|169745,12040119|VT-20-4004
86265,multiple_real,2,2,103964|170518,17310416|VT-23-1825
102028,multiple_real,3,3,118750|153956|138436,21020213|VT-32-7573|WPS-820-60405
120012,multiple_real,4,4,121165|125882|173739|95281,120012|WPS-12-0012|VT-33-0504|04030176
2020920,multiple_real,2,2,99735|139943,09262947|WPS-191-17035
BDLSPC13320,multiple_real,2,2,103823|169719,12040053|VT-20-0787
2076,multiple_real,2,2,105015|129555,09240239|WPS-811-02076
191319,multiple_real,3,3,110432|131620|146553,12102670|WPS-820-54693|VT-19-0607
C9147,multiple_real,3,2,117654|128356,09341207|WPS-68-9147|VT-15-1514
MC200,multiple_real,2,2,93564|160061,WPS-62-5110|VT-41-1036
202130C,multiple_real,3,3,121028|142847|126395,09260717|VT-11-1188|WPS-191-57029C
50820,one_real_rest_null,2,1,115702,10102701|WPS-194-50820
JGI11377K,multiple_real,2,2,144472|109587,VT-15-1273|09350107
BA077400,multiple_real,2,2,99838|139912,22120905|WPS-28-61020
JGI1705405,multiple_real,2,2,105206|144534,09341718|VT-15-1353
20309,multiple_real,2,2,149242|133497,VT-25-0052|WPS-830-0315
77598,multiple_real,2,2,123376|144376,08210991|VT-15-0538
103070TIN,multiple_real,2,2,99082|136798,06040238|WPS-812-52400
NTI45TRI,multiple_real,2,2,138805|123468,WPS-850-09231|20500504
NU3413,multiple_real,2,2,114745|155905,DS289504|VT-34-0905
H070592,multiple_real,2,2,107401|171402,06100794|VT-26-0952
EV180,multiple_real,2,2,146858|116398,VT-20-0930|DS360404
C6132T,multiple_real,2,2,120387|130881,24010288|WPS-830-1065
JGI1703140,multiple_real,2,2,92192|168071,DS173367|VT-15-1182
105420,multiple_real,2,2,123710|136401,04040626|WPS-812-52320
C8041T,multiple_real,2,2,130875|99105,WPS-830-1060|24010294
H070591,multiple_real,2,2,98607|149845,06100790|VT-26-0325
986924,multiple_real,2,2,115762|132152,19133009|WPS-830-1194
NMLRT01,multiple_real,2,2,135382|145327,WPS-850-08125|VT-16-1618
600034AK,multiple_real,2,2,156556|130029,VT-34-6023|WPS-820-0813
78276,multiple_real,2,2,159529|144805,VT-40-0051|VT-15-8276
NMCON04P,multiple_real,2,2,137153|92039,WPS-850-08213|21201210
83445,multiple_real,2,2,118203|170628,17010180|VT-23-3051
9042,multiple_real,2,2,113214|169939,22120610|VT-23-9142
JGI3303041,multiple_real,2,2,92193|144568,DS173370|VT-15-1418
A3414036,multiple_real,2,2,94018|168692,DS194214|VT-17-0135
6311CRK,multiple_real,2,2,99818|133699,07050033|WPS-274-0503
258120,multiple_real,2,2,93169|169101,DS199403|VT-17-8120
102110TIN,multiple_real,2,2,137320|123807,WPS-812-02115|06401670
A10998,multiple_real,2,2,91485|166625,11320286|VT-12-0951
ND15497399,multiple_real,2,2,113065|137155,21201212|WPS-850-08215
6521,one_real_rest_null,2,1,111852,WPS-82-96349|18011302
6478B,one_real_rest_null,2,1,111773,WPS-82-96397|18002293
1023030024,multiple_real,2,2,90968|157584,DS223987|VT-36-1504
61022,multiple_real,2,2,116867|161206,16201482|VT-45-0109
110015,multiple_real,2,2,174712|159513,VT-36-0408|VT-40-0015
NTBWX12,multiple_real,2,2,112907|153208,21200246|VT-32-1206
76782,multiple_real,2,2,98728|170379,08020530|VT-23-0969
76388,multiple_real,3,3,101497|118473|154473,08020325|20300172|VT-33-0460
78138,multiple_real,2,2,169318|114206,VT-17-9989|DS189967
352116,multiple_real,2,2,175789|113512,VT-37-9534|24010696
DSK61,multiple_real,3,2,117846|153084,DSK61|WPS-133-3003|VT-32-0801
6311CRL,multiple_real,2,2,124215|133703,21070000|WPS-274-0508
112339P,multiple_real,2,2,125282|156646,10030196|VT-35-0150
193090,multiple_real,2,2,118251|146871,12010105|VT-20-3090
204329C,multiple_real,2,2,109330|126448,09262031|WPS-191-57064C
2021018K,multiple_real,2,2,121098|132656,09263019|WPS-191-17045
IN250,multiple_real,2,2,146860|116410,VT-20-0935|DS360424
H070591SMB,multiple_real,2,2,107511|149912,06102311|VT-26-0978
62072RS,multiple_real,2,2,91417|143855,11060010|VT-12-0587
IN750,multiple_real,2,2,146861|116414,VT-20-0937|DS360426
77002,multiple_real,2,2,152388|134301,VT-31-0845|WPS-276-02080
102032,multiple_real,2,2,112630|153023,21020219|VT-32-0514
V30HTCHH,one_real_rest_null,2,1,101650,06303424|WPS-206-40118
120009,multiple_real,2,2,130229|125879,WPS-820-50530|WPS-12-0009
70289,multiple_real,2,2,153751|168897,VT-32-3093|VT-17-0900
40353,multiple_real,2,2,96436|165300,20101497|VT-73-353
105410G,multiple_real,2,2,106653|136400,04040625|WPS-812-52319
105420G,multiple_real,2,2,123740|136403,04040628|WPS-812-52322
81000,multiple_real,2,2,94835|119204,10102102|07100281
A6750,multiple_real,2,2,110179|141962,11060021|VT-10-1257
102120TIN,multiple_real,2,2,101718|137322,06401673|WPS-812-02120
70263,multiple_real,2,2,115603|158232,21070303|VT-37-7032
102100,multiple_real,2,2,101747|137315,06401665|WPS-812-02110
2021045,multiple_real,3,3,134632|142805|121017,WPS-191-58016|VT-11-1101|24011107
GB053170,one_real_rest_null,2,1,94055,17220973|WPS-17-53170
030026B,multiple_real,2,2,108294|175906,07030431|VT-38-0539
190388,multiple_real,2,2,104137|176471,78050076|VT-42-0453
78112,multiple_real,2,2,110698|153309,14050085|VT-32-1402
291321,multiple_real,2,2,110851|169912,16021508|VT-21-1344
C320431B,multiple_real,2,2,104305|171733,05100216|VT-27-1032
C770078,multiple_real,2,2,110782|163392,15100157|VT-50-1210
080070,multiple_real,2,2,145344|127940,VT-16-1729|WPS-57-8070
40375,multiple_real,2,2,109879|165315,10102896|VT-73-375
3303176E,multiple_real,2,2,120613|145925,DS174296|VT-17-6009
286113,multiple_real,2,2,98523|144166,08200010|VT-13-9236
H070593N,multiple_real,2,2,119515|171414,06102321|VT-26-0970
78658,multiple_real,2,2,144280|155213,VT-14-8658|VT-33-1943
76712,multiple_real,2,2,123294|159349,08010765|VT-39-0730
NHCXMB15,multiple_real,2,2,112916|153825,21200224|VT-32-6655
C9976,multiple_real,2,2,103468|144554,09341662|VT-15-1375
202120C,multiple_real,3,3,99679|126428|142840,09260716|WPS-191-57051C|VT-11-1182
A2465887,multiple_real,2,2,95575|179285,09240267|VT-10-1283
102120,multiple_real,2,2,107925|137321,06401671|WPS-812-02116
420107,multiple_real,2,2,94006|103220,02130559|16230560
96781,multiple_real,2,2,175497|134334,VT-37-6781|WPS-820-54495
JGI11133FLH,multiple_real,2,2,120866|144214,DS194486|VT-14-0669
H0707802,multiple_real,2,2,119363|171477,06100586|VT-26-2220
7812,multiple_real,2,2,171940|176758,VT-28-0150|VT-43-0233
H0707891,multiple_real,2,2,93368|150061,06101872|VT-26-2239
JGI1677648XF,multiple_real,2,2,99395|144575,09343141|VT-15-1440
1013040009,multiple_real,2,2,95474|174758,DS223911|VT-36-0709
17923,multiple_real,2,2,111726|173586,18000448|VT-32-9060
6291CH,multiple_real,2,2,101993|157377,DS390213|VT-35-9094
202050M,multiple_real,2,2,109336|143242,09262282|VT-11-2326
7061,multiple_real,3,3,99014|129578|178620,09320024|WPS-811-07061|VT-54-0410
84517,multiple_real,2,2,111190|170100,17020124|VT-23-0276
JGI6054706F,multiple_real,2,2,94113|168146,09341626|VT-15-1417
F510645M,multiple_real,2,2,112348|141130,20400587|WPS-820-0401
76244,multiple_real,2,2,155693|101501,VT-34-0394|08020520
JGI1747538,multiple_real,2,2,92268|167355,DS174414|VT-14-0620
JGI3774167K,multiple_real,2,2,94279|168103,DS174456|VT-15-1238
334249,multiple_real,2,2,109431|144052,09320128|VT-12-9909
901914,multiple_real,2,2,125275|120171,09344753|06016154
73100,multiple_real,2,2,95233|177314,21020483|VT-46-0117
B160723MB,multiple_real,2,2,111176|170598,17010696|VT-23-2353
200210,multiple_real,2,2,123758|131765,DS189140|WPS-812-02040
212267,multiple_real,2,2,115336|142143,09250293|VT-10-2267
3532238,multiple_real,2,2,99249|179187,DS194252|VT-10-0738
NU3412,multiple_real,2,2,174179|94681,VT-34-0904|DS289502
JGI2541699KT,multiple_real,2,2,99377|144560,11050038|VT-15-1384
76969,multiple_real,2,2,123273|144956,08010845|VT-16-0118
79067,multiple_real,2,2,98605|178042,08050028|VT-50-0353
2024450,multiple_real,2,2,121016|152553,35500438|VT-31-1582
2021021,multiple_real,3,3,105370|132660|142870,09262957|WPS-191-57071|VT-11-1221
420100,multiple_real,3,3,104812|166732|95713,11060081|VT-12-1305|16230555
77412,multiple_real,2,2,144683|163094,VT-15-7412|VT-49-4133
2041951,multiple_real,2,2,105380|143567,09260782|VT-11-6016
NHD69200722,multiple_real,3,2,122375|173334,21200894|WPS-850-08792|VT-32-5060
BA053011,multiple_real,2,2,105440|133783,22120789|WPS-28-61006
SPC023,multiple_real,2,2,117144|157844,24040055|VT-37-0466
NHD7023304A,multiple_real,2,2,113067|173312,21201237|VT-32-2228
301711,multiple_real,2,2,109620|160386,09401179|VT-42-1082
258080,multiple_real,2,2,94777|169094,DS199402|VT-17-8080
V30HTCBZ,one_real_rest_null,3,1,101658,06303422|WPS-206-40101|WPS-206-40116
A2498300,multiple_real,2,2,91544|166404,09500224|VT-12-0392
251366,multiple_real,2,2,92078|140291,A251366|WPS-22-51366
77685,multiple_real,2,2,152505|152506,VT-31-1351|VT-31-1353
291137,multiple_real,2,2,119498|132265,05100378|WPS-820-0542
DC81,multiple_real,2,2,114083|154024,DC81|VT-32-8086
3073010013,multiple_real,2,2,95809|146258,DS223472|VT-18-3695
JGI2707778,multiple_real,2,2,94247|168030,DS174492|VT-15-1086
302,multiple_real,2,2,114103|176785,DS098302|VT-43-0359
354128,multiple_real,2,2,97685|150438,16201333|VT-27-1009
C9690,multiple_real,2,2,103555|144353,DS172088|VT-15-0477
110069,multiple_real,2,2,119958|127831,17416847|WPS-57-10069
H070592SMB,multiple_real,2,2,107512|150000,06102315|VT-26-1049
JGI1702970A,multiple_real,2,2,92196|94173,DS173323|VT-15-0803
JGI1702848,multiple_real,2,2,94212|167867,DS173326|VT-15-0801
20351,multiple_real,2,2,115706|177267,04150038|VT-45-0409
JGI4573348,multiple_real,2,2,94213|167383,DS173348|VT-14-0651
JGI1863348D,multiple_real,2,2,105237|167926,DS173376|VT-15-0926
6331CH,multiple_real,2,2,101996|156768,DS390285|VT-35-0420
JGI3303170,multiple_real,2,2,92204|167883,DS173418|VT-15-0836
208650,multiple_real,2,2,92519|169118,DS199417|VT-17-8501
JGI6386906,multiple_real,2,2,99354|144474,09341197|VT-15-1275
A35327SET,multiple_real,2,2,92424|145770,DS194184|VT-17-1132
JGI2707778X,multiple_real,2,2,94183|168053,DS173446|VT-15-1144
JGI2905988X,multiple_real,2,2,99472|168055,DS173441|VT-15-1147
81190,one_real_rest_null,2,1,174674,WPS-820-51515|VT-35-9356
JGI1795548,multiple_real,2,2,99473|168051,DS173468|VT-15-1138
H070595MB,multiple_real,2,2,119501|149781,06101954|VT-26-0005
C770100GB,multiple_real,2,2,91554|175414,15100319|VT-37-1159
120021,multiple_real,2,2,110398|115830,120021|04030183
JGI3565279X,multiple_real,2,2,92228|168084,DS174133|VT-15-1207
D110298,multiple_real,2,2,97521|141135,11070324|WPS-820-2629
PV31504,one_real_rest_null,2,1,103595,WPS-133-4033|10204288
1091,multiple_real,2,2,137114|91146,WPS-85-01091|09251058
JGI2699586A,multiple_real,2,2,92254|167359,DS174368|VT-14-0624
K1606,multiple_real,2,2,143713|102950,VT-11-9726|K1606
JGI1677385T,multiple_real,2,2,94274|168028,DS174404|VT-15-1083
A4329182,multiple_real,2,2,92488|177222,DS195413|VT-44-2028
JGI3132180,multiple_real,2,2,92282|167951,DS174442|VT-15-0966
JGI1735386,multiple_real,2,2,92288|94267,DS174483|VT-15-0991
JGI6583468X,multiple_real,2,2,94252|168022,DS174746|VT-15-1073
JGI1677648,multiple_real,2,2,93552|167960,DS174410|VT-15-0986
1013040014,multiple_real,2,2,92825|157676,DS223917|VT-36-2506
A2558293,multiple_real,2,2,91123|179393,09240275|VT-10-8536
JGI3495575,multiple_real,2,2,92219|167917,DS174015|VT-15-0912
JGI3680187A,multiple_real,2,2,92257|168013,DS174372|VT-15-1051
JGI3602536,multiple_real,2,2,92315|168011,DS174899|VT-15-1049
JGI1677066X,multiple_real,2,2,92327|167984,DS174911|VT-15-1011
JGI1677385,multiple_real,2,2,114174|168027,DS174912|VT-15-1082
JGI3490179,multiple_real,2,2,92323|167915,DS174958|VT-15-0909
JGI6054036K,multiple_real,2,2,120828|167886,DS174968|VT-15-0844
JGI1703438,multiple_real,2,2,99464|167875,DS174975|VT-15-0820
C8014,multiple_real,2,2,92399|175656,DS193860|VT-37-8985
13401,multiple_real,2,2,115951|159165,06400490|VT-39-0108
579H.CT,multiple_real,2,2,102428|148220,17211760|VT-23-1785
JGI3303185,multiple_real,2,2,92188|167884,DS173243|VT-15-0841
A10991,multiple_real,2,2,93959|166731,11060082|VT-12-1304
47219,multiple_real,2,2,122800|125759,17411682|18000752
JGI1735584A,multiple_real,2,2,99487|167969,DS174411|VT-15-0996
JGI12051,multiple_real,2,2,99461|167352,DS174342|VT-14-0617
G320323,multiple_real,2,2,91495|171737,12020069|VT-27-1115
92134,multiple_real,2,2,103423|141293,DS193768|WPS-830-1128
2400156,multiple_real,2,2,92401|179377,DS194073|VT-10-8362
A11046,multiple_real,2,2,90927|166635,DS188027|VT-12-0961
2020700C,multiple_real,3,3,121035|126372|142790,09262015|WPS-191-57011C|VT-11-1063
A2555336,multiple_real,2,2,92408|166775,DS194166|VT-12-1426
A2398518,multiple_real,2,2,92431|166317,DS194300|VT-12-0201
24711,multiple_real,3,3,105141|141768|133547,DS194276|VT-10-0632|WPS-830-0376
A3533756,multiple_real,2,2,104804|166607,DS194324|VT-12-0932
JGI12049DL,multiple_real,2,2,94260|167350,DS194417|VT-14-0615
120075,multiple_real,3,2,98406|154462,WPS-57-20075|24010558|VT-33-0434
JGI4537887,multiple_real,2,2,94263|167381,DS194453|VT-14-0648
JGI4751983A,multiple_real,2,2,92451|167390,DS194463|VT-14-0659
JGI11101XL,multiple_real,2,2,120867|167398,DS194488|VT-14-0670
8031,multiple_real,2,2,149302|120298,VT-25-0431|09250840
980710,multiple_real,2,2,92341|141289,DS189701|WPS-830-1116
JGI1677766X,multiple_real,2,2,114180|168043,DS174983|VT-15-1123
JGI6270252,multiple_real,2,2,92316|168062,DS174815|VT-15-1158
2020322,multiple_real,3,3,105357|140278|143578,09260193|WPS-191-17011|VT-11-6119
204195,multiple_real,3,3,92515|143559|140272,DS198970|VT-11-6007|WPS-191-17004
4552,multiple_real,2,2,152836|93451,VT-31-9943|17411013
JGI3774182K,multiple_real,2,2,114173|168066,DS174908|VT-15-1165
212020,multiple_real,2,2,102996|142120,DS199302|VT-10-2020
298140,multiple_real,2,2,115381|142308,DS199296|VT-10-8140
7272,multiple_real,2,2,99045|145346,09251620|VT-16-1731
212030,multiple_real,2,2,115382|142123,DS199303|VT-10-2030
212310,multiple_real,2,2,115360|142144,DS199317|VT-10-2310
206215,multiple_real,2,2,92520|145764,DS199426|VT-17-1048
296555,multiple_real,2,2,92733|169245,DS199453|VT-17-9863
4124013C,multiple_real,2,2,101777|164647,DS222004|VT-54-2004
111120,multiple_real,2,2,114494|149123,DS222040|VT-24-2040
3023010013,multiple_real,2,2,92805|169485,DS223353|VT-18-3250
1013030018,multiple_real,2,2,92552|174767,DS223578|VT-36-0764
1013030903,multiple_real,2,2,92826|174878,DS223865|VT-36-2460
1013030901,multiple_real,2,2,95472|174879,DS223878|VT-36-2462
1013030020,multiple_real,2,2,92815|174759,DS223881|VT-36-0711
1013030015,multiple_real,2,2,92562|174761,DS223889|VT-36-0717
1013040005,multiple_real,2,2,92563|174886,DS223905|VT-36-2491
DC112,multiple_real,2,2,112622|154229,21020024|VT-32-9342
202058C,multiple_real,2,2,121082|142749,09261992|VT-11-1002
77837,multiple_real,2,2,168037|152380,VT-15-7837|VT-31-0828
A2634954,multiple_real,2,2,91167|166789,09320033|VT-12-1450
JGI68FL,multiple_real,2,2,114132|144429,DS173409|VT-15-0852
JGI4592773,multiple_real,2,2,92447|167386,DS194457|VT-14-0655
JGI6053885KF,multiple_real,2,2,120812|144523,09344612|VT-15-1335
70203,multiple_real,2,2,153729|171950,VT-32-3070|VT-28-0201
JGILINKERT,multiple_real,2,2,120863|144448,DS289108|VT-15-1102
40374,multiple_real,2,2,94899|165314,20101500|VT-73-374
801014,multiple_real,2,2,97895|140390,21100248|WPS-280-1014
62139,multiple_real,2,2,124220|158478,16010208|VT-37-9129
JGI2624541,multiple_real,2,2,92287|167561,DS174480|VT-15-0126
4124029C,multiple_real,2,2,101791|164574,DS310087|VT-54-0087
JGI2541482DL,multiple_real,2,2,99504|167357,DS194454|VT-14-0622
08100696,multiple_real,2,2,145358|127523,VT-16-1794|WPS-56-1138
ILL01D,multiple_real,2,2,154778|112510,VT-33-1192|WPS-850-09018
78466,multiple_real,2,2,168357|150433,VT-15-8466|VT-27-1003
H170513T,multiple_real,2,2,150920|130111,VT-28-0645|WPS-820-1708
300,multiple_real,2,2,119036|136263,DS098300|WPS-571-6101
75031,multiple_real,2,2,176983|97047,VT-44-0329|DS190919
70130,multiple_real,2,2,173426|176437,VT-32-7130|VT-42-0301
8004,multiple_real,2,2,120302|99233,09320086|11010029
A2555236,multiple_real,2,2,91388|166774,DS194165|VT-12-1425
11328,multiple_real,3,2,120542|163360,WPS-817-01843|11328E|VT-50-0944
76181,multiple_real,3,3,123405|155678|114391,08020485|VT-34-0365|DS193004
790TD6X2,multiple_real,2,2,93630|159718,DS245274|VT-40-0581
BDL371442,multiple_real,2,2,96007|146679,DS360013|VT-20-0104
3517,multiple_real,2,2,123011|151061,DS3517|VT-28-3517
TPS28,multiple_real,2,2,92778|146803,DS360046|VT-20-0650
4731SE4,multiple_real,2,2,116416|146794,DS360106|VT-20-0625
76107,multiple_real,2,2,123319|154442,08030305|VT-33-0387
TP30,multiple_real,2,2,116417|146812,DS360165|VT-20-0704
TP32,multiple_real,2,2,116397|146806,DS360167|VT-20-0661
202120,multiple_real,3,3,101724|126427|105395,DS375744|WPS-191-57051|09260318
6391CH,multiple_real,3,3,124231|133698|157373,DS390237|WPS-274-0502|VT-35-9087
K2806,multiple_real,2,2,102933|143798,09031680|VT-11-9987
76240,multiple_real,2,2,123386|144406,08020516|VT-15-0671
1703291MLS,multiple_real,3,3,140849|144547|94107,WPS-681-5218|VT-15-1368|09341588
SS1C,multiple_real,3,3,114915|156802|133701,DS391662|VT-35-0519|WPS-274-0506
2020555,multiple_real,2,2,143580|121050,VT-11-6126|09262871
76106,multiple_real,2,2,123417|154440,08030304|VT-33-0383
2020699C,multiple_real,2,2,109319|126442,09262012|WPS-191-57059C
8413,multiple_real,2,2,150486|155952,VT-27-1209|VT-34-1102
78025,multiple_real,2,2,123427|178275,DS265502|VT-50-1509
JGI2522593,multiple_real,2,2,92261|167929,DS174386|VT-15-0930
11330,multiple_real,3,2,120581|161279,WPS-817-01844|11330E|VT-45-0735
99001,multiple_real,3,3,178536|92101|135779,VT-52-0967|24010679|WPS-276-02200
JGI11293TC,multiple_real,2,2,120830|144219,DS173247|VT-14-0686
79104,multiple_real,2,2,123440|160806,DS900232|VT-43-2167
053590,multiple_real,2,2,107500|136935,06102259|WPS-820-54376
DP12B,multiple_real,3,2,94602|173683,21200062|WPS-850-08027|VT-32-9627
19145,multiple_real,2,2,163563|169856,VT-50-9145|VT-21-0475
292245,multiple_real,3,3,115379|143650|177091,DS193851|VT-11-9224|VT-44-0594
4062,multiple_real,2,2,120370|129570,09290022|WPS-811-04062
P80150,multiple_real,2,2,130869|92357,WPS-830-1052|DS190136
NTBW4201,multiple_real,3,2,123530|153817,21200343|WPS-850-08757|VT-32-6651
NTI45,multiple_real,2,2,123537|135734,20101358|WPS-850-09079
NHCXMB04,multiple_real,2,2,123543|153818,21200221|VT-32-6652
ILLCBC,multiple_real,3,2,123547|154782,20500247|WPS-850-09032|VT-33-1196
NTSX3601,multiple_real,2,2,123549|153774,21200629|VT-32-3601
76738,multiple_real,2,2,123276|171269,08011062|VT-25-0985
8196,multiple_real,2,2,123614|155485,21030188|VT-33-8196
2115,multiple_real,3,2,123617|151244,BPR5EIX11|WPS-2-BPR5EIX-11|VT-29-2115
77813,multiple_real,2,2,171145|168267,VT-24-1764|VT-15-7813
THICKYOEM14LC,multiple_real,2,2,123657|133688,14011009|WPS-827-05424
TALONOEM14LC,multiple_real,2,2,123658|133667,14011016|WPS-827-05399
TALON2314LC,multiple_real,2,2,123659|133664,14011019|WPS-827-05390
DEIOEM14LC,multiple_real,2,2,123660|133605,14011025|WPS-827-05079
JGI1702836,multiple_real,2,2,99463|167866,DS174965|VT-15-0800
1824,multiple_real,2,2,99226|142067,09290043|VT-10-1824
20400,multiple_real,2,2,95127|133521,15101073|WPS-830-0344
DDKS08OEMR,multiple_real,2,2,123680|133587,22010167|WPS-827-05047
SG1,multiple_real,3,3,116407|146859|157215,DS360157|VT-20-0933|VT-35-1807
50191,multiple_real,2,2,176309|149732,VT-40-0788|VT-25-5019
11324,multiple_real,4,3,120516|140587|161328,11324E|WPS-681-4275|VT-45-0927|WPS-817-01841
NM334824001,multiple_real,3,2,91987|173692,21200326|WPS-850-08324|VT-32-9685
77467,multiple_real,2,2,144257|171917,VT-15-7467|VT-28-0054
HZ030002,multiple_real,2,2,121164|139917,21201391|WPS-28-61026
2390980,multiple_real,2,2,94077|166027,DS194190|VT-10-8318
290,multiple_real,2,2,119035|175291,DS098290|VT-37-0747
070655,multiple_real,2,2,149846|147478,VT-26-0328|VT-22-0378
77625,multiple_real,2,2,123036|176424,35010977|VT-42-0187
11332,multiple_real,3,2,120517|161326,11332E|VT-45-0922|WPS-817-01798
76248,multiple_real,2,2,101511|154357,08020524|VT-33-0215
NM330121002,multiple_real,3,2,98872|173708,21200341|VT-32-9701|WPS-850-08301
DEI2313EB,multiple_real,2,2,123725|133596,14011036|WPS-827-05066
DDKS08OEMB,multiple_real,2,2,123737|133585,22010188|WPS-827-05045
18744,multiple_real,2,2,154116|103032,VT-32-8744|10102475
DUTY50%,multiple_real,15,15,176322|174989|176347|176569|144998|178361|163401|159879|165827|169499|170189|170865|172086|173890|174224,VT-40-0847|VT-37-0036|VT-40-1424|VT-42-0871|VT-16-0333|VT-50-2016|VT-50-1235|VT-40-1295|VT-9682-5T|VT-18-3614|VT-23-0448|VT-24-0250|VT-28-1952|VT-33-1064|VT-34-1468
78476,multiple_real,2,2,144845|155026,VT-15-8476|VT-33-1680
JGI4751972,multiple_real,2,2,92448|167389,DS194459|VT-14-0658
JGI3774182A,multiple_real,2,2,92452|167380,DS194468|VT-14-0646
500747,multiple_real,2,2,123746|137324,16100676|WPS-812-02130
909109B,multiple_real,2,2,123760|131778,20201541|WPS-812-02103
77403,multiple_real,2,2,144676|165816,VT-15-7403|VT-9669-9T
76714,multiple_real,2,2,108640|174809,08010767|VT-36-0959
JGI1705205,multiple_real,2,2,94108|168131,09341592|VT-15-1344
3200361,multiple_real,2,2,125225|142224,09210524|VT-10-3504
B160732MB,multiple_real,2,2,91590|170612,17010777|VT-23-2367
40288,multiple_real,2,2,158189|157630,VT-37-4288|VT-36-1608
203950,multiple_real,2,2,123771|131768,DS288819|WPS-812-02070
201407,multiple_real,2,2,118255|136913,12102663|WPS-820-51155
7089,multiple_real,2,2,120220|168680,09251062|VT-17-0123
500747TIN,multiple_real,2,2,123773|137326,16100678|WPS-812-02132
2020709,multiple_real,2,2,99635|126445,09262020|WPS-191-57061
296330,multiple_real,2,2,99667|169240,DS199451|VT-17-9858
A2400172,multiple_real,2,2,179095|95085,VT-10-0415|09220133
7196,multiple_real,2,2,104970|166389,09251255|VT-12-0365
202240B,multiple_real,2,2,123778|131752,11070252|WPS-812-02061
33254,multiple_real,2,2,176328|94390,VT-40-0903|06500401
50192,multiple_real,2,2,176329|149710,VT-40-0905|VT-25-2290
909109,multiple_real,2,2,123792|131777,20201540|WPS-812-02102
NA14803490,multiple_real,3,2,94579|173530,21200409|WPS-850-08144|VT-32-8033
600259,multiple_real,2,2,115895|101725,10103403|DS326641
A3679384,multiple_real,2,2,94979|169560,11320701|VT-18-8266
103423,multiple_real,2,2,123795|131762,DS222842|WPS-812-02016
4070,multiple_real,2,2,120390|129571,09280010|WPS-811-04070
7070,multiple_real,2,2,99035|129580,09320027|WPS-811-07070
7071,multiple_real,2,2,99001|129582,09320069|WPS-811-07071
7076,multiple_real,3,3,105049|129588|170492,09320071|WPS-811-07076|VT-23-1732
8037,multiple_real,2,2,105052|150456,09320193|VT-27-1056
600239,multiple_real,2,2,123796|103191,DS325758|10103239
203950B,multiple_real,2,2,123803|131769,10101321|WPS-812-02071
A3462875,multiple_real,2,2,93966|169020,11060087|VT-17-1189
77434,multiple_real,2,2,144634|156990,VT-15-7434|VT-35-0954
2030,multiple_real,2,2,98928|151235,09345984|VT-29-2030
339199,multiple_real,2,2,177152|131585,VT-44-0801|WPS-820-54127
75632,multiple_real,2,2,109038|171636,08220098|VT-27-0503
1311CH,multiple_real,2,2,99880|157370,DS390231|VT-35-9083
71103,multiple_real,2,2,102880|157349,10103297|VT-35-7113
1746,multiple_real,2,2,105145|153876,02140837|VT-32-7144
A35840SET,multiple_real,2,2,92423|168987,DS194187|VT-17-1133
354129,multiple_real,2,2,118357|147301,16030286|VT-21-0926
111132,multiple_real,2,2,123894|149131,DS222057|VT-24-2057
13159,multiple_real,2,2,103047|145978,06401395|VT-17-9257
20225,multiple_real,2,2,92917|144063,DS190143|VT-12-9972
NOBPP01,multiple_real,3,2,98828|173404,21300101|WPS-850-08789|VT-32-6579
4124012C,multiple_real,2,2,123906|164646,DS222003|VT-54-2003
4322,multiple_real,2,2,93823|101180,08200045|06500708
77339,multiple_real,2,2,144660|161060,VT-15-7339|VT-44-0890
76869,multiple_real,2,2,101434|161300,08010924|VT-45-0792
76159,multiple_real,2,2,98662|144393,08040291|VT-15-0625
4096,multiple_real,2,2,120239|134006,09280105|WPS-811-04096
7074,multiple_real,3,3,105048|129585|170946,09320029|WPS-811-07074|VT-24-0603
H070593MB,multiple_real,2,2,119613|149777,06101683|VT-26-0001
7020,multiple_real,2,2,98916|144182,09320196|VT-14-0034
4124006C,multiple_real,2,2,123941|164566,DS310033|VT-54-0033
400315,multiple_real,2,2,91426|166738,11060077|VT-12-1311
60200,multiple_real,2,2,94874|151991,16201777|VT-30-6200
55113,multiple_real,2,2,98560|126538,04070057|WPS-22-55113
105125B,multiple_real,2,2,106644|136393,04040565|WPS-812-52312
11352,multiple_real,3,2,99171|158354,11352E|VT-37-8682|WPS-817-01854
18510,multiple_real,2,2,103107|155598,10100351|VT-34-0184
202098,multiple_real,3,3,121072|126454|175726,DS199771|WPS-191-57086|VT-37-9259
64390,multiple_real,2,2,178571|151982,VT-52-2041|VT-30-4390
B160687,multiple_real,2,2,97542|172042,17030085|VT-28-0687
A3408379,multiple_real,2,2,93964|166985,11060049|VT-13-0131
62071,multiple_real,2,2,94619|174429,07050055|VT-35-0701
MDP12B,multiple_real,3,2,98836|173378,21200312|WPS-850-08051|VT-32-6526
1705499MLS,multiple_real,2,2,94111|140507,09341598|WPS-681-4017
JGI1754069X,multiple_real,2,2,94124|167841,09342189|VT-15-0705
JGI3303105,multiple_real,2,2,94112|168138,09341618|VT-15-1391
700006,one_real_rest_null,2,1,115658,11070651|WPS-70-700006
120020,multiple_real,2,2,121214|95031,120020|04030182
2041971,multiple_real,2,2,99691|143576,09260780|VT-11-6108
JGI11125XMS,multiple_real,2,2,99371|144479,09341183|VT-15-1280
K0008000,multiple_real,2,2,99837|134536,21200843|WPS-27-5836
37633,multiple_real,2,2,96817|164324,17410385|VT-52-1404
791101,multiple_real,2,2,92147|126959,791101|WPS-279-1101
NA14803190,multiple_real,3,2,98801|173600,21200418|WPS-850-08153|VT-32-9095
K1685,multiple_real,3,2,131399|125775,VT-11-9913|K1685|WPS-K1685
78386,multiple_real,2,2,164622|168303,VT-54-0545|VT-15-8386
110062,multiple_real,3,3,131113|98757|174748,WPS-87-10062|17416835|VT-36-0622
DC111,multiple_real,2,2,117837|154228,21020023|VT-32-9341
102023,multiple_real,2,2,91849|138432,21020215|WPS-820-60401
HDEG118,multiple_real,2,2,178471|178483,VT-51-1093|VT-51-1345
61000673,multiple_real,2,2,175936|175904,VT-38-0869|VT-38-0532
50334,multiple_real,2,2,115672|149627,10101603|VT-25-2017
NHD7023302,multiple_real,2,2,135582|173313,WPS-850-08774|VT-32-2229
3300718,multiple_real,2,2,105903|142138,09290085|VT-10-2201
MDR8B,multiple_real,3,2,94548|173373,21200393|WPS-850-08044|VT-32-6521
75061,multiple_real,2,2,150032|98654,VT-26-2171|08021110
T0300A3,multiple_real,2,2,174606|93871,VT-35-6113|07070077
8412,multiple_real,2,2,150470|150471,VT-27-1074|VT-27-1075
77841,multiple_real,2,2,168408|145016,VT-15-8741|VT-16-0407
77707,multiple_real,2,2,124213|167809,16010514|VT-15-0652
8136,multiple_real,4,3,103601|151268|155479,10070005|WPS-133-4013|VT-29-8136|VT-33-8136
7620,multiple_real,2,2,175428|175203,VT-37-1432|VT-37-0436
JGI1704292SS,multiple_real,2,2,114153|168095,DS174501|VT-15-1221
62130,multiple_real,2,2,124222|175626,16210069|VT-37-8917
1702686MLS,multiple_real,2,2,94106|144545,09341585|VT-15-1366
84261,multiple_real,2,2,97679|170566,17010178|VT-23-2215
77800,multiple_real,2,2,124223|168261,16010171|VT-15-7800
2021020,multiple_real,3,3,99668|132659|142869,09262955|WPS-191-57070|VT-11-1220
62144,multiple_real,2,2,124228|144239,44020058|VT-14-0939
202050C,multiple_real,3,3,109299|126354|142743,09260759|WPS-191-57001C|VT-11-0996
MDR6B,multiple_real,3,2,94610|173383,21200392|VT-32-6538|WPS-850-08043
18498,multiple_real,2,2,95648|155707,DS288882|VT-34-1128
JGI2700289K,multiple_real,2,2,120869|167475,DS174381|VT-14-0976
70204,multiple_real,3,3,95202|153881|169890,21070161|VT-32-7204|VT-21-0901
NO2BP,multiple_real,3,2,123502|153272,21201169|VT-32-1930|WPS-850-08990
71516,multiple_real,2,2,115403|169453,02100403|VT-18-3155
H070603MB,multiple_real,2,2,107459|149779,06101685|VT-26-0003
H070805MB1,multiple_real,2,2,107498|171238,06102197|VT-26-2260
160492,multiple_real,2,2,102703|156684,160492|VT-35-0258
NRARS1,multiple_real,2,2,136821|123499,WPS-850-08850|44010274
NSXHRG2,multiple_real,3,2,113053|153429,21201148|WPS-850-08830|VT-32-1604
A2555090,multiple_real,2,2,97252|166040,09250288|VT-10-1314
JGI3303191,multiple_real,2,2,94178|167885,DS173371|VT-15-0842
JGI3733736,multiple_real,2,2,99489|167374,DS174474|VT-14-0640
060161,multiple_real,2,2,146371|140990,VT-19-0113|WPS-70-6161
JGI2522452A,multiple_real,2,2,92221|168025,DS174050|VT-15-1078
710074,multiple_real,2,2,117005|121047,04040571|09260795
*7859,multiple_real,2,2,175273|175491,VT-37-0720|VT-37-6139
NU3424,multiple_real,2,2,102854|174183,DS289510|VT-34-0913
2433536,multiple_real,2,2,141802|120641,VT-10-0758|DS197066
86186,multiple_real,2,2,90863|136618,04040314|WPS-820-52466
292140,multiple_real,2,2,115380|143749,DS193112|VT-11-9866
A9123,multiple_real,2,2,179382|93822,VT-10-8503|09200072
81080,multiple_real,3,3,166913|132615|97503,VT-12-9809|WPS-820-50002|09320304
78284,multiple_real,2,2,144811|160447,VT-15-8284|VT-42-1202
316203,multiple_real,2,2,105997|144015,DS194062|VT-12-8002
A3513181,multiple_real,2,2,104797|168712,DS194181|VT-17-0164
SPC014,multiple_real,2,2,157842|117593,VT-37-0464|24040050
210037,multiple_real,2,2,115717|146227,14011094|VT-18-3334
B160921,multiple_real,2,2,93232|170562,17020740|VT-23-2074
12171,multiple_real,2,2,156420|174023,VT-34-2171|VT-33-2122
120417M,multiple_real,2,2,118639|154650,20100778|VT-33-0933
13214,multiple_real,2,2,158362|176440,VT-37-8704|VT-42-0304
120224,multiple_real,2,2,97806|173841,20200391|VT-33-0465
053591,multiple_real,2,2,119558|136936,06102260|WPS-820-54377
NM334724001,multiple_real,3,2,101595|173685,21200316|WPS-850-08308|VT-32-9675
DR4G,multiple_real,3,2,98876|173663,21200043|WPS-850-08010|VT-32-9608
998244,multiple_real,2,2,144198|144195,VT-14-0260|VT-14-0256
212358,multiple_real,2,2,93104|142149,09250296|VT-10-2358
19132,multiple_real,2,2,141262|171870,WPS-865-01201|VT-27-2145
810,multiple_real,2,2,130913|118377,WPS-830-6001|12042726
JGI3303106,multiple_real,2,2,91219|144564,09341619|VT-15-1392
GA030100,multiple_real,2,2,105448|139915,20012923|WPS-28-61024
210550,multiple_real,4,4,115326|99211|131774|145923,DS194498|35500136|WPS-812-02076|VT-17-6004
5457,multiple_real,2,2,109934|120637,10103315|09500605
5206,multiple_real,3,3,105036|170268|139869,09210938|VT-23-0694|WPS-82-96402
B2102,multiple_real,3,3,155913|174171|174172,VT-34-0945S|VT-34-0778|VT-34-0780
10480041,multiple_real,2,2,146105|137313,VT-18-0542|WPS-827-07013
53136,multiple_real,3,2,102529|107957,WPS-194-53136|06360270|06500742
DC64,multiple_real,3,2,114075|154208,DC64|WPS-133-1081|VT-32-9264
A11219,multiple_real,2,2,91565|166332,09500220|VT-12-0215
030320AA,multiple_real,2,2,119533|175921,07030230|VT-38-0656
1311CHV,multiple_real,2,2,99841|156653,21070002|VT-35-0166
21409,multiple_real,2,2,148121|133509,VT-23-1409|WPS-830-0333
BA051201,multiple_real,2,2,105450|132002,22110169|WPS-27-5797S
NM334721201,multiple_real,3,2,94603|173688,21200320|WPS-850-08314|VT-32-9679
19265,multiple_real,2,2,148268|163569,VT-23-2319|VT-50-9265
28022M,multiple_real,2,2,143084|142439,VT-11-1736|VT-11-0164
K1623,multiple_real,2,2,115089|143721,K1623|VT-11-9738
78026,multiple_real,2,2,171397|101526,VT-26-0846|DS265501
87789,multiple_real,2,2,159335|133303,VT-39-0617|WPS-820-2734
JGI4751958,multiple_real,2,2,92206|167388,DS173428|VT-14-0657
B160730MB,multiple_real,2,2,97539|170606,17010757|VT-23-2361
JGI2625868B,multiple_real,2,2,94277|167941,DS174428|VT-15-0949
NA14802850,multiple_real,3,2,94547|173601,21200415|WPS-850-08150|VT-32-9096
202330,multiple_real,2,2,99678|142768,09260697|VT-11-1029
105030B,multiple_real,2,2,123774|135873,04040500|WPS-812-52305
792104,multiple_real,2,2,104054|140376,21100319|WPS-279-2104
13154,multiple_real,2,2,95622|169343,06401390|VT-18-0169
120416A,multiple_real,2,2,118644|154648,20100799|VT-33-0930
NWR1910020,multiple_real,2,2,101554|138792,21201314|WPS-850-09210
600249,multiple_real,2,2,109919|114825,10103249|DS326640
C320434,multiple_real,3,3,104413|130006|167027,05100183|WPS-820-0513|VT-13-0176
4124035C,multiple_real,2,2,123948|164575,DS310089|VT-54-0089
A11150,multiple_real,2,2,95072|166624,DS188032|VT-12-0950
DP2G,multiple_real,3,2,98831|173672,21200051|WPS-850-08018|VT-32-9616
BDLSPC13520,multiple_real,2,2,169718|93270,VT-20-0786|12040057
77353,multiple_real,2,2,144669|155884,VT-15-7353|VT-34-0843
JGI1678799X,multiple_real,2,2,120837|144549,DS173540|VT-15-1370
508094,multiple_real,2,2,114749|144246,DS289935|VT-14-0957
P101501,multiple_real,2,2,113460|130848,24010298|WPS-830-1015
JGI2526386F,multiple_real,2,2,91288|168155,09346490|VT-15-1433
C10181HB030014,multiple_real,2,2,117748|133936,09345946|WPS-68-10181-HB-030-014
46778,multiple_real,2,2,97678|170555,17020121|VT-23-1999
H070789MB2,multiple_real,2,2,119126|150051,06101875|VT-26-2219
H070595N,multiple_real,2,2,119563|171412,06102317|VT-26-0968
A2636336,multiple_real,2,2,93986|166968,DS194223|VT-13-0113
846H.HF,multiple_real,2,2,94639|148218,17220760|VT-23-1781
3204541,multiple_real,2,2,119618|150251,05100265|VT-27-0538
A3339136,multiple_real,2,2,119192|166982,21100362|VT-13-0128
4731TK1,multiple_real,2,2,92786|146791,DS360109|VT-20-0622
102016,multiple_real,3,3,103901|138447|173186,21020397|WPS-820-60416|VT-32-1456
9010,multiple_real,2,2,169276|129591,VT-23-9110|WPS-811-09010
13028,multiple_real,2,2,94878|150948,06400208|VT-28-0748
46469,multiple_real,2,2,93328|170586,17020122|VT-23-2279
70200,multiple_real,2,2,115799|130459,21070157|WPS-820-53221
902212,multiple_real,2,2,125337|98737,09262921|06016140
120042,multiple_real,3,2,122643|154403,WPS-12-0042|07060020|VT-33-0306
2M6482030,multiple_real,2,2,132814|142964,WPS-865-02029|VT-11-1371
251691,multiple_real,2,2,126533|104575,WPS-22-51691|02150962
6143,multiple_real,2,2,124905|151819,17103644|VT-30-1902
NRACA1,multiple_real,2,2,136822|123500,WPS-850-08851|44010275
117247,multiple_real,2,2,149173|109779,VT-24-7247|10060318
202062,multiple_real,2,2,142740|126388,VT-11-0991|WPS-191-57023
110404,multiple_real,2,2,156609|114086,VT-35-0005|DS0404
300400,multiple_real,3,3,99609|112237|133092,06012845|20201170|WPS-230-0400
2005,multiple_real,4,4,153617|151229|125967|154568,VT-32-2013|VT-29-2005|WPS-132-7019|VT-33-0699
1013010004,multiple_real,2,2,174855|95764,VT-36-2362|06521313
ABIG7B2C,multiple_real,2,2,134845|155023,WPS-227-0033|VT-33-1674
40SI,multiple_real,2,2,146844|110289,VT-20-0907|11200425
B160686,multiple_real,2,2,93152|172041,17030084|VT-28-0686
150157,multiple_real,2,2,142348|109265,VT-10-8273|09251168
78850,multiple_real,2,2,150804|176186,VT-28-0026|VT-39-1873
JGI2607290X,multiple_real,2,2,168082|94286,VT-15-1205|DS174549
314009,multiple_real,2,2,125101|123877,09240386|04160111
3300165,multiple_real,2,2,125104|179348,09250740|VT-10-8166
JGI1677048,multiple_real,2,2,91245|167981,09342191|VT-15-1008
371030,multiple_real,2,2,132273|153395,WPS-820-50843|VT-32-1541
11326,multiple_real,4,3,99170|140558|161245,WPS-817-01842|WPS-681-4183|VT-45-0587|11326E
H070591S,multiple_real,2,2,107514|149871,06102310|VT-26-0977
70280,multiple_real,2,2,153746|168898,VT-32-3087|VT-17-0901
161620,multiple_real,2,2,125180|157353,10500352|VT-35-8021
JGI1677086S,multiple_real,2,2,114150|167905,DS174403|VT-15-0877
77430,multiple_real,2,2,144604|162519,VT-15-7430|VT-49-0534
28323,multiple_real,2,2,127466|129958,WPS-50-28323|WPS-82-8323
CTX30LBSFT,multiple_real,2,2,139483|97795,WPS-49-3036|21130782
70283,multiple_real,2,2,153743|168903,VT-32-3084|VT-17-0906
316295,multiple_real,2,2,125213|144017,09320150|VT-12-8008
14014,multiple_real,2,2,130307|171554,WPS-820-51578|VT-27-0109
77461,multiple_real,2,2,144457|171775,VT-15-7461|VT-27-1453
241275,multiple_real,2,2,130518|169631,WPS-820-54670|VT-19-0299
16200,multiple_real,2,2,125958|153711,WPS-132-7010|VT-32-3042
1007EX,multiple_real,2,2,125976|153132,WPS-132-7037|VT-32-1007
3008,multiple_real,2,2,125980|153747,WPS-132-7041|VT-32-3088
ATS03BF,multiple_real,2,2,155319|135666,VT-33-2278|WPS-850-09003
170336,multiple_real,2,2,102572|155951,10101966|VT-34-1098
A1849278,multiple_real,2,2,141734|91141,VT-10-0501|09290020
3200359,multiple_real,2,2,142229|102664,VT-10-3512|09220112
87716,multiple_real,3,3,136608|170429|93216,WPS-820-50611|VT-23-1211|17310543
1100099,multiple_real,2,2,125279|157036,10010043|VT-35-1050
102002,multiple_real,2,2,138431|112626,WPS-820-60400|21020226
NWR910020,multiple_real,2,2,101605|138803,21201255|WPS-850-09227
NWR410020,multiple_real,2,2,123581|138796,21201319|WPS-850-09215
S535,multiple_real,2,2,143737|125777,VT-11-9777|S535
110470,multiple_real,2,2,157429|102635,VT-35-9368|10010018
78429,multiple_real,2,2,156636|168335,VT-35-0123|VT-15-8429
JGI11125XM,multiple_real,2,2,144481|94118,VT-15-1282|09340943
7502000,multiple_real,2,2,130607|130603,WPS-821-2009|WPS-821-2003
7536,multiple_real,2,2,150491|122778,VT-27-1233|17416260
204170R,multiple_real,2,2,143569|99626,VT-11-6019|09260127
20010,multiple_real,3,2,127657|163575,WPS-562-20210C|VT-51-0004|VT-51-0304
16541,multiple_real,2,2,131031|157366,WPS-865-01010|VT-35-9075
A2579177,multiple_real,2,2,179202|95098,VT-10-0803|DS195007
080220,multiple_real,2,2,127963|144985,WPS-57-8220|VT-16-0220
63425,multiple_real,2,2,176610|109629,VT-42-1156|09401316
78454,multiple_real,2,2,168350|150977,VT-15-8454|VT-28-0895
72378,multiple_real,2,2,176679|168831,VT-42-9941|VT-17-0514
565089,multiple_real,2,2,125329|145602,11200148|VT-17-0465
70301,multiple_real,2,2,153050|167583,VT-32-3122|VT-15-0158
335064,multiple_real,2,2,125343|142254,09250418|VT-10-5045
160207,multiple_real,2,2,176534|130157,VT-42-0686|WPS-820-2380
770032,multiple_real,2,2,172722|98288,VT-31-9909|DS110852
2020690C,multiple_real,3,3,109325|126368|142787,09262006|WPS-191-57009C|VT-11-1060
298135,multiple_real,2,2,160819|94759,VT-43-8135|09250072
77425,multiple_real,2,2,144695|147304,VT-15-7425|VT-21-0932
110420,multiple_real,2,2,156790|102638,VT-35-0471|10020025
6141SE1,multiple_real,2,2,146786|92898,VT-20-0615|DS360099
1310,multiple_real,2,2,132169|155267,WPS-830-5039|VT-33-2155
78595,multiple_real,2,2,144879|147772,VT-15-8595|VT-22-1842
CTX24HLBS,multiple_real,2,2,127424|101818,WPS-49-2291|21130205
191327,multiple_real,3,3,146595|118256|135362,VT-19-0767|12102671|WPS-820-51151
W5731,multiple_real,2,2,143734|125778,VT-11-9773|W5731
CE85T,multiple_real,2,2,153237|126891,VT-32-1280|WPS-273-1133
7080,multiple_real,2,2,169443|105050,VT-18-3118|09320091
335175,multiple_real,2,2,125422|143817,DS199321|VT-12-0126
352112,multiple_real,2,2,175793|97887,VT-37-9539|24010694
JGI1703089X,multiple_real,2,2,144542|109501,VT-15-1363|09341852
334275,multiple_real,2,2,125423|142249,DS199532|VT-10-4275
BA035K00HD,multiple_real,2,2,132576|99855,WPS-28-61003|22100492
202122M,multiple_real,2,2,121040|143233,09262303|VT-11-2318
NTBWJ15,multiple_real,2,2,153848|112985,VT-32-6689|21200839
202124M,multiple_real,2,2,99732|143235,09262305|VT-11-2320
110401,multiple_real,2,2,125433|156605,DS0401|VT-35-0001
110402,multiple_real,2,2,125434|156606,DS0402|VT-35-0002
879410,multiple_real,2,2,117638|132015,DS190491|WPS-830-1115
110407,multiple_real,2,2,125438|156608,DS0407|VT-35-0004
18440,multiple_real,2,2,155602|94831,VT-34-0192|10101461
70266,multiple_real,2,2,153740|112724,VT-32-3081|21070308
NMTRT01,multiple_real,2,2,135418|145328,WPS-850-08302|VT-16-1619
78275,multiple_real,2,2,177657|144804,VT-49-0829|VT-15-8275
347004,multiple_real,2,2,125444|141694,DS194652|VT-10-0260
NDP39000,multiple_real,2,2,135432|154240,WPS-850-08411|VT-32-9638
2021012H,multiple_real,3,3,121059|142866|132654,09263305|VT-11-1217|WPS-191-17040
63633,multiple_real,2,2,147925|170104,VT-23-0293|VT-23-0290
AX068K10,multiple_real,2,2,133171|121193,WPS-27-5833|06310179
310003,multiple_real,2,2,125458|141654,DS194305|VT-10-0003
88263,multiple_real,2,2,148918|132621,VT-24-1377|WPS-820-52284
78710,multiple_real,2,2,144912|144635,VT-15-8710|VT-15-1769
C9607F1,multiple_real,3,2,97127|128441,09344809|WPS-68-9607F1|VT-15-1310
71061,multiple_real,2,2,160214|102866,VT-42-0421|10102946
27161,multiple_real,2,2,129933|137994,WPS-82-7161|WPS-57-027161
1065896,multiple_real,2,2,143816|109248,VT-12-0125|09250456
20761,multiple_real,2,2,156913|131049,VT-35-0761|WPS-865-01061
18447,multiple_real,3,3,148194|154066|95683,VT-23-1672|VT-32-8447|10102064
103413,multiple_real,2,2,131760|101757,WPS-812-02015|DS221926
210540,multiple_real,2,2,131771|101721,WPS-812-02075|35500135
909102,multiple_real,2,2,131775|107564,WPS-812-02096|20201319
352065,multiple_real,2,2,158531|113662,VT-37-9546|24040984
I010150,multiple_real,2,2,91243|129973,09342560|WPS-820-0102
28621,multiple_real,2,2,132562|127022,WPS-82-8292|WPS-29-1121
A2555436,multiple_real,2,2,92404|166776,DS194167|VT-12-1427
2059,multiple_real,2,2,105037|158435,09250753|VT-37-8963
42818,multiple_real,2,2,170228|141347,VT-23-0552|WPS-820-32008
A2403470,multiple_real,2,2,92483|179112,DS196138|VT-10-0444
SPC025,multiple_real,2,2,117150|157845,24040057|VT-37-0467
NU3423,multiple_real,2,2,92635|174182,DS289507|VT-34-0911
18741,multiple_real,2,2,154113|95486,VT-32-8741|10102472
202124C,multiple_real,3,3,142844|126435|109307,VT-11-1186|WPS-191-57055C|09260732
JGI3565398,multiple_real,2,2,94168|168186,DS173192|VT-15-1500
20103,multiple_real,2,2,133488|179128,WPS-830-0305|VT-10-0487
21403,multiple_real,2,2,133508|148119,WPS-830-0332|VT-23-1403
9026,multiple_real,2,2,111929|169683,18610578|VT-23-9126
1827,multiple_real,2,2,142071|99245,VT-10-1827|09290046
71104,multiple_real,2,2,125703|157350,10103299|VT-35-7114
77482,multiple_real,2,2,144700|175973,VT-15-7482|VT-38-6555
70393,multiple_real,2,2,125714|174236,10102919|VT-34-1530
3300017,multiple_real,2,2,142262|105881,VT-10-5182|09250540
52676,multiple_real,3,2,130345|125022,WPS-820-52009|WPS-194-52676|06360523
89450,multiple_real,2,2,148065|134433,VT-23-1071|WPS-820-32019
HDEG115,multiple_real,2,2,163877|178478,VT-51-1221|VT-51-1220
K1608,multiple_real,2,2,125767|143715,K1608|VT-11-9728
K1624,multiple_real,2,2,125768|143722,K1624|VT-11-9739
K1626,multiple_real,2,2,125769|143724,K1626|VT-11-9741
K1605,multiple_real,2,2,125772|143712,K1605|VT-11-9725
202023C,multiple_real,3,3,126416|142723|99718,WPS-191-57044C|VT-11-0969|09260750
715,multiple_real,2,2,130911|136281,WPS-830-6000|WPS-571-6122
K1602,multiple_real,2,2,125790|143709,K1602|VT-11-9722
JGI3490486,multiple_real,2,2,94176|168006,DS173343|VT-15-1041
16202,multiple_real,2,2,125959|153713,WPS-132-7011|VT-32-3044
2006KIT,multiple_real,2,2,125977|153135,WPS-132-7038|VT-32-1015
2006,multiple_real,2,2,125979|151230,WPS-132-7040|VT-29-2006
3005,multiple_real,4,4,125982|129559|153696|120173,WPS-132-7054|WPS-811-03005|VT-32-3015|24010825
1005EX,multiple_real,2,2,125987|153722,WPS-132-7077|VT-32-3053
C320435,multiple_real,3,3,130007|167061|93687,WPS-820-0514|VT-13-0545|05100184
21054,multiple_real,3,3,125992|149355|153287,WPS-132-7091|VT-25-0565|VT-32-1374
40098,multiple_real,2,2,145407|112988,VT-16-1977|21200902
21062,multiple_real,3,3,125993|153288|177794,WPS-132-7092|VT-32-1375|VT-49-1873
33214,multiple_real,2,2,101085|161345,06500399|VT-45-3214
DC69,multiple_real,3,2,92799|173130,WPS-133-1087|VT-32-1085|21020283
DS61,multiple_real,3,2,103581|153976,WPS-133-3001|VT-32-7778|DS61
MDP2B,multiple_real,3,2,98796|173375,WPS-850-08046|VT-32-6523|21200395
MDP4B,multiple_real,3,2,94578|173376,WPS-850-08048|VT-32-6524|21200396
103070R,multiple_real,2,2,136800|123766,WPS-812-52402|06040236
110298P,multiple_real,2,2,93287|174983,11070339|VT-37-0005
36505,multiple_real,2,2,164341|126991,VT-52-1421|WPS-28-2030X
4085,multiple_real,2,2,120369|98931,09280040|BPR6HIX
NDP38060,multiple_real,2,2,135426|154236,WPS-850-08403|VT-32-9634
NDP38065,multiple_real,2,2,135431|154243,WPS-850-08409|VT-32-9641
FA409,multiple_real,3,2,93918|170392,WPS-15-409|VT-23-0998|17220603
H070585SMB,multiple_real,2,2,107506|171417,06102307|VT-26-0976
H070730N,multiple_real,2,2,98469|149956,06102325|VT-26-0972
NFMAX40,multiple_real,3,2,94561|173402,21300082|WPS-850-08423|VT-32-6566
E210214GB,multiple_real,2,2,112706|173229,21060251|VT-32-1697
IHL02,multiple_real,2,2,112509|155290,WPS-850-09006|VT-33-2216
ILLPROIII,multiple_real,2,2,112501|155285,WPS-850-09035|VT-33-2207
A2462399B,multiple_real,2,2,106442|166549,09240122|VT-12-0754
2020326R,multiple_real,2,2,126343|99677,WPS-191-17017|09260196
2020364,multiple_real,2,2,126359|99627,WPS-191-27004S|09260184
204320C,multiple_real,3,3,126364|142758|121112,WPS-191-57003C|VT-11-1014|09260718
204321C,multiple_real,3,3,126366|142759|99712,WPS-191-57004C|VT-11-1015|DS199760
2020700,multiple_real,2,2,126371|99634,WPS-191-57011|09262014
2020701,multiple_real,2,2,126373|99683,WPS-191-57012|09262016
202060C,multiple_real,3,3,126375|142750|109306,WPS-191-57013C|VT-11-1003|09260760
202066C,multiple_real,2,2,126391|142755,WPS-191-57026C|VT-11-1008
2020702,multiple_real,3,3,126392|105381|142786,WPS-191-57027|09262018|VT-11-1059
2020702C,multiple_real,2,2,126393|109332,WPS-191-57027C|09262019
202130,multiple_real,3,3,126394|121107|123821,WPS-191-57029|09260320|DS375745
500751,multiple_real,2,2,135879|99087,WPS-812-55000|16202277
202131C,multiple_real,3,3,126397|142848|109295,WPS-191-57030C|VT-11-1189|09260720
202132C,multiple_real,3,3,126399|142849|109304,WPS-191-57031C|VT-11-1190|09260724
500751R,multiple_real,2,2,135881|110990,WPS-812-55002|16202279
204322C,multiple_real,3,3,126406|121019|142760,WPS-191-57039C|DS199761|VT-11-1016
202052C,multiple_real,3,3,126422|142746|121076,WPS-191-57047C|VT-11-0998|09260757
060139,multiple_real,2,2,121212|140981,18611636|WPS-70-6139
202123C,multiple_real,3,3,126434|142843|109302,WPS-191-57054C|VT-11-1185|09260727
700001,multiple_real,2,2,135896|115884,WPS-70-7001|11070664
71033A,multiple_real,2,2,176407|176650,VT-42-0102|VT-42-1980
3073010090,multiple_real,2,2,146296|114530,VT-18-8248|DS223763
204329,multiple_real,2,2,126447|99727,WPS-191-57063|09262030
764,multiple_real,2,2,176409|161732,VT-42-0104|VT-47-2202
8080,multiple_real,2,2,138355|105040,WPS-56-8080|09251068
2020812,multiple_real,2,2,126453|121068,WPS-191-57084|09230368
830704,multiple_real,2,2,126455|94330,WPS-191-57087|DS199772
299110,multiple_real,2,2,145965|110186,VT-17-9110|11060064
202106,multiple_real,3,3,126458|109370|179295,WPS-191-57088|09270024|VT-10-2106
202107,multiple_real,2,2,126459|142131,WPS-191-57089|VT-10-2107
202108,multiple_real,2,2,126460|142132,WPS-191-57090|VT-10-2108
10SC446,multiple_real,2,2,126461|99743,WPS-191-57092|09260325
302910,multiple_real,2,2,176421|138984,VT-42-0165|WPS-820-51925
3521,multiple_real,3,2,101635|96745,WPS-2-CR9EIX|DS3521|CR9EIX
JGI2625868D,multiple_real,2,2,92306|167566,DS174720|VT-15-0134
11309,multiple_real,3,2,120532|161249,11309E|WPS-817-01829|VT-45-0622
H070810MB1,multiple_real,2,2,149762|119170,VT-26-2264|06110207
221068,multiple_real,2,2,126526|93749,WPS-22-1068|04100294
253102,multiple_real,2,2,126536|118272,WPS-22-53102|11200217
55119,multiple_real,2,2,126539|104375,WPS-22-55119|04070058
H070574B,multiple_real,3,3,171419|130100|107552,VT-26-0982|WPS-820-1515B|06130201
281139,multiple_real,2,2,126543|97702,WPS-22-81139|13020091
302911,multiple_real,2,2,176423|138985,VT-42-0186|WPS-820-51926
64217,multiple_real,2,2,138016|163603,WPS-57-064217|VT-51-0059
95840,multiple_real,2,2,138017|167185,WPS-57-068569|VT-14-5840
281095,multiple_real,2,2,126551|93345,WPS-22-81095|13020084
H070574,multiple_real,2,2,119593|171390,06100126|VT-26-0780
78574,multiple_real,2,2,168383|158559,VT-15-8574|VT-38-0020
CM420,multiple_real,2,2,104461|162204,WPS-27-M420|VT-48-1707
110041,multiple_real,3,2,123227|174816,WPS-57-10041|06580004|VT-36-0992
CM4213,multiple_real,2,2,104473|162206,WPS-27-M421|VT-48-1740
JGI3495589X,multiple_real,2,2,168059|94205,VT-15-1154|DS174960
75312,multiple_real,2,2,176427|123312,VT-42-0202|08220097
CM253,multiple_real,2,2,99338|162236,WPS-27-M253|VT-48-1800
CM418,multiple_real,2,2,115092|162203,WPS-27-M418|VT-48-1706
CM4232,multiple_real,2,2,99169|162210,WPS-27-M423|VT-48-1759
CM4304,multiple_real,2,2,99139|162208,WPS-27-M430|VT-48-1754
3895VM,multiple_real,2,2,143778|122742,VT-11-9926|09120288
VT2719,multiple_real,2,2,143781|106186,VT-11-9938|09030791
120425,multiple_real,2,2,134490|155854,WPS-820-50574|VT-34-0767
22005,multiple_real,2,2,134003|163686,WPS-57-1111|VT-51-0371
NHD3243599,multiple_real,3,2,94591|173310,21200818|WPS-850-08771|VT-32-2226
19137,multiple_real,2,2,141275|170173,WPS-865-01206|VT-23-0429
C9889,multiple_real,3,2,109460|128494,09340744|WPS-68-9889|VT-15-1304
NWR610020,multiple_real,2,2,122775|138798,21201322|WPS-850-09218
216321,multiple_real,2,2,115373|142306,09250112|VT-10-8138
20159,multiple_real,2,2,149502|145867,VT-25-0991|VT-17-2019
791102,multiple_real,2,2,126960|112748,WPS-279-1102|21100320
H070574BB,multiple_real,2,2,130102|119398,WPS-820-1516B|06140708
202320C,multiple_real,2,2,121026|142771,09260698|VT-11-1034
HDEG116,multiple_real,2,2,178479|163878,VT-51-1222|VT-51-1223
900,multiple_real,2,2,136278|145416,WPS-571-6119|VT-16-2131
72651,multiple_real,2,2,158598|150118,VT-38-0122|VT-27-0094
19134,multiple_real,2,2,148266|141199,VT-23-2316|WPS-865-01203
T030151,multiple_real,2,2,98517|159791,07110214|VT-40-0831
78633,multiple_real,2,2,144279|173242,VT-14-8633|VT-32-1754
102100TIN,multiple_real,2,2,137319|123806,WPS-812-02114|06401667
10105,multiple_real,2,2,139054|129393,WPS-576-04288|WPS-78-9829
206589SABLED,multiple_real,2,2,133120|155396,WPS-820-0376A|VT-33-3044
76110,multiple_real,2,2,127888|158658,WPS-57-6226|VT-38-0326
206220,multiple_real,2,2,169104|92527,VT-17-8230|DS199415
NDP422,multiple_real,2,2,135425|145040,WPS-850-08402|VT-16-0478
200370,multiple_real,2,2,146652|172389,VT-19-3001|VT-31-0206
170571DB,multiple_real,2,2,107592|172002,06300268|VT-28-0451
20180,multiple_real,2,2,130087|149411,WPS-820-1326C|VT-25-0729
120023,multiple_real,2,2,125884|95568,WPS-12-0023|04030184
CHD412,multiple_real,2,2,127436|123977,WPS-490-2128|RCHD412
1030,multiple_real,2,2,136271|125966,WPS-571-6113|WPS-132-7018
1008EX,multiple_real,2,2,125988|153725,WPS-132-7078|VT-32-3056
191202,multiple_real,2,2,131486|146338,WPS-820-52651|VT-19-0028
2400739,multiple_real,2,2,92420|179364,DS194143|VT-10-8323
A33212SET,multiple_real,2,2,169238|119938,VT-17-9855|11060035
NTBW4202,multiple_real,3,2,112970|153846,21200651|WPS-850-08758|VT-32-6687
H070790MB3,multiple_real,2,2,104396|171484,06150272|VT-26-2228
20050,multiple_real,3,2,127675|172094,WPS-562-20230C|VT-51-0327|VT-28-2004
14206,multiple_real,2,2,137345|130235,WPS-05-1084|WPS-820-50555
3021,multiple_real,2,2,131786|153717,WPS-132-7044|VT-32-3048
1009EX,multiple_real,2,2,125989|153727,WPS-132-7079|VT-32-3058
DS62,multiple_real,3,2,103582|153975,WPS-133-3002|VT-32-7777|DS62
4124018C,multiple_real,2,2,123873|164648,DS222009|VT-54-2009
202010,multiple_real,3,3,105367|120977|143573,09260789|DS202011|VT-11-6072
202110,multiple_real,3,3,105368|114884|144138,09260800|DS373964|VT-13-2110
2024400,multiple_real,2,2,105386|139956,09263458|WPS-191-27027S
2020265,multiple_real,2,2,105387|166244,09262868|VT-11-6128
2020915,multiple_real,2,2,105388|139940,09262946|WPS-191-17034
87758,multiple_real,2,2,111195|136606,17020605|WPS-820-32023
BA064902,multiple_real,2,2,105447|138974,22100663|WPS-28-61046
312321,multiple_real,2,2,113529|175643,24010885|VT-37-8951
V30ITWBS,multiple_real,2,2,140228|140227,WPS-206-40123|WPS-206-40122
2400130,multiple_real,2,2,94068|179359,DS194080|VT-10-8314
3200353,multiple_real,2,2,142228|102553,VT-10-3510|09220111
C9173,multiple_real,3,2,117661|128367,WPS-68-9173|VT-15-1326|09341221
106004,multiple_real,2,2,118462|173050,21020418|VT-32-0778
214045,multiple_real,2,2,142238|102989,VT-10-4045|09250591
20701,multiple_real,2,2,92902|133501,24011120|WPS-830-0319
76312BCS,multiple_real,2,2,134313|156830,WPS-274-0714|VT-35-0591
6211CH,multiple_real,2,2,101998|157396,DS390211|VT-35-9178
MCVOS2,multiple_real,2,2,98134|173594,WPS-275-01151|VT-32-9079
202066,multiple_real,2,2,120510|142742,07110096|VT-11-0994
CM251,multiple_real,2,2,162244|99318,VT-48-1810|WPS-27-M251
201409,multiple_real,2,2,103793|136912,12102665|WPS-820-51154
2022050,multiple_real,2,2,99705|143152,09263308|VT-11-2023
6051865DLK,multiple_real,2,2,128618|99376,WPS-681-4781|09342119
794002,multiple_real,2,2,118710|136344,21100993|WPS-279-2202
6000,multiple_real,2,2,137117|103333,WPS-85-06000|18010359
C9688,multiple_real,3,2,97150|128457,WPS-68-9688|VT-15-0475|DS172086
105120G,multiple_real,2,2,94617|135876,04040541|WPS-812-52308
2020550,multiple_real,2,2,105353|143579,09262870|VT-11-6125
70261,multiple_real,2,2,112719|153749,21070301|VT-32-3090
030318AA,multiple_real,3,3,119625|130155|159002,07030228|WPS-820-2305|VT-38-1736
370293,multiple_real,2,2,119233|135360,08200152|WPS-820-2268
C9886,multiple_real,3,2,103470|128491,WPS-68-9886|09340742|VT-15-1302
53128,multiple_real,3,2,107835|172922,WPS-194-53128|06360450|VT-32-0432
NWR10910020,multiple_real,2,2,138790|113085,WPS-850-09208|21201312
120400,multiple_real,2,2,118431|154413,20100561|VT-33-0325
10109,multiple_real,2,2,139058|135295,WPS-576-04291|WPS-820-51915
20093,multiple_real,3,3,158348|171949|149705,VT-37-8635|VT-28-0200|VT-25-2280
053326,multiple_real,2,2,119429|133722,06100211|WPS-820-54351
202133C,multiple_real,3,3,126401|99657|142850,WPS-191-57032C|09260728|VT-11-1191
1705599MLS,multiple_real,3,3,128520|91217|144528,WPS-681-4006|09341601|VT-15-1347
206589SRLED,multiple_real,2,2,118846|129919,78052070|WPS-820-0370R
210716,multiple_real,2,2,115740|132136,19133007|WPS-830-1136
JGI1739307,multiple_real,3,3,99383|167463|168166,09350371|VT-14-0955|VT-15-1448
11246,multiple_real,2,2,128555|163969,WPS-681-4332|VT-52-0026
846H.CT,multiple_real,2,2,94640|148219,17220761|VT-23-1782
H070605MB,multiple_real,2,2,107478|149784,06101956|VT-26-0008
161200,multiple_real,2,2,125452|174305,DS289231|VT-35-0101
1677496XT1,multiple_real,3,3,99361|140870|144552,09341583|WPS-681-5334|VT-15-1373
K0216P2,multiple_real,3,2,109129|133927,09031582|WPS-K0216P2|VT-11-1321
5020001008,multiple_real,2,2,116179|146259,DS199218|VT-18-3696
3487341,multiple_real,2,2,177595|177780,VT-49-0419|VT-49-1722
74012,multiple_real,2,2,117628|170825,DS243851|VT-24-0142
78570,multiple_real,2,2,171572|171744,VT-27-0183|VT-27-1131
112906,multiple_real,2,2,99901|157400,DS289111|VT-35-9185
660325,multiple_real,2,2,128921|103765,WPS-70-660325|17412900
2M6127020,multiple_real,2,2,142958|132804,VT-11-1365|WPS-865-02018
296550,multiple_real,2,2,94770|169243,DS199452|VT-17-9861
298130,multiple_real,2,2,142295|114454,VT-10-8122|DS199075
L226828M,multiple_real,2,2,118429|154808,20200399|VT-33-1273
P7443,multiple_real,2,2,99108|158352,DS190693|VT-37-8672
V30HTCGRB,one_real_rest_null,2,1,101641,06303426|WPS-206-40120
117246,multiple_real,2,2,102687|149172,10060317|VT-24-7246
K1609,multiple_real,2,2,102939|143716,K1609|VT-11-9729
A1745157,multiple_real,2,2,94947|166873,09270011|VT-12-2116
125001,multiple_real,2,2,103013|135284,04110191|WPS-820-51890
120019,multiple_real,2,2,103017|154401,04030181|VT-33-0301
120049,multiple_real,3,2,108436|152743,WPS-12-0049|VT-31-3943|07060038
K2804,multiple_real,2,2,143796|109131,VT-11-9985|09031678
VRK1,multiple_real,2,2,157417|99874,VT-35-9290|DS390225
328126,multiple_real,2,2,105398|158323,03650022|VT-37-8530
A9110,multiple_real,2,2,94888|179386,09200068|VT-10-8523
1229,multiple_real,3,3,105794|155594|109397,20010124|VT-34-0175|09300248
298165,multiple_real,2,2,142318|115338,VT-10-8165|DS199114
BTX5,multiple_real,2,2,129540|116370,WPS-810-5003|11311801
2071,multiple_real,2,2,129553|120310,WPS-811-02071|09250537
3000,multiple_real,2,2,129557|120409,WPS-811-03000|24010128
JGI12053A,multiple_real,2,2,167354|92412,VT-14-0619|DS194089
4025,multiple_real,2,2,129564|109381,WPS-811-04025|09290017
4017,multiple_real,3,3,129565|120371|159632,WPS-811-04050|09290072|VT-40-0346
4018,multiple_real,2,2,129566|120331,WPS-811-04051|09290073
1900005,multiple_real,2,2,110108|156811,10500302|VT-35-0548
7000,multiple_real,3,3,129574|105054|170469,WPS-811-07000|09320018|VT-23-1727
7001,multiple_real,3,3,129575|120329|170048,WPS-811-07001|09320019|VT-23-0113
7050,multiple_real,2,2,129576|166445,WPS-811-07050|VT-12-0509
H070585N,multiple_real,2,2,111454|171406,06102304|VT-26-0962
7062,multiple_real,3,3,129579|105055|178622,WPS-811-07062|09320026|VT-54-0412
7072,multiple_real,2,2,129583|98914,WPS-811-07072|09320028
7073,multiple_real,3,3,129584|170936|166460,WPS-811-07073|VT-24-0522|VT-12-0527
77911,multiple_real,2,2,144013|176636,VT-12-7911|VT-42-1376
T101,multiple_real,2,2,126637|103583,WPS-26-44801|D101
2M6198,multiple_real,2,2,142435|132799,VT-11-0160|WPS-865-02013
210209,multiple_real,2,2,112703|172836,21060224|VT-32-0241
207770,multiple_real,2,2,92524|169093,DS199414|VT-17-7651
78611,multiple_real,2,2,144885|153527,VT-15-8611|VT-32-1773
C320436,multiple_real,2,2,90897|130008,05100182|WPS-820-0515
A6773,multiple_real,2,2,94937|166543,09250284|VT-12-0717
010127,multiple_real,2,2,91520|129970,09342556|WPS-820-0080
H0708051,multiple_real,2,2,119157|171480,06102196|VT-26-2259
296900,multiple_real,2,2,103005|169111,DS199424|VT-17-8238
217460,multiple_real,2,2,115320|142265,09251166|VT-10-5272
206812CWH,multiple_real,2,2,115207|155296,20401182|VT-33-2241
290304,multiple_real,2,2,115363|146818,DS199477|VT-20-0710
294150,multiple_real,2,2,115365|144171,DS199739|VT-13-9251
27162,multiple_real,2,2,129934|171172,WPS-82-7162|VT-24-7162
DP12G,multiple_real,3,2,94569|173682,21200061|WPS-850-08028|VT-32-9626
18754,multiple_real,2,2,115686|154124,10102480|VT-32-8754
010107,multiple_real,2,2,129967|128826,WPS-820-0001|WPS-70-11071
320464,multiple_real,2,2,130001|90899,WPS-820-0504|05100334
21555,multiple_real,2,2,130039|158983,WPS-820-1104|VT-38-1555
21561,multiple_real,2,2,130040|175959,WPS-820-1105|VT-38-1561
316172A,multiple_real,2,2,130046|149506,WPS-820-1123C|VT-25-1095
200412,multiple_real,2,2,118782|154819,20010101|VT-33-1300
126015,multiple_real,2,2,118432|154553,20100563|VT-33-0676
310086S,multiple_real,2,2,130057|149388,WPS-820-1151C|VT-25-0658
19131,multiple_real,2,2,141156|132251,WPS-865-01200|WPS-820-50540
W150562,multiple_real,2,2,103810|171942,12010844|VT-28-2261
20252B,multiple_real,2,2,130104|149547,WPS-820-1517B|VT-25-1293
110100,multiple_real,2,2,121217|127540,K110100|WPS-56-4256
160024,multiple_real,2,2,130114|169892,WPS-820-1901|VT-21-0903
120069,multiple_real,2,2,98287|98756,07060207|17416863
V30HTCBS,one_real_rest_null,2,1,107750,06303421|WPS-206-40115
202056,multiple_real,2,2,108539|142737,07110093|VT-11-0987
71554,multiple_real,2,2,115646|171731,02100377|VT-27-1563
A2620783,multiple_real,2,2,92416|166966,DS194207|VT-13-0111
P80110,multiple_real,2,2,120415|158321,DS096647|VT-37-8517
316275,multiple_real,2,2,109433|144329,09320149|VT-15-0361
110293K,multiple_real,2,2,130179|118079,WPS-820-2667|11070035
2020323R,multiple_real,2,2,120979|126349,09260194|WPS-191-17024
190401B,multiple_real,2,2,130189|153202,WPS-820-2697|VT-32-1195
120185,multiple_real,2,2,130217|118286,WPS-820-50512|10130036
148151,multiple_real,2,2,130258|146178,WPS-820-50951|VT-18-1221
105125,multiple_real,2,2,123798|136392,04040564|WPS-812-52311
314011,multiple_real,2,2,123824|94672,04140744|09500885
78444,multiple_real,2,2,168343|173953,VT-15-8444|VT-33-1565
112355,multiple_real,2,2,124230|156769,DS289141|VT-35-0421
20763,multiple_real,2,2,156915|131051,VT-35-0763|WPS-865-01063
3200351,multiple_real,2,2,142230|125341,VT-10-3513|09220123
160497,multiple_real,2,2,125175|156623,10500360|VT-35-0086
112084,multiple_real,2,2,125301|156648,112084|VT-35-0152
5500502,multiple_real,2,2,125327|153502,21010346|VT-32-1732
7082,one_real_rest_null,2,1,169420,WPS-874-1231|VT-18-1213
117249,multiple_real,2,2,125363|149175,10060320|VT-24-7249
76238,multiple_real,2,2,116070|168207,DS189966|VT-15-1540
78700,multiple_real,2,2,170468|144909,VT-23-1666|VT-15-8700
E250091BD3,multiple_real,2,2,112878|153586,21130666|VT-32-1895
1705405MLS,multiple_real,3,3,91215|140542|168132,09341596|WPS-681-4011|VT-15-1345
BDLPA133118,multiple_real,2,2,146873|169703,VT-20-4001|VT-20-0586
47OFP,multiple_real,2,2,92892|146838,DS360417|VT-20-0900
161800,multiple_real,2,2,130393|154767,WPS-820-52361|VT-33-1175
161801,multiple_real,2,2,130394|154768,WPS-820-52362|VT-33-1176
161802,multiple_real,2,2,130395|154769,WPS-820-52363|VT-33-1177
161803,multiple_real,2,2,130396|154771,WPS-820-52364|VT-33-1178
3200360,multiple_real,2,2,105959|142232,09220158|VT-10-3515
81029,multiple_real,3,3,115447|98509|156791,10102125|07100282|VT-35-0472
JGI81FLH,multiple_real,2,2,144432|114131,VT-15-0855|DS173408
1704092MLS,multiple_real,3,3,144541|140616|91188,VT-15-1362|WPS-681-4384|09340947
2022300,multiple_real,2,2,99739|143260,09263207|VT-11-2344
70220,multiple_real,2,2,130460|153886,WPS-820-53223|VT-32-7220
77000,multiple_real,2,2,157148|168199,VT-35-1673|VT-15-1532
056268,multiple_real,2,2,130488|97669,WPS-820-54207|16020137
6141SE2,multiple_real,2,2,95995|146787,DS360098|VT-20-0616
45EVSH,multiple_real,2,2,96001|146840,DS360416|VT-20-0903
NA1749662,multiple_real,3,2,101539|173389,21200403|WPS-850-08121|VT-32-6543
A8972,multiple_real,2,2,94005|179119,09500368|VT-10-0466
S770145ACDS,multiple_real,2,2,162850|92125,VT-49-1695|35010865
280108,multiple_real,2,2,130587|130586,WPS-820-70456|WPS-820-70455
217520,multiple_real,2,2,115376|142270,09251365|VT-10-5276
KB258.020,multiple_real,2,2,143182|103641,VT-11-2219|WPS-824-01003
302866,multiple_real,2,2,130599|163596,WPS-820-80005|VT-51-0049
KB305.005,multiple_real,2,2,104176|143206,WPS-824-01007|VT-11-2258
KB266.005,multiple_real,2,2,103713|143185,WPS-824-01013|VT-11-2223
KB266.010,multiple_real,2,2,103791|143186,WPS-824-01014|VT-11-2224
KB288.010,multiple_real,2,2,130633|143194,WPS-824-01152|VT-11-2236
KB297.020,multiple_real,2,2,103989|143202,WPS-824-01159|VT-11-2254
KB272.STD,multiple_real,2,2,130641|143189,WPS-824-01256|VT-11-2228
KB348.STD,multiple_real,2,2,104360|143211,WPS-824-01361|VT-11-2274
148420,multiple_real,2,2,93370|131619,11320698|WPS-820-54690
78092,multiple_real,2,2,97042|158782,DS193809|VT-38-0661
A4361292,multiple_real,2,2,92485|176943,DS195407|VT-44-0236
471064,multiple_real,3,2,92746|157323,10090215|WPS-24-71064|VT-35-4764
352104,multiple_real,2,2,118802|175791,24010690|VT-37-9537
77003,multiple_real,2,2,117467|152389,24010646|VT-31-0846
S770151,multiple_real,2,2,98035|177759,35011179|VT-49-1420
A2491858,multiple_real,2,2,92148|166811,10120103|VT-12-1513
1013030016,multiple_real,2,2,92838|157670,DS223538|VT-36-2477
3193010003,multiple_real,2,2,116202|146175,DS223757|VT-18-1217
202014,multiple_real,3,3,99629|140276|166239,09260329|WPS-191-17008|VT-11-6094
24571,multiple_real,2,2,178671|175676,VT-73-0040|VT-37-9056
20724,multiple_real,3,3,115835|132131|174353,19133013|WPS-830-1130|VT-35-0377
A11019,multiple_real,2,2,92331|166681,DS188013|VT-12-1159
70199Z,multiple_real,2,2,146243|146201,VT-18-3648|VT-18-3128
78256,multiple_real,2,2,144789|160453,VT-15-8256|VT-42-1210
70253,multiple_real,2,2,112718|153758,21070287|VT-32-3100
5013210068,multiple_real,2,2,92812|167016,DS223760|VT-13-0163
A11016,multiple_real,2,2,92334|166611,DS188012|VT-12-0938
A6067885,multiple_real,2,2,92346|166642,DS188082|VT-12-0969
40130063014,multiple_real,2,2,92820|169486,DS223354|VT-18-3251
A3757444,multiple_real,2,2,93973|166992,11320621|VT-13-0138
A2403270,multiple_real,2,2,93982|179110,DS196136|VT-10-0442
A2462140,multiple_real,2,2,93977|179026,DS194098|VT-10-0208
A2403370,multiple_real,2,2,93997|179111,DS196137|VT-10-0443
204280,multiple_real,2,2,94688|169106,DS199409|VT-17-8232
1013040012,multiple_real,2,2,95453|174770,DS223593|VT-36-0768
344,multiple_real,2,2,153765|118212,VT-32-3440|17420065
78285,multiple_real,2,2,144812|160163,VT-15-8285|VT-42-0263
210242,multiple_real,2,2,172404|131531,VT-31-0242|WPS-820-50805
T030162,multiple_real,2,2,91832|175874,07110242|VT-40-0921
710464,multiple_real,2,2,91153|132658,09262971|WPS-191-37032
334246,multiple_real,2,2,102596|166921,09320126|VT-12-9907
87935,multiple_real,2,2,97051|131990,DS190490|WPS-830-1114
1013030002,multiple_real,2,2,95458|174888,DS223897|VT-36-2501
6083030017,multiple_real,2,2,116141|146171,11300298|VT-18-1158
255580,multiple_real,2,2,94790|169121,DS199439|VT-17-8580
A1826002,multiple_real,2,2,91174|166211,09261092|VT-11-1233
A2578530A,multiple_real,2,2,94008|179167,DS194192|VT-10-0716
NMCON02P,multiple_real,2,2,92041|101558,21201406|21201424
3213002017,multiple_real,2,2,116161|146168,11321000|VT-18-1155
A2555036,multiple_real,2,2,95053|166783,DS194163|VT-12-1440
1863348A/C,multiple_real,2,2,94231|140630,DS174360|WPS-681-4467
K2834,multiple_real,2,2,94952|171019,04050329|VT-24-0904
A2555536,multiple_real,2,2,104802|166777,DS194168|VT-12-1428
281204,multiple_real,2,2,97525|140298,13020367|WPS-22-81204
A4412472,multiple_real,2,2,93196|170493,DS324613|VT-23-1733
A3749684,multiple_real,2,2,91003|166488,DS193157|VT-12-0564
L240436CRLED,multiple_real,2,2,97901|129969,20100772|WPS-820-0351
A8970,multiple_real,2,2,91427|166730,11060092|VT-12-1303
87804,multiple_real,2,2,92342|141302,DS189844|WPS-830-1186
102024,multiple_real,2,2,93374|138433,21020216|WPS-820-60402
77743,multiple_real,2,2,158439|168249,VT-37-8976|VT-15-7743
846H.LS,multiple_real,2,2,94637|170655,17212452|VT-23-4559
6239SK2,multiple_real,2,2,116415|146783,DS360103|VT-20-0612
105130G,multiple_real,2,2,101727|135877,04040542|WPS-812-52309
JGI4584949,multiple_real,2,2,114415|167184,DS194494|VT-14-0036
31861,multiple_real,2,2,103404|170971,04100325|VT-24-0667
JGI2700688,multiple_real,2,2,120825|174371,DS289109|VT-35-0422
JGI6053885K,multiple_real,2,2,120832|167895,DS173351|VT-15-0866
H070595SMB,multiple_real,2,2,107507|150002,06102320|VT-26-1051
9261,multiple_real,3,3,143450|144194|166677,VT-11-3253|VT-14-0254|VT-12-1156
201402,multiple_real,2,2,110443|136915,12102666|WPS-820-51157
JGI2522593K,multiple_real,2,2,120847|167900,DS173318|VT-15-0872
C3204331,multiple_real,2,2,106794|150652,05100193|VT-27-1818
78713,multiple_real,2,2,144915|174582,VT-15-8713|VT-35-2002
89236,multiple_real,3,3,148267|111196|136605,VT-23-2318|17020463|WPS-820-32022
210150,multiple_real,2,2,114414|145919,DS194499|VT-17-6000
A2400803,multiple_real,2,2,94924|166571,09500357|VT-12-0821
21064,multiple_real,2,2,112048|132135,19133006|WPS-830-1135
E280042,multiple_real,2,2,93880|175347,05211235|VT-37-0902
314004,multiple_real,2,2,99212|94652,04140511|09240211
251002,multiple_real,2,2,98051|140289,A251002|WPS-22-51002
P101401,multiple_real,2,2,130847|119959,WPS-830-1014|24010297
205120,multiple_real,2,2,92720|169107,DS199420|VT-17-8233
P101708,multiple_real,2,2,130851|114168,WPS-830-1021|DS175008
3023020011,multiple_real,2,2,92841|146253,DS223737|VT-18-3690
500775B,multiple_real,2,2,123811|137337,16021496|WPS-812-02143
40121,multiple_real,2,2,115774|153833,16100527|VT-32-6673
160904,multiple_real,2,2,92072|174003,22120103|VT-33-2023
1013030017,multiple_real,2,2,95815|174760,DS223885|VT-36-0715
78588,multiple_real,2,2,144876|169099,VT-15-8588|VT-17-8085
110411,multiple_real,2,2,125439|156607,DS0411|VT-35-0003
40130063100,multiple_real,2,2,92813|169416,DS223771|VT-18-1146
78589,multiple_real,2,2,144877|169100,VT-15-8589|VT-17-8086
296700,multiple_real,2,2,94689|169268,DS199423|VT-17-9897
1013010016,multiple_real,2,2,92787|157673,06521305|VT-36-2495
A3749641,multiple_real,2,2,92381|166444,DS193158|VT-12-0508
102005,multiple_real,3,3,91847|138442|106743,21020278|WPS-820-60411|04160060
206011PA,multiple_real,2,2,97972|154294,20010249|VT-33-0030
053324,multiple_real,2,2,107361|133721,06100210|WPS-820-54350
C6132,multiple_real,2,2,130878|175719,WPS-830-1063|VT-37-9236
102002C,multiple_real,2,2,97760|153007,21020415|VT-32-0474
61129,multiple_real,2,2,130893|164590,WPS-830-1084|VT-54-0175
1101,multiple_real,2,2,130896|99041,WPS-830-5000|09261466
A3743636,multiple_real,2,2,92370|169214,DS193152|VT-17-9830
1710,multiple_real,2,2,130906|145104,WPS-830-5010|VT-16-0705
A3513180,multiple_real,2,2,92405|168815,DS194179|VT-17-0414
204260,multiple_real,2,2,92724|169105,DS199408|VT-17-8231
20760,multiple_real,2,2,131048|156912,WPS-865-01060|VT-35-0760
20762,multiple_real,2,2,131050|157341,WPS-865-01062|VT-35-6100
E280041,multiple_real,2,2,93879|175348,05211234|VT-37-0903
5020001004,multiple_real,2,2,99715|169487,DS223355|VT-18-3252
JGI1676973T,multiple_real,2,2,92310|168045,DS174913|VT-15-1130
40111,multiple_real,3,2,126912|116818,WPS-274-0011|35011863|VT-32-0633
1013030007,multiple_real,2,2,92560|174882,DS223883|VT-36-2468
6311CH,multiple_real,2,2,101994|157374,DS390235|VT-35-9088
JGI3565406X,multiple_real,2,2,94120|168114,09341192|VT-15-1259
JGI8316251,multiple_real,2,2,94265|167394,DS194464|VT-14-0663
78478,multiple_real,2,2,144847|155028,VT-15-8478|VT-33-1682
210450,multiple_real,2,2,94763|145922,DS194500|VT-17-6003
20157,multiple_real,2,2,145865|149487,VT-17-2017|VT-25-0951
920212,multiple_real,2,2,103422|132023,DS193767|WPS-830-1126
JGI3307637,multiple_real,2,2,94245|167363,DS174478|VT-14-0630
A2400906,multiple_real,2,2,91360|166569,09500358|VT-12-0819
A4329382,multiple_real,2,2,92486|177224,DS195411|VT-44-2030
86631,multiple_real,2,2,144066|104355,VT-12-9990|09320088
A3581236,multiple_real,2,2,95054|168709,DS195169|VT-17-0161
202031,multiple_real,2,2,126379|142715,WPS-191-57018|VT-11-0959
4021,multiple_real,2,2,127812|147141,WPS-57-04021|VT-21-0343
F510216GB,multiple_real,2,2,91543|163208,14110040|VT-50-0288
105130,multiple_real,2,2,90866|135875,04040540|WPS-812-52307
A4119683,multiple_real,2,2,92477|177030,DS195402|VT-44-0423
71192,multiple_real,2,2,92081|159856,24010432|VT-40-1192
16205,multiple_real,2,2,131287|176051,WPS-87-9417|VT-39-0117
161300,multiple_real,2,2,114727|174306,DS289232|VT-35-0102
105120,multiple_real,2,2,101713|135874,04040539|WPS-812-52306
A2403901A,multiple_real,2,2,94926|166563,09500229|VT-12-0813
B160733MB,multiple_real,2,2,91591|170614,17010781|VT-23-2369
B160920,multiple_real,2,2,93323|170561,17020739|VT-23-2073
120401,multiple_real,2,2,93741|173817,09026319|VT-33-0238
2400654A,multiple_real,2,2,94076|179365,DS194141|VT-10-8324
40188,multiple_real,2,2,153498|175541,VT-32-1723|VT-37-8588
237230,multiple_real,2,2,115348|153059,21020204|VT-32-0709
K0210P2,multiple_real,3,2,102945|133911,09031567|WPS-K0210P2|VT-11-1314
053843,multiple_real,2,2,107501|138987,06102258|WPS-820-54378
JGI4584987,multiple_real,2,2,120870|167189,DS174782|VT-14-0042
710468,multiple_real,2,2,105391|144256,09263027|VT-14-1000
A3312694,multiple_real,2,2,93842|173642,21100229|VT-32-9281
A3404052,multiple_real,2,2,93963|166592,11060018|VT-12-0917
112914,multiple_real,2,2,125297|157386,10030453|VT-35-9142
254710,multiple_real,2,2,92522|169122,DS199440|VT-17-8710
205340,multiple_real,2,2,92534|169108,DS199425|VT-17-8234
794004,multiple_real,2,2,112776|136345,21100994|WPS-279-2204
78475,multiple_real,2,2,144844|155025,VT-15-8475|VT-33-1679
A2558136,multiple_real,2,2,92418|179155,DS194147|VT-10-0704
JGI1703399,multiple_real,2,2,114120|168087,DS173218|VT-15-1210
700005,one_real_rest_null,2,1,110224,11070650|WPS-70-700005
110409,multiple_real,2,2,156610|102710,VT-35-0009|DS0409
DC66,multiple_real,3,2,97197|173125,21020141|WPS-133-1083|VT-32-1065
70256,multiple_real,3,3,115800|152241|173881,21070288|VT-32-3106|VT-33-0903
206588ALED,multiple_real,2,2,112296|154633,20300115|VT-33-0902
A3758341,multiple_real,2,2,91480|169440,11320622|VT-18-3114
A1849248,multiple_real,2,2,94909|179129,09290019|VT-10-0500
1013040016,multiple_real,2,2,95470|174768,DS223541|VT-36-0765
987016,multiple_real,2,2,97026|132153,19133011|WPS-830-1195
A3581036,multiple_real,2,2,92647|166600,DS188069|VT-12-0925
1023010015,multiple_real,2,2,92762|157600,06521303|VT-36-1536
150131,multiple_real,2,2,93998|142339,DS194195|VT-10-8260
302450,multiple_real,2,2,131605|162650,WPS-820-54666|VT-49-0900
148423,multiple_real,2,2,131607|169428,WPS-820-54680|VT-18-2159
302288,multiple_real,2,2,131608|178407,WPS-820-54669|VT-51-0482
16106,multiple_real,2,2,115179|153718,V16106|VT-32-3049
148400,multiple_real,2,2,131609|103875,WPS-820-54681|11320697
148141,multiple_real,2,2,131610|103874,WPS-820-54683|11321379
148108,multiple_real,2,2,131611|169574,WPS-820-54685|VT-18-8310
237240,multiple_real,2,2,115333|153060,21020205|VT-32-0712
A3339350,multiple_real,2,2,93987|166322,DS194350|VT-12-0206
A5707,multiple_real,2,2,91491|169562,11320658|VT-18-8269
148111,multiple_real,2,2,131616|169575,WPS-820-54686|VT-18-8311
JGI3495504K,multiple_real,2,2,144436|120820,VT-15-0881|09340952
40130047060,multiple_real,2,2,92845|169394,DS223772|VT-18-1118
16739,multiple_real,2,2,131042|156747,WPS-865-01030|VT-35-0363
A6754,multiple_real,2,2,110178|169182,11060026|VT-17-9751
78021,multiple_real,2,2,114386|160143,DS193002|VT-42-0226
5016610041,multiple_real,2,2,95812|144071,DS223759|VT-13-0172
191318,multiple_real,2,2,131622|146552,WPS-820-54692|VT-19-0606
110019,multiple_real,2,2,159514|174750,VT-40-0019|VT-36-0627
A3790500,multiple_real,2,2,91483|169364,11320281|VT-18-0455
296800,multiple_real,2,2,94773|169269,11060061|VT-17-9898
191322,multiple_real,2,2,131623|146556,WPS-820-54696|VT-19-0610
62142,multiple_real,2,2,101986|144223,16010225|VT-14-0700
A2498166,multiple_real,2,2,91357|166814,09500227|VT-12-1516
JGI2700289,multiple_real,2,2,92258|167360,DS174373|VT-14-0625
JGI2526386,multiple_real,2,2,92253|167931,DS174367|VT-15-0932
JGI1754148A,multiple_real,2,2,105221|167978,DS174470|VT-15-1005
S521,multiple_real,2,2,125776|143736,S521|VT-11-9776
A3505052,multiple_real,2,2,91366|168907,09500418|VT-17-0910
1066051,multiple_real,2,2,125332|143590,09280023|VT-11-7715
202038C,multiple_real,2,2,99633|142733,09261985|VT-11-0980
62137,multiple_real,2,2,149852|124227,VT-26-0400|44020048
27400040,multiple_real,2,2,174586|173305,VT-35-2424|VT-32-2185
BG001801,multiple_real,2,2,99861|126767,18610522|WPS-27-5728
2021031,multiple_real,3,3,131914|142876|121054,WPS-191-57075|VT-11-1227|09262963
JGI1705399,multiple_real,2,2,94209|168085,DS173222|VT-15-1208
42815,multiple_real,2,2,170229|141343,VT-23-0554|WPS-820-32004
190401,multiple_real,2,2,130188|153066,WPS-820-2696|VT-32-0742
DR6B,multiple_real,3,2,91983|173666,21200046|WPS-850-08011|VT-32-9611
BA051231,multiple_real,2,2,132004|121191,WPS-27-5798BK|22110172
20813,multiple_real,2,2,132134|117578,WPS-830-1133|24010124
84081,multiple_real,2,2,132147|92339,WPS-830-1185|DS189975
JGI1738699,multiple_real,2,2,92179|168078,DS173223|VT-15-1195
JGI2925078,multiple_real,2,2,92633|167988,DS289104|VT-15-1019
40130089070,multiple_real,2,2,95455|169392,DS223753|VT-18-1116
990417,multiple_real,2,2,132155|97019,WPS-830-1197|19133010
H070789MB1,multiple_real,2,2,119616|150062,06101874|VT-26-2240
1201,multiple_real,3,3,132164|160056|98924,WPS-830-5033|VT-41-0988|09261469
1304,multiple_real,2,2,132167|104965,WPS-830-5037|09250728
8050,multiple_real,2,2,150458|152038,VT-27-1060|VT-30-8050
3534,multiple_real,2,2,150469|122907,VT-27-1072|DS3534
8374,multiple_real,2,2,138357|150752,WPS-56-8374|VT-27-8374
JGI1703007X,multiple_real,2,2,120804|144580,09342097|VT-15-1455
2291,multiple_real,2,2,150724|151567,VT-27-2291|VT-30-0776
302860,multiple_real,2,2,132285|178068,WPS-820-52453|VT-50-0622
JGI3014358,multiple_real,2,2,94191|167992,DS174040|VT-15-1023
302861,multiple_real,2,2,132286|163297,WPS-820-52454|VT-50-0623
302862,multiple_real,2,2,132287|172309,WPS-820-52455|VT-31-0025
108,multiple_real,2,2,127800|160020,WPS-57-0108|VT-41-0134
JGI3490105KF,multiple_real,2,2,120814|144522,09344617|VT-15-1334
28629,multiple_real,2,2,132567|127024,WPS-82-8299|WPS-29-1123
2M4942005,multiple_real,2,2,132593|142945,WPS-865-02001|VT-11-1351
350153,multiple_real,2,2,175578|147596,VT-37-8790|VT-22-0760
88186,multiple_real,2,2,132618|142853,WPS-820-51548|VT-11-1196
606009,multiple_real,2,2,155672|98514,VT-34-0351|07110041
36028,multiple_real,2,2,132623|148668,WPS-820-52286|VT-24-0198
2M6164005,multiple_real,2,2,132790|142951,WPS-865-02004|VT-11-1358
6164,multiple_real,2,2,132794|142465,WPS-865-02008|VT-11-0190
6164010,multiple_real,2,2,132796|142467,WPS-865-02010|VT-11-0192
6164020,multiple_real,2,2,132797|142468,WPS-865-02011|VT-11-0193
6164030,multiple_real,2,2,132798|142469,WPS-865-02012|VT-11-0194
2M6127,multiple_real,2,2,132802|142956,WPS-865-02016|VT-11-1363
2M6127030,multiple_real,2,2,132805|142959,WPS-865-02019|VT-11-1366
2M6127040,multiple_real,2,2,132806|142960,WPS-865-02020|VT-11-1367
6127,multiple_real,2,2,132807|142460,WPS-865-02021|VT-11-0185
6127030,multiple_real,2,2,132810|142463,WPS-865-02024|VT-11-0188
2M6482,multiple_real,2,2,132811|142961,WPS-865-02026|VT-11-1368
2M6482010,multiple_real,2,2,132812|142962,WPS-865-02027|VT-11-1369
500140,multiple_real,2,2,120952|178218,06302835|VT-50-1140
2M6482020,multiple_real,2,2,132813|142963,WPS-865-02028|VT-11-1370
2M6482040,multiple_real,2,2,132815|142965,WPS-865-02030|VT-11-1372
6482,multiple_real,2,2,132816|142451,WPS-865-02031|VT-11-0176
CM255,multiple_real,2,2,132876|162246,WPS-27-M255|VT-48-1812
CM256,multiple_real,2,2,132877|161907,WPS-27-M256|VT-48-0599
2021250,multiple_real,2,2,132967|99711,WPS-191-27050|09500887
241276,multiple_real,3,3,132992|167071|97518,WPS-820-54660|VT-13-0871|11200444
148422,multiple_real,3,3,132994|146194|118372,WPS-820-54720|VT-18-2158|11321583
2020260,multiple_real,2,2,121009|166243,09262866|VT-11-6127
15500,multiple_real,2,2,133020|144953,WPS-132-7065|VT-16-0388
353064,multiple_real,2,2,133108|150225,WPS-820-4064|VT-27-0457
AX068M00,multiple_real,2,2,133170|121186,WPS-27-5830|06310180
JGI6053989KF,multiple_real,2,2,99397|144494,09344618|VT-15-1332
70139,multiple_real,2,2,172170|173428,VT-30-0109|VT-32-7139
70300,multiple_real,2,2,152939|167599,VT-32-3116|VT-15-0179
190310JBS,multiple_real,2,2,152940|118642,VT-32-0178|21050124
NOBDPYH,multiple_real,3,2,113110|173332,21300138|WPS-850-08788|VT-32-5058
DP4B,multiple_real,3,2,94568|173677,21200056|WPS-850-08021|VT-32-9621
110061,multiple_real,2,2,131112|174900,WPS-87-10061|VT-36-2552
19301,multiple_real,2,2,133457|163561,WPS-830-0300|VT-50-2600
19314,multiple_real,2,2,133487|160276,WPS-830-0303|VT-42-0618
20118,multiple_real,3,3,133493|141286|149723,WPS-830-0310|WPS-830-1100|VT-25-3253
20301,multiple_real,2,2,133494|94954,WPS-830-0312|35110027
20308,multiple_real,2,2,133496|149240,WPS-830-0314|VT-25-0050
20314,multiple_real,2,2,133499|149437,WPS-830-0317|VT-25-0771
20318,multiple_real,2,2,133500|149708,WPS-830-0318|VT-25-2288
BZ080000,multiple_real,2,2,121207|139913,22100695|WPS-28-61022
21414,multiple_real,2,2,133516|148124,WPS-830-0339|VT-23-1414
21418,multiple_real,2,2,133518|148127,WPS-830-0341|VT-23-1418
77623,multiple_real,2,2,98773|160123,35010975|VT-42-0189
U080217,multiple_real,2,2,151365|172228,VT-30-0240|VT-30-0601
21411,multiple_real,2,2,133540|148123,WPS-830-0367|VT-23-1411
3576,multiple_real,2,2,95784|178638,DS3576|VT-54-0438
286082,multiple_real,2,2,160354|160113,VT-42-0998|VT-42-0164
2022,multiple_real,2,2,159642|120221,VT-40-0359|07120318
77031,multiple_real,2,2,172442|153857,VT-31-0429|VT-32-7031
DEI2114LB,multiple_real,2,2,133593|99048,WPS-827-05063|14010985
DEIOEM14LS,multiple_real,2,2,133606|99019,WPS-827-05080|14010984
DEIOEMB,multiple_real,2,2,133607|101703,WPS-827-05081|14011032
DEIOEMC,multiple_real,2,2,133608|101694,WPS-827-05082|14011033
TALONOEMB,multiple_real,2,2,133669|99027,WPS-827-05401|14011022
610,multiple_real,2,2,99857|108527,DS305501|07110045
NHCXJ12,multiple_real,2,2,123533|153838,21200369|VT-32-6678
1212,multiple_real,2,2,156415|94027,VT-34-2150|09263368
79600,multiple_real,2,2,101491|173453,08010462|VT-32-7539
302291,multiple_real,2,2,176606|177322,VT-42-1054|VT-46-0339
DC121,multiple_real,2,2,117838|154230,21020025|VT-32-9343
PCC128118,multiple_real,2,2,110419|169668,12040123|VT-20-0060
250029GB,multiple_real,2,2,176614|93424,VT-42-1164|21130494
80176B,multiple_real,2,2,163449|163433,VT-50-1514|VT-50-1305
JGI6056536,multiple_real,2,2,92309|167921,DS174780|VT-15-0919
JGI2624668D,multiple_real,2,2,167935|92307,VT-15-0939|DS174730
80211,multiple_real,2,2,178340|178272,VT-50-1875|VT-50-1505
HBCLF0201,multiple_real,2,2,127456|145400,WPS-490-9950|VT-16-1898
358885,multiple_real,2,2,126552|144936,WPS-235-8885|VT-16-0066
89445,multiple_real,2,2,134186|141793,WPS-820-51408|VT-10-0691
11503,multiple_real,2,2,166051|179011,VT-10-1770|VT-10-0175
120411MD,multiple_real,2,2,97902|154765,20100777|VT-33-1169
8106,multiple_real,2,2,155476|152045,VT-33-8106|VT-30-8106
BDL30884,multiple_real,2,2,96003|146682,DS360011|VT-20-0115
20581,multiple_real,2,2,92906|141294,19133001|WPS-830-1129
77001,multiple_real,2,2,134302|168133,WPS-276-02081|VT-15-1376
JGI3482479,multiple_real,2,2,92328|168005,DS174831|VT-15-1039
208700,multiple_real,2,2,169119|94791,VT-17-8502|DS199418
4550,multiple_real,2,2,134454|111397,WPS-821-2026|17411012
056319,multiple_real,2,2,134467|118094,WPS-820-0536|16220554
84966,multiple_real,3,3,134478|170323|103853,WPS-820-32021|VT-23-0810|17020119
120429,multiple_real,2,2,134496|155640,WPS-820-50578|VT-34-0279
193000,multiple_real,2,2,134497|146753,WPS-820-51223|VT-20-0369
BA053101,multiple_real,2,2,134542|113221,WPS-28-61008|22120814
77933,multiple_real,2,2,144756|156961,VT-15-7933|VT-35-0872
40175,multiple_real,2,2,175530|153215,VT-37-8575|VT-32-1217
10560002,multiple_real,2,2,134573|146768,WPS-827-07000|VT-20-0516
10560005,multiple_real,2,2,134574|146772,WPS-827-07002|VT-20-0550
10560006,multiple_real,2,2,134575|146828,WPS-827-07003|VT-20-0769
10560020,multiple_real,2,2,134576|146829,WPS-827-07005|VT-20-0770
10560026,multiple_real,2,2,134577|146830,WPS-827-07006|VT-20-0771
10560027,multiple_real,2,2,134578|146831,WPS-827-07007|VT-20-0772
55404,multiple_real,2,2,112799|145160,WPS-139-10014|VT-16-0920
12361,multiple_real,2,2,155593|136298,VT-34-0174|WPS-85-4165
DR4B,multiple_real,3,2,94599|173664,21200044|WPS-850-08009|VT-32-9609
2021800,multiple_real,2,2,134630|99704,WPS-191-27792T|09263276
2021850,multiple_real,2,2,134631|99648,WPS-191-27793S|09263277
334148,multiple_real,2,2,125425|142165,334148|VT-10-2560
A4356035,multiple_real,2,2,106530|166536,02130388|VT-12-0708
L226828AC,multiple_real,2,2,97738|154809,20200400|VT-33-1274
106200B,multiple_real,2,2,134676|99121,WPS-812-52299|04080374
2023150,multiple_real,2,2,143158|105347,VT-11-2029|09263220
18438,multiple_real,2,2,134898|154061,WPS-865-01426|VT-32-8438
19259,multiple_real,2,2,134917|176061,WPS-865-01434|VT-39-0143
19260,multiple_real,3,3,134918|170400|176058,WPS-865-01435|VT-23-1019|VT-39-0140
1012,multiple_real,2,2,120219|177679,09250433|VT-49-0909
2021016H,multiple_real,3,3,135081|142868|109359,WPS-191-17046|VT-11-1219|09263306
JGI3491790X,multiple_real,2,2,92173|168100,DS173193|VT-15-1231
062400,multiple_real,2,2,135220|101415,WPS-820-1365|06521570
KB258.010,multiple_real,2,2,143181|103610,VT-11-2218|WPS-824-01002
403,multiple_real,2,2,127813|149685,WPS-57-0403|VT-25-2223
347013,multiple_real,2,2,141695|102711,VT-10-0268|DS194027
C10178FP,multiple_real,2,2,144585|117672,VT-15-1479|09346316
77717,multiple_real,2,2,166752|172572,VT-15-7717|VT-31-1349
78280,multiple_real,2,2,144808|159535,VT-15-8280|VT-40-0057
78282,multiple_real,2,2,144809|160443,VT-15-8282|VT-42-1198
3023010007,multiple_real,2,2,146163|116229,VT-18-1123|DS223762
20304,multiple_real,2,2,95118|149503,35150227|VT-25-0992
20733,multiple_real,2,2,131787|156730,WPS-865-01162|VT-35-0338
77900,multiple_real,3,3,99847|148930|167520,16010175|VT-24-1405|VT-14-7900
JGI6714136,multiple_real,2,2,92314|168019,DS174893|VT-15-1070
BDL13838K,multiple_real,2,2,146800|113226,VT-20-0631|23021252
A2001C,multiple_real,2,2,124229|156673,DS390208|VT-35-0218
6482030,multiple_real,2,2,132819|142454,WPS-865-02034|VT-11-0179
302180,multiple_real,2,2,176726|103714,VT-43-0156|09400440
JGI7019,multiple_real,2,2,92393|167400,DS193632|VT-14-0674
93111,multiple_real,2,2,101421|143416,07010285|VT-11-3111
40150,multiple_real,2,2,116905|153141,20402382|VT-32-1041
8751,multiple_real,3,3,142368|150754|151286,VT-10-8751|VT-27-8751|VT-29-8751
NBR01,multiple_real,2,2,135584|173403,WPS-850-08782|VT-32-6578
78060,multiple_real,2,2,108289|174126,14050080|VT-34-0083
NO2X1202,multiple_real,3,2,123472|153259,WPS-850-08784|18610789|VT-32-1315
NOBDPYHCB,multiple_real,3,2,112978|173333,WPS-850-08790|VT-32-5059|21200810
NHD69201599A,multiple_real,3,2,123554|173338,WPS-850-08794|21201070|VT-32-5066
ATS03A,multiple_real,2,2,135664|155317,WPS-850-09001|VT-33-2276
ATS03B,multiple_real,2,2,135665|155318,WPS-850-09002|VT-33-2277
ATS03D,multiple_real,2,2,135667|153081,WPS-850-09004|VT-32-0794
ILL01,multiple_real,2,2,114672|154555,WPS-850-09013|VT-33-0713
ILL01A,multiple_real,2,2,113985|154612,WPS-850-09014|VT-33-0816
ILL01B,multiple_real,2,2,112494|154611,WPS-850-09016|VT-33-0815
ILL01E,multiple_real,2,2,135680|154779,WPS-850-09019|VT-33-1193
71350,multiple_real,2,2,172630|161400,VT-31-2104|VT-46-0256
ILLCBA,multiple_real,2,2,112523|154780,WPS-850-09030|VT-33-1194
ILLCBB,multiple_real,2,2,112524|154781,WPS-850-09031|VT-33-1195
ILLCBDR,multiple_real,2,2,135697|154994,WPS-850-09034|VT-33-1637
JGI3490194KF,multiple_real,2,2,109514|144519,09344613|VT-15-1331
5113010904,multiple_real,2,2,146166|95436,VT-18-1153|11312051
LE03,multiple_real,2,2,94360|155261,WPS-850-09046|VT-33-2138
LE03A,multiple_real,2,2,112505|155288,WPS-850-09047|VT-33-2213
LE03C,multiple_real,2,2,112506|155289,WPS-850-09048|VT-33-2214
352236,multiple_real,2,2,135710|171588,WPS-820-1988|VT-27-0207
LE03SR,multiple_real,2,2,112508|153656,WPS-850-09050|VT-32-2143
LECBA,multiple_real,2,2,112526|153657,WPS-850-09053|VT-32-2144
6046B,one_real_rest_null,2,1,111853,18011266|WPS-82-96419
LECBB,multiple_real,2,2,112527|153658,WPS-850-09054|VT-32-2145
LECBC,multiple_real,2,2,112528|153660,WPS-850-09055|VT-32-2147
LECBD,multiple_real,2,2,112529|153659,WPS-850-09056|VT-32-2146
352239,multiple_real,2,2,135752|150145,WPS-820-1989|VT-27-0196
20179,multiple_real,2,2,131949|149410,WPS-85-1046|VT-25-0728
148425,multiple_real,3,3,135802|169380|97706,WPS-820-54724|VT-18-0671|11321829
1010,multiple_real,4,4,153139|145348|126762|125965,VT-32-1036|VT-16-1747|WPS-27-4730|WPS-132-7017
604,multiple_real,2,2,117149|145385,21200548|VT-16-1882
7201,one_real_rest_null,2,1,120323,09250533|WPS-874-1935
6164005,multiple_real,2,2,132795|142466,WPS-865-02009|VT-11-0191
MCSCT1,multiple_real,2,2,154006|126947,VT-32-8042|WPS-275-01100
40261,multiple_real,2,2,154038|158185,VT-32-8120|VT-37-4261
200306C,multiple_real,2,2,154324|155151,VT-33-0113|VT-33-1838
7544,multiple_real,2,2,122379|159595,17416262|VT-40-0244
105020,multiple_real,2,2,135868|99122,WPS-812-52300|04040495
105030G,multiple_real,2,2,135871|106640,WPS-812-52303|04040498
105020B,multiple_real,2,2,135872|123744,WPS-812-52304|04040499
7443796,multiple_real,2,2,92063|114622,22100287|DS243612
105120B,multiple_real,2,2,135878|94618,WPS-812-52310|04040543
200444,multiple_real,2,2,155355|112054,VT-33-2357|20010095
80319,multiple_real,2,2,127922|129761,WPS-57-6566|WPS-817-01808
1062A,multiple_real,2,2,156115|147377,VT-34-1457|VT-21-3001
20200390,multiple_real,3,3,155303|152147|97772,VT-33-2259|VT-31-0079|20200390
291,multiple_real,2,2,175292|114106,VT-37-0748|DS098291
20305,multiple_real,3,3,92926|149333|96337,DS190141|VT-25-0488|35150228
600012,multiple_real,2,2,95609|174142,10102650|VT-34-0319
110291P,multiple_real,2,2,175632|91447,VT-37-8934|11070326
TPS30,multiple_real,2,2,95994|146805,DS360048|VT-20-0652
JGI12068,multiple_real,2,2,92186|167420,DS173214|VT-14-0810
801015,multiple_real,2,2,136347|97954,WPS-280-1150|21101101
1013030006,multiple_real,2,2,116218|174755,DS223373|VT-36-0703
19007,multiple_real,2,2,124928|147858,18610869|VT-23-0029
JGI2522536A,multiple_real,2,2,94241|168024,DS174422|VT-15-1077
105135,multiple_real,2,2,136395|106648,WPS-812-52314|04040567
105135B,multiple_real,2,2,136396|99079,WPS-812-52315|04040568
105135G,multiple_real,2,2,136397|123777,WPS-812-52316|04040569
71373A,multiple_real,2,2,172904|173563,VT-32-0406|VT-32-8930
500,multiple_real,2,2,136265|119660,WPS-571-6103|07060016
500762B,multiple_real,2,2,136410|123812,WPS-812-55013|16202331
1390,multiple_real,2,2,105012|145278,09251037|VT-16-1283
JGI1750748,multiple_real,2,2,99488|168026,DS174425|VT-15-1079
210202,multiple_real,2,2,172930|91474,VT-32-0449|11320005
NA14803030,multiple_real,3,2,94550|173391,21200411|WPS-850-08146|VT-32-6547
42817,multiple_real,2,2,170227|141345,VT-23-0551|WPS-820-32006
CM252,multiple_real,2,2,162213|99294,VT-48-1762|WPS-27-M252
3517X,multiple_real,2,2,143726|102949,VT-11-9760|3517X
78288,multiple_real,2,2,160169|144815,VT-42-0269|VT-15-8288
52072RS,multiple_real,2,2,143856|141311,VT-12-0588|WPS-22-53104
216348,multiple_real,2,2,94758|142287,09250598|VT-10-6348
G320316,multiple_real,2,2,169673|91496,VT-20-0240|12020070
87116,multiple_real,2,2,136584|170324,WPS-820-32026|VT-23-0811
H170571T,multiple_real,2,2,107565|172062,06300613|VT-28-0857
86271,multiple_real,2,2,136614|174426,WPS-820-51511|VT-35-0652
86285,multiple_real,2,2,136615|174665,WPS-820-51512|VT-35-9195
86187,multiple_real,2,2,136617|93762,WPS-820-52465|04040315
28188,multiple_real,2,2,136619|170801,WPS-820-52467|VT-24-0097
28187,multiple_real,2,2,136620|170916,WPS-820-52468|VT-24-0449
28186,multiple_real,2,2,136621|170840,WPS-820-52469|VT-24-0181
28185,multiple_real,2,2,136622|170841,WPS-820-52470|VT-24-0182
37488,multiple_real,2,2,136623|170918,WPS-820-52471|VT-24-0451
37487,multiple_real,2,2,136624|170917,WPS-820-52472|VT-24-0450
89786,multiple_real,2,2,136625|142034,WPS-820-58021|VT-10-1608
80041,multiple_real,3,3,136626|119249|142033,WPS-820-58022|09230630|VT-10-1607
801007,multiple_real,3,3,153787|140386|98363,VT-32-5120|WPS-280-1007|801007
2021,multiple_real,2,2,159641|147305,VT-40-0358|VT-21-0934
NTT182,multiple_real,2,2,123489|160041,21300374|VT-41-0198
NHCXMB08,multiple_real,2,2,123527|153823,21200222|VT-32-6653
DTMHP,multiple_real,3,2,123545|173370,21200309|WPS-850-08052|VT-32-6518
NCBH01A,multiple_real,3,2,123550|153670,21200769|WPS-850-08653|VT-32-2213
SOLIDSOCKETS,multiple_real,3,2,91989|173658,WPS-850-08003|VT-32-9603|21200072
10043,multiple_real,2,2,161982|128142,VT-48-1004|WPS-58-5200
500770,multiple_real,2,2,136801|101720,WPS-812-55050|16211054
2M4805005,multiple_real,2,2,142979|137296,VT-11-1398|WPS-865-2047
500770B,multiple_real,2,2,136804|101741,WPS-812-55051|16211055
120027,multiple_real,3,2,113448|173990,24010096|WPS-12-0270|VT-33-1969
327092,multiple_real,3,3,99754|126581|175619,03650054|WPS-232-7092|VT-37-8887
T216924,multiple_real,2,2,92060|176074,22100198|VT-39-0213
8140719000,multiple_real,2,2,124378|124365,08220592|08011364
78468,multiple_real,2,2,141835|144449,VT-10-0834|VT-15-1103
201408,multiple_real,2,2,136911|103811,WPS-820-51153|12102664
88721,multiple_real,2,2,109437|117564,09320219|04040303
339187,multiple_real,2,2,136930|161026,WPS-820-54157|VT-44-0760
339907,multiple_real,2,2,136931|176880,WPS-820-54158|VT-44-0006
339908,multiple_real,2,2,136932|176881,WPS-820-54159|VT-44-0007
302840,multiple_real,2,2,136937|176811,WPS-820-70210|VT-43-0796
JGI1705599X,multiple_real,2,2,112207|144529,20112099|VT-15-1348
78357,multiple_real,2,2,168281|168287,VT-15-8357|VT-15-8366
3020,multiple_real,2,2,153716|131785,VT-32-3047|WPS-132-7043
25003,multiple_real,2,2,124301|174459,09344730|VT-35-0771
JGI1705505X,multiple_real,2,2,120810|168128,09351093|VT-15-1342
223,multiple_real,2,2,175287|167429,VT-37-0742|VT-14-0900
78114,multiple_real,3,3,153310|172217|157362,VT-32-1403|VT-30-0488|VT-35-8114
61000676,multiple_real,2,2,175937|175920,VT-38-0870|VT-38-0633
500773TIN,multiple_real,2,2,137335|123813,WPS-812-02141|16100684
500775,multiple_real,2,2,137336|101734,WPS-812-02142|16021495
500779,multiple_real,2,2,137339|110816,WPS-812-02145|16010571
500779B,multiple_real,2,2,137340|123753,WPS-812-02146|16010572
JGI2541670DL,multiple_real,2,2,105197|144478,09350074|VT-15-1279
6795,one_real_rest_null,2,1,96979,18002321|WPS-82-96505
19135,multiple_real,2,2,171752|141273,VT-27-1227|WPS-865-01204
JGI12067AK,multiple_real,2,2,114172|168067,DS174906|VT-15-1167
78390,multiple_real,2,2,176633|168307,VT-42-1279|VT-15-8390
78361,multiple_real,2,2,168284|150229,VT-15-8361|VT-27-0471
10560030,multiple_real,2,2,137382|146832,WPS-827-07008|VT-20-0773
78564,multiple_real,2,2,167521|169976,VT-14-8564|VT-22-0132
70279,multiple_real,2,2,168899|153908,VT-17-0902|VT-32-7279
901106,multiple_real,2,2,129460|102588,WPS-790-01034|09300006
3033010019,multiple_real,2,2,116156|146225,11313325|VT-18-3273
JGI6064565,multiple_real,2,2,167920|94195,VT-15-0917|DS174230
PV41504,one_real_rest_null,2,1,117883,10204287|WPS-133-4023
9948,multiple_real,2,2,172234|91395,VT-30-0684|10220119
1013010001,multiple_real,2,2,95763|174851,06521307|VT-36-2350
STAMPSOCKETS,multiple_real,3,2,94564|173656,21200038|WPS-850-08001|VT-32-9601
150117,multiple_real,2,2,142342|93984,VT-10-8264|DS194172
99771,multiple_real,2,2,131225|113456,WPS-830-1201|24010118
JGI1863348KF,multiple_real,2,2,144303|99356,VT-15-0070|09343434
78392,multiple_real,2,2,168309|176874,VT-15-8392|VT-43-9169
55151,multiple_real,2,2,107861|171537,06360611|VT-27-0019
40130047010,multiple_real,2,2,169418|92556,VT-18-1148|DS223746
78399,multiple_real,2,2,168312|158786,VT-15-8399|VT-38-0665
NSC01,multiple_real,3,2,101575|153602,20500244|VT-32-1919|WPS-850-08658
78009,multiple_real,2,2,170318|147861,VT-23-0800|VT-23-0042
C770139GB,multiple_real,2,2,97674|178292,15101112|VT-50-1598
77325,multiple_real,2,2,165888|167907,VT-15-7325|VT-15-0888
71093,multiple_real,2,2,125741|160663,10140361|VT-43-0192
77810,multiple_real,2,2,177716|168264,VT-49-1006|VT-15-7810
A9125,multiple_real,2,2,179383|91786,VT-10-8505|09200073
16455,multiple_real,2,2,125727|146568,18010606|VT-19-0673
76753,multiple_real,2,2,123403|152362,08020764|VT-31-0790
72694,multiple_real,2,2,166294|166845,VT-12-0161|VT-12-1767
WT001C,multiple_real,2,2,162953|162954,VT-49-2494|VT-49-2495
76279,multiple_real,2,2,123317|167442,08020890|VT-14-0917
2023100,multiple_real,2,2,143258|105373,VT-11-2342|09263219
78532,multiple_real,2,2,155002|168366,VT-33-1648|VT-15-8532
76306B3,multiple_real,2,2,155576|155579,VT-34-0138|VT-34-0141
PCC125118,multiple_real,2,2,116367|169695,12040130|VT-20-0456
204323C,multiple_real,2,2,121049|126408,09260729|WPS-191-57040C
61026,multiple_real,2,2,95039|163981,16201484|VT-52-0071
JGI3495589K,multiple_real,2,2,167902|114165,VT-15-0874|DS174955
78612,multiple_real,2,2,155065|144886,VT-33-1726|VT-15-8612
86162,multiple_real,2,2,155451|172561,VT-33-6162|VT-31-1300
4793,multiple_real,2,2,150315|147364,VT-27-0722|VT-21-2025
102130,multiple_real,2,2,137256|123751,WPS-812-02117|06401674
40115,multiple_real,2,2,153844|94960,VT-32-6684|20101458
8483,multiple_real,2,2,151964|173897,VT-30-4012|VT-33-1107
7353,multiple_real,2,2,160207|151212,VT-42-0386|VT-29-1164
MCCBR1,multiple_real,2,2,92050|173618,WPS-275-01010|VT-32-9207
678H.HF,multiple_real,2,2,148342|124904,VT-23-4556|17211923
2C5232,multiple_real,2,2,142998|137292,VT-11-1430|WPS-865-2043
77340,multiple_real,2,2,144661|161063,VT-15-7340|VT-44-0894
NM334722001,multiple_real,3,2,91999|173690,21200322|WPS-850-08318|VT-32-9681
L226828R,multiple_real,2,2,154807|112225,VT-33-1272|20200398
76033,multiple_real,2,2,108626|155279,08010456|VT-33-2194
TJA063,multiple_real,2,2,138337|174186,WPS-820-50678|VT-34-0934
40371,multiple_real,2,2,165311|102863,VT-73-371|10102894
JGI2607793,multiple_real,2,2,168039|99355,VT-15-1117|09343431
40177,multiple_real,2,2,175533|153478,VT-37-8577|VT-32-1687
H4P43T2,multiple_real,2,2,154341|118714,VT-33-0181|20010378
76182,multiple_real,2,2,108807|154412,08020486|VT-33-0361
040901AGB,multiple_real,2,2,118734|158518,24011046|VT-37-9399
86132,multiple_real,2,2,170550|155447,VT-23-1995|VT-33-6132
2M4941005,multiple_real,3,3,137298|142985|142948,WPS-865-2050|VT-11-1414|VT-11-1355
THICKYOEM14LS,multiple_real,2,2,133689|98983,WPS-827-05425|14010979
B060198ASP,multiple_real,2,2,170357|91614,VT-23-0908|17103155
2021017H,multiple_real,2,2,135082|109351,WPS-191-17047|09263018
94643,multiple_real,2,2,146897|149104,VT-20-4643|VT-24-1932
94644,multiple_real,2,2,146898|171156,VT-20-4644|VT-24-1909
AC1156AR,multiple_real,2,2,133979|154954,WPS-227-0016|VT-33-1587
C770081,multiple_real,2,2,130172|163135,WPS-820-2626|VT-50-0040
102025B,multiple_real,2,2,138434|91848,WPS-820-60403|21020308
102029,multiple_real,2,2,138437|97753,WPS-820-60406|21020228
102001,multiple_real,3,3,138439|173035|93375,WPS-820-60408|VT-32-0743|21020225
102003,multiple_real,3,3,138440|91846|101779,WPS-820-60409|21020244|04160037
102004,multiple_real,4,4,138441|173044|93408|106736,WPS-820-60410|VT-32-0771|21020274|04160038
402,multiple_real,2,2,175673|127811,VT-37-9040|WPS-57-0402
102014,multiple_real,2,2,138446|97759,WPS-820-60415|21020359
H070593SMB,multiple_real,2,2,119456|150004,06102324|VT-26-1053
9088,multiple_real,2,2,160391|160404,VT-42-1093|VT-42-1110
KB305.010,multiple_real,2,2,143207|104246,VT-11-2259|WPS-824-01008
2020691C,multiple_real,3,3,126370|142788|105360,WPS-191-57010C|VT-11-1061|09262008
5517,multiple_real,2,2,145249|96734,VT-16-1191|17411030
120074,multiple_real,3,2,152323|123247,VT-31-0686|24010557|WPS-57-20074
JGI1703466X,multiple_real,2,2,94170|168073,DS174973|VT-15-1187
202024C,multiple_real,3,3,126418|142724|99661,WPS-191-57045C|VT-11-0970|09260752
CM250,multiple_real,2,2,99282|162212,WPS-27-M250|VT-48-1761
DEI2114LC,multiple_real,2,2,133594|101661,WPS-827-05064|14011026
DEI2313EC,multiple_real,2,2,133597|123726,WPS-827-05067|14011037
302912,multiple_real,2,2,138986|160157,WPS-820-51927|VT-42-0249
053842,multiple_real,2,2,138988|107497,WPS-820-54379|06102257
8476,multiple_real,2,2,150633|150568,VT-27-1762|VT-27-1549
76695,multiple_real,2,2,123266|172503,08010742|VT-31-0841
SG2,multiple_real,2,2,146865|95940,VT-20-0965|DS360158
40263,multiple_real,2,2,158187|154040,VT-37-4263|VT-32-8122
H070790MB4,multiple_real,2,2,171486|93777,VT-26-2230|06150276
77720,multiple_real,2,2,170266|167558,VT-23-0680|VT-15-7720
EVRD1,multiple_real,2,2,146856|116409,VT-20-0928|DS360400
CTX14LBSFT,multiple_real,2,2,139480|104011,WPS-49-3033|21130769
20189,multiple_real,2,2,131029|149600,WPS-85-4060|VT-25-1838
78418,multiple_real,2,2,154990|168328,VT-33-1633|VT-15-8418
78545,multiple_real,2,2,168371|151719,VT-15-8545|VT-30-1312
A3001C,multiple_real,2,2,133704|108413,WPS-274-0509|07050082
A1351T,multiple_real,2,2,165667|165666,VT-8861-8|VT-8860-8
202054C,multiple_real,2,2,126423|109323,WPS-191-57048C|09261988
77428,multiple_real,2,2,144698|159288,VT-15-7428|VT-39-0459
8082,multiple_real,2,2,98894|138356,09251070|WPS-56-8082
6057,multiple_real,3,2,96986|140703,WPS-82-96024|WPS-681-4638|18011244
JGI6054065,multiple_real,2,2,94216|168044,DS173394|VT-15-1128
6257,multiple_real,3,2,103344|170401,WPS-82-96381|VT-23-1020|18020392
78551,multiple_real,2,2,168376|164548,VT-15-8551|VT-53-0877
58606,multiple_real,2,2,146933|138011,VT-20-8606|WPS-57-058607
H070749,multiple_real,2,2,150041|98476,VT-26-2208|06120146
H070585B,multiple_real,2,2,171418|107355,VT-26-0981|06100187
KB348.010,multiple_real,2,2,109143|143213,WPS-824-01363|VT-11-2276
63664B,multiple_real,2,2,150048|150046,VT-26-2216|VT-26-2214
1013030021,multiple_real,2,2,157539|95819,VT-36-0762|DS223416
2021061H,multiple_real,2,2,139954|120997,WPS-191-17049|09263344
10HC350,multiple_real,2,2,139959|121062,WPS-191-57100|09263351
808H.LS,multiple_real,2,2,170529|105772,VT-23-1952|17211752
88252,multiple_real,2,2,133302|176283,WPS-820-26354|VT-40-0634
41SI,multiple_real,2,2,146841|95965,VT-20-0904|11200429
40247,multiple_real,2,2,158154|153459,VT-37-4024|VT-32-1656
77033,multiple_real,2,2,156169|153858,VT-34-1565|VT-32-7033
B281350B,one_real_rest_null,2,1,96273,WPS-750-05582|13102333
062430,one_real_rest_null,2,1,101411,WPS-70-602430|06523246
V30HTCHB,one_real_rest_null,2,1,123629,WPS-206-40117|06303423
V30HTCHU,one_real_rest_null,2,1,123640,WPS-206-40119|06303425
1274,multiple_real,2,2,154367|153249,VT-33-0232|VT-32-1301
81033,multiple_real,3,2,119238|148936,WPS-820-53031|04140735|VT-24-1428
81243,one_real_rest_null,2,1,148937,WPS-820-53033|VT-24-1429
4321,multiple_real,2,2,176852|95286,VT-43-1055|06500707
8130,multiple_real,3,2,103608|152054,DS290149|VT-30-8130|WPS-133-4014
6986,one_real_rest_null,2,1,117442,WPS-82-96084|18001750
6208RB,one_real_rest_null,2,1,117480,WPS-82-96418|18011219
6957T,one_real_rest_null,2,1,96880,WPS-82-96559|18001829
191321,multiple_real,2,2,131621|146555,WPS-820-54695|VT-19-0609
GBDU002,one_real_rest_null,2,1,99133,WPS-17-DU002|17104922
GBDU004,one_real_rest_null,2,1,99111,WPS-17-DU004|17104924
GBDU009,one_real_rest_null,2,1,99113,WPS-17-DU009|17104929
3200355,multiple_real,2,2,142225|105870,VT-10-3506|09220143
4542,multiple_real,2,2,109843|176155,17411007|VT-39-0941
1023040014,multiple_real,2,2,157590|92811,VT-36-1514|DS224007
81028,multiple_real,2,2,119205|177981,07100283|VT-50-0032
204171,multiple_real,3,3,140269|143556|99674,WPS-191-17001|VT-11-6002|DS198972
78149,multiple_real,2,2,170749|168277,VT-23-9270|VT-15-8149
202013,multiple_real,3,3,140275|166238|94320,WPS-191-17007|VT-11-6093|09260328
200789,multiple_real,3,3,140277|144111|94317,WPS-191-27790|VT-13-0789|DS199209
216337,multiple_real,2,2,142311|109229,VT-10-8146|09250115
204197,multiple_real,3,3,140281|94316|143562,WPS-191-17015|DS198976|VT-11-6010
204196,multiple_real,3,3,140284|143558|92517,WPS-191-17021|VT-11-6004|DS198975
251001,multiple_real,2,2,140288|98306,WPS-22-51001|A251001
3200350,multiple_real,2,2,142226|102543,VT-10-3507|09220156
251368,multiple_real,2,2,140292|92079,WPS-22-51368|A251368
251369,multiple_real,2,2,140293|98310,WPS-22-51369|A251369
901,multiple_real,2,2,145415|177678,VT-16-2130|VT-49-0908
60301,multiple_real,2,2,151859|96328,VT-30-2204|16210895
34168,multiple_real,2,2,122500|149730,06510006|VT-25-4168
JGI1677766S,multiple_real,2,2,167965|92267,VT-15-0990|DS174409
9905,multiple_real,2,2,173646|99070,VT-32-9303|18611363
JGI3565406F,multiple_real,2,2,94121|168115,09341193|VT-15-1260
5554,multiple_real,2,2,104996|96848,10103330|17411050
P80147,multiple_real,2,2,120429|157941,DS175013|VT-37-0816
MCDR90X,multiple_real,2,2,92587|172804,WPS-275-01023|VT-32-0157
MCSPA1,multiple_real,2,2,91098|173570,WPS-275-01070|VT-32-9020
MCSPA2,multiple_real,2,2,91099|172949,WPS-275-01071|VT-32-0518
MCNSS2,multiple_real,2,2,91865|173589,WPS-275-01081|VT-32-9065
MCNSS4,multiple_real,2,2,91866|173293,WPS-275-01083|VT-32-2025
MCNSS5,multiple_real,2,2,91867|172782,WPS-275-01084|VT-32-0069
MCRLY4,multiple_real,2,2,91898|173593,WPS-275-01093|VT-32-9076
MCRLY5,multiple_real,2,2,91897|173033,WPS-275-01094|VT-32-0737
MCRLY6,multiple_real,2,2,91891|172955,WPS-275-01095|VT-32-0536
76005,multiple_real,2,2,101498|170957,08021506|VT-24-0622
MCRLY9,multiple_real,2,2,91902|173140,WPS-275-01097|VT-32-1160
5428,multiple_real,2,2,120301|95338,10103140|06510422
MCVOS3,multiple_real,2,2,98147|173596,WPS-275-01152|VT-32-9083
39904,multiple_real,2,2,166050|179010,VT-10-1769|VT-10-0174
801010,multiple_real,2,2,140388|119045,WPS-280-1010|801010
801013,multiple_real,2,2,140389|97956,WPS-280-1013|21100247
JGI1677036,multiple_real,2,2,168046|91232,VT-15-1131|09342187
1704907X,multiple_real,2,2,168171|140847,VT-15-1453|WPS-681-5216
76862,multiple_real,2,2,98485|170589,08010933|VT-23-2288
JGI92FLH,multiple_real,2,2,114130|144433,DS173375|VT-15-0856
76707,multiple_real,2,2,123407|177302,08030399|VT-45-0952
77433,multiple_real,2,2,144633|171774,VT-15-7433|VT-27-1452
7199,one_real_rest_null,2,1,99002,09320231|WPS-874-1934
50356,multiple_real,2,2,96426|171233,06360576|VT-25-0356
50153,multiple_real,2,2,96318|126987,06360613|WPS-28-2027
83009,multiple_real,2,2,160342|123353,VT-42-0949|08021193
C9435,multiple_real,2,2,96123|92207,WPS-68-9435|09350186
22001,multiple_real,2,2,134598|127839,WPS-139-10009|WPS-57-1110
148432,multiple_real,2,2,169427|141397,VT-18-2157|WPS-820-54719
170378,multiple_real,2,2,125453|155919,DS289404|VT-34-0981
353061,multiple_real,2,2,133080|150965,WPS-820-4057|VT-28-0871
40262,multiple_real,2,2,158186|154039,VT-37-4262|VT-32-8121
C9632,multiple_real,3,2,92937|144270,WPS-68-9632|VT-14-5819|09350154
JGI2699586D,multiple_real,2,2,144216|91177,VT-14-0678|09340548
61047,multiple_real,2,2,164075|164055,VT-52-0390|VT-52-0308
11063,multiple_real,2,2,130273|158921,WPS-820-51253|VT-38-0991
S410195006002,multiple_real,2,2,167547|167548,VT-15-0107|VT-15-0108
78161,multiple_real,2,2,176685|114398,VT-42-9996|DS193813
JGI3495589,multiple_real,2,2,167918|94190,VT-15-0913|DS174014
JGI8316251DL,multiple_real,2,2,167404|92394,VT-14-0680|DS194460
94168,multiple_real,2,2,170943|146658,VT-24-0594|VT-19-4168
MCRLY8,multiple_real,2,2,173041|97917,VT-32-0768|WPS-275-01096
1704192MLS,multiple_real,3,3,140612|144539|91214,WPS-681-4380|VT-15-1358|09341591
1703583MLS,multiple_real,3,3,140614|144344|99362,WPS-681-4382|VT-15-1360|09341589
1703383MLS,multiple_real,2,2,140618|94154,WPS-681-4386|09340946
1863448A/B,multiple_real,2,2,140629|99508,WPS-681-4466|DS174370
101561,multiple_real,2,2,115159|148992,PS01561|VT-24-1561
18432,multiple_real,2,2,134904|154058,WPS-865-01427|VT-32-8432
105410,multiple_real,2,2,136398|123800,WPS-812-52317|04040623
78819,multiple_real,2,2,144299|144298,VT-15-0064|VT-15-0063
11062,multiple_real,2,2,130271|158919,WPS-820-51251|VT-38-0990
3143384A,multiple_real,2,2,140695|175630,WPS-681-4627|VT-37-8931
77446,multiple_real,2,2,144322|145265,VT-15-7446|VT-16-1262
11191,multiple_real,2,2,140731|167437,WPS-681-4686|VT-14-0913
291312,multiple_real,2,2,130483|169953,WPS-820-54202|VT-21-2065
6352957,multiple_real,2,2,140772|167235,WPS-681-4871|VT-14-0147
1702691MLS,multiple_real,3,3,140844|144546|91181,WPS-681-5212|VT-15-1367|09341586
NU9001,multiple_real,2,2,155906|125670,VT-34-0906|DS289509
060173,multiple_real,2,2,140994|170111,WPS-70-6173|VT-23-0305
060174,multiple_real,2,2,140995|170115,WPS-70-6174|VT-23-0310
060175,multiple_real,2,2,140996|170117,WPS-70-6175|VT-23-0312
JGI3491706F,multiple_real,2,2,94155|168113,09341190|VT-15-1258
080008,multiple_real,2,2,127924|168560,WPS-57-8008|VT-16-0992
F510642M,multiple_real,2,2,141041|97743,WPS-820-0393|20400584
A3536352,multiple_real,2,2,104799|168986,DS194326|VT-17-1129
NU3403,multiple_real,2,2,94682|174175,DS289500|VT-34-0900
JGI6056765B,multiple_real,2,2,105232|167836,DS174305|VT-15-0700
94165,multiple_real,2,2,146657|148912,VT-19-4165|VT-24-1354
78279,multiple_real,2,2,159533|144807,VT-40-0055|VT-15-8279
71102,multiple_real,2,2,102871|157348,10103295|VT-35-7112
770037,multiple_real,2,2,141132|178160,WPS-820-2603|VT-50-1001
B350221,multiple_real,2,2,141134|110917,WPS-820-2628|16110032
T030154,multiple_real,2,2,91840|175917,07110245|VT-40-0924
JGI2524499K,multiple_real,2,2,120845|168175,DS173229|VT-15-1461
PH125HD04C,multiple_real,2,2,173340|153177,VT-32-5116|VT-32-1151
351565,multiple_real,2,2,141182|178034,WPS-820-52353|VT-50-0278
JGI2522593X,multiple_real,2,2,167845|92231,VT-15-0722|DS174202
77322,multiple_real,2,2,165648|149835,VT-15-7322|VT-26-0115
H1200,multiple_real,2,2,141227|173451,WPS-820-60114|VT-32-7534
H1200C,multiple_real,2,2,141228|173464,WPS-820-60115|VT-32-7562
NA14802880,multiple_real,3,2,101540|173575,21200424|WPS-850-08159|VT-32-9033
H1075,multiple_real,2,2,141239|172992,WPS-820-60128|VT-32-0615
H4607,multiple_real,2,2,141244|173102,WPS-820-60134|VT-32-0981
H2386,multiple_real,2,2,141250|173468,WPS-820-60144|VT-32-7570
H0482,multiple_real,2,2,141251|172961,WPS-820-60146|VT-32-0620
H0478,multiple_real,2,2,141253|172993,WPS-820-60148|VT-32-0617
H614,multiple_real,2,2,141255|153042,WPS-820-60150|VT-32-0619
20276,multiple_real,2,2,149244|144061,VT-25-0134|VT-12-9969
14274,multiple_real,2,2,141265|172216,WPS-865-01002|VT-30-0487
19139,multiple_real,2,2,141277|170175,WPS-865-01208|VT-23-0431
JGI1863448F,multiple_real,2,2,105215|168161,09343433|VT-15-1439
19140,multiple_real,2,2,141278|148502,WPS-865-01209|VT-23-9242
21462,multiple_real,3,3,141285|148150|91806,WPS-830-1104|VT-23-1462|20053001
98185,multiple_real,2,2,141290|97048,WPS-830-1117|DS189702
06041,multiple_real,2,2,141310|95353,WPS-820-51289|23300024
85124,multiple_real,2,2,141321|173502,WPS-820-50830|VT-32-7782
JGI3515152A,multiple_real,2,2,167368|92440,VT-14-0635|DS194415
A1745073,multiple_real,2,2,166877|94011,VT-12-2122|09270013
76693,multiple_real,2,2,123293|168124,08010740|VT-15-1329
42816,multiple_real,2,2,141344|170231,WPS-820-32005|VT-23-0580
42844,multiple_real,2,2,141348|170260,WPS-820-32009|VT-23-0634
BDLSPC13324,multiple_real,2,2,97632|169757,12040092|VT-20-4023
080526,multiple_real,2,2,178099|128018,VT-50-0801|WPS-57-8526
26533,multiple_real,2,2,141358|143670,WPS-820-58015|VT-11-9506
39898,multiple_real,2,2,141361|179263,WPS-820-58020|VT-10-1211
77418,multiple_real,2,2,150381|144688,VT-27-0863|VT-15-7418
111130,multiple_real,2,2,149130|101778,VT-24-2056|DS222056
NM334810301,multiple_real,3,2,91994|173691,21200323|WPS-850-08320|VT-32-9682
18420,multiple_real,2,2,141430|153334,WPS-865-01090|VT-32-1443
18427,multiple_real,2,2,141436|154055,WPS-865-01096|VT-32-8427
30100,multiple_real,2,2,141438|174438,WPS-865-01290|VT-35-0715
170129,multiple_real,2,2,167216|92415,VT-14-0125|DS194202
STAMPPINS,multiple_real,3,2,101563|173655,WPS-850-08000|21200037|VT-32-9600
202331C,multiple_real,2,2,99744|142775,09260703|VT-11-1040
DR2B,multiple_real,3,2,94597|173660,WPS-850-08005|VT-32-9605|21200040
2022500,multiple_real,2,2,143255|99707,VT-11-2339|09263315
DR12B,multiple_real,3,2,101565|173671,WPS-850-08015|VT-32-9615|21200050
DP6B,multiple_real,3,2,91984|173679,WPS-850-08023|21200058|VT-32-9623
MDR2B,multiple_real,3,2,92001|173371,WPS-850-08040|VT-32-6519|21200390
MDR4B,multiple_real,3,2,92003|173372,WPS-850-08042|21200391|VT-32-6520
MDR12B,multiple_real,3,2,92004|173374,WPS-850-08045|VT-32-6522|21200394
MDP8B,multiple_real,3,2,94549|173377,WPS-850-08050|21200398|VT-32-6525
NA1736311,multiple_real,3,2,91988|173088,WPS-850-08100|VT-32-0936|21200193
13105,multiple_real,2,2,130299|176478,WPS-820-51451|VT-42-0499
NA1740572,multiple_real,3,2,91992|173387,WPS-850-08120|21200402|VT-32-6542
NA1738502,multiple_real,2,2,141515|173367,WPS-850-08113|VT-32-6512
C770099GB,multiple_real,2,2,175412|93336,VT-37-1157|15100317
NA14803180,multiple_real,3,2,94614|173599,WPS-850-08145|VT-32-9094|21200410
NA14804240,multiple_real,3,2,92007|173393,WPS-850-08147|21200412|VT-32-6549
NA14802700,multiple_real,3,2,101602|173532,WPS-850-08148|21200413|VT-32-8035
24570,multiple_real,2,2,178674|175675,VT-73-0042|VT-37-9055
NA14802830,multiple_real,3,2,92014|173395,WPS-850-08149|VT-32-6551|21200414
NA14802870,multiple_real,3,2,94551|173576,WPS-850-08151|VT-32-9034|21200416
NA14803050,multiple_real,3,2,92015|173392,WPS-850-08154|21200419|VT-32-6548
NA14804260,multiple_real,3,2,94552|173394,WPS-850-08155|VT-32-6550|21200420
NA14803400,multiple_real,3,2,94580|173531,WPS-850-08156|21200421|VT-32-8034
NA14803450,multiple_real,3,2,101571|173396,WPS-850-08157|21200422|VT-32-6552
NA2820801,multiple_real,2,2,141543|173709,WPS-850-08161|VT-32-9702
20271,multiple_real,2,2,171227|174232,VT-25-0183|VT-34-1512
JGI1702691,multiple_real,2,2,94157|167873,20111001|VT-15-0818
2M4941010,multiple_real,3,3,142986|142927|137299,VT-11-1415|VT-11-1356|WPS-865-2051
NM330001002,multiple_real,3,2,91997|173706,WPS-850-08300|VT-32-9700|21200342
NM334710301,multiple_real,3,2,98838|173684,WPS-850-08304|VT-32-9673|21200314
NM334821201,multiple_real,3,2,98854|173702,21200336|WPS-850-08329|VT-32-9695
NM334721202,multiple_real,3,2,94577|173699,WPS-850-08315|VT-32-9692|21200333
77816,multiple_real,2,2,148485|168405,VT-23-9160|VT-15-8716
NM334721601,multiple_real,3,2,91986|173689,WPS-850-08316|VT-32-9680|21200321
78407,multiple_real,2,2,153364|168319,VT-32-1483|VT-15-8407
NM334810302,multiple_real,3,2,91995|173701,WPS-850-08321|VT-32-9694|21200335
NM334823601,multiple_real,3,2,101577|173697,WPS-850-08326|VT-32-9690|21200331
NM334820801,multiple_real,3,2,94584|173693,WPS-850-08327|21200327|VT-32-9686
NM334821202,multiple_real,3,2,94575|173695,WPS-850-08330|VT-32-9688|21200329
NM334821601,multiple_real,3,2,94576|173696,WPS-850-08331|VT-32-9689|21200330
20000,multiple_real,2,2,178396|172444,VT-51-0299|VT-31-0442
NM334821602,multiple_real,3,2,94609|173704,WPS-850-08332|VT-32-9698|21200339
NM343450001,multiple_real,3,2,91996|173705,WPS-850-08333|21200340|VT-32-9699
NM314032100,multiple_real,2,2,141599|94589,WPS-850-08334|21200617
NFATO10,multiple_real,3,2,92048|173400,WPS-850-08417|VT-32-6564|21300086
NFATO15,multiple_real,3,2,92046|173401,WPS-850-08418|21300087|VT-32-6565
70910B,multiple_real,2,2,163150|163152,VT-50-0065|VT-50-0067
5502,multiple_real,2,2,145202|151892,VT-16-1030|VT-30-3010
6938009BHP,multiple_real,2,2,172304|172308,VT-31-0013|VT-31-0022
NHD3243500,multiple_real,3,2,92010|173308,WPS-850-08772|VT-32-2224|21200594
NHD3243501,multiple_real,3,2,92012|173309,WPS-850-08773|VT-32-2225|21200595
NHD7015399,multiple_real,3,2,123522|173209,WPS-850-08775|21201018|VT-32-1616
NHD69200533,multiple_real,3,2,94607|173337,WPS-850-08777|21200654|VT-32-5065
20267,multiple_real,2,2,141677|149252,VT-10-0137|VT-25-0143
26529,multiple_real,2,2,141678|111949,VT-10-0138|18610709
86269,multiple_real,2,2,141679|141676,VT-10-0144|VT-10-0156
2460058B,multiple_real,2,2,141698|92498,VT-10-0250|DS197067
350,multiple_real,3,3,149672|173319|103797,VT-25-2202|VT-32-3500|17420105
2021400,multiple_real,2,2,144141|121015,VT-13-2131|09263000
1810,multiple_real,2,2,141747|120610,VT-10-0571|09290023
24591,multiple_real,2,2,141779|99250,VT-10-0642|DS194271
3200352,multiple_real,2,2,141840|125094,VT-10-0846|09220121
2058,multiple_real,2,2,158436|98969,VT-37-8964|09250752
4431,multiple_real,2,2,150320|94406,VT-27-0729|06510406
A6506B,multiple_real,2,2,141932|92120,VT-10-1149|09220110
3022,multiple_real,2,2,150632|150684,VT-27-1761|VT-27-1984
JGI3523039DL,multiple_real,2,2,167370|92296,VT-14-0637|DS174538
78116,multiple_real,2,2,179352|123308,VT-10-8179|08200016
78445,multiple_real,2,2,168344|170591,VT-15-8445|VT-23-2307
JGI1677984X,multiple_real,2,2,144464|91190,VT-15-1252|09340949
77845,multiple_real,2,2,176142|168273,VT-39-0704|VT-15-7845
JGI3259170,multiple_real,2,2,92234|167999,DS174240|VT-15-1032
77968,multiple_real,2,2,144780|178277,VT-15-7968|VT-50-1513
77948,multiple_real,2,2,144761|178246,VT-15-7948|VT-50-1197
78459,multiple_real,2,2,168353|151003,VT-15-8459|VT-28-0984
5020001077,multiple_real,2,2,116189|146308,DS223742|VT-18-8306
3100232,multiple_real,2,2,142373|102603,VT-10-8799|09010188
6127010,multiple_real,2,2,142461|132808,VT-11-0186|WPS-865-02022
76292,multiple_real,2,2,165391|123275,VT-7824-12T|08010986
200390,multiple_real,2,2,104051|142644,24010078|VT-11-0743
A25319SET,multiple_real,2,2,143956|94994,VT-12-1530|DS194160
202021,multiple_real,2,2,142709|126411,VT-11-0951|WPS-191-57042
202321,multiple_real,2,2,142766|99632,VT-11-1025|09260700
202321C,multiple_real,2,2,142772|109294,VT-11-1035|09260702
2020691,multiple_real,3,3,142782|126369|121033,VT-11-1055|WPS-191-57010|09262007
2020692,multiple_real,3,3,142783|126425|121034,VT-11-1056|WPS-191-57050|09262009
2020692C,multiple_real,3,3,142789|126426|121083,VT-11-1062|WPS-191-57050C|09262010
202020,multiple_real,2,2,142826|126409,VT-11-1164|WPS-191-57041
202030,multiple_real,2,2,142827|126377,VT-11-1165|WPS-191-57017
PS1250,multiple_real,2,2,146549|146535,VT-19-0600|VT-19-0571
H070593S,multiple_real,2,2,119165|150003,06102323|VT-26-1052
120417A,multiple_real,2,2,118640|154652,20100781|VT-33-0935
77327,multiple_real,2,2,165948|157428,VT-15-7327|VT-35-9355
6083030011,multiple_real,2,2,95792|146169,11300209|VT-18-1156
2M6127010,multiple_real,2,2,142957|132803,VT-11-1364|WPS-865-02017
3885VMF,multiple_real,3,2,134593|106434,VT-11-1423|WPS-3885VMF|09120932
2C5231,multiple_real,2,2,142994|137288,VT-11-1426|WPS-865-2040
2023050,multiple_real,2,2,143157|121055,VT-11-2028|09263218
202020M,multiple_real,2,2,143216|99640,VT-11-2300|09262266
202030M,multiple_real,2,2,143224|121018,VT-11-2308|09262274
202031M,multiple_real,2,2,143225|99728,VT-11-2309|09262275
202051M,multiple_real,2,2,143243|99687,VT-11-2327|09262283
2022000,multiple_real,2,2,143252|121060,VT-11-2336|09263307
78661,multiple_real,2,2,144902|173958,VT-15-8661|VT-33-1612
EVBB2SL,multiple_real,2,2,146798|92692,VT-20-0629|11200247
37017,multiple_real,2,2,143325|93269,VT-11-2700|17414263
2000,multiple_real,2,2,143327|151602,VT-11-2703|VT-30-0837
78471,multiple_real,2,2,144840|158872,VT-15-8471|VT-38-0883
B060199ASP,multiple_real,2,2,170356|103738,VT-23-0907|17103157
H070730,multiple_real,2,2,149952|104449,VT-26-0956|06102253
78671,multiple_real,2,2,144296|167530,VT-15-0061|VT-15-0060
VT2797,multiple_real,2,2,143790|102935,VT-11-9975|09031170
K2802,multiple_real,2,2,143799|102947,VT-11-9988|09031676
77480,multiple_real,2,2,144699|172536,VT-15-7480|VT-31-1274
JGI2541670X,multiple_real,2,2,99513|167837,DS174457|VT-15-0701
76385,multiple_real,2,2,154472|103902,VT-33-0457|20300169
316200,multiple_real,2,2,144014|105998,VT-12-8001|DS194063
70290,multiple_real,2,2,153730|144312,VT-32-3071|VT-15-0197
9885,multiple_real,2,2,166779|161848,VT-12-9885|VT-48-0307
334242,multiple_real,2,2,144058|94606,VT-12-9957|09320125
74342B,multiple_real,2,2,144079|166860,VT-13-0352|VT-13-0482
77462,multiple_real,2,2,171048|144569,VT-24-1045|VT-15-7462
78388,multiple_real,2,2,168305|147574,VT-15-8388|VT-22-0716
2021550,multiple_real,2,2,144143|99670,VT-13-2151|09263002
710344,multiple_real,2,2,144188|109329,VT-14-0144|09262047
JGI4650801,multiple_real,2,2,144212|120793,VT-14-0587|09346496
1795548FLR,multiple_real,3,3,144234|128589|94285,VT-14-0823|WPS-681-4747|DS174536
5193020*N/A,multiple_real,2,2,142428|142426,VT-11-0122|VT-11-0119
89238,multiple_real,2,2,148920|104361,VT-24-1380|04140736
C9691,multiple_real,2,2,144354|93108,VT-15-0478|DS172089
A3735741,multiple_real,2,2,92384|169464,DS193159|VT-18-3202
78477,multiple_real,2,2,155027|144846,VT-33-1681|VT-15-8477
JGI2541699X,multiple_real,2,2,144459|94103,VT-15-1224|09340289
JGI1754148DL,multiple_real,2,2,144471|94149,VT-15-1271|09340726
6532483KW2,multiple_real,2,2,144473|99424,VT-15-1274|18610459
K2805,multiple_real,2,2,143797|106183,VT-11-9986|09031679
JGI11125XMF,multiple_real,2,2,144482|94679,VT-15-1283|09341581
JGI1705299X,multiple_real,2,2,144535|94188,VT-15-1354|DS173532
JGI1705399X,multiple_real,2,2,144536|94161,VT-15-1355|20112098
JGI6054706KF,multiple_real,2,2,144570|120806,VT-15-1426|09263301
77872,multiple_real,2,2,144743|176039,VT-15-7872|VT-39-0030
77874,multiple_real,2,2,144744|170810,VT-15-7874|VT-24-0113
212335,multiple_real,2,2,103001|142146,DS199328|VT-10-2331
78264,multiple_real,2,2,144796|169872,VT-15-8264|VT-21-0751
78277,multiple_real,2,2,144806|159531,VT-15-8277|VT-40-0053
78294,multiple_real,2,2,144820|158837,VT-15-8294|VT-38-0781
78586,multiple_real,2,2,144874|169097,VT-15-8586|VT-17-8083
78613,multiple_real,2,2,144887|155079,VT-15-8613|VT-33-1741
78642,multiple_real,2,2,144900|155755,VT-15-8642|VT-34-0494
80645,multiple_real,2,2,128216|173047,WPS-59-9195|VT-32-0775
937,multiple_real,2,2,144994|156071,VT-16-0322|VT-34-1390
3005SEX,multiple_real,2,2,125978|153697,WPS-132-7039|VT-32-3016
CE801007,multiple_real,2,2,140337|173069,WPS-273-1413|VT-32-0868
90201,multiple_real,2,2,145129|178165,VT-16-0807|VT-50-1010
78712,multiple_real,2,2,144914|174581,VT-15-8712|VT-35-2001
120417MA,multiple_real,2,2,154653|97903,VT-33-0936|20100779
202034M,multiple_real,2,2,143227|99686,VT-11-2312|09262278
JGI3014330,multiple_real,2,2,167991|99436,VT-15-1022|DS173386
JGI1703091X,multiple_real,2,2,109502|144543,09341853|VT-15-1364
2020851,multiple_real,2,2,143010|166205,VT-11-1474|VT-11-1153
98548,multiple_real,2,2,142378|142370,VT-10-9848|VT-10-8755
JGI3490107K,multiple_real,2,2,109495|144567,09341624|VT-15-1397
77080,multiple_real,2,2,145515|175969,VT-17-0235|VT-38-5551
77945,multiple_real,2,2,178216|144758,VT-50-1135|VT-15-7945
3409106,multiple_real,2,2,145631|169031,VT-17-0594|VT-17-1308
H070575,multiple_real,2,2,93201|171475,06100127|VT-26-2203
217450,multiple_real,2,2,94772|142264,09251165|VT-10-5271
NDP38062,multiple_real,2,2,135427|154237,WPS-850-08404|VT-32-9635
500747B,multiple_real,2,2,137325|99147,WPS-812-02131|16100677
A35326SET,multiple_real,2,2,145989|93985,VT-17-9752|DS194183
3213002012,multiple_real,2,2,146167|116162,VT-18-1154|11320930
2020940,multiple_real,2,2,121011|139952,09262992|WPS-191-17038
3063020018,multiple_real,2,2,146222|110373,VT-18-3270|11314007
3043010005,multiple_real,2,2,146248|114526,VT-18-3667|DS223727
3073020011,multiple_real,2,2,146254|95821,VT-18-3691|DS223750
3023020013,multiple_real,2,2,146257|92805,VT-18-3694|DS223471
6083010086,multiple_real,2,2,146269|95454,VT-18-3833|DS223722
6083010009,multiple_real,2,2,146272|110300,VT-18-3853|11300138
94101,multiple_real,2,2,146396|171005,VT-19-0167|VT-24-0841
947,multiple_real,2,2,144990|145771,VT-16-0315|VT-19-9470
202026M,multiple_real,2,2,105343|143221,09262271|VT-11-2305
370314,multiple_real,2,2,112691|132272,21060011|WPS-820-50842
CS34A,multiple_real,2,2,146543|95953,VT-19-0593|11200292
203375,multiple_real,2,2,115389|145958,DS199404|VT-17-8228
94213,multiple_real,2,2,146659|148828,VT-19-4213|VT-24-0962
JGI1676957,multiple_real,2,2,94256|167985,DS174900|VT-15-1012
EVBB3TRB,multiple_real,2,2,146781|95950,VT-20-0610|11200250
77463,multiple_real,2,2,147074|143804,VT-21-0072|VT-15-7463
1023030014,multiple_real,2,2,157588|92834,VT-36-1512|DS224013
276150,multiple_real,2,2,94781|143756,DS199737|VT-11-9878
110010,multiple_real,2,2,147176|174710,VT-21-0452|VT-36-0402
202121C,multiple_real,3,3,99680|126430|142841,09260719|WPS-191-57052C|VT-11-1183
JGI3515174,multiple_real,2,2,92437|167369,DS194461|VT-14-0636
6083010017,multiple_real,2,2,95798|146172,11300436|VT-18-1159
78289,multiple_real,2,2,147271|144816,VT-21-0817|VT-15-8289
78290,multiple_real,2,2,147273|144817,VT-21-0819|VT-15-8290
76312DCS,multiple_real,2,2,134316|156832,WPS-274-0717|VT-35-0593
202215,multiple_real,2,2,109316|166958,09260807|VT-13-0102
19141B,multiple_real,2,2,147434|147567,VT-22-0041|VT-22-0709
19141,multiple_real,2,2,147566|147433,VT-22-0708|VT-22-0040
3200354,multiple_real,2,2,102666|141839,09220157|VT-10-0845
74543,multiple_real,2,2,147590|147437,VT-22-0745|VT-22-0074
74543B,multiple_real,2,2,147591|147438,VT-22-0746|VT-22-0075
BDL371443,multiple_real,2,2,146680|96004,VT-20-0105|DS360014
H070585S,multiple_real,2,2,107509|171416,06102306|VT-26-0975
BDL38078,multiple_real,2,2,146681|116405,VT-20-0106|DS360015
76982,multiple_real,2,2,147760|98481,VT-22-1678|08010844
JGI6711887,multiple_real,2,2,105243|167460,DS173512|VT-14-0947
JGI2526381,multiple_real,2,2,103490|167930,DS174075|VT-15-0931
H070574N,multiple_real,2,2,111202|171404,06102300|VT-26-0960
50217,multiple_real,2,2,148046|95272,VT-23-1012|44020596
B160726C,multiple_real,2,2,148060|91603,VT-23-1048|17020708
981,multiple_real,2,2,148079|171823,VT-23-1122|VT-27-1667
78255,multiple_real,2,2,148085|144788,VT-23-1151|VT-15-8255
193087,multiple_real,2,2,146686|118368,VT-20-0143|12010101
77414,multiple_real,2,2,144685|162298,VT-15-7414|VT-48-1985
94384,multiple_real,2,2,148734|169667,VT-24-0428|VT-19-4384
7067,multiple_real,2,2,148768|178618,VT-24-0518|VT-54-0408
217462,multiple_real,2,2,109275|142266,09251205|VT-10-5273
217464,multiple_real,2,2,109273|142268,09251206|VT-10-5274
292120,multiple_real,2,2,136896|169868,WPS-820-54217|VT-21-0704
410140,multiple_real,2,2,91143|179223,09250926|VT-10-0913
060143,multiple_real,2,2,111999|140982,18611637|WPS-70-6143
74700021C,multiple_real,2,2,153344|93538,VT-32-1461|21121208
20303,multiple_real,2,2,149261|116810,VT-25-0173|35110028
296110,multiple_real,2,2,114464|145927,DS199531|VT-17-6100
2077,multiple_real,2,2,129556|94039,WPS-811-02077|09240240
JGI1754069,multiple_real,2,2,92229|168049,DS174180|VT-15-1136
76081,multiple_real,2,2,153812|127887,VT-32-6081|WPS-57-6225
37927,multiple_real,2,2,164399|100785,VT-52-1479|17410802
350016,multiple_real,2,2,176867|176879,VT-43-9136|VT-43-9322
H070605,multiple_real,2,2,149782|107485,VT-26-0006|06101955
79111,multiple_real,2,2,149834|151054,VT-26-0071|VT-28-3102
H070730S,multiple_real,2,2,150005|98471,VT-26-1054|06102327
H070730NMB,multiple_real,2,2,150007|119166,VT-26-1056|06102326
070509V,multiple_real,2,2,150033|171463,VT-26-2178|VT-26-2176
C320433,multiple_real,2,2,150094|91241,VT-27-0008|05100181
8041,multiple_real,4,4,150200|150199|166741|98893,VT-27-0321|VT-27-0320|VT-12-1315|09250951
2M6164010,multiple_real,2,2,142952|132791,VT-11-1359|WPS-865-02005
8873,multiple_real,2,2,150362|166846,VT-27-0824|VT-12-1768
77427,multiple_real,2,2,163466|144697,VT-50-1552|VT-15-7427
78463,multiple_real,2,2,150384|168354,VT-27-0866|VT-15-8463
8846,one_real_rest_null,2,1,150494,VT-27-1236|WPS-874-1234
288131,multiple_real,2,2,142309|109230,VT-10-8141|09250070
7716,multiple_real,2,2,150631|166193,VT-27-1756|VT-11-0942
78637,multiple_real,2,2,150930|144896,VT-28-0668|VT-15-8637
78497,multiple_real,2,2,150968|168359,VT-28-0875|VT-15-8497
331035B,multiple_real,2,2,151012|171922,VT-28-1014|VT-28-0101
3544,multiple_real,2,2,151062|101206,VT-28-3544|DS3544
72040,multiple_real,2,2,151915|135021,VT-30-3106|WPS-820-71153
JGI2649589,multiple_real,2,2,92311|167949,DS174876|VT-15-0962
7351,multiple_real,2,2,151195|160204,VT-29-1101|VT-42-0375
7352,multiple_real,2,2,151196|158349,VT-29-1102|VT-37-8658
030024,multiple_real,2,2,117947|156778,10030292|VT-35-0444
78398,multiple_real,2,2,144834|163222,VT-15-8398|VT-50-0352
8146,multiple_real,2,2,151270|155481,VT-29-8146|VT-33-8146
8153,multiple_real,2,2,151274|152057,VT-29-8153|VT-30-8153
8154,multiple_real,2,2,151275|152058,VT-29-8154|VT-30-8154
8914,multiple_real,2,2,151311|160490,VT-30-0006|VT-42-1324
8820,one_real_rest_null,2,1,151313,VT-30-0008|WPS-874-1240
330063,multiple_real,2,2,118074|160291,11070034|VT-42-0678
20133,multiple_real,2,2,145869|131950,VT-17-2033|WPS-85-1045
260128S32,multiple_real,2,2,118238|146747,12010232|VT-20-0347
78467,multiple_real,2,2,144838|142901,VT-15-8467|VT-11-1286
99762,multiple_real,2,2,132156|92908,WPS-830-1200|24010117
NWR8510020,multiple_real,2,2,138800|123582,WPS-850-09222|21201326
2001,multiple_real,2,2,151603|162968,VT-30-0838|VT-49-2560
728,multiple_real,2,2,151609|151911,VT-30-0849|VT-30-3100
370339,multiple_real,2,2,118511|132270,21060418|WPS-820-50840
JGI1703448XF,multiple_real,2,2,94089|168120,09343127|VT-15-1295
296,multiple_real,2,2,104102|151730,DS098296|VT-30-1403
78254,multiple_real,2,2,151741|144787,VT-30-1435|VT-15-8254
11312,multiple_real,3,2,158595|99172,VT-38-0115|WPS-817-01831|11312E
370338,multiple_real,2,2,118749|132271,21060419|WPS-820-50841
202320,multiple_real,2,2,142765|105359,VT-11-1024|09260696
729,multiple_real,2,2,151917|145199,VT-30-3120|VT-16-1027
312096,multiple_real,2,2,143977|102540,VT-12-1949|09200008
A11096A,multiple_real,2,2,144067|93988,VT-12-9992|DS188030
4859,multiple_real,2,2,151988|150261,VT-30-4859|VT-27-0554
84526,multiple_real,2,2,141356|173414,WPS-820-50837|VT-32-7001
8097,multiple_real,2,2,152041|159583,VT-30-8097|VT-40-0220
727K,multiple_real,2,2,145236|114447,VT-16-1171|DS196400
3200396,multiple_real,2,2,142222|125340,VT-10-3502|09220120
316278,multiple_real,2,2,144331|125214,VT-15-0364|09320168
78582,multiple_real,2,2,144368|144870,VT-15-0492|VT-15-8582
JGI77XL,multiple_real,2,2,144427|114129,VT-15-0850|DS173406
JGI2526300KX,multiple_real,2,2,144467|109476,VT-15-1265|09341199
JGI12074K,multiple_real,2,2,144475|91301,VT-15-1276|09350124
JGI3490685DL,multiple_real,2,2,144477|94150,VT-15-1278|09350076
78623,multiple_real,2,2,144892|144891,VT-15-8623|VT-15-8621
78501,multiple_real,2,2,144515|161572,VT-15-1325|VT-47-0374
JGI6053881CF,multiple_real,2,2,144526|99403,VT-15-1338|09344629
JGI1705505,multiple_real,2,2,144527|91216,VT-15-1346|09341599
1677496XT2,multiple_real,2,2,144553|91210,VT-15-1374|09341584
JGI2541699K,multiple_real,2,2,144559|94148,VT-15-1383|11050037
JGI3303107,multiple_real,2,2,144565|91223,VT-15-1393|09341620
78371,multiple_real,2,2,144581|168292,VT-15-1456|VT-15-8371
3303106,multiple_real,2,2,144612|128526,VT-15-1619|WPS-681-4028
2M4941,multiple_real,2,2,142984|137297,VT-11-1413|WPS-865-2049
H070593NMB,multiple_real,2,2,119164|171415,06102322|VT-26-0971
20193,multiple_real,2,2,149461|171995,VT-25-0860|VT-28-0424
77348,multiple_real,2,2,144667|161058,VT-15-7348|VT-44-0888
SPC013,multiple_real,2,2,113636|157841,24040049|VT-37-0463
L240436CMLED,multiple_real,2,2,129978|97763,WPS-820-0352|20100769
50216,multiple_real,2,2,148045|95271,VT-23-1011|44020595
2823,multiple_real,2,2,135037|166182,WPS-30-3634|VT-11-0907
70232,multiple_real,2,2,152919|158588,VT-32-0099|VT-38-0101
MCFPR1,multiple_real,2,2,91368|172942,WPS-275-01034|VT-32-0504
40253,multiple_real,2,2,96342|153461,20101461|VT-32-1658
76067,multiple_real,2,2,123254|175380,08010547|VT-37-1052
6031,one_real_rest_null,2,1,103335,18010703|WPS-82-96014
MCTS2,multiple_real,2,2,140303|172971,WPS-275-01033|VT-32-0569
JGI4584906,multiple_real,2,2,106680|167192,04070663|VT-14-0047
JGI11110,multiple_real,2,2,92251|167270,DS174361|VT-14-0506
148150,multiple_real,2,2,130257|146177,WPS-820-50950|VT-18-1220
26514,multiple_real,2,2,118960|164140,DS380318|VT-52-0697
1277,multiple_real,2,2,153247|168523,VT-32-1297|VT-16-0792
JGI2958301A,multiple_real,2,2,105203|168137,09341617|VT-15-1390
20054,multiple_real,2,2,153283|179342,VT-32-1370|VT-10-2561
JGI1705405X,multiple_real,2,2,99363|144530,09341597|VT-15-1349
1067,multiple_real,2,2,99235|168677,11040006|VT-17-0119
78403,multiple_real,2,2,153335|168316,VT-32-1444|VT-15-8403
78405,multiple_real,2,2,153360|168317,VT-32-1479|VT-15-8405
PS500,multiple_real,2,2,113225|146528,22145002|VT-19-0561
BDL371441,multiple_real,2,2,114854|146678,DS360012|VT-20-0103
40243,multiple_real,2,2,153455|158302,VT-32-1652|VT-37-8342
PS250,multiple_real,2,2,116385|146532,22145001|VT-19-0568
353,multiple_real,2,2,103979|149670,17420108|VT-25-2200
PS1000,multiple_real,2,2,92751|146534,22145004|VT-19-0570
E250091BT4,multiple_real,2,2,153594|118616,VT-32-1909|21130667
76157,multiple_real,2,2,101467|167713,08040290|VT-15-0369
801005,multiple_real,3,3,153795|140385|98360,VT-32-5122|WPS-280-1005|801005
78191,multiple_real,2,2,122446|163283,14050285|VT-50-0536
76401,multiple_real,2,2,123401|144337,08020327|VT-15-0389
71375,multiple_real,2,2,153943|172910,VT-32-7521|VT-32-0416
BDL30853BE,multiple_real,2,2,116404|146677,DS360008|VT-20-0102
112338P,multiple_real,2,2,109695|156647,10030195|VT-35-0151
DC11,multiple_real,2,2,153981|117816,VT-32-7789|DC11
1062011,multiple_real,2,2,125295|156979,10030237|VT-35-0924
W5752,multiple_real,2,2,143735|102941,VT-11-9774|W5752
15410BN,multiple_real,2,2,154140|173098,VT-32-8999|VT-32-0967
370492,multiple_real,2,2,119416|152962,06160205|VT-32-0264
NU3422,multiple_real,2,2,91022|174181,DS289505|VT-34-0909
202061M,multiple_real,2,2,143248|121089,VT-11-2332|09262288
120203,multiple_real,2,2,154526|104366,VT-33-0616|09066318
41216,multiple_real,2,2,154545|172774,VT-33-0656|VT-32-0053
71140,multiple_real,2,2,167109|159955,VT-13-9174|VT-40-7114
78480,multiple_real,2,2,154933|144849,VT-33-1558|VT-15-8480
ABIG7B2B,multiple_real,2,2,154943|134843,VT-33-1574|WPS-227-0031
161273,multiple_real,2,2,154969|97810,VT-33-1605|20100744
78416,multiple_real,2,2,154989|168326,VT-33-1632|VT-15-8416
78413,multiple_real,2,2,154991|168325,VT-33-1634|VT-15-8413
78533,multiple_real,2,2,155003|168367,VT-33-1649|VT-15-8533
78534,multiple_real,2,2,155004|168368,VT-33-1650|VT-15-8534
77415,multiple_real,2,2,144686|172054,VT-15-7415|VT-28-0761
70117,multiple_real,2,2,155313|173984,VT-33-2271|VT-33-1961
170023A,multiple_real,2,2,146214|91473,VT-18-3236|11312180
202033,multiple_real,2,2,142716|126384,VT-11-0961|WPS-191-57020
96829,multiple_real,2,2,149320|158220,VT-25-0470|VT-37-6829
NHCXDB12,multiple_real,2,2,153828|98880,VT-32-6662|21200227
78119,multiple_real,2,2,142333|179350,VT-10-8213|VT-10-8168
C770071,multiple_real,2,2,141133|118358,WPS-820-2618|15100092
826H.HS,multiple_real,2,2,148344|94645,VT-23-4561|17211772
77710,multiple_real,2,2,155947|166258,VT-34-1081|VT-15-7710
351,multiple_real,3,3,149674|173320|111690,VT-25-2204|VT-32-3510|17420106
352,multiple_real,2,2,149675|118676,VT-25-2205|17420107
47123,multiple_real,2,2,149915|96710,VT-26-0786|17411676
62336,multiple_real,2,2,149937|149849,VT-26-0886|VT-26-0377
77399,multiple_real,2,2,156039|144673,VT-34-1333|VT-15-7399
70053A,multiple_real,2,2,150415|150402,VT-27-0950|VT-27-0917
9953,multiple_real,2,2,151697|91407,VT-30-1281|10220124
9952,multiple_real,2,2,151698|94037,VT-30-1282|10220123
0861478/54,multiple_real,2,2,151735|111957,VT-30-1417|18610914
78474,multiple_real,2,2,156681|144843,VT-35-0253|VT-15-8474
8115,multiple_real,2,2,152048|155478,VT-30-8115|VT-33-8115
77424,multiple_real,2,2,156780|144694,VT-35-0447|VT-15-7424
22732,multiple_real,2,2,128205|141271,WPS-59-9179|WPS-865-01041
JGI1736207,multiple_real,2,2,168165|99372,VT-15-1447|09342098
VT2712,multiple_real,3,2,102930|131410,WPS-VT2712|VT-11-9921|09030790
030091,multiple_real,2,2,141143|176229,WPS-820-2655|VT-40-0361
71139,multiple_real,2,2,159954|170816,VT-40-7113|VT-24-0120
78470,multiple_real,2,2,144839|158870,VT-15-8470|VT-38-0881
63400,multiple_real,2,2,161399|177653,VT-46-0255|VT-49-0805
471066,multiple_real,2,2,157324|91373,VT-35-4766|10090221
471072,multiple_real,3,2,157325|103246,VT-35-4772|WPS-24-71072|10090218
6311AH,multiple_real,2,2,157375|124195,VT-35-9089|07050552
68168,multiple_real,2,2,161825|130284,VT-48-0263|WPS-820-51309
000815,multiple_real,2,2,161884|128054,VT-48-0490|WPS-57-98021
86163,multiple_real,2,2,161989|155452,VT-48-1101|VT-33-6163
03010710,multiple_real,2,2,158240|130066,VT-37-7966|WPS-820-1178C
352066,multiple_real,2,2,158532|103880,VT-37-9547|24040985
C9692,multiple_real,2,2,144355|109487,VT-15-0479|09341355
70231,multiple_real,2,2,158587|152916,VT-38-0100|VT-32-0097
74489,multiple_real,2,2,163355|178607,VT-50-0929|VT-54-0153
78353,multiple_real,2,2,158705|168278,VT-38-0506|VT-15-8353
10518,multiple_real,2,2,132237|178357,WPS-38-1019|VT-50-2000
78575,multiple_real,2,2,158757|144869,VT-38-0620|VT-15-8575
78401,multiple_real,2,2,158777|168314,VT-38-0651|VT-15-8401
77402,multiple_real,2,2,158903|144675,VT-38-0943|VT-15-7402
78396,multiple_real,2,2,158911|144832,VT-38-0967|VT-15-8396
90105,multiple_real,2,2,159154|92913,VT-39-0067|24010501
9724,multiple_real,2,2,145473|145471,VT-16-9726|VT-16-9724
208800,multiple_real,2,2,169120|92726,VT-17-8503|11060057
40354,multiple_real,2,2,165301|94967,VT-73-354|20101498
41582,multiple_real,2,2,165335|97253,VT-7412-24|11321013
1013030005,multiple_real,2,2,92814|174885,DS223872|VT-36-2490
T216924WB,multiple_real,2,2,159311|97776,VT-39-0496|22100545
71485,multiple_real,2,2,159457|159437,VT-39-0985|VT-39-0932
2021255,multiple_real,2,2,132982|121065,WPS-191-27051|09500888
2021260,multiple_real,2,2,132983|105394,WPS-191-27052|09500889
87623,multiple_real,2,2,132999|93753,WPS-820-51404|09251162
63867,multiple_real,2,2,159523|159521,VT-40-0036|VT-40-0034
50225,multiple_real,2,2,159558|149631,VT-40-0106|VT-25-2021
50167Z,multiple_real,2,2,159565|159877,VT-40-0164|VT-40-1291
140002,multiple_real,2,2,159567|108555,VT-40-0172|07120379
78101,multiple_real,2,2,159592|159594,VT-40-0241|VT-40-0243
060163,multiple_real,2,2,140991|146329,WPS-70-6163|VT-19-0004
50189Z,multiple_real,2,2,159614|176386,VT-40-0286|VT-40-9983
120092,multiple_real,2,2,154321|109995,VT-33-0105|10120005
302843,multiple_real,2,2,136938|176812,WPS-820-70211|VT-43-0797
C770075,multiple_real,2,2,130171|163379,WPS-820-2622|VT-50-1130
7077,multiple_real,2,2,129589|148211,WPS-811-07077|VT-23-1736
306,multiple_real,2,2,103974|176786,17420048|VT-43-0360
NWR810020,multiple_real,2,2,138799|113084,WPS-850-09221|21201325
50226A,multiple_real,2,2,159884|159959,VT-40-1418|VT-40-9090
71305,multiple_real,2,2,160174|102884,VT-42-0290|10102887
342510,multiple_real,2,2,111254|122691,17103957|06510555
78427,multiple_real,2,2,160309|168333,VT-42-0788|VT-15-8427
9084,multiple_real,2,2,160389|166891,VT-42-1091|VT-12-4576
9963,multiple_real,2,2,160398|175237,VT-42-1100|VT-37-0520
9087,multiple_real,2,2,160411|160412,VT-42-1125|VT-42-1126
210241,multiple_real,2,2,147108|131530,VT-21-0253|WPS-820-50804
71033P,multiple_real,2,2,160481|160554,VT-42-1284|VT-42-1824
080350,multiple_real,2,2,127930|168590,WPS-57-80350|VT-16-1765
126055R,multiple_real,2,2,154716|155200,VT-33-1056|VT-33-1920
63002C,multiple_real,2,2,176944|176937,VT-44-0239|VT-44-0226
11161,multiple_real,2,2,140899|110182,WPS-681-5452|VT-12-0952
78503,multiple_real,2,2,160924|168361,VT-44-0441|VT-15-8503
CM4253,multiple_real,2,2,99138|162209,WPS-27-M425|VT-48-1755
P8859,multiple_real,2,2,130885|99101,WPS-830-1069|DS175011
WT001B,multiple_real,2,2,162952|162951,VT-49-2493|VT-49-2492
77350,multiple_real,2,2,161085|166022,VT-44-0974|VT-15-7350
71588,multiple_real,2,2,161285|106515,VT-45-0752|02100426
CM419,multiple_real,2,2,104448|161905,WPS-27-M419|VT-48-0587
77836,multiple_real,2,2,148878|167519,VT-24-1173|VT-14-7836
76161,multiple_real,2,2,127885|167666,WPS-57-6213|VT-15-0268
JGI3490105K,multiple_real,2,2,144566|120800,VT-15-1396|09341621
77316,multiple_real,2,2,144654|176136,VT-15-7316|VT-39-0654
503,multiple_real,2,2,149733|151825,VT-25-5030|VT-30-1909
600077,multiple_real,2,2,155654|115552,VT-34-0306|10102842
CM4242,multiple_real,2,2,162183|99198,VT-48-1711|WPS-27-M424
JGI3490179K,multiple_real,2,2,120842|167897,DS174954|VT-15-0869
CM4223,multiple_real,2,2,162207|99115,VT-48-1753|WPS-27-M422
CM254,multiple_real,2,2,162214|126808,VT-48-1763|WPS-27-M254
206595B,multiple_real,2,2,154817|154419,VT-33-1290|VT-33-0334
78393,multiple_real,2,2,154984|168310,VT-33-1624|VT-15-8393
78473,multiple_real,2,2,154997|144842,VT-33-1640|VT-15-8473
77758,multiple_real,2,2,162482|168254,VT-49-0380|VT-15-7758
600001,multiple_real,2,2,155656|95263,VT-34-0309|10102639
61000675,multiple_real,2,2,175911|175935,VT-38-0557|VT-38-0868
77769,multiple_real,2,2,144716|156995,VT-15-7769|VT-35-0965
77770,multiple_real,2,2,144717|170289,VT-15-7770|VT-23-0721
78269,multiple_real,2,2,144800|176646,VT-15-8269|VT-42-1745
NFLRP01,multiple_real,2,2,138804|123467,WPS-850-09230|20500502
61000674,multiple_real,2,2,175914|175923,VT-38-0596|VT-38-0699
103330,multiple_real,2,2,131761|101738,WPS-812-02010|DS240202
202022,multiple_real,2,2,142710|126413,VT-11-0952|WPS-191-57043
311151,multiple_real,2,2,140162|160043,WPS-582-02301|VT-41-0200
6482040,multiple_real,2,2,132820|142455,WPS-865-02035|VT-11-0180
33262,multiple_real,2,2,159607|96479,VT-40-0263|06500002
9908,multiple_real,2,2,160121|120407,VT-42-0180|18611647
40110,multiple_real,3,2,126911|95210,WPS-274-0010|VT-32-0640|35011862
83097B,multiple_real,2,2,155133|174566,VT-33-1818|VT-35-1818
2M6164030,multiple_real,2,2,142954|132793,VT-11-1361|WPS-865-02007
63363,multiple_real,2,2,155835|147636,VT-34-0733|VT-22-0841
2M6164020,multiple_real,2,2,132792|142953,WPS-865-02006|VT-11-1360
83071,multiple_real,2,2,155408|98790,VT-33-4071|08021511
78263,multiple_real,2,2,144278|172121,VT-14-8263|VT-28-2262
216355G,multiple_real,2,2,115328|142324,09250175|VT-10-8197
78397,multiple_real,2,2,162963|168232,VT-49-2518|VT-15-3897
KB305.020,multiple_real,2,2,104277|143208,WPS-824-01009|VT-11-2260
306014,multiple_real,2,2,132987|151306,WPS-820-0161|VT-30-0002
241336,multiple_real,3,3,135800|169628|103827,WPS-820-52653|VT-19-0159|11200435
140512,multiple_real,2,2,141145|93557,WPS-820-2683|21070196
11344,multiple_real,2,2,129807|175864,WPS-817-01850|VT-38-0116
58835,multiple_real,2,2,147427|147642,VT-37-5873|VT-37-5875
50215,multiple_real,2,2,147995|116921,VT-23-0806|44020594
A3510552,multiple_real,2,2,145772|95050,VT-17-1136|DS195018
20041,multiple_real,2,2,163637|95036,VT-51-0274|04110172
510298,multiple_real,3,3,132657|142878|121078,WPS-191-27030|VT-11-1232|09262969
64393,multiple_real,2,2,164170|151984,VT-52-0802|VT-30-4393
HDEG109,multiple_real,2,2,163927|178490,VT-51-2036|VT-51-2035
HDEG110,multiple_real,2,2,163928|178491,VT-51-2040|VT-51-2039
61031C,multiple_real,2,2,163993|163990,VT-52-0097|VT-52-0087
64396,multiple_real,2,2,164034|151985,VT-52-0215|VT-30-4396
204168,multiple_real,2,2,143564|105351,VT-11-6013|09260783
2041961,multiple_real,2,2,143561|109315,VT-11-6107|09260787
204256,multiple_real,2,2,143566|99692,VT-11-6015|09260786
9300165,multiple_real,2,2,143591|125188,VT-11-7716|09280124
62152,multiple_real,2,2,124214|169966,16210687|VT-21-4755
40051,multiple_real,2,2,116896|125699,20101348|10102955
NSXHCB36A,multiple_real,2,2,135578|123473,WPS-850-08766|21201161
4124007C,multiple_real,2,2,164645|101792,VT-54-2000|DS222000
102027,multiple_real,2,2,138435|97752,WPS-820-60404|21020227
76710,multiple_real,2,2,123342|177261,08030401|VT-45-0332
23201,multiple_real,2,2,141296|92084,WPS-830-1144|24010435
822,multiple_real,2,2,158268|118247,VT-37-8220|12042730
13222,multiple_real,2,2,158365|166733,VT-37-8707|VT-12-1306
78430,multiple_real,2,2,165399|168336,VT-8015-4T|VT-15-8430
6009,multiple_real,2,2,160715|166367,VT-43-0373|VT-12-0337
76741,multiple_real,2,2,161734|166202,VT-47-2204|VT-11-1132
70281,multiple_real,2,2,153603|168900,VT-32-1923|VT-17-0903
77965,multiple_real,2,2,144777|177104,VT-15-7965|VT-44-0623
78265,multiple_real,2,2,144797|169874,VT-15-8265|VT-21-0753
78266,multiple_real,2,2,144798|169911,VT-15-8266|VT-21-1342
78481,multiple_real,2,2,144850|172063,VT-15-8481|VT-28-0873
78482,multiple_real,2,2,144851|160969,VT-15-8482|VT-47-0369
78563,multiple_real,2,2,144868|169975,VT-15-8563|VT-22-0131
3300378,multiple_real,2,2,141739|125189,VT-10-0529|09290053
212351,multiple_real,2,2,142147|109238,VT-10-2351|09250294
212353,multiple_real,2,2,142148|115329,VT-10-2353|09250295
212430,multiple_real,2,2,142151|103004,VT-10-2430|DS199298
3200402,multiple_real,2,2,142223|109212,VT-10-3503|09220119
77352,multiple_real,2,2,166028|161071,VT-15-7352|VT-44-0924
500773,multiple_real,2,2,137333|101735,WPS-812-02139|16100682
39909,multiple_real,2,2,166052|179016,VT-10-1771|VT-10-0188
JGI6381599,multiple_real,2,2,166121|99471,VT-11-0584|DS173248
347,multiple_real,2,2,149681|103978,VT-25-3470|17420104
300203,multiple_real,2,2,146597|103213,VT-19-0769|12102803
288015,multiple_real,2,2,146636|92512,VT-19-8015|DS199175
A2209799,multiple_real,2,2,166174|91739,VT-11-0856|09130016
94645,multiple_real,2,2,146899|171159,VT-20-4645|VT-24-1912
41112,multiple_real,2,2,147026|109940,VT-2017-8|10103347
18011,multiple_real,2,2,178881|178882,VT-9520-4|VT-9520-4T
3326,multiple_real,2,2,161194|97726,VT-44-3326|DS3326
8601,multiple_real,2,2,145880|99234,VT-17-2148|11030065
2020090,multiple_real,2,2,166235|99745,VT-11-6091|DS198806
2020092,multiple_real,2,2,166237|94315,VT-11-6092|DS198807
062013,multiple_real,2,2,98331|132297,06550026|WPS-820-70205
FROM#963713,multiple_real,2,2,166279|166281,VT-12-0004|VT-12-0005
73825,multiple_real,2,2,166290|166847,VT-12-0156|VT-12-1769
A8906,multiple_real,2,2,166379|166410,VT-12-0349|VT-12-0399
6209,multiple_real,2,2,166387|103334,VT-12-0361|18010590
A8876A,multiple_real,2,2,166390|95079,VT-12-0366|09240585
LM11949,multiple_real,2,2,166399|177026,VT-12-0382|VT-44-0406
70252,multiple_real,2,2,153755|95557,VT-32-3097|21070286
20158,multiple_real,2,2,149488|145866,VT-25-0952|VT-17-2018
5041,multiple_real,2,2,131480|175657,WPS-830-5021|VT-37-8992
66101,multiple_real,2,2,149575|116851,VT-25-1753|05020574
50314,multiple_real,2,2,149613|96362,VT-25-2002|44020602
2401680,multiple_real,2,2,166516|99239,VT-12-0609|DS198835
2250,multiple_real,2,2,166534|172200,VT-12-0706|VT-30-0257
A11494,multiple_real,2,2,166548|100156,VT-12-0753|09250283
A2403903,multiple_real,2,2,166567|99073,VT-12-0817|09500361
4002,multiple_real,2,2,166576|178450,VT-12-0901|VT-51-0991
A11096,multiple_real,2,2,166598|92329,VT-12-0923|DS188029
A11067,multiple_real,2,2,166603|92336,VT-12-0928|DS188022
A11177,multiple_real,2,2,166619|95044,VT-12-0946|DS188039
A3790484,multiple_real,2,2,166627|92038,VT-12-0953|DS188073
A3790784,multiple_real,2,2,166629|93992,VT-12-0955|DS188075
A3508799A,multiple_real,2,2,166735|91421,VT-12-1308|11060029
A2640082,multiple_real,2,2,166770|91166,VT-12-1417|09320075
A2555679,multiple_real,2,2,166778|92407,VT-12-1429|DS194169
2632662A,multiple_real,2,2,166780|166302,VT-12-1436|VT-12-0174
A25302SET,multiple_real,2,2,166808|95005,VT-12-1510|DS194159
A2470354,multiple_real,2,2,166818|94930,VT-12-1521|09500288
20194,multiple_real,2,2,166826|149464,VT-12-1533|VT-25-0863
3251,multiple_real,2,2,166850|110005,VT-12-1779|10120269
A1683054,multiple_real,2,2,166870|94908,VT-12-2113|09310317
334241,multiple_real,2,2,166920|125212,VT-12-9906|09320124
77834,multiple_real,2,2,167517|167715,VT-14-7834|VT-15-0376
A3408779A,multiple_real,2,2,166986|91423,VT-13-0132|11060048
JGI2685899,multiple_real,2,2,99432|167421,DS173232|VT-14-0811
JGI12067A,multiple_real,2,2,99482|167472,DS194088|VT-14-0972
76742,multiple_real,2,2,167336|161740,VT-14-0583|VT-47-6742
JGI12013A,multiple_real,2,2,167340|92293,VT-14-0603|DS174475
JGI12043A,multiple_real,2,2,167347|92209,VT-14-0612|DS173506
JGI12044A,multiple_real,2,2,167348|94281,VT-14-0613|DS174476
JGI12050,multiple_real,2,2,167351|92454,VT-14-0616|DS194476
JGI2622758,multiple_real,2,2,167358|92443,VT-14-0623|DS194425
JGI3134180DL,multiple_real,2,2,167362|94246,VT-14-0629|DS174486
JGI3403552,multiple_real,2,2,167364|92445,VT-14-0631|DS194440
JGI3403636,multiple_real,2,2,167365|92286,VT-14-0632|DS174477
JGI4540075,multiple_real,2,2,167382|92302,VT-14-0650|DS174540
JGI4587584,multiple_real,2,2,167385|94177,VT-14-0654|DS173345
JGI6064174,multiple_real,2,2,167391|94264,VT-14-0660|DS194462
JGI6352957,multiple_real,2,2,167393|92243,VT-14-0662|DS174310
JGI12045M,multiple_real,2,2,167402|99437,VT-14-0677|DS173423
JGI11291,multiple_real,2,2,167406|92185,VT-14-0687|DS173208
JGI12077,multiple_real,2,2,167410|91336,VT-14-0697|09350405
JGI12066A,multiple_real,2,2,167411|91300,VT-14-0698|09350122
JGI12035B,multiple_real,2,2,167426|92210,VT-14-0821|DS173536
MCRLY2,multiple_real,2,2,91896|173005,WPS-275-01091|VT-32-0642
JGI6709687,multiple_real,2,2,167471|91291,VT-14-0966|09346502
77825,multiple_real,2,2,167514|171634,VT-14-7825|VT-27-0440
77835,multiple_real,2,2,167518|177139,VT-14-7835|VT-44-0750
S410195006003,multiple_real,2,2,167549|167550,VT-15-0109|VT-15-0110
JGI2625741,multiple_real,2,2,167564|92308,VT-15-0130|DS174732
S410195010007,multiple_real,2,2,167570|167576,VT-15-0139|VT-15-0146
70296,multiple_real,2,2,167578|152271,VT-15-0150|VT-32-3109
170347,multiple_real,2,2,109998|122447,10120232|17420468
120011B,multiple_real,2,2,167690|173820,VT-15-0301|VT-33-0299
63296A,multiple_real,2,2,167758|167762,VT-15-0535|VT-15-0547
63074A,multiple_real,2,2,167773|167765,VT-15-0586|VT-15-0566
JGI3490685,multiple_real,2,2,167838|99480,VT-15-0702|DS174350
JGI6532483A,multiple_real,2,2,167843|105254,VT-15-0712|DS174735
JGI1703383,multiple_real,2,2,167878|94175,VT-15-0824|DS173342
JGI1704092,multiple_real,2,2,167879|92195,VT-15-0825|DS173250
JGI1703383A,multiple_real,2,2,167891|92183,VT-15-0859|DS173251
JGI6053881A,multiple_real,2,2,167914|91227,VT-15-0906|09341722
JGI6056765,multiple_real,2,2,167919|99512,VT-15-0915|DS174430
JGI2522536C,multiple_real,2,2,167928|92298,VT-15-0928|DS174510
JGI2541670,multiple_real,2,2,167933|94289,VT-15-0934|DS174790
JGI3490194,multiple_real,2,2,167934|94224,VT-15-0937|DS174322
JGI2624668A,multiple_real,2,2,167936|92279,VT-15-0940|DS174427
JGI2627680A,multiple_real,2,2,167946|99522,VT-15-0955|DS174829
JGI2627692,multiple_real,2,2,167948|92280,VT-15-0957|DS174432
JGI1677663,multiple_real,2,2,167961|100028,VT-15-0987|DS174408
JGI1677748,multiple_real,2,2,167962|92274,VT-15-0988|DS174420
77827,multiple_real,2,2,167963|173936,VT-15-7827|VT-33-1468
JGI1735684,multiple_real,2,2,167971|92320,VT-15-0998|DS174916
JGI1735684A,multiple_real,2,2,167972|94275,VT-15-0999|DS174412
JGI1735692,multiple_real,2,2,167973|94276,VT-15-1000|DS174419
JGI3252136,multiple_real,2,2,167997|105252,VT-15-1030|DS174436
JGI3329536,multiple_real,2,2,168001|99499,VT-15-1035|DS174895
JGI3456552,multiple_real,2,2,168003|99500,VT-15-1037|DS174897
JGI6055980,multiple_real,2,2,168015|92283,VT-15-1064|DS174443
JGI6583468A,multiple_real,2,2,168033|99520,VT-15-1098|DS174745
JGI6243293,multiple_real,2,2,168040|99492,VT-15-1120|DS174520
JGI1677084X,multiple_real,2,2,168047|94182,VT-15-1132|DS173439
JGI1795536,multiple_real,2,2,168050|99440,VT-15-1137|DS173499
1677084MLS,multiple_real,2,2,140268|109472,WPS-681-4480|09340954
JGI3143384A,multiple_real,2,2,168057|94226,VT-15-1151|DS174346
JGI1703583B,multiple_real,2,2,168068|94211,VT-15-1169|DS173245
JGI1702686,multiple_real,2,2,168069|94210,VT-15-1178|DS181178
JGI1703392,multiple_real,2,2,168076|92184,VT-15-1192|DS173275
JGI2607799,multiple_real,2,2,168083|94125,VT-15-1206|09342877
JGI3303199,multiple_real,2,2,168088|92187,VT-15-1211|DS173238
JGI1677084B,multiple_real,2,2,168094|105224,VT-15-1219|DS173438
JGI2526300X,multiple_real,2,2,168097|92248,VT-15-1223|DS174347
JGI1704898,multiple_real,2,2,168102|99465,VT-15-1236|DS173220
JGI3680506X,multiple_real,2,2,168116|94098,VT-15-1261|09341194
JGI3680506F,multiple_real,2,2,168117|99353,VT-15-1262|09341195
JGI3560706,multiple_real,2,2,168118|94096,VT-15-1263|09350128
JGI2541699F,multiple_real,2,2,168129|94101,VT-15-1422|09343435
JGI3495504F,multiple_real,2,2,168142|99380,VT-15-1399|09350249
JGI3495575F,multiple_real,2,2,168152|99374,VT-15-1425|09342115
JGI2524499F,multiple_real,2,2,168154|94164,VT-15-1432|24041023
JGI1759199F,multiple_real,2,2,168162|99393,VT-15-1444|09345084
JGI1759299F,multiple_real,2,2,168163|99394,VT-15-1445|09345085
88082,multiple_real,2,2,132150|117626,WPS-830-1191|DS189813
78678,multiple_real,2,2,168226|144903,VT-15-1766|VT-15-8678
2396029,multiple_real,2,2,141915|179001,VT-10-1121|VT-10-0127
77802,multiple_real,2,2,168263|144371,VT-15-7802|VT-15-0525
77838,multiple_real,2,2,168272|147146,VT-15-7838|VT-21-0347
78355,multiple_real,2,2,168279|150549,VT-15-8355|VT-27-1507
78367,multiple_real,2,2,168288|175894,VT-15-8367|VT-38-0513
78368,multiple_real,2,2,168289|175896,VT-15-8368|VT-38-0515
78394,multiple_real,2,2,168311|173959,VT-15-8394|VT-33-1627
78411,multiple_real,2,2,168323|154988,VT-15-8411|VT-33-1630
78464,multiple_real,2,2,168355|150374,VT-15-8464|VT-27-0849
78632,multiple_real,2,2,168392|173241,VT-15-8632|VT-32-1753
78644,multiple_real,2,2,168394|171333,VT-15-8644|VT-26-0011
78663,multiple_real,2,2,168403|171677,VT-15-8663|VT-27-0661
JGI6111448,multiple_real,2,2,168060|92290,VT-15-1156|DS174517
345,multiple_real,2,2,149660|118108,VT-25-3450|17420066
A3149367,multiple_real,2,2,168647|93732,VT-17-0081|21100317
A3153065,multiple_real,2,2,168651|94986,VT-17-0084|21100237
7087,multiple_real,2,2,168661|105039,VT-17-0096|09251060
13162,multiple_real,2,2,168665|95142,VT-17-0104|06401203
3561476,multiple_real,2,2,168686|168688,VT-17-0129|VT-17-0131
207800,multiple_real,2,2,168694|92529,VT-17-0137|DS199428
W14182A,multiple_real,2,2,168698|169012,VT-17-0143|VT-17-1167
A3513136,multiple_real,2,2,168710|92464,VT-17-0162|DS195162
A3604636,multiple_real,2,2,168720|92494,VT-17-0171|DS196173
71380A,multiple_real,2,2,147179|147131,VT-21-0455|VT-21-0309
160900,multiple_real,2,2,93561|174002,22120107|VT-33-2022
3309654B,multiple_real,3,2,92489|168782,VT-17-0312|VT-17-0317|DS196011
3562579B,multiple_real,2,2,168835|168858,VT-17-0527|VT-17-0565
JGI1703383R,multiple_real,2,2,167887|114122,VT-15-0845|DS173321
79111B,multiple_real,2,2,168891|172123,VT-26-0072|VT-28-3101
A3333579,multiple_real,2,2,168902|92434,VT-17-0905|DS194398
A4751358,multiple_real,2,2,168906|93968,VT-17-0909|13020250
A3999665,multiple_real,2,2,168912|104786,VT-17-0915|11200189
A2555158,multiple_real,2,2,168917|93949,VT-17-0921|09250290
A9054,multiple_real,2,2,168934|178806,VT-17-0942|VT-8798-12
3570,multiple_real,2,2,150204|122945,VT-27-0327|DS3570
206330,multiple_real,2,2,169109|102997,VT-17-8236|DS199412
206335,multiple_real,2,2,169110|94793,VT-17-8237|DS199427
253050,multiple_real,2,2,169115|92732,VT-17-8244|DS199433
299105,multiple_real,2,2,169127|92533,VT-17-9105|DS199469
3309654AL,multiple_real,2,2,169129|99232,VT-17-9145|DS196012
A3507980,multiple_real,2,2,169164|93978,VT-17-9242|DS195163
A3507679,multiple_real,2,2,169233|92383,VT-17-9850|DS193149
A3311979B,multiple_real,2,2,169237|94965,VT-17-9854|11100044
296220,multiple_real,2,2,169239|94690,VT-17-9857|DS199450
296585,multiple_real,2,2,169244|92721,VT-17-9862|DS199454
296850,multiple_real,2,2,169270|94792,VT-17-9899|DS199422
296591,multiple_real,2,2,169299|94771,VT-17-9942|DS199457
296910,multiple_real,2,2,169300|102998,VT-17-9943|DS199429
77413,multiple_real,2,2,169363|144684,VT-18-0452|VT-15-7413
148427,multiple_real,2,2,169382|93359,VT-18-0725|11321830
13614Z,multiple_real,2,2,169388|169539,VT-18-0832|VT-18-3753
3023010030,multiple_real,2,2,169393|92844,VT-18-1117|DS223766
A3787141,multiple_real,2,2,169401|91484,VT-18-1127|11320572
JGI3143384,multiple_real,2,2,168056|92214,VT-15-1150|DS173471
7081,multiple_real,2,2,169442|104981,VT-18-3117|09320092
5139,multiple_real,2,2,169477|102429,VT-18-3223|17103635
40130119006,multiple_real,2,2,169522|92818,VT-18-3652|DS223745
A3790890,multiple_real,2,2,169556|93690,VT-18-8260|11320282
344010,multiple_real,2,2,125310|166884,09240390|VT-12-2556
203541,multiple_real,2,2,169605|169658,VT-19-0062|VT-19-0496
MCSCT2,multiple_real,2,2,154005|126948,VT-32-8041|WPS-275-01101
DMD4282RV82NRI,multiple_real,2,2,169634|169636,VT-19-0360|VT-19-0367
PCC126,multiple_real,2,2,169669|92659,VT-20-0120|12040126
D26013929,multiple_real,2,2,169682|91500,VT-20-0341|12030018
50803,one_real_rest_null,2,1,164600,VT-54-0434|WPS-194-50803
D26013930,multiple_real,2,2,169687|91505,VT-20-0383|12030019
PCC132,multiple_real,2,2,169688|95977,VT-20-0440|12040125
PCC136,multiple_real,2,2,169689|92678,VT-20-0441|12040131
D26014232,multiple_real,2,2,169690|93351,VT-20-0447|12030016
9017,multiple_real,2,2,169691|111612,VT-23-9127|18610407
PCC130,multiple_real,2,2,169699|92855,VT-20-0501|12040127
PCC139,multiple_real,2,2,169701|92853,VT-20-0579|12040124
BDLSPC137118,multiple_real,2,2,169710|91508,VT-20-0688|12040085
78530,multiple_real,2,2,155001|168364,VT-33-1646|VT-15-8530
TOOLING$750,multiple_real,2,2,169738|169739,VT-20-3012|VT-20-3013
BDLSPC1331,multiple_real,2,2,169752|93256,VT-20-4019|12040052
BDLSPC1371,multiple_real,2,2,169753|103873,VT-20-4020|12040061
PCC1401,multiple_real,2,2,169754|92632,VT-20-4021|12040114
50212,multiple_real,2,2,169946|96361,VT-21-2043|44020591
201145,multiple_real,2,2,114462|145956,DS199407|VT-17-8226
19307,multiple_real,2,2,170047|163571,VT-23-0112|VT-50-9307
84515,multiple_real,2,2,170098|118194,VT-23-0274|17020123
71502,multiple_real,2,2,170154|115808,VT-23-0404|02100332
36965,multiple_real,2,2,170224|91604,VT-23-0533|17020127
82560,multiple_real,2,2,170335|170336,VT-23-0851|VT-23-0852
77820,multiple_real,2,2,170368|144727,VT-23-0944|VT-15-7820
B060199AS,multiple_real,2,2,170393|97535,VT-23-1000|17103158
B160918P,multiple_real,2,2,170425|93228,VT-23-1128|17020345
71092,multiple_real,2,2,170554|166467,VT-23-1998|VT-12-0535
B160727,multiple_real,2,2,170599|97538,VT-23-2354|17010754
50337,multiple_real,2,2,131308|103053,WPS-87-9741|10101606
B160727MB,multiple_real,2,2,170600|93193,VT-23-2355|17010753
B160728,multiple_real,2,2,170601|103744,VT-23-2356|17010756
B160729,multiple_real,2,2,170603|91587,VT-23-2358|17010762
B160730,multiple_real,2,2,170605|97540,VT-23-2360|17010758
B160731,multiple_real,2,2,170607|93149,VT-23-2362|17010760
JGI12014,multiple_real,2,2,167341|92453,VT-14-0604|DS194475
B160733,multiple_real,2,2,170613|92850,VT-23-2368|17010780
11860,multiple_real,2,2,170620|175887,VT-23-3021|VT-38-0372
826H.HF,multiple_real,2,2,170656|102435,VT-23-4560|17220758
854H.LS,multiple_real,2,2,170657|102431,VT-23-4563|17211777
B060195ASP,multiple_real,2,2,170658|97598,VT-23-6764|17103048
O390301Z,multiple_real,2,2,175405|93476,VT-37-1085|24011599
50353,multiple_real,2,2,171232|96311,VT-25-0353|06360573
A2626280,multiple_real,2,2,166967|95060,VT-13-0112|DS194222
73151,multiple_real,2,2,177327|154865,VT-46-0149|VT-33-1414
20324,multiple_real,2,2,171304|92925,VT-25-3264|DS190138
H070591MB,multiple_real,2,2,171399|119607,VT-26-0940|06100791
H070591NMB,multiple_real,2,2,171409|119454,VT-26-0965|06102309
H070592NMB,multiple_real,2,2,171411|119562,VT-26-0967|06102313
77840,multiple_real,2,2,171625|168407,VT-27-0386|VT-15-8740
105051,multiple_real,2,2,171652|93264,VT-27-0534|12020010
77496C,multiple_real,2,2,171729|103740,VT-27-1010|16210726
G150936,multiple_real,2,2,171969|93159,VT-28-0234|11200079
20029,multiple_real,2,2,171988|115404,VT-28-0412|04110085
1700341,multiple_real,2,2,172007|102575,VT-28-0502|10220186
79112,multiple_real,2,2,172125|123361,VT-28-3105|08010299
5534,multiple_real,2,2,145333|105016,VT-16-1669|10103156
77244,multiple_real,2,2,172207|172419,VT-30-0356|VT-31-0319
14280,multiple_real,2,2,172220|131826,VT-30-0491|WPS-865-01007
510164,multiple_real,2,2,178012|103803,VT-50-0146|14010325
C160114,multiple_real,2,2,172445|91164,VT-31-0443|09330053
NTBWJ08,multiple_real,2,2,123459|153847,21200837|VT-32-6688
S280056,multiple_real,2,2,172522|91546,VT-31-0943|15050004
8819,one_real_rest_null,2,1,151314,WPS-874-1248|VT-30-0009
13407,multiple_real,2,2,155761|94881,VT-34-0510|06400494
NU3408,multiple_real,2,2,102850|174176,DS289501|VT-34-0901
A3157673,multiple_real,2,2,172780|92749,VT-32-0059|21100452
A3157573,multiple_real,2,2,172858|92065,VT-32-0307|DS194144
77503,multiple_real,2,2,99835|161519,16010415|VT-47-0062
71074A,multiple_real,2,2,172900|173564,VT-32-0402|VT-32-8931
102033,multiple_real,2,2,172945|118455,VT-32-0512|21020221
BA080010,multiple_real,2,2,105443|138971,22100660|WPS-27-57012
62136,multiple_real,2,2,172987|124189,VT-32-0603|07050043
JGI1677663XF,multiple_real,2,2,91244|144576,09343142|VT-15-1441
NNSEB01,multiple_real,2,2,95394|158011,11050275|VT-37-1076
1213,multiple_real,2,2,91150|156391,09261171|VT-34-2113
H1001C,multiple_real,2,2,173054|141226,VT-32-0784|WPS-820-60113
F510645R,multiple_real,2,2,178225|141131,VT-50-1160|WPS-820-0402
18450,multiple_real,2,2,173099|154069,VT-32-0968|VT-32-8450
7471108C,multiple_real,2,2,173105|91949,VT-32-0984|21120821
DC67,multiple_real,3,2,173126|92742,VT-32-1066|WPS-133-1084|21020246
1013010014,multiple_real,2,2,92761|174887,06521297|VT-36-2496
A3312693,multiple_real,2,2,94002|173641,21100232|VT-32-9280
PH125HD09B,multiple_real,2,2,173160|173447,VT-32-1308|VT-32-7525
E210219,multiple_real,2,2,173195|103884,VT-32-1517|21060549
74700031C,multiple_real,2,2,173232|97961,VT-32-1710|21121317
29900038,multiple_real,2,2,173267|91959,VT-32-1823|21121314
060147,multiple_real,2,2,121215|140986,18611638|WPS-70-6147
1141,multiple_real,2,2,173348|150866,VT-32-5141|VT-28-0420
86266,multiple_real,2,2,136613|174661,WPS-820-51510|VT-35-9169
23961413,multiple_real,2,2,179372|94082,VT-10-8356|DS194004
K2803,multiple_real,2,2,143795|106188,VT-11-9984|09031677
20100,multiple_real,2,2,176160|159044,VT-39-0955|VT-38-2010
JGI6054036,multiple_real,2,2,99478|167912,DS174344|VT-15-0905
JGI6352592,multiple_real,2,2,92300|176378,DS174524|VT-40-9835
7000179,multiple_real,2,2,173471|173472,VT-32-7579|VT-32-7580
18300BN,multiple_real,2,2,173495|118698,VT-32-7760|21100225
H070588B,multiple_real,2,2,130107|149959,WPS-820-1520B|VT-26-0980
MCVOS1,multiple_real,2,2,173595|91835,VT-32-9080|WPS-275-01150
A2491248A,multiple_real,2,2,166812|91391,VT-12-1514|10120104
A4360882,multiple_real,2,2,104796|177219,DS195406|VT-44-2025
A4329482,multiple_real,2,2,104803|177225,DS195410|VT-44-2031
A3312690,multiple_real,2,2,173627|94001,VT-32-9229|21100231
NHCXJ04,multiple_real,2,2,123561|153836,21200367|VT-32-6676
9040CRK,multiple_real,2,2,124188|156618,07050032|VT-35-0040
B160729MB,multiple_real,2,2,170604|91585,VT-23-2359|17010761
1927,multiple_real,2,2,178355|145043,VT-50-1927|VT-16-0499
H6024,multiple_real,2,2,173796|155163,VT-33-0123|VT-33-2009
76989,multiple_real,2,2,123343|150272,08030485|VT-27-0599
78044,multiple_real,2,2,109020|97654,08200024|11070550
120011,multiple_real,3,3,173821|125881|103173,VT-33-0300|WPS-12-0011|04030175
H070749MB,multiple_real,2,2,119615|150049,06101871|VT-26-2217
1705505MLS,multiple_real,2,2,128517|94090,WPS-681-4001|09341600
63381,multiple_real,2,2,175942|175934,VT-38-0951|VT-38-0853
200334E,multiple_real,2,2,174028|174034,VT-33-2141|VT-33-2159
C770079,multiple_real,2,2,163543|97606,VT-50-2076|15100158
C8043,multiple_real,2,2,120358|170945,DS190692|VT-24-0602
260406,multiple_real,2,2,176710|93171,VT-43-0129|11070282
NU3415,multiple_real,2,2,174178|94684,VT-34-0903|DS289503
121002,multiple_real,2,2,175970|106661,VT-40-0042|04040644
NU3425,multiple_real,2,2,174192|92630,VT-34-0976|DS289511
060177A,multiple_real,2,2,170105|103854,VT-23-0297|17101064
20731,multiple_real,2,2,174356|131831,VT-35-0380|WPS-865-01160
78842,multiple_real,2,2,174411|174530,VT-35-0600|VT-35-1178
78843,multiple_real,2,2,174416|174531,VT-35-0609|VT-35-1180
7507102,multiple_real,2,2,174436|174444,VT-35-0713|VT-35-0720
7527906,multiple_real,2,2,174443|174525,VT-35-0719|VT-35-1161
7520502,multiple_real,2,2,174524|174435,VT-35-1160|VT-35-0712
T030080NU,multiple_real,2,2,174603|91069,VT-35-6108|07060229
86284,multiple_real,2,2,174663|136616,VT-35-9188|WPS-820-51513
030002AA,multiple_real,2,2,174668|174669,VT-35-9247|VT-35-9248
1013030009,multiple_real,2,2,174757|92827,VT-36-0707|DS223879
1013040021,multiple_real,2,2,174766|92546,VT-36-0763|DS223418
1013030012,multiple_real,2,2,174769|95461,VT-36-0766|DS223590
1013010015,multiple_real,2,2,174852|91023,VT-36-2352|06521301
1013040024,multiple_real,2,2,174881|90957,VT-36-2466|DS223901
1013040008,multiple_real,2,2,174891|92564,VT-36-2504|DS223909
288121,multiple_real,2,2,142294|94787,VT-10-8121|DS199176
112907,multiple_real,2,2,157401|125455,VT-35-9186|DS289112
37,multiple_real,2,2,175297|149868,VT-37-0756|VT-26-0509
BA072000,multiple_real,2,2,133770|99845,WPS-28-61004|22110184
T030163,multiple_real,2,2,175907|91075,VT-40-0923|07110244
JGI6352892,multiple_real,2,2,176377|92326,VT-40-9833|DS174992
330054,multiple_real,2,2,176415|97519,VT-42-0120|11070047
160260,multiple_real,2,2,177074|177075,VT-44-0569|VT-44-0570
78681,multiple_real,2,2,177179|144905,VT-44-0978|VT-15-8681
6021408,multiple_real,2,2,178129|178130,VT-50-0882|VT-50-0883
80142,multiple_real,2,2,178294|103411,VT-50-1608|24010448
HDEG105,multiple_real,2,2,178474|178475,VT-51-1121|VT-51-1122
HDEG106,multiple_real,2,2,178476|178477,VT-51-1123|VT-51-1124
4012,multiple_real,2,2,178606|164915,VT-54-0152|VT-6945-2
12322,multiple_real,2,2,178800|161775,VT-8773-12|VT-48-0164
A2403770,multiple_real,2,2,179115|95007,VT-10-0447|DS196143
20090,multiple_real,2,2,179126|149509,VT-10-0485|VT-25-1121
20091,multiple_real,3,3,179127|170240|149703,VT-10-0486|VT-23-0600|VT-25-2277
A2558170,multiple_real,2,2,179156|92417,VT-10-0705|DS194198
A3585284,multiple_real,2,2,179264|93989,VT-10-1214|DS196153
A2555584,multiple_real,2,2,179266|100157,VT-10-1254|09250289
2400680/83,multiple_real,2,2,179368|99248,VT-10-8328|DS194191
292240,multiple_real,2,2,179389|91882,VT-10-8527|21100036
212263,multiple_real,2,2,142141|93102,VT-10-2263|09250292
46445PK,multiple_real,2,2,175064|175065,VT-37-0256|VT-37-0257
78275PK,multiple_real,2,2,175188|175187,VT-37-0387|VT-37-0386
40170,multiple_real,3,3,158345|153210|96349,VT-37-8623|VT-32-1212|35011823
202131M,multiple_real,2,2,143237|121090,VT-11-2322|09262308
JGI1705499X,multiple_real,2,2,144533|94162,VT-15-1352|20112100
JGI1704704X,multiple_real,2,2,168168|94153,VT-15-1450|09341851
BDLSPC13424,multiple_real,2,2,169758|97638,VT-20-4024|12040234
807H.HS,multiple_real,2,2,170532|102436,VT-23-1960|17211751
7198,one_real_rest_null,2,1,120338,WPS-874-1933|09320230
94642,multiple_real,2,2,149103|146896,VT-24-1931|VT-20-4642
H070595,multiple_real,2,2,149780|119547,VT-26-0004|06101953
40254,multiple_real,2,2,153462|96393,VT-32-1659|20101462
75770A,multiple_real,2,2,162877|162608,VT-49-1804|VT-49-0787
531061,multiple_real,2,2,152244|133355,VT-31-0377|WPS-820-2263
060458,one_real_rest_null,2,1,108222,WPS-70-60458|06523231
153,multiple_real,2,2,163935|114093,VT-51-2149|DS098153
7188,one_real_rest_null,2,1,105007,WPS-874-1228|09251502
78807,multiple_real,2,2,157169|101440,VT-35-1719|08012125
JGI2526390X,multiple_real,2,2,168112|99423,VT-15-1256|09341186
70022,multiple_real,2,2,177624|96360,VT-49-0629|24040840
71512,multiple_real,2,2,148647|115643,VT-24-0115|02100338
14204,multiple_real,2,2,139322|130219,WPS-05-1177|WPS-820-50553
320465,multiple_real,2,2,130002|90937,WPS-820-0505|05100335
298125,multiple_real,2,2,142297|115339,VT-10-8125|DS199195
AC1157AAW,multiple_real,2,2,133978|154951,WPS-227-0014|VT-33-1584
C770098GB,multiple_real,2,2,91548|175409,15100315|VT-37-1155
53214,multiple_real,3,2,125052|97553,WPS-194-53214|06360276|06500751
1820,multiple_real,2,2,141746|109390,VT-10-0569|09290015
10112,multiple_real,2,2,139046|175326,WPS-576-04282|VT-37-0825
202023M,multiple_real,2,2,143219|99685,VT-11-2303|09262269
2021150,multiple_real,2,2,144139|99697,VT-13-2115|09262930
7204,multiple_real,2,2,151898|120362,VT-30-3027|09250518
170355,multiple_real,2,2,109516|109989,17420648|10120234
5548,multiple_real,2,2,96738|99056,17411047|10103328
37631,multiple_real,2,2,111393|164332,17410384|VT-52-1412
4530,multiple_real,2,2,91742|151108,17411001|VT-29-0033
77957,multiple_real,2,2,176816|144770,VT-43-0885|VT-15-7957
50332,multiple_real,2,2,149614|103113,VT-25-2003|10101602
63664,multiple_real,2,2,150047|150045,VT-26-2215|VT-26-2213
JGI12045DL,multiple_real,2,2,167349|92264,VT-14-0614|DS174376
40171,multiple_real,2,2,153211|94975,VT-32-1213|35011824
JGI6111665,multiple_real,2,2,168018|94248,VT-15-1067|DS174518
112923,multiple_real,2,2,157414|110299,VT-35-9240|112923
50352,multiple_real,2,2,171231|116840,VT-25-0352|06360572
W160125,multiple_real,2,2,130158|91529,WPS-820-2382|13030197
5500501,multiple_real,2,2,153501|102658,VT-32-1731|21010345
76743,multiple_real,2,2,161733|176288,VT-47-2203|VT-40-0673
77798,multiple_real,2,2,148719|168259,VT-24-0387|VT-15-7798
H070802MB1,multiple_real,2,2,149392|119446,VT-26-2262|06102202
NHCXDB15,multiple_real,2,2,153829|98871,VT-32-6663|21200228
SPC026,multiple_real,2,2,157846|113644,VT-37-0468|24040058
86630,multiple_real,2,2,144050|104369,VT-12-9902|09320087
40116,multiple_real,2,2,153123|126914,VT-32-0973|WPS-274-0030
79063,multiple_real,2,2,147924|109007,VT-26-1022|08050041
352011,multiple_real,2,2,158528|98015,VT-37-9530|24010708
1023040024,multiple_real,2,2,157585|95817,VT-36-1506|DS223985
EVBB3T4,multiple_real,2,2,146780|92700,VT-20-0609|11200248
84970,multiple_real,2,2,170339|93230,VT-23-0863|17020606
21553,multiple_real,2,2,158982|158984,VT-38-1553|VT-38-1557
310008,multiple_real,2,2,141659|102559,VT-10-0029|09200124
SPC015,multiple_real,2,2,157843|113637,VT-37-0465|24040051
216321G,multiple_real,2,2,142317|93087,VT-10-8163|09250168
204102,multiple_real,2,2,166241|94329,VT-11-6096|09261453
JGI12052,multiple_real,2,2,167353|99462,VT-14-0618|DS174343
G320324,multiple_real,2,2,171739|93259,VT-27-1118|12020076
78749,multiple_real,2,2,172579|172626,VT-31-1478|VT-31-2003
JGI1705305,multiple_real,2,2,168125|105202,VT-15-1339|09341594
20735,multiple_real,2,2,156731|131832,VT-35-0339|WPS-865-01164
76481,multiple_real,2,2,179050|153816,VT-10-0277|VT-32-6481
7324,multiple_real,2,2,98905|156772,09251282|VT-35-0426
JGI1705205X,multiple_real,2,2,144538|94109,VT-15-1357|09341593
A2558170+5,multiple_real,2,2,91126|142158,09240272|VT-10-2525
JGI2541606X,multiple_real,2,2,168134|91218,VT-15-1381|09341607
T216927,multiple_real,2,2,92061|176073,22100199|VT-39-0212
6240SK3,multiple_real,2,2,146784|92924,VT-20-0613|DS360102
78261,multiple_real,2,2,92344|144794,DS189864|VT-15-8261
HDEG103,multiple_real,2,2,163871|178321,VT-51-1079|VT-51-1078
P509103C,multiple_real,2,2,120578|113961,17420724|509103CH
1013030024,multiple_real,2,2,174880|95814,VT-36-2464|DS223868
20034,multiple_real,2,2,115405|153619,04110087|VT-32-2016
212440,multiple_real,2,2,94479|142152,DS199299|VT-10-2440
7197,one_real_rest_null,2,1,120226,WPS-874-1937|09251256
CB30LB,multiple_real,2,2,99510|178589,RCB30LB|VT-53-0556
JGI1705599,multiple_real,2,2,92232|168106,DS174204|VT-15-1246
50336,multiple_real,2,2,149624|95591,VT-25-2014|10101605
27371,multiple_real,2,2,103403|141300,04040308|WPS-830-1165