sku,combined_description
18-2350,<ul><li>Track Service Intervals via resettable maintenance timer</li><li>Displays current RPM and records max RPM</li><li>Easy Installation</li><li>Works on 2 or 4 Cycle Engines</li><li>IP67 rated</li></ul>
18-2351,<ul><li>Track Service Intervals via resettable maintenance timer</li><li>Displays current RPM and records max RPM</li><li>Easy Installation</li><li>Works on 2 or 4 Cycle Engines</li><li>IP67 rated</li></ul>
18-2353,<ul><li>Track Service Intervals via resettable maintenance timer</li><li>Displays current RPM and records max RPM</li><li>Easy Installation</li><li>Works on 2 or 4 Cycle Engines</li><li>IP67 rated</li></ul>
18-2354,<ul><li>Track Service Intervals via resettable maintenance timer</li><li>Displays current RPM and records max RPM</li><li>Easy Installation</li><li>Works on 2 or 4 Cycle Engines</li><li>IP67 rated</li></ul>
56-008000M,"<ul><li>Sturdy 300D polyester fabric with a polyurethane coated topcoat that assures a durable water-repellent fabric which allows breathability and maximum UV protection while protecting against moisture</li><li>Enhanced reflective vent system prevents moisture buildup under the cover</li><li>Heat taped double stitched seams to ensure maximum waterproofing</li><li>Interior cotton heat shield lining insulates areas near warm pipes for added protection (allow at least 10 minutes of cool-down time before installing the cover over hot exhaust pipes)</li><li>Soft cotton lining in the windshield area to prevent scratching</li><li>The bottom hem of the cover features a sewn-in elastic shock cord, ensuring a snug and secure fit</li><li>Sewn in polyester belly strap to prevent to the cover from coming off in windy conditions</li><li>Internal pockets allow for the use of an aftermarket cover alarm system (not included)</li><li>Sewn-in grommets allow for a wheel or cable lock to pass through</li><li>Comes with a convenient drawstring pack for easy storage and transport</li><li>3-Year limited warranty</li></ul>"
56-008000X,"<ul><li>Sturdy 300D polyester fabric with a polyurethane coated topcoat that assures a durable water-repellent fabric which allows breathability and maximum UV protection while protecting against moisture</li><li>Enhanced reflective vent system prevents moisture buildup under the cover</li><li>Heat taped double stitched seams to ensure maximum waterproofing</li><li>Interior cotton heat shield lining insulates areas near warm pipes for added protection (allow at least 10 minutes of cool-down time before installing the cover over hot exhaust pipes)</li><li>Soft cotton lining in the windshield area to prevent scratching</li><li>The bottom hem of the cover features a sewn-in elastic shock cord, ensuring a snug and secure fit</li><li>Sewn in polyester belly strap to prevent to the cover from coming off in windy conditions</li><li>Internal pockets allow for the use of an aftermarket cover alarm system (not included)</li><li>Sewn-in grommets allow for a wheel or cable lock to pass through</li><li>Comes with a convenient drawstring pack for easy storage and transport</li><li>3-Year limited warranty</li></ul>"
56-0080012X,"<ul><li>Sturdy 300D polyester fabric with a polyurethane coated topcoat that assures a durable water-repellent fabric which allows breathability and maximum UV protection while protecting against moisture</li><li>Enhanced reflective vent system prevents moisture buildup under the cover</li><li>Heat taped double stitched seams to ensure maximum waterproofing</li><li>Interior cotton heat shield lining insulates areas near warm pipes for added protection (allow at least 10 minutes of cool-down time before installing the cover over hot exhaust pipes)</li><li>Soft cotton lining in the windshield area to prevent scratching</li><li>The bottom hem of the cover features a sewn-in elastic shock cord, ensuring a snug and secure fit</li><li>Sewn in polyester belly strap to prevent to the cover from coming off in windy conditions</li><li>Internal pockets allow for the use of an aftermarket cover alarm system (not included)</li><li>Sewn-in grommets allow for a wheel or cable lock to pass through</li><li>Comes with a convenient drawstring pack for easy storage and transport</li><li>3-Year limited warranty</li></ul>"
56-0080013X,"<ul><li>Sturdy 300D polyester fabric with a polyurethane coated topcoat that assures a durable water-repellent fabric which allows breathability and maximum UV protection while protecting against moisture</li><li>Enhanced reflective vent system prevents moisture buildup under the cover</li><li>Heat taped double stitched seams to ensure maximum waterproofing</li><li>Interior cotton heat shield lining insulates areas near warm pipes for added protection (allow at least 10 minutes of cool-down time before installing the cover over hot exhaust pipes)</li><li>Soft cotton lining in the windshield area to prevent scratching</li><li>The bottom hem of the cover features a sewn-in elastic shock cord, ensuring a snug and secure fit</li><li>Sewn in polyester belly strap to prevent to the cover from coming off in windy conditions</li><li>Internal pockets allow for the use of an aftermarket cover alarm system (not included)</li><li>Sewn-in grommets allow for a wheel or cable lock to pass through</li><li>Comes with a convenient drawstring pack for easy storage and transport</li><li>3-Year limited warranty</li></ul>"
56-008001A,"<ul><li>Sturdy 300D polyester fabric with a polyurethane coated topcoat that assures a durable water-repellent fabric which allows breathability and maximum UV protection while protecting against moisture</li><li>Enhanced reflective vent system prevents moisture buildup under the cover</li><li>Heat taped double stitched seams to ensure maximum waterproofing</li><li>Interior cotton heat shield lining insulates areas near warm pipes for added protection (allow at least 10 minutes of cool-down time before installing the cover over hot exhaust pipes)</li><li>Soft cotton lining in the windshield area to prevent scratching</li><li>The bottom hem of the cover features a sewn-in elastic shock cord, ensuring a snug and secure fit</li><li>Sewn in polyester belly strap to prevent to the cover from coming off in windy conditions</li><li>Internal pockets allow for the use of an aftermarket cover alarm system (not included)</li><li>Sewn-in grommets allow for a wheel or cable lock to pass through</li><li>Comes with a convenient drawstring pack for easy storage and transport</li><li>3-Year limited warranty</li></ul>"
56-008001L,"<ul><li>Sturdy 300D polyester fabric with a polyurethane coated topcoat that assures a durable water-repellent fabric which allows breathability and maximum UV protection while protecting against moisture</li><li>Enhanced reflective vent system prevents moisture buildup under the cover</li><li>Heat taped double stitched seams to ensure maximum waterproofing</li><li>Interior cotton heat shield lining insulates areas near warm pipes for added protection (allow at least 10 minutes of cool-down time before installing the cover over hot exhaust pipes)</li><li>Soft cotton lining in the windshield area to prevent scratching</li><li>The bottom hem of the cover features a sewn-in elastic shock cord, ensuring a snug and secure fit</li><li>Sewn in polyester belly strap to prevent to the cover from coming off in windy conditions</li><li>Internal pockets allow for the use of an aftermarket cover alarm system (not included)</li><li>Sewn-in grommets allow for a wheel or cable lock to pass through</li><li>Comes with a convenient drawstring pack for easy storage and transport</li><li>3-Year limited warranty</li></ul>"
56-008001M,"<ul><li>Sturdy 300D polyester fabric with a polyurethane coated topcoat that assures a durable water-repellent fabric which allows breathability and maximum UV protection while protecting against moisture</li><li>Enhanced reflective vent system prevents moisture buildup under the cover</li><li>Heat taped double stitched seams to ensure maximum waterproofing</li><li>Interior cotton heat shield lining insulates areas near warm pipes for added protection (allow at least 10 minutes of cool-down time before installing the cover over hot exhaust pipes)</li><li>Soft cotton lining in the windshield area to prevent scratching</li><li>The bottom hem of the cover features a sewn-in elastic shock cord, ensuring a snug and secure fit</li><li>Sewn in polyester belly strap to prevent to the cover from coming off in windy conditions</li><li>Internal pockets allow for the use of an aftermarket cover alarm system (not included)</li><li>Sewn-in grommets allow for a wheel or cable lock to pass through</li><li>Comes with a convenient drawstring pack for easy storage and transport</li><li>3-Year limited warranty</li></ul>"
56-008001SB,"<ul><li>Sturdy 300D polyester fabric with a polyurethane coated topcoat that assures a durable water-repellent fabric which allows breathability and maximum UV protection while protecting against moisture</li><li>Enhanced reflective vent system prevents moisture buildup under the cover</li><li>Heat taped double stitched seams to ensure maximum waterproofing</li><li>Interior cotton heat shield lining insulates areas near warm pipes for added protection (allow at least 10 minutes of cool-down time before installing the cover over hot exhaust pipes)</li><li>Soft cotton lining in the windshield area to prevent scratching</li><li>The bottom hem of the cover features a sewn-in elastic shock cord, ensuring a snug and secure fit</li><li>Sewn in polyester belly strap to prevent to the cover from coming off in windy conditions</li><li>Internal pockets allow for the use of an aftermarket cover alarm system (not included)</li><li>Sewn-in grommets allow for a wheel or cable lock to pass through</li><li>Comes with a convenient drawstring pack for easy storage and transport</li><li>3-Year limited warranty</li></ul>"
56-008001X,"<ul><li>Sturdy 300D polyester fabric with a polyurethane coated topcoat that assures a durable water-repellent fabric which allows breathability and maximum UV protection while protecting against moisture</li><li>Enhanced reflective vent system prevents moisture buildup under the cover</li><li>Heat taped double stitched seams to ensure maximum waterproofing</li><li>Interior cotton heat shield lining insulates areas near warm pipes for added protection (allow at least 10 minutes of cool-down time before installing the cover over hot exhaust pipes)</li><li>Soft cotton lining in the windshield area to prevent scratching</li><li>The bottom hem of the cover features a sewn-in elastic shock cord, ensuring a snug and secure fit</li><li>Sewn in polyester belly strap to prevent to the cover from coming off in windy conditions</li><li>Internal pockets allow for the use of an aftermarket cover alarm system (not included)</li><li>Sewn-in grommets allow for a wheel or cable lock to pass through</li><li>Comes with a convenient drawstring pack for easy storage and transport</li><li>3-Year limited warranty</li></ul>"
750-05580,"<ul><li>High-Performance Damper – Tuned for enhanced handling, stability, and comfort on the road.</li><li>Dual-Rate Spring System – Main coil absorbs big hits, while the signature red bottom spring smooths out smaller bumps.</li><li>Offered in both Standard and Heavy Duty spring rates</li><li>Increased Cornering Confidence – Provides improved traction and control for aggressive riding.</li><li>Enhanced Ride Quality – Reduces road noise and vibrations for a smoother, more comfortable experience.</li><li>Durable & Precision-Engineered – Built to withstand the demands of daily riding and long-distance trips.</li></ul>"
750-05581,"<ul><li>High-Performance Damper – Tuned for enhanced handling, stability, and comfort on the road.</li><li>Dual-Rate Spring System – Main coil absorbs big hits, while the signature red bottom spring smooths out smaller bumps.</li><li>Offered in both Standard and Heavy Duty spring rates</li><li>Increased Cornering Confidence – Provides improved traction and control for aggressive riding.</li><li>Enhanced Ride Quality – Reduces road noise and vibrations for a smoother, more comfortable experience.</li><li>Durable & Precision-Engineered – Built to withstand the demands of daily riding and long-distance trips.</li></ul>"
491-1001,"<ul><li>Step up to the next level of battery technology with Motobatt Quadflex.</li><li>MotoBatt innovative Quadflex design boasts four terminals, offering unparalleled installation flexibility and compatibility across a wide range of applications.</li><li>Utilizing advanced AGM (Absorbent Glass Mat) technology, Quadflex batteries deliver:</li><li>Superior Starting Power: High cranking amps for reliable starts in any condition.</li><li>Extended Cycle Life: Robust construction and advanced chemistry for longer battery life.</li><li>Maintenance-Free Operation: Sealed design eliminates the need for water refills.</li><li>Vibration Resistance: Built to withstand the toughest conditions.</li><li>Multi-Terminal Design: Adaptable to various cable configurations.</li></ul>"
491-1002,"<ul><li>Step up to the next level of battery technology with Motobatt Quadflex.</li><li>MotoBatt innovative Quadflex design boasts four terminals, offering unparalleled installation flexibility and compatibility across a wide range of applications.</li><li>Utilizing advanced AGM (Absorbent Glass Mat) technology, Quadflex batteries deliver:</li><li>Superior Starting Power: High cranking amps for reliable starts in any condition.</li><li>Extended Cycle Life: Robust construction and advanced chemistry for longer battery life.</li><li>Maintenance-Free Operation: Sealed design eliminates the need for water refills.</li><li>Vibration Resistance: Built to withstand the toughest conditions.</li><li>Multi-Terminal Design: Adaptable to various cable configurations.</li></ul>"
491-1003,"<ul><li>Step up to the next level of battery technology with Motobatt Quadflex.</li><li>MotoBatt innovative Quadflex design boasts four terminals, offering unparalleled installation flexibility and compatibility across a wide range of applications.</li><li>Utilizing advanced AGM (Absorbent Glass Mat) technology, Quadflex batteries deliver:</li><li>Superior Starting Power: High cranking amps for reliable starts in any condition.</li><li>Extended Cycle Life: Robust construction and advanced chemistry for longer battery life.</li><li>Maintenance-Free Operation: Sealed design eliminates the need for water refills.</li><li>Vibration Resistance: Built to withstand the toughest conditions.</li><li>Multi-Terminal Design: Adaptable to various cable configurations.</li></ul>"
491-1004,"<ul><li>Step up to the next level of battery technology with Motobatt Quadflex.</li><li>MotoBatt innovative Quadflex design boasts four terminals, offering unparalleled installation flexibility and compatibility across a wide range of applications.</li><li>Utilizing advanced AGM (Absorbent Glass Mat) technology, Quadflex batteries deliver:</li><li>Superior Starting Power: High cranking amps for reliable starts in any condition.</li><li>Extended Cycle Life: Robust construction and advanced chemistry for longer battery life.</li><li>Maintenance-Free Operation: Sealed design eliminates the need for water refills.</li><li>Vibration Resistance: Built to withstand the toughest conditions.</li><li>Multi-Terminal Design: Adaptable to various cable configurations.</li></ul>"
491-1005,"<ul><li>Step up to the next level of battery technology with Motobatt Quadflex.</li><li>MotoBatt innovative Quadflex design boasts four terminals, offering unparalleled installation flexibility and compatibility across a wide range of applications.</li><li>Utilizing advanced AGM (Absorbent Glass Mat) technology, Quadflex batteries deliver:</li><li>Superior Starting Power: High cranking amps for reliable starts in any condition.</li><li>Extended Cycle Life: Robust construction and advanced chemistry for longer battery life.</li><li>Maintenance-Free Operation: Sealed design eliminates the need for water refills.</li><li>Vibration Resistance: Built to withstand the toughest conditions.</li><li>Multi-Terminal Design: Adaptable to various cable configurations.</li></ul>"
491-1006,"<ul><li>Step up to the next level of battery technology with Motobatt Quadflex.</li><li>MotoBatt innovative Quadflex design boasts four terminals, offering unparalleled installation flexibility and compatibility across a wide range of applications.</li><li>Utilizing advanced AGM (Absorbent Glass Mat) technology, Quadflex batteries deliver:</li><li>Superior Starting Power: High cranking amps for reliable starts in any condition.</li><li>Extended Cycle Life: Robust construction and advanced chemistry for longer battery life.</li><li>Maintenance-Free Operation: Sealed design eliminates the need for water refills.</li><li>Vibration Resistance: Built to withstand the toughest conditions.</li><li>Multi-Terminal Design: Adaptable to various cable configurations.</li></ul>"
491-1007,"<ul><li>Step up to the next level of battery technology with Motobatt Quadflex.</li><li>MotoBatt innovative Quadflex design boasts four terminals, offering unparalleled installation flexibility and compatibility across a wide range of applications.</li><li>Utilizing advanced AGM (Absorbent Glass Mat) technology, Quadflex batteries deliver:</li><li>Superior Starting Power: High cranking amps for reliable starts in any condition.</li><li>Extended Cycle Life: Robust construction and advanced chemistry for longer battery life.</li><li>Maintenance-Free Operation: Sealed design eliminates the need for water refills.</li><li>Vibration Resistance: Built to withstand the toughest conditions.</li><li>Multi-Terminal Design: Adaptable to various cable configurations.</li></ul>"
491-1008,"<ul><li>Step up to the next level of battery technology with Motobatt Quadflex.</li><li>MotoBatt innovative Quadflex design boasts four terminals, offering unparalleled installation flexibility and compatibility across a wide range of applications.</li><li>Utilizing advanced AGM (Absorbent Glass Mat) technology, Quadflex batteries deliver:</li><li>Superior Starting Power: High cranking amps for reliable starts in any condition.</li><li>Extended Cycle Life: Robust construction and advanced chemistry for longer battery life.</li><li>Maintenance-Free Operation: Sealed design eliminates the need for water refills.</li><li>Vibration Resistance: Built to withstand the toughest conditions.</li><li>Multi-Terminal Design: Adaptable to various cable configurations.</li></ul>"
491-1009,"<ul><li>Step up to the next level of battery technology with Motobatt Quadflex.</li><li>MotoBatt innovative Quadflex design boasts four terminals, offering unparalleled installation flexibility and compatibility across a wide range of applications.</li><li>Utilizing advanced AGM (Absorbent Glass Mat) technology, Quadflex batteries deliver:</li><li>Superior Starting Power: High cranking amps for reliable starts in any condition.</li><li>Extended Cycle Life: Robust construction and advanced chemistry for longer battery life.</li><li>Maintenance-Free Operation: Sealed design eliminates the need for water refills.</li><li>Vibration Resistance: Built to withstand the toughest conditions.</li><li>Multi-Terminal Design: Adaptable to various cable configurations.</li></ul>"
491-1010,"<ul><li>Step up to the next level of battery technology with Motobatt Quadflex.</li><li>MotoBatt innovative Quadflex design boasts four terminals, offering unparalleled installation flexibility and compatibility across a wide range of applications.</li><li>Utilizing advanced AGM (Absorbent Glass Mat) technology, Quadflex batteries deliver:</li><li>Superior Starting Power: High cranking amps for reliable starts in any condition.</li><li>Extended Cycle Life: Robust construction and advanced chemistry for longer battery life.</li><li>Maintenance-Free Operation: Sealed design eliminates the need for water refills.</li><li>Vibration Resistance: Built to withstand the toughest conditions.</li><li>Multi-Terminal Design: Adaptable to various cable configurations.</li></ul>"
491-1011,"<ul><li>Step up to the next level of battery technology with Motobatt Quadflex.</li><li>MotoBatt innovative Quadflex design boasts four terminals, offering unparalleled installation flexibility and compatibility across a wide range of applications.</li><li>Utilizing advanced AGM (Absorbent Glass Mat) technology, Quadflex batteries deliver:</li><li>Superior Starting Power: High cranking amps for reliable starts in any condition.</li><li>Extended Cycle Life: Robust construction and advanced chemistry for longer battery life.</li><li>Maintenance-Free Operation: Sealed design eliminates the need for water refills.</li><li>Vibration Resistance: Built to withstand the toughest conditions.</li><li>Multi-Terminal Design: Adaptable to various cable configurations.</li></ul>"
491-1012,"<ul><li>Step up to the next level of battery technology with Motobatt Quadflex.</li><li>MotoBatt innovative Quadflex design boasts four terminals, offering unparalleled installation flexibility and compatibility across a wide range of applications.</li><li>Utilizing advanced AGM (Absorbent Glass Mat) technology, Quadflex batteries deliver:</li><li>Superior Starting Power: High cranking amps for reliable starts in any condition.</li><li>Extended Cycle Life: Robust construction and advanced chemistry for longer battery life.</li><li>Maintenance-Free Operation: Sealed design eliminates the need for water refills.</li><li>Vibration Resistance: Built to withstand the toughest conditions.</li><li>Multi-Terminal Design: Adaptable to various cable configurations.</li></ul>"
491-1013,"<ul><li>Step up to the next level of battery technology with Motobatt Quadflex.</li><li>MotoBatt innovative Quadflex design boasts four terminals, offering unparalleled installation flexibility and compatibility across a wide range of applications.</li><li>Utilizing advanced AGM (Absorbent Glass Mat) technology, Quadflex batteries deliver:</li><li>Superior Starting Power: High cranking amps for reliable starts in any condition.</li><li>Extended Cycle Life: Robust construction and advanced chemistry for longer battery life.</li><li>Maintenance-Free Operation: Sealed design eliminates the need for water refills.</li><li>Vibration Resistance: Built to withstand the toughest conditions.</li><li>Multi-Terminal Design: Adaptable to various cable configurations.</li></ul>"
491-1014,"<ul><li>Step up to the next level of battery technology with Motobatt Quadflex.</li><li>MotoBatt innovative Quadflex design boasts four terminals, offering unparalleled installation flexibility and compatibility across a wide range of applications.</li><li>Utilizing advanced AGM (Absorbent Glass Mat) technology, Quadflex batteries deliver:</li><li>Superior Starting Power: High cranking amps for reliable starts in any condition.</li><li>Extended Cycle Life: Robust construction and advanced chemistry for longer battery life.</li><li>Maintenance-Free Operation: Sealed design eliminates the need for water refills.</li><li>Vibration Resistance: Built to withstand the toughest conditions.</li><li>Multi-Terminal Design: Adaptable to various cable configurations.</li></ul>"
491-1015,"<ul><li>Step up to the next level of battery technology with Motobatt Quadflex.</li><li>MotoBatt innovative Quadflex design boasts four terminals, offering unparalleled installation flexibility and compatibility across a wide range of applications.</li><li>Utilizing advanced AGM (Absorbent Glass Mat) technology, Quadflex batteries deliver:</li><li>Superior Starting Power: High cranking amps for reliable starts in any condition.</li><li>Extended Cycle Life: Robust construction and advanced chemistry for longer battery life.</li><li>Maintenance-Free Operation: Sealed design eliminates the need for water refills.</li><li>Vibration Resistance: Built to withstand the toughest conditions.</li><li>Multi-Terminal Design: Adaptable to various cable configurations.</li></ul>"
491-1016,"<ul><li>Step up to the next level of battery technology with Motobatt Quadflex.</li><li>MotoBatt innovative Quadflex design boasts four terminals, offering unparalleled installation flexibility and compatibility across a wide range of applications.</li><li>Utilizing advanced AGM (Absorbent Glass Mat) technology, Quadflex batteries deliver:</li><li>Superior Starting Power: High cranking amps for reliable starts in any condition.</li><li>Extended Cycle Life: Robust construction and advanced chemistry for longer battery life.</li><li>Maintenance-Free Operation: Sealed design eliminates the need for water refills.</li><li>Vibration Resistance: Built to withstand the toughest conditions.</li><li>Multi-Terminal Design: Adaptable to various cable configurations.</li></ul>"
491-1017,"<ul><li>Step up to the next level of battery technology with Motobatt Quadflex.</li><li>MotoBatt innovative Quadflex design boasts four terminals, offering unparalleled installation flexibility and compatibility across a wide range of applications.</li><li>Utilizing advanced AGM (Absorbent Glass Mat) technology, Quadflex batteries deliver:</li><li>Superior Starting Power: High cranking amps for reliable starts in any condition.</li><li>Extended Cycle Life: Robust construction and advanced chemistry for longer battery life.</li><li>Maintenance-Free Operation: Sealed design eliminates the need for water refills.</li><li>Vibration Resistance: Built to withstand the toughest conditions.</li><li>Multi-Terminal Design: Adaptable to various cable configurations.</li></ul>"
491-1018,"<ul><li>Step up to the next level of battery technology with Motobatt Quadflex.</li><li>MotoBatt innovative Quadflex design boasts four terminals, offering unparalleled installation flexibility and compatibility across a wide range of applications.</li><li>Utilizing advanced AGM (Absorbent Glass Mat) technology, Quadflex batteries deliver:</li><li>Superior Starting Power: High cranking amps for reliable starts in any condition.</li><li>Extended Cycle Life: Robust construction and advanced chemistry for longer battery life.</li><li>Maintenance-Free Operation: Sealed design eliminates the need for water refills.</li><li>Vibration Resistance: Built to withstand the toughest conditions.</li><li>Multi-Terminal Design: Adaptable to various cable configurations.</li></ul>"
491-1019,"<ul><li>Step up to the next level of battery technology with Motobatt Quadflex.</li><li>MotoBatt innovative Quadflex design boasts four terminals, offering unparalleled installation flexibility and compatibility across a wide range of applications.</li><li>Utilizing advanced AGM (Absorbent Glass Mat) technology, Quadflex batteries deliver:</li><li>Superior Starting Power: High cranking amps for reliable starts in any condition.</li><li>Extended Cycle Life: Robust construction and advanced chemistry for longer battery life.</li><li>Maintenance-Free Operation: Sealed design eliminates the need for water refills.</li><li>Vibration Resistance: Built to withstand the toughest conditions.</li><li>Multi-Terminal Design: Adaptable to various cable configurations.</li></ul>"
491-1020,"<ul><li>Step up to the next level of battery technology with Motobatt Quadflex.</li><li>MotoBatt innovative Quadflex design boasts four terminals, offering unparalleled installation flexibility and compatibility across a wide range of applications.</li><li>Utilizing advanced AGM (Absorbent Glass Mat) technology, Quadflex batteries deliver:</li><li>Superior Starting Power: High cranking amps for reliable starts in any condition.</li><li>Extended Cycle Life: Robust construction and advanced chemistry for longer battery life.</li><li>Maintenance-Free Operation: Sealed design eliminates the need for water refills.</li><li>Vibration Resistance: Built to withstand the toughest conditions.</li><li>Multi-Terminal Design: Adaptable to various cable configurations.</li></ul>"
491-1021,"<ul><li>Step up to the next level of battery technology with Motobatt Quadflex.</li><li>MotoBatt innovative Quadflex design boasts four terminals, offering unparalleled installation flexibility and compatibility across a wide range of applications.</li><li>Utilizing advanced AGM (Absorbent Glass Mat) technology, Quadflex batteries deliver:</li><li>Superior Starting Power: High cranking amps for reliable starts in any condition.</li><li>Extended Cycle Life: Robust construction and advanced chemistry for longer battery life.</li><li>Maintenance-Free Operation: Sealed design eliminates the need for water refills.</li><li>Vibration Resistance: Built to withstand the toughest conditions.</li><li>Multi-Terminal Design: Adaptable to various cable configurations.</li></ul>"
491-1022,"<ul><li>Step up to the next level of battery technology with Motobatt Quadflex.</li><li>MotoBatt innovative Quadflex design boasts four terminals, offering unparalleled installation flexibility and compatibility across a wide range of applications.</li><li>Utilizing advanced AGM (Absorbent Glass Mat) technology, Quadflex batteries deliver:</li><li>Superior Starting Power: High cranking amps for reliable starts in any condition.</li><li>Extended Cycle Life: Robust construction and advanced chemistry for longer battery life.</li><li>Maintenance-Free Operation: Sealed design eliminates the need for water refills.</li><li>Vibration Resistance: Built to withstand the toughest conditions.</li><li>Multi-Terminal Design: Adaptable to various cable configurations.</li></ul>"
491-1023,"<ul><li>Step up to the next level of battery technology with Motobatt Quadflex.</li><li>MotoBatt innovative Quadflex design boasts four terminals, offering unparalleled installation flexibility and compatibility across a wide range of applications.</li><li>Utilizing advanced AGM (Absorbent Glass Mat) technology, Quadflex batteries deliver:</li><li>Superior Starting Power: High cranking amps for reliable starts in any condition.</li><li>Extended Cycle Life: Robust construction and advanced chemistry for longer battery life.</li><li>Maintenance-Free Operation: Sealed design eliminates the need for water refills.</li><li>Vibration Resistance: Built to withstand the toughest conditions.</li><li>Multi-Terminal Design: Adaptable to various cable configurations.</li></ul>"
491-1024,"<ul><li>Step up to the next level of battery technology with Motobatt Quadflex.</li><li>MotoBatt innovative Quadflex design boasts four terminals, offering unparalleled installation flexibility and compatibility across a wide range of applications.</li><li>Utilizing advanced AGM (Absorbent Glass Mat) technology, Quadflex batteries deliver:</li><li>Superior Starting Power: High cranking amps for reliable starts in any condition.</li><li>Extended Cycle Life: Robust construction and advanced chemistry for longer battery life.</li><li>Maintenance-Free Operation: Sealed design eliminates the need for water refills.</li><li>Vibration Resistance: Built to withstand the toughest conditions.</li><li>Multi-Terminal Design: Adaptable to various cable configurations.</li></ul>"
491-1025,"<ul><li>Step up to the next level of battery technology with Motobatt Quadflex.</li><li>MotoBatt innovative Quadflex design boasts four terminals, offering unparalleled installation flexibility and compatibility across a wide range of applications.</li><li>Utilizing advanced AGM (Absorbent Glass Mat) technology, Quadflex batteries deliver:</li><li>Superior Starting Power: High cranking amps for reliable starts in any condition.</li><li>Extended Cycle Life: Robust construction and advanced chemistry for longer battery life.</li><li>Maintenance-Free Operation: Sealed design eliminates the need for water refills.</li><li>Vibration Resistance: Built to withstand the toughest conditions.</li><li>Multi-Terminal Design: Adaptable to various cable configurations.</li></ul>"
491-1026,"<ul><li>Step up to the next level of battery technology with Motobatt Quadflex.</li><li>MotoBatt innovative Quadflex design boasts four terminals, offering unparalleled installation flexibility and compatibility across a wide range of applications.</li><li>Utilizing advanced AGM (Absorbent Glass Mat) technology, Quadflex batteries deliver:</li><li>Superior Starting Power: High cranking amps for reliable starts in any condition.</li><li>Extended Cycle Life: Robust construction and advanced chemistry for longer battery life.</li><li>Maintenance-Free Operation: Sealed design eliminates the need for water refills.</li><li>Vibration Resistance: Built to withstand the toughest conditions.</li><li>Multi-Terminal Design: Adaptable to various cable configurations.</li></ul>"
491-1027,"<ul><li>Step up to the next level of battery technology with Motobatt Quadflex.</li><li>MotoBatt innovative Quadflex design boasts four terminals, offering unparalleled installation flexibility and compatibility across a wide range of applications.</li><li>Utilizing advanced AGM (Absorbent Glass Mat) technology, Quadflex batteries deliver:</li><li>Superior Starting Power: High cranking amps for reliable starts in any condition.</li><li>Extended Cycle Life: Robust construction and advanced chemistry for longer battery life.</li><li>Maintenance-Free Operation: Sealed design eliminates the need for water refills.</li><li>Vibration Resistance: Built to withstand the toughest conditions.</li><li>Multi-Terminal Design: Adaptable to various cable configurations.</li></ul>"
491-1028,"<ul><li>Step up to the next level of battery technology with Motobatt Quadflex.</li><li>MotoBatt innovative Quadflex design boasts four terminals, offering unparalleled installation flexibility and compatibility across a wide range of applications.</li><li>Utilizing advanced AGM (Absorbent Glass Mat) technology, Quadflex batteries deliver:</li><li>Superior Starting Power: High cranking amps for reliable starts in any condition.</li><li>Extended Cycle Life: Robust construction and advanced chemistry for longer battery life.</li><li>Maintenance-Free Operation: Sealed design eliminates the need for water refills.</li><li>Vibration Resistance: Built to withstand the toughest conditions.</li><li>Multi-Terminal Design: Adaptable to various cable configurations.</li></ul>"
491-1029,"<ul><li>Step up to the next level of battery technology with Motobatt Quadflex.</li><li>MotoBatt innovative Quadflex design boasts four terminals, offering unparalleled installation flexibility and compatibility across a wide range of applications.</li><li>Utilizing advanced AGM (Absorbent Glass Mat) technology, Quadflex batteries deliver:</li><li>Superior Starting Power: High cranking amps for reliable starts in any condition.</li><li>Extended Cycle Life: Robust construction and advanced chemistry for longer battery life.</li><li>Maintenance-Free Operation: Sealed design eliminates the need for water refills.</li><li>Vibration Resistance: Built to withstand the toughest conditions.</li><li>Multi-Terminal Design: Adaptable to various cable configurations.</li></ul>"
491-1030,"<ul><li>Step up to the next level of battery technology with Motobatt Quadflex.</li><li>MotoBatt innovative Quadflex design boasts four terminals, offering unparalleled installation flexibility and compatibility across a wide range of applications.</li><li>Utilizing advanced AGM (Absorbent Glass Mat) technology, Quadflex batteries deliver:</li><li>Superior Starting Power: High cranking amps for reliable starts in any condition.</li><li>Extended Cycle Life: Robust construction and advanced chemistry for longer battery life.</li><li>Maintenance-Free Operation: Sealed design eliminates the need for water refills.</li><li>Vibration Resistance: Built to withstand the toughest conditions.</li><li>Multi-Terminal Design: Adaptable to various cable configurations.</li></ul>"
75-01290,"<ul><li>Ryzer - Pinlock® Ready Faceshield</li><li>EXO-SR1400- Everclear® no-fog treated face shield with center locking mechanism</li><li>EXO-R430- Everclear™ no-fog treated face shield</li><li>Cover FX-Scorpion EXO’s face shield ratchet system pulls the shield securely against the eye port, ensuring a proper seal</li><li>EverClear® face shield offers state-of-the-art fog-free technology and 95% UV-A & UV-B protection</li><li>Optically superior face shield features a shatter resistant, Anti-Scratch hardened coating</li></ul>"
75-01291,"<ul><li>Ryzer - Pinlock® Ready Faceshield</li><li>EXO-SR1400- Everclear® no-fog treated face shield with center locking mechanism</li><li>EXO-R430- Everclear™ no-fog treated face shield</li><li>Cover FX-Scorpion EXO’s face shield ratchet system pulls the shield securely against the eye port, ensuring a proper seal</li><li>EverClear® face shield offers state-of-the-art fog-free technology and 95% UV-A & UV-B protection</li><li>Optically superior face shield features a shatter resistant, Anti-Scratch hardened coating</li></ul>"
75-01292,"<ul><li>Ryzer - Pinlock® Ready Faceshield</li><li>EXO-SR1400- Everclear® no-fog treated face shield with center locking mechanism</li><li>EXO-R430- Everclear™ no-fog treated face shield</li><li>Cover FX-Scorpion EXO’s face shield ratchet system pulls the shield securely against the eye port, ensuring a proper seal</li><li>EverClear® face shield offers state-of-the-art fog-free technology and 95% UV-A & UV-B protection</li><li>Optically superior face shield features a shatter resistant, Anti-Scratch hardened coating</li></ul>"
75-1081L,"The EXO-R330 redefines what riders can expect from a budget-friendly full-face helmet. Building upon the success of its predecessor, this model offers a significant leap in value and performance. Redesigned with aerodynamics in mind, the R330's shell minimizes drag and wind noise, enhancing rider comfort and focus. Dual certifications (DOT and ECE 22.06) ensure world-class safety standards are met and exceeded. Comfort is further enhanced by the KwikWick C liner, which is softer, and more breathable. Aero-tuned ventilation channels offer ample airflow, while the Pinlock-ready faceshield (insert sold separately) provides a fog-free view in any condition.

Features:
<ul><li>DOT FMVSS No. 218 Certified/ ECE 22.06 Certified</li><li>Advanced Polycarbonate Shell</li><li>Advanced multi-layer EPS</li><li>Aero-tuned ventilation system</li><li>KwikWick® C Comfort Liner</li><li>KwikFit® sculpted cheek pads accommodate most eyeglasses</li><li>Emergency Release System</li><li>Included breath deflector and aero skirt. (chin curtain)</li><li>Communication System Speaker Pockets</li><li>5-Year warranty</li></ul>"
75-1081M,"The EXO-R330 redefines what riders can expect from a budget-friendly full-face helmet. Building upon the success of its predecessor, this model offers a significant leap in value and performance. Redesigned with aerodynamics in mind, the R330's shell minimizes drag and wind noise, enhancing rider comfort and focus. Dual certifications (DOT and ECE 22.06) ensure world-class safety standards are met and exceeded. Comfort is further enhanced by the KwikWick C liner, which is softer, and more breathable. Aero-tuned ventilation channels offer ample airflow, while the Pinlock-ready faceshield (insert sold separately) provides a fog-free view in any condition.

Features:
<ul><li>DOT FMVSS No. 218 Certified/ ECE 22.06 Certified</li><li>Advanced Polycarbonate Shell</li><li>Advanced multi-layer EPS</li><li>Aero-tuned ventilation system</li><li>KwikWick® C Comfort Liner</li><li>KwikFit® sculpted cheek pads accommodate most eyeglasses</li><li>Emergency Release System</li><li>Included breath deflector and aero skirt. (chin curtain)</li><li>Communication System Speaker Pockets</li><li>5-Year warranty</li></ul>"
75-1081S,"The EXO-R330 redefines what riders can expect from a budget-friendly full-face helmet. Building upon the success of its predecessor, this model offers a significant leap in value and performance. Redesigned with aerodynamics in mind, the R330's shell minimizes drag and wind noise, enhancing rider comfort and focus. Dual certifications (DOT and ECE 22.06) ensure world-class safety standards are met and exceeded. Comfort is further enhanced by the KwikWick C liner, which is softer, and more breathable. Aero-tuned ventilation channels offer ample airflow, while the Pinlock-ready faceshield (insert sold separately) provides a fog-free view in any condition.

Features:
<ul><li>DOT FMVSS No. 218 Certified/ ECE 22.06 Certified</li><li>Advanced Polycarbonate Shell</li><li>Advanced multi-layer EPS</li><li>Aero-tuned ventilation system</li><li>KwikWick® C Comfort Liner</li><li>KwikFit® sculpted cheek pads accommodate most eyeglasses</li><li>Emergency Release System</li><li>Included breath deflector and aero skirt. (chin curtain)</li><li>Communication System Speaker Pockets</li><li>5-Year warranty</li></ul>"
75-1081X,"The EXO-R330 redefines what riders can expect from a budget-friendly full-face helmet. Building upon the success of its predecessor, this model offers a significant leap in value and performance. Redesigned with aerodynamics in mind, the R330's shell minimizes drag and wind noise, enhancing rider comfort and focus. Dual certifications (DOT and ECE 22.06) ensure world-class safety standards are met and exceeded. Comfort is further enhanced by the KwikWick C liner, which is softer, and more breathable. Aero-tuned ventilation channels offer ample airflow, while the Pinlock-ready faceshield (insert sold separately) provides a fog-free view in any condition.

Features:
<ul><li>DOT FMVSS No. 218 Certified/ ECE 22.06 Certified</li><li>Advanced Polycarbonate Shell</li><li>Advanced multi-layer EPS</li><li>Aero-tuned ventilation system</li><li>KwikWick® C Comfort Liner</li><li>KwikFit® sculpted cheek pads accommodate most eyeglasses</li><li>Emergency Release System</li><li>Included breath deflector and aero skirt. (chin curtain)</li><li>Communication System Speaker Pockets</li><li>5-Year warranty</li></ul>"
75-1081XS,"The EXO-R330 redefines what riders can expect from a budget-friendly full-face helmet. Building upon the success of its predecessor, this model offers a significant leap in value and performance. Redesigned with aerodynamics in mind, the R330's shell minimizes drag and wind noise, enhancing rider comfort and focus. Dual certifications (DOT and ECE 22.06) ensure world-class safety standards are met and exceeded. Comfort is further enhanced by the KwikWick C liner, which is softer, and more breathable. Aero-tuned ventilation channels offer ample airflow, while the Pinlock-ready faceshield (insert sold separately) provides a fog-free view in any condition.

Features:
<ul><li>DOT FMVSS No. 218 Certified/ ECE 22.06 Certified</li><li>Advanced Polycarbonate Shell</li><li>Advanced multi-layer EPS</li><li>Aero-tuned ventilation system</li><li>KwikWick® C Comfort Liner</li><li>KwikFit® sculpted cheek pads accommodate most eyeglasses</li><li>Emergency Release System</li><li>Included breath deflector and aero skirt. (chin curtain)</li><li>Communication System Speaker Pockets</li><li>5-Year warranty</li></ul>"
75-10822X,"The EXO-R330 redefines what riders can expect from a budget-friendly full-face helmet. Building upon the success of its predecessor, this model offers a significant leap in value and performance. Redesigned with aerodynamics in mind, the R330's shell minimizes drag and wind noise, enhancing rider comfort and focus. Dual certifications (DOT and ECE 22.06) ensure world-class safety standards are met and exceeded. Comfort is further enhanced by the KwikWick C liner, which is softer, and more breathable. Aero-tuned ventilation channels offer ample airflow, while the Pinlock-ready faceshield (insert sold separately) provides a fog-free view in any condition.

Features:
<ul><li>DOT FMVSS No. 218 Certified/ ECE 22.06 Certified</li><li>Advanced Polycarbonate Shell</li><li>Advanced multi-layer EPS</li><li>Aero-tuned ventilation system</li><li>KwikWick® C Comfort Liner</li><li>KwikFit® sculpted cheek pads accommodate most eyeglasses</li><li>Emergency Release System</li><li>Included breath deflector and aero skirt. (chin curtain)</li><li>Communication System Speaker Pockets</li><li>5-Year warranty</li></ul>"
75-1082L,"The EXO-R330 redefines what riders can expect from a budget-friendly full-face helmet. Building upon the success of its predecessor, this model offers a significant leap in value and performance. Redesigned with aerodynamics in mind, the R330's shell minimizes drag and wind noise, enhancing rider comfort and focus. Dual certifications (DOT and ECE 22.06) ensure world-class safety standards are met and exceeded. Comfort is further enhanced by the KwikWick C liner, which is softer, and more breathable. Aero-tuned ventilation channels offer ample airflow, while the Pinlock-ready faceshield (insert sold separately) provides a fog-free view in any condition.

Features:
<ul><li>DOT FMVSS No. 218 Certified/ ECE 22.06 Certified</li><li>Advanced Polycarbonate Shell</li><li>Advanced multi-layer EPS</li><li>Aero-tuned ventilation system</li><li>KwikWick® C Comfort Liner</li><li>KwikFit® sculpted cheek pads accommodate most eyeglasses</li><li>Emergency Release System</li><li>Included breath deflector and aero skirt. (chin curtain)</li><li>Communication System Speaker Pockets</li><li>5-Year warranty</li></ul>"
75-1082M,"The EXO-R330 redefines what riders can expect from a budget-friendly full-face helmet. Building upon the success of its predecessor, this model offers a significant leap in value and performance. Redesigned with aerodynamics in mind, the R330's shell minimizes drag and wind noise, enhancing rider comfort and focus. Dual certifications (DOT and ECE 22.06) ensure world-class safety standards are met and exceeded. Comfort is further enhanced by the KwikWick C liner, which is softer, and more breathable. Aero-tuned ventilation channels offer ample airflow, while the Pinlock-ready faceshield (insert sold separately) provides a fog-free view in any condition.

Features:
<ul><li>DOT FMVSS No. 218 Certified/ ECE 22.06 Certified</li><li>Advanced Polycarbonate Shell</li><li>Advanced multi-layer EPS</li><li>Aero-tuned ventilation system</li><li>KwikWick® C Comfort Liner</li><li>KwikFit® sculpted cheek pads accommodate most eyeglasses</li><li>Emergency Release System</li><li>Included breath deflector and aero skirt. (chin curtain)</li><li>Communication System Speaker Pockets</li><li>5-Year warranty</li></ul>"
75-1082S,"The EXO-R330 redefines what riders can expect from a budget-friendly full-face helmet. Building upon the success of its predecessor, this model offers a significant leap in value and performance. Redesigned with aerodynamics in mind, the R330's shell minimizes drag and wind noise, enhancing rider comfort and focus. Dual certifications (DOT and ECE 22.06) ensure world-class safety standards are met and exceeded. Comfort is further enhanced by the KwikWick C liner, which is softer, and more breathable. Aero-tuned ventilation channels offer ample airflow, while the Pinlock-ready faceshield (insert sold separately) provides a fog-free view in any condition.

Features:
<ul><li>DOT FMVSS No. 218 Certified/ ECE 22.06 Certified</li><li>Advanced Polycarbonate Shell</li><li>Advanced multi-layer EPS</li><li>Aero-tuned ventilation system</li><li>KwikWick® C Comfort Liner</li><li>KwikFit® sculpted cheek pads accommodate most eyeglasses</li><li>Emergency Release System</li><li>Included breath deflector and aero skirt. (chin curtain)</li><li>Communication System Speaker Pockets</li><li>5-Year warranty</li></ul>"
75-1082X,"The EXO-R330 redefines what riders can expect from a budget-friendly full-face helmet. Building upon the success of its predecessor, this model offers a significant leap in value and performance. Redesigned with aerodynamics in mind, the R330's shell minimizes drag and wind noise, enhancing rider comfort and focus. Dual certifications (DOT and ECE 22.06) ensure world-class safety standards are met and exceeded. Comfort is further enhanced by the KwikWick C liner, which is softer, and more breathable. Aero-tuned ventilation channels offer ample airflow, while the Pinlock-ready faceshield (insert sold separately) provides a fog-free view in any condition.

Features:
<ul><li>DOT FMVSS No. 218 Certified/ ECE 22.06 Certified</li><li>Advanced Polycarbonate Shell</li><li>Advanced multi-layer EPS</li><li>Aero-tuned ventilation system</li><li>KwikWick® C Comfort Liner</li><li>KwikFit® sculpted cheek pads accommodate most eyeglasses</li><li>Emergency Release System</li><li>Included breath deflector and aero skirt. (chin curtain)</li><li>Communication System Speaker Pockets</li><li>5-Year warranty</li></ul>"
75-10832X,"The EXO-R330 redefines what riders can expect from a budget-friendly full-face helmet. Building upon the success of its predecessor, this model offers a significant leap in value and performance. Redesigned with aerodynamics in mind, the R330's shell minimizes drag and wind noise, enhancing rider comfort and focus. Dual certifications (DOT and ECE 22.06) ensure world-class safety standards are met and exceeded. Comfort is further enhanced by the KwikWick C liner, which is softer, and more breathable. Aero-tuned ventilation channels offer ample airflow, while the Pinlock-ready faceshield (insert sold separately) provides a fog-free view in any condition.

Features:
<ul><li>DOT FMVSS No. 218 Certified/ ECE 22.06 Certified</li><li>Advanced Polycarbonate Shell</li><li>Advanced multi-layer EPS</li><li>Aero-tuned ventilation system</li><li>KwikWick® C Comfort Liner</li><li>KwikFit® sculpted cheek pads accommodate most eyeglasses</li><li>Emergency Release System</li><li>Included breath deflector and aero skirt. (chin curtain)</li><li>Communication System Speaker Pockets</li><li>5-Year warranty</li></ul>"
75-1083L,"The EXO-R330 redefines what riders can expect from a budget-friendly full-face helmet. Building upon the success of its predecessor, this model offers a significant leap in value and performance. Redesigned with aerodynamics in mind, the R330's shell minimizes drag and wind noise, enhancing rider comfort and focus. Dual certifications (DOT and ECE 22.06) ensure world-class safety standards are met and exceeded. Comfort is further enhanced by the KwikWick C liner, which is softer, and more breathable. Aero-tuned ventilation channels offer ample airflow, while the Pinlock-ready faceshield (insert sold separately) provides a fog-free view in any condition.

Features:
<ul><li>DOT FMVSS No. 218 Certified/ ECE 22.06 Certified</li><li>Advanced Polycarbonate Shell</li><li>Advanced multi-layer EPS</li><li>Aero-tuned ventilation system</li><li>KwikWick® C Comfort Liner</li><li>KwikFit® sculpted cheek pads accommodate most eyeglasses</li><li>Emergency Release System</li><li>Included breath deflector and aero skirt. (chin curtain)</li><li>Communication System Speaker Pockets</li><li>5-Year warranty</li></ul>"
75-1083M,"The EXO-R330 redefines what riders can expect from a budget-friendly full-face helmet. Building upon the success of its predecessor, this model offers a significant leap in value and performance. Redesigned with aerodynamics in mind, the R330's shell minimizes drag and wind noise, enhancing rider comfort and focus. Dual certifications (DOT and ECE 22.06) ensure world-class safety standards are met and exceeded. Comfort is further enhanced by the KwikWick C liner, which is softer, and more breathable. Aero-tuned ventilation channels offer ample airflow, while the Pinlock-ready faceshield (insert sold separately) provides a fog-free view in any condition.

Features:
<ul><li>DOT FMVSS No. 218 Certified/ ECE 22.06 Certified</li><li>Advanced Polycarbonate Shell</li><li>Advanced multi-layer EPS</li><li>Aero-tuned ventilation system</li><li>KwikWick® C Comfort Liner</li><li>KwikFit® sculpted cheek pads accommodate most eyeglasses</li><li>Emergency Release System</li><li>Included breath deflector and aero skirt. (chin curtain)</li><li>Communication System Speaker Pockets</li><li>5-Year warranty</li></ul>"
75-1083S,"The EXO-R330 redefines what riders can expect from a budget-friendly full-face helmet. Building upon the success of its predecessor, this model offers a significant leap in value and performance. Redesigned with aerodynamics in mind, the R330's shell minimizes drag and wind noise, enhancing rider comfort and focus. Dual certifications (DOT and ECE 22.06) ensure world-class safety standards are met and exceeded. Comfort is further enhanced by the KwikWick C liner, which is softer, and more breathable. Aero-tuned ventilation channels offer ample airflow, while the Pinlock-ready faceshield (insert sold separately) provides a fog-free view in any condition.

Features:
<ul><li>DOT FMVSS No. 218 Certified/ ECE 22.06 Certified</li><li>Advanced Polycarbonate Shell</li><li>Advanced multi-layer EPS</li><li>Aero-tuned ventilation system</li><li>KwikWick® C Comfort Liner</li><li>KwikFit® sculpted cheek pads accommodate most eyeglasses</li><li>Emergency Release System</li><li>Included breath deflector and aero skirt. (chin curtain)</li><li>Communication System Speaker Pockets</li><li>5-Year warranty</li></ul>"
75-1083X,"The EXO-R330 redefines what riders can expect from a budget-friendly full-face helmet. Building upon the success of its predecessor, this model offers a significant leap in value and performance. Redesigned with aerodynamics in mind, the R330's shell minimizes drag and wind noise, enhancing rider comfort and focus. Dual certifications (DOT and ECE 22.06) ensure world-class safety standards are met and exceeded. Comfort is further enhanced by the KwikWick C liner, which is softer, and more breathable. Aero-tuned ventilation channels offer ample airflow, while the Pinlock-ready faceshield (insert sold separately) provides a fog-free view in any condition.

Features:
<ul><li>DOT FMVSS No. 218 Certified/ ECE 22.06 Certified</li><li>Advanced Polycarbonate Shell</li><li>Advanced multi-layer EPS</li><li>Aero-tuned ventilation system</li><li>KwikWick® C Comfort Liner</li><li>KwikFit® sculpted cheek pads accommodate most eyeglasses</li><li>Emergency Release System</li><li>Included breath deflector and aero skirt. (chin curtain)</li><li>Communication System Speaker Pockets</li><li>5-Year warranty</li></ul>"
75-10842X,"The EXO-R330 redefines what riders can expect from a budget-friendly full-face helmet. Building upon the success of its predecessor, this model offers a significant leap in value and performance. Redesigned with aerodynamics in mind, the R330's shell minimizes drag and wind noise, enhancing rider comfort and focus. Dual certifications (DOT and ECE 22.06) ensure world-class safety standards are met and exceeded. Comfort is further enhanced by the KwikWick C liner, which is softer, and more breathable. Aero-tuned ventilation channels offer ample airflow, while the Pinlock-ready faceshield (insert sold separately) provides a fog-free view in any condition.

Features:
<ul><li>DOT FMVSS No. 218 Certified/ ECE 22.06 Certified</li><li>Advanced Polycarbonate Shell</li><li>Advanced multi-layer EPS</li><li>Aero-tuned ventilation system</li><li>KwikWick® C Comfort Liner</li><li>KwikFit® sculpted cheek pads accommodate most eyeglasses</li><li>Emergency Release System</li><li>Included breath deflector and aero skirt. (chin curtain)</li><li>Communication System Speaker Pockets</li><li>5-Year warranty</li></ul>"
75-1084L,"The EXO-R330 redefines what riders can expect from a budget-friendly full-face helmet. Building upon the success of its predecessor, this model offers a significant leap in value and performance. Redesigned with aerodynamics in mind, the R330's shell minimizes drag and wind noise, enhancing rider comfort and focus. Dual certifications (DOT and ECE 22.06) ensure world-class safety standards are met and exceeded. Comfort is further enhanced by the KwikWick C liner, which is softer, and more breathable. Aero-tuned ventilation channels offer ample airflow, while the Pinlock-ready faceshield (insert sold separately) provides a fog-free view in any condition.

Features:
<ul><li>DOT FMVSS No. 218 Certified/ ECE 22.06 Certified</li><li>Advanced Polycarbonate Shell</li><li>Advanced multi-layer EPS</li><li>Aero-tuned ventilation system</li><li>KwikWick® C Comfort Liner</li><li>KwikFit® sculpted cheek pads accommodate most eyeglasses</li><li>Emergency Release System</li><li>Included breath deflector and aero skirt. (chin curtain)</li><li>Communication System Speaker Pockets</li><li>5-Year warranty</li></ul>"
75-1084M,"The EXO-R330 redefines what riders can expect from a budget-friendly full-face helmet. Building upon the success of its predecessor, this model offers a significant leap in value and performance. Redesigned with aerodynamics in mind, the R330's shell minimizes drag and wind noise, enhancing rider comfort and focus. Dual certifications (DOT and ECE 22.06) ensure world-class safety standards are met and exceeded. Comfort is further enhanced by the KwikWick C liner, which is softer, and more breathable. Aero-tuned ventilation channels offer ample airflow, while the Pinlock-ready faceshield (insert sold separately) provides a fog-free view in any condition.

Features:
<ul><li>DOT FMVSS No. 218 Certified/ ECE 22.06 Certified</li><li>Advanced Polycarbonate Shell</li><li>Advanced multi-layer EPS</li><li>Aero-tuned ventilation system</li><li>KwikWick® C Comfort Liner</li><li>KwikFit® sculpted cheek pads accommodate most eyeglasses</li><li>Emergency Release System</li><li>Included breath deflector and aero skirt. (chin curtain)</li><li>Communication System Speaker Pockets</li><li>5-Year warranty</li></ul>"
75-1084S,"The EXO-R330 redefines what riders can expect from a budget-friendly full-face helmet. Building upon the success of its predecessor, this model offers a significant leap in value and performance. Redesigned with aerodynamics in mind, the R330's shell minimizes drag and wind noise, enhancing rider comfort and focus. Dual certifications (DOT and ECE 22.06) ensure world-class safety standards are met and exceeded. Comfort is further enhanced by the KwikWick C liner, which is softer, and more breathable. Aero-tuned ventilation channels offer ample airflow, while the Pinlock-ready faceshield (insert sold separately) provides a fog-free view in any condition.

Features:
<ul><li>DOT FMVSS No. 218 Certified/ ECE 22.06 Certified</li><li>Advanced Polycarbonate Shell</li><li>Advanced multi-layer EPS</li><li>Aero-tuned ventilation system</li><li>KwikWick® C Comfort Liner</li><li>KwikFit® sculpted cheek pads accommodate most eyeglasses</li><li>Emergency Release System</li><li>Included breath deflector and aero skirt. (chin curtain)</li><li>Communication System Speaker Pockets</li><li>5-Year warranty</li></ul>"
75-1084X,"The EXO-R330 redefines what riders can expect from a budget-friendly full-face helmet. Building upon the success of its predecessor, this model offers a significant leap in value and performance. Redesigned with aerodynamics in mind, the R330's shell minimizes drag and wind noise, enhancing rider comfort and focus. Dual certifications (DOT and ECE 22.06) ensure world-class safety standards are met and exceeded. Comfort is further enhanced by the KwikWick C liner, which is softer, and more breathable. Aero-tuned ventilation channels offer ample airflow, while the Pinlock-ready faceshield (insert sold separately) provides a fog-free view in any condition.

Features:
<ul><li>DOT FMVSS No. 218 Certified/ ECE 22.06 Certified</li><li>Advanced Polycarbonate Shell</li><li>Advanced multi-layer EPS</li><li>Aero-tuned ventilation system</li><li>KwikWick® C Comfort Liner</li><li>KwikFit® sculpted cheek pads accommodate most eyeglasses</li><li>Emergency Release System</li><li>Included breath deflector and aero skirt. (chin curtain)</li><li>Communication System Speaker Pockets</li><li>5-Year warranty</li></ul>"
75-10852X,"The EXO-R330 redefines what riders can expect from a budget-friendly full-face helmet. Building upon the success of its predecessor, this model offers a significant leap in value and performance. Redesigned with aerodynamics in mind, the R330's shell minimizes drag and wind noise, enhancing rider comfort and focus. Dual certifications (DOT and ECE 22.06) ensure world-class safety standards are met and exceeded. Comfort is further enhanced by the KwikWick C liner, which is softer, and more breathable. Aero-tuned ventilation channels offer ample airflow, while the Pinlock-ready faceshield (insert sold separately) provides a fog-free view in any condition.

Features:
<ul><li>DOT FMVSS No. 218 Certified/ ECE 22.06 Certified</li><li>Advanced Polycarbonate Shell</li><li>Advanced multi-layer EPS</li><li>Aero-tuned ventilation system</li><li>KwikWick® C Comfort Liner</li><li>KwikFit® sculpted cheek pads accommodate most eyeglasses</li><li>Emergency Release System</li><li>Included breath deflector and aero skirt. (chin curtain)</li><li>Communication System Speaker Pockets</li><li>5-Year warranty</li></ul>"
75-1085L,"The EXO-R330 redefines what riders can expect from a budget-friendly full-face helmet. Building upon the success of its predecessor, this model offers a significant leap in value and performance. Redesigned with aerodynamics in mind, the R330's shell minimizes drag and wind noise, enhancing rider comfort and focus. Dual certifications (DOT and ECE 22.06) ensure world-class safety standards are met and exceeded. Comfort is further enhanced by the KwikWick C liner, which is softer, and more breathable. Aero-tuned ventilation channels offer ample airflow, while the Pinlock-ready faceshield (insert sold separately) provides a fog-free view in any condition.

Features:
<ul><li>DOT FMVSS No. 218 Certified/ ECE 22.06 Certified</li><li>Advanced Polycarbonate Shell</li><li>Advanced multi-layer EPS</li><li>Aero-tuned ventilation system</li><li>KwikWick® C Comfort Liner</li><li>KwikFit® sculpted cheek pads accommodate most eyeglasses</li><li>Emergency Release System</li><li>Included breath deflector and aero skirt. (chin curtain)</li><li>Communication System Speaker Pockets</li><li>5-Year warranty</li></ul>"
75-1085M,"The EXO-R330 redefines what riders can expect from a budget-friendly full-face helmet. Building upon the success of its predecessor, this model offers a significant leap in value and performance. Redesigned with aerodynamics in mind, the R330's shell minimizes drag and wind noise, enhancing rider comfort and focus. Dual certifications (DOT and ECE 22.06) ensure world-class safety standards are met and exceeded. Comfort is further enhanced by the KwikWick C liner, which is softer, and more breathable. Aero-tuned ventilation channels offer ample airflow, while the Pinlock-ready faceshield (insert sold separately) provides a fog-free view in any condition.

Features:
<ul><li>DOT FMVSS No. 218 Certified/ ECE 22.06 Certified</li><li>Advanced Polycarbonate Shell</li><li>Advanced multi-layer EPS</li><li>Aero-tuned ventilation system</li><li>KwikWick® C Comfort Liner</li><li>KwikFit® sculpted cheek pads accommodate most eyeglasses</li><li>Emergency Release System</li><li>Included breath deflector and aero skirt. (chin curtain)</li><li>Communication System Speaker Pockets</li><li>5-Year warranty</li></ul>"
75-1085S,"The EXO-R330 redefines what riders can expect from a budget-friendly full-face helmet. Building upon the success of its predecessor, this model offers a significant leap in value and performance. Redesigned with aerodynamics in mind, the R330's shell minimizes drag and wind noise, enhancing rider comfort and focus. Dual certifications (DOT and ECE 22.06) ensure world-class safety standards are met and exceeded. Comfort is further enhanced by the KwikWick C liner, which is softer, and more breathable. Aero-tuned ventilation channels offer ample airflow, while the Pinlock-ready faceshield (insert sold separately) provides a fog-free view in any condition.

Features:
<ul><li>DOT FMVSS No. 218 Certified/ ECE 22.06 Certified</li><li>Advanced Polycarbonate Shell</li><li>Advanced multi-layer EPS</li><li>Aero-tuned ventilation system</li><li>KwikWick® C Comfort Liner</li><li>KwikFit® sculpted cheek pads accommodate most eyeglasses</li><li>Emergency Release System</li><li>Included breath deflector and aero skirt. (chin curtain)</li><li>Communication System Speaker Pockets</li><li>5-Year warranty</li></ul>"
75-1085X,"The EXO-R330 redefines what riders can expect from a budget-friendly full-face helmet. Building upon the success of its predecessor, this model offers a significant leap in value and performance. Redesigned with aerodynamics in mind, the R330's shell minimizes drag and wind noise, enhancing rider comfort and focus. Dual certifications (DOT and ECE 22.06) ensure world-class safety standards are met and exceeded. Comfort is further enhanced by the KwikWick C liner, which is softer, and more breathable. Aero-tuned ventilation channels offer ample airflow, while the Pinlock-ready faceshield (insert sold separately) provides a fog-free view in any condition.

Features:
<ul><li>DOT FMVSS No. 218 Certified/ ECE 22.06 Certified</li><li>Advanced Polycarbonate Shell</li><li>Advanced multi-layer EPS</li><li>Aero-tuned ventilation system</li><li>KwikWick® C Comfort Liner</li><li>KwikFit® sculpted cheek pads accommodate most eyeglasses</li><li>Emergency Release System</li><li>Included breath deflector and aero skirt. (chin curtain)</li><li>Communication System Speaker Pockets</li><li>5-Year warranty</li></ul>"
75-10862X,"The EXO-R330 redefines what riders can expect from a budget-friendly full-face helmet. Building upon the success of its predecessor, this model offers a significant leap in value and performance. Redesigned with aerodynamics in mind, the R330's shell minimizes drag and wind noise, enhancing rider comfort and focus. Dual certifications (DOT and ECE 22.06) ensure world-class safety standards are met and exceeded. Comfort is further enhanced by the KwikWick C liner, which is softer, and more breathable. Aero-tuned ventilation channels offer ample airflow, while the Pinlock-ready faceshield (insert sold separately) provides a fog-free view in any condition.

Features:
<ul><li>DOT FMVSS No. 218 Certified/ ECE 22.06 Certified</li><li>Advanced Polycarbonate Shell</li><li>Advanced multi-layer EPS</li><li>Aero-tuned ventilation system</li><li>KwikWick® C Comfort Liner</li><li>KwikFit® sculpted cheek pads accommodate most eyeglasses</li><li>Emergency Release System</li><li>Included breath deflector and aero skirt. (chin curtain)</li><li>Communication System Speaker Pockets</li><li>5-Year warranty</li></ul>"
75-1086L,"The EXO-R330 redefines what riders can expect from a budget-friendly full-face helmet. Building upon the success of its predecessor, this model offers a significant leap in value and performance. Redesigned with aerodynamics in mind, the R330's shell minimizes drag and wind noise, enhancing rider comfort and focus. Dual certifications (DOT and ECE 22.06) ensure world-class safety standards are met and exceeded. Comfort is further enhanced by the KwikWick C liner, which is softer, and more breathable. Aero-tuned ventilation channels offer ample airflow, while the Pinlock-ready faceshield (insert sold separately) provides a fog-free view in any condition.

Features:
<ul><li>DOT FMVSS No. 218 Certified/ ECE 22.06 Certified</li><li>Advanced Polycarbonate Shell</li><li>Advanced multi-layer EPS</li><li>Aero-tuned ventilation system</li><li>KwikWick® C Comfort Liner</li><li>KwikFit® sculpted cheek pads accommodate most eyeglasses</li><li>Emergency Release System</li><li>Included breath deflector and aero skirt. (chin curtain)</li><li>Communication System Speaker Pockets</li><li>5-Year warranty</li></ul>"
75-1086M,"The EXO-R330 redefines what riders can expect from a budget-friendly full-face helmet. Building upon the success of its predecessor, this model offers a significant leap in value and performance. Redesigned with aerodynamics in mind, the R330's shell minimizes drag and wind noise, enhancing rider comfort and focus. Dual certifications (DOT and ECE 22.06) ensure world-class safety standards are met and exceeded. Comfort is further enhanced by the KwikWick C liner, which is softer, and more breathable. Aero-tuned ventilation channels offer ample airflow, while the Pinlock-ready faceshield (insert sold separately) provides a fog-free view in any condition.

Features:
<ul><li>DOT FMVSS No. 218 Certified/ ECE 22.06 Certified</li><li>Advanced Polycarbonate Shell</li><li>Advanced multi-layer EPS</li><li>Aero-tuned ventilation system</li><li>KwikWick® C Comfort Liner</li><li>KwikFit® sculpted cheek pads accommodate most eyeglasses</li><li>Emergency Release System</li><li>Included breath deflector and aero skirt. (chin curtain)</li><li>Communication System Speaker Pockets</li><li>5-Year warranty</li></ul>"
75-1086S,"The EXO-R330 redefines what riders can expect from a budget-friendly full-face helmet. Building upon the success of its predecessor, this model offers a significant leap in value and performance. Redesigned with aerodynamics in mind, the R330's shell minimizes drag and wind noise, enhancing rider comfort and focus. Dual certifications (DOT and ECE 22.06) ensure world-class safety standards are met and exceeded. Comfort is further enhanced by the KwikWick C liner, which is softer, and more breathable. Aero-tuned ventilation channels offer ample airflow, while the Pinlock-ready faceshield (insert sold separately) provides a fog-free view in any condition.

Features:
<ul><li>DOT FMVSS No. 218 Certified/ ECE 22.06 Certified</li><li>Advanced Polycarbonate Shell</li><li>Advanced multi-layer EPS</li><li>Aero-tuned ventilation system</li><li>KwikWick® C Comfort Liner</li><li>KwikFit® sculpted cheek pads accommodate most eyeglasses</li><li>Emergency Release System</li><li>Included breath deflector and aero skirt. (chin curtain)</li><li>Communication System Speaker Pockets</li><li>5-Year warranty</li></ul>"
75-1086X,"The EXO-R330 redefines what riders can expect from a budget-friendly full-face helmet. Building upon the success of its predecessor, this model offers a significant leap in value and performance. Redesigned with aerodynamics in mind, the R330's shell minimizes drag and wind noise, enhancing rider comfort and focus. Dual certifications (DOT and ECE 22.06) ensure world-class safety standards are met and exceeded. Comfort is further enhanced by the KwikWick C liner, which is softer, and more breathable. Aero-tuned ventilation channels offer ample airflow, while the Pinlock-ready faceshield (insert sold separately) provides a fog-free view in any condition.

Features:
<ul><li>DOT FMVSS No. 218 Certified/ ECE 22.06 Certified</li><li>Advanced Polycarbonate Shell</li><li>Advanced multi-layer EPS</li><li>Aero-tuned ventilation system</li><li>KwikWick® C Comfort Liner</li><li>KwikFit® sculpted cheek pads accommodate most eyeglasses</li><li>Emergency Release System</li><li>Included breath deflector and aero skirt. (chin curtain)</li><li>Communication System Speaker Pockets</li><li>5-Year warranty</li></ul>"
75-13652X,"Regardless of where you tear it up; track, canyon, or urban wasteland, the Scorpion EXO-R1 Air was designed, engineered and tested to meet the demands of Moto GP® and World Superbike® racing, while providing features that benefit every rider!

Features:
<ul><li>DOT-218 / ECE Approved</li><li>Multi-layered Ultra-TCT® shell combines fiberglass, aramid and poly-resin fibers which minimize weight while maximizing strength and impact dispersal</li><li>Aero-tuned shell sculpture helps reduce aerodynamic drag, improve balance, and maximize mobility</li><li>Advanced multi-layer EPS provides superior energy absorption and channels for increased airflow</li><li>Aero-Tuned ventilation features a Ram-Air intake system, 4 port exhaust spoiler system and EPS channels for an optimal flow-thru effect</li><li>Optically superior Clear MaxVision® Pinlock-Ready® face shield installed. Anti-scratch coated and offers 95% UV-A & UV-B protection</li><li>Elliptec® II quick-release face shield mechanism with integrated center lock provides a superior shield-to-gasket seal</li><li>FREE Additional dark smoke MaxVision® Pinlock® face shield and Pinlock® anti-fog insert included</li><li>Removable/washable KwikWick® III interior keeps you cool, dry and comfortable</li><li>Airfit® inflation adjustment system provides a custom fit to your cheek pads, also reducing wind noise and lift</li><li>3D contoured, Kwikfit® cheek pads allow easy access for most eye glasses</li><li>EMT-friendly, emergency release cheek pads</li><li>Integrated speaker pockets to accommodate BlueTooth® communication system speakers</li><li>Breath Deflector included for enhanced fog-free performance</li><li>Aero Skirt (Chin Curtain) included to help reduce wind noise</li><li>Titanium Double D-Rings</li><li>5 Year Warranty</li></ul>"
75-1365L,"Regardless of where you tear it up; track, canyon, or urban wasteland, the Scorpion EXO-R1 Air was designed, engineered and tested to meet the demands of Moto GP® and World Superbike® racing, while providing features that benefit every rider!

Features:
<ul><li>DOT-218 / ECE Approved</li><li>Multi-layered Ultra-TCT® shell combines fiberglass, aramid and poly-resin fibers which minimize weight while maximizing strength and impact dispersal</li><li>Aero-tuned shell sculpture helps reduce aerodynamic drag, improve balance, and maximize mobility</li><li>Advanced multi-layer EPS provides superior energy absorption and channels for increased airflow</li><li>Aero-Tuned ventilation features a Ram-Air intake system, 4 port exhaust spoiler system and EPS channels for an optimal flow-thru effect</li><li>Optically superior Clear MaxVision® Pinlock-Ready® face shield installed. Anti-scratch coated and offers 95% UV-A & UV-B protection</li><li>Elliptec® II quick-release face shield mechanism with integrated center lock provides a superior shield-to-gasket seal</li><li>FREE Additional dark smoke MaxVision® Pinlock® face shield and Pinlock® anti-fog insert included</li><li>Removable/washable KwikWick® III interior keeps you cool, dry and comfortable</li><li>Airfit® inflation adjustment system provides a custom fit to your cheek pads, also reducing wind noise and lift</li><li>3D contoured, Kwikfit® cheek pads allow easy access for most eye glasses</li><li>EMT-friendly, emergency release cheek pads</li><li>Integrated speaker pockets to accommodate BlueTooth® communication system speakers</li><li>Breath Deflector included for enhanced fog-free performance</li><li>Aero Skirt (Chin Curtain) included to help reduce wind noise</li><li>Titanium Double D-Rings</li><li>5 Year Warranty</li></ul>"
75-1365M,"Regardless of where you tear it up; track, canyon, or urban wasteland, the Scorpion EXO-R1 Air was designed, engineered and tested to meet the demands of Moto GP® and World Superbike® racing, while providing features that benefit every rider!

Features:
<ul><li>DOT-218 / ECE Approved</li><li>Multi-layered Ultra-TCT® shell combines fiberglass, aramid and poly-resin fibers which minimize weight while maximizing strength and impact dispersal</li><li>Aero-tuned shell sculpture helps reduce aerodynamic drag, improve balance, and maximize mobility</li><li>Advanced multi-layer EPS provides superior energy absorption and channels for increased airflow</li><li>Aero-Tuned ventilation features a Ram-Air intake system, 4 port exhaust spoiler system and EPS channels for an optimal flow-thru effect</li><li>Optically superior Clear MaxVision® Pinlock-Ready® face shield installed. Anti-scratch coated and offers 95% UV-A & UV-B protection</li><li>Elliptec® II quick-release face shield mechanism with integrated center lock provides a superior shield-to-gasket seal</li><li>FREE Additional dark smoke MaxVision® Pinlock® face shield and Pinlock® anti-fog insert included</li><li>Removable/washable KwikWick® III interior keeps you cool, dry and comfortable</li><li>Airfit® inflation adjustment system provides a custom fit to your cheek pads, also reducing wind noise and lift</li><li>3D contoured, Kwikfit® cheek pads allow easy access for most eye glasses</li><li>EMT-friendly, emergency release cheek pads</li><li>Integrated speaker pockets to accommodate BlueTooth® communication system speakers</li><li>Breath Deflector included for enhanced fog-free performance</li><li>Aero Skirt (Chin Curtain) included to help reduce wind noise</li><li>Titanium Double D-Rings</li><li>5 Year Warranty</li></ul>"
75-1365S,"Regardless of where you tear it up; track, canyon, or urban wasteland, the Scorpion EXO-R1 Air was designed, engineered and tested to meet the demands of Moto GP® and World Superbike® racing, while providing features that benefit every rider!

Features:
<ul><li>DOT-218 / ECE Approved</li><li>Multi-layered Ultra-TCT® shell combines fiberglass, aramid and poly-resin fibers which minimize weight while maximizing strength and impact dispersal</li><li>Aero-tuned shell sculpture helps reduce aerodynamic drag, improve balance, and maximize mobility</li><li>Advanced multi-layer EPS provides superior energy absorption and channels for increased airflow</li><li>Aero-Tuned ventilation features a Ram-Air intake system, 4 port exhaust spoiler system and EPS channels for an optimal flow-thru effect</li><li>Optically superior Clear MaxVision® Pinlock-Ready® face shield installed. Anti-scratch coated and offers 95% UV-A & UV-B protection</li><li>Elliptec® II quick-release face shield mechanism with integrated center lock provides a superior shield-to-gasket seal</li><li>FREE Additional dark smoke MaxVision® Pinlock® face shield and Pinlock® anti-fog insert included</li><li>Removable/washable KwikWick® III interior keeps you cool, dry and comfortable</li><li>Airfit® inflation adjustment system provides a custom fit to your cheek pads, also reducing wind noise and lift</li><li>3D contoured, Kwikfit® cheek pads allow easy access for most eye glasses</li><li>EMT-friendly, emergency release cheek pads</li><li>Integrated speaker pockets to accommodate BlueTooth® communication system speakers</li><li>Breath Deflector included for enhanced fog-free performance</li><li>Aero Skirt (Chin Curtain) included to help reduce wind noise</li><li>Titanium Double D-Rings</li><li>5 Year Warranty</li></ul>"
75-1365X,"Regardless of where you tear it up; track, canyon, or urban wasteland, the Scorpion EXO-R1 Air was designed, engineered and tested to meet the demands of Moto GP® and World Superbike® racing, while providing features that benefit every rider!

Features:
<ul><li>DOT-218 / ECE Approved</li><li>Multi-layered Ultra-TCT® shell combines fiberglass, aramid and poly-resin fibers which minimize weight while maximizing strength and impact dispersal</li><li>Aero-tuned shell sculpture helps reduce aerodynamic drag, improve balance, and maximize mobility</li><li>Advanced multi-layer EPS provides superior energy absorption and channels for increased airflow</li><li>Aero-Tuned ventilation features a Ram-Air intake system, 4 port exhaust spoiler system and EPS channels for an optimal flow-thru effect</li><li>Optically superior Clear MaxVision® Pinlock-Ready® face shield installed. Anti-scratch coated and offers 95% UV-A & UV-B protection</li><li>Elliptec® II quick-release face shield mechanism with integrated center lock provides a superior shield-to-gasket seal</li><li>FREE Additional dark smoke MaxVision® Pinlock® face shield and Pinlock® anti-fog insert included</li><li>Removable/washable KwikWick® III interior keeps you cool, dry and comfortable</li><li>Airfit® inflation adjustment system provides a custom fit to your cheek pads, also reducing wind noise and lift</li><li>3D contoured, Kwikfit® cheek pads allow easy access for most eye glasses</li><li>EMT-friendly, emergency release cheek pads</li><li>Integrated speaker pockets to accommodate BlueTooth® communication system speakers</li><li>Breath Deflector included for enhanced fog-free performance</li><li>Aero Skirt (Chin Curtain) included to help reduce wind noise</li><li>Titanium Double D-Rings</li><li>5 Year Warranty</li></ul>"
75-13662X,"Regardless of where you tear it up; track, canyon, or urban wasteland, the Scorpion EXO-R1 Air was designed, engineered and tested to meet the demands of Moto GP® and World Superbike® racing, while providing features that benefit every rider!

Features:
<ul><li>DOT-218 / ECE Approved</li><li>Multi-layered Ultra-TCT® shell combines fiberglass, aramid and poly-resin fibers which minimize weight while maximizing strength and impact dispersal</li><li>Aero-tuned shell sculpture helps reduce aerodynamic drag, improve balance, and maximize mobility</li><li>Advanced multi-layer EPS provides superior energy absorption and channels for increased airflow</li><li>Aero-Tuned ventilation features a Ram-Air intake system, 4 port exhaust spoiler system and EPS channels for an optimal flow-thru effect</li><li>Optically superior Clear MaxVision® Pinlock-Ready® face shield installed. Anti-scratch coated and offers 95% UV-A & UV-B protection</li><li>Elliptec® II quick-release face shield mechanism with integrated center lock provides a superior shield-to-gasket seal</li><li>FREE Additional dark smoke MaxVision® Pinlock® face shield and Pinlock® anti-fog insert included</li><li>Removable/washable KwikWick® III interior keeps you cool, dry and comfortable</li><li>Airfit® inflation adjustment system provides a custom fit to your cheek pads, also reducing wind noise and lift</li><li>3D contoured, Kwikfit® cheek pads allow easy access for most eye glasses</li><li>EMT-friendly, emergency release cheek pads</li><li>Integrated speaker pockets to accommodate BlueTooth® communication system speakers</li><li>Breath Deflector included for enhanced fog-free performance</li><li>Aero Skirt (Chin Curtain) included to help reduce wind noise</li><li>Titanium Double D-Rings</li><li>5 Year Warranty</li></ul>"
75-1366L,"Regardless of where you tear it up; track, canyon, or urban wasteland, the Scorpion EXO-R1 Air was designed, engineered and tested to meet the demands of Moto GP® and World Superbike® racing, while providing features that benefit every rider!

Features:
<ul><li>DOT-218 / ECE Approved</li><li>Multi-layered Ultra-TCT® shell combines fiberglass, aramid and poly-resin fibers which minimize weight while maximizing strength and impact dispersal</li><li>Aero-tuned shell sculpture helps reduce aerodynamic drag, improve balance, and maximize mobility</li><li>Advanced multi-layer EPS provides superior energy absorption and channels for increased airflow</li><li>Aero-Tuned ventilation features a Ram-Air intake system, 4 port exhaust spoiler system and EPS channels for an optimal flow-thru effect</li><li>Optically superior Clear MaxVision® Pinlock-Ready® face shield installed. Anti-scratch coated and offers 95% UV-A & UV-B protection</li><li>Elliptec® II quick-release face shield mechanism with integrated center lock provides a superior shield-to-gasket seal</li><li>FREE Additional dark smoke MaxVision® Pinlock® face shield and Pinlock® anti-fog insert included</li><li>Removable/washable KwikWick® III interior keeps you cool, dry and comfortable</li><li>Airfit® inflation adjustment system provides a custom fit to your cheek pads, also reducing wind noise and lift</li><li>3D contoured, Kwikfit® cheek pads allow easy access for most eye glasses</li><li>EMT-friendly, emergency release cheek pads</li><li>Integrated speaker pockets to accommodate BlueTooth® communication system speakers</li><li>Breath Deflector included for enhanced fog-free performance</li><li>Aero Skirt (Chin Curtain) included to help reduce wind noise</li><li>Titanium Double D-Rings</li><li>5 Year Warranty</li></ul>"
75-1366M,"Regardless of where you tear it up; track, canyon, or urban wasteland, the Scorpion EXO-R1 Air was designed, engineered and tested to meet the demands of Moto GP® and World Superbike® racing, while providing features that benefit every rider!

Features:
<ul><li>DOT-218 / ECE Approved</li><li>Multi-layered Ultra-TCT® shell combines fiberglass, aramid and poly-resin fibers which minimize weight while maximizing strength and impact dispersal</li><li>Aero-tuned shell sculpture helps reduce aerodynamic drag, improve balance, and maximize mobility</li><li>Advanced multi-layer EPS provides superior energy absorption and channels for increased airflow</li><li>Aero-Tuned ventilation features a Ram-Air intake system, 4 port exhaust spoiler system and EPS channels for an optimal flow-thru effect</li><li>Optically superior Clear MaxVision® Pinlock-Ready® face shield installed. Anti-scratch coated and offers 95% UV-A & UV-B protection</li><li>Elliptec® II quick-release face shield mechanism with integrated center lock provides a superior shield-to-gasket seal</li><li>FREE Additional dark smoke MaxVision® Pinlock® face shield and Pinlock® anti-fog insert included</li><li>Removable/washable KwikWick® III interior keeps you cool, dry and comfortable</li><li>Airfit® inflation adjustment system provides a custom fit to your cheek pads, also reducing wind noise and lift</li><li>3D contoured, Kwikfit® cheek pads allow easy access for most eye glasses</li><li>EMT-friendly, emergency release cheek pads</li><li>Integrated speaker pockets to accommodate BlueTooth® communication system speakers</li><li>Breath Deflector included for enhanced fog-free performance</li><li>Aero Skirt (Chin Curtain) included to help reduce wind noise</li><li>Titanium Double D-Rings</li><li>5 Year Warranty</li></ul>"
75-1366S,"Regardless of where you tear it up; track, canyon, or urban wasteland, the Scorpion EXO-R1 Air was designed, engineered and tested to meet the demands of Moto GP® and World Superbike® racing, while providing features that benefit every rider!

Features:
<ul><li>DOT-218 / ECE Approved</li><li>Multi-layered Ultra-TCT® shell combines fiberglass, aramid and poly-resin fibers which minimize weight while maximizing strength and impact dispersal</li><li>Aero-tuned shell sculpture helps reduce aerodynamic drag, improve balance, and maximize mobility</li><li>Advanced multi-layer EPS provides superior energy absorption and channels for increased airflow</li><li>Aero-Tuned ventilation features a Ram-Air intake system, 4 port exhaust spoiler system and EPS channels for an optimal flow-thru effect</li><li>Optically superior Clear MaxVision® Pinlock-Ready® face shield installed. Anti-scratch coated and offers 95% UV-A & UV-B protection</li><li>Elliptec® II quick-release face shield mechanism with integrated center lock provides a superior shield-to-gasket seal</li><li>FREE Additional dark smoke MaxVision® Pinlock® face shield and Pinlock® anti-fog insert included</li><li>Removable/washable KwikWick® III interior keeps you cool, dry and comfortable</li><li>Airfit® inflation adjustment system provides a custom fit to your cheek pads, also reducing wind noise and lift</li><li>3D contoured, Kwikfit® cheek pads allow easy access for most eye glasses</li><li>EMT-friendly, emergency release cheek pads</li><li>Integrated speaker pockets to accommodate BlueTooth® communication system speakers</li><li>Breath Deflector included for enhanced fog-free performance</li><li>Aero Skirt (Chin Curtain) included to help reduce wind noise</li><li>Titanium Double D-Rings</li><li>5 Year Warranty</li></ul>"
75-1366X,"Regardless of where you tear it up; track, canyon, or urban wasteland, the Scorpion EXO-R1 Air was designed, engineered and tested to meet the demands of Moto GP® and World Superbike® racing, while providing features that benefit every rider!

Features:
<ul><li>DOT-218 / ECE Approved</li><li>Multi-layered Ultra-TCT® shell combines fiberglass, aramid and poly-resin fibers which minimize weight while maximizing strength and impact dispersal</li><li>Aero-tuned shell sculpture helps reduce aerodynamic drag, improve balance, and maximize mobility</li><li>Advanced multi-layer EPS provides superior energy absorption and channels for increased airflow</li><li>Aero-Tuned ventilation features a Ram-Air intake system, 4 port exhaust spoiler system and EPS channels for an optimal flow-thru effect</li><li>Optically superior Clear MaxVision® Pinlock-Ready® face shield installed. Anti-scratch coated and offers 95% UV-A & UV-B protection</li><li>Elliptec® II quick-release face shield mechanism with integrated center lock provides a superior shield-to-gasket seal</li><li>FREE Additional dark smoke MaxVision® Pinlock® face shield and Pinlock® anti-fog insert included</li><li>Removable/washable KwikWick® III interior keeps you cool, dry and comfortable</li><li>Airfit® inflation adjustment system provides a custom fit to your cheek pads, also reducing wind noise and lift</li><li>3D contoured, Kwikfit® cheek pads allow easy access for most eye glasses</li><li>EMT-friendly, emergency release cheek pads</li><li>Integrated speaker pockets to accommodate BlueTooth® communication system speakers</li><li>Breath Deflector included for enhanced fog-free performance</li><li>Aero Skirt (Chin Curtain) included to help reduce wind noise</li><li>Titanium Double D-Rings</li><li>5 Year Warranty</li></ul>"
75-13672X,"Regardless of where you tear it up; track, canyon, or urban wasteland, the Scorpion EXO-R1 Air was designed, engineered and tested to meet the demands of Moto GP® and World Superbike® racing, while providing features that benefit every rider!

Features:
<ul><li>DOT-218 / ECE Approved</li><li>Multi-layered Ultra-TCT® shell combines fiberglass, aramid and poly-resin fibers which minimize weight while maximizing strength and impact dispersal</li><li>Aero-tuned shell sculpture helps reduce aerodynamic drag, improve balance, and maximize mobility</li><li>Advanced multi-layer EPS provides superior energy absorption and channels for increased airflow</li><li>Aero-Tuned ventilation features a Ram-Air intake system, 4 port exhaust spoiler system and EPS channels for an optimal flow-thru effect</li><li>Optically superior Clear MaxVision® Pinlock-Ready® face shield installed. Anti-scratch coated and offers 95% UV-A & UV-B protection</li><li>Elliptec® II quick-release face shield mechanism with integrated center lock provides a superior shield-to-gasket seal</li><li>FREE Additional dark smoke MaxVision® Pinlock® face shield and Pinlock® anti-fog insert included</li><li>Removable/washable KwikWick® III interior keeps you cool, dry and comfortable</li><li>Airfit® inflation adjustment system provides a custom fit to your cheek pads, also reducing wind noise and lift</li><li>3D contoured, Kwikfit® cheek pads allow easy access for most eye glasses</li><li>EMT-friendly, emergency release cheek pads</li><li>Integrated speaker pockets to accommodate BlueTooth® communication system speakers</li><li>Breath Deflector included for enhanced fog-free performance</li><li>Aero Skirt (Chin Curtain) included to help reduce wind noise</li><li>Titanium Double D-Rings</li><li>5 Year Warranty</li></ul>"
75-1367L,"Regardless of where you tear it up; track, canyon, or urban wasteland, the Scorpion EXO-R1 Air was designed, engineered and tested to meet the demands of Moto GP® and World Superbike® racing, while providing features that benefit every rider!

Features:
<ul><li>DOT-218 / ECE Approved</li><li>Multi-layered Ultra-TCT® shell combines fiberglass, aramid and poly-resin fibers which minimize weight while maximizing strength and impact dispersal</li><li>Aero-tuned shell sculpture helps reduce aerodynamic drag, improve balance, and maximize mobility</li><li>Advanced multi-layer EPS provides superior energy absorption and channels for increased airflow</li><li>Aero-Tuned ventilation features a Ram-Air intake system, 4 port exhaust spoiler system and EPS channels for an optimal flow-thru effect</li><li>Optically superior Clear MaxVision® Pinlock-Ready® face shield installed. Anti-scratch coated and offers 95% UV-A & UV-B protection</li><li>Elliptec® II quick-release face shield mechanism with integrated center lock provides a superior shield-to-gasket seal</li><li>FREE Additional dark smoke MaxVision® Pinlock® face shield and Pinlock® anti-fog insert included</li><li>Removable/washable KwikWick® III interior keeps you cool, dry and comfortable</li><li>Airfit® inflation adjustment system provides a custom fit to your cheek pads, also reducing wind noise and lift</li><li>3D contoured, Kwikfit® cheek pads allow easy access for most eye glasses</li><li>EMT-friendly, emergency release cheek pads</li><li>Integrated speaker pockets to accommodate BlueTooth® communication system speakers</li><li>Breath Deflector included for enhanced fog-free performance</li><li>Aero Skirt (Chin Curtain) included to help reduce wind noise</li><li>Titanium Double D-Rings</li><li>5 Year Warranty</li></ul>"
75-1367M,"Regardless of where you tear it up; track, canyon, or urban wasteland, the Scorpion EXO-R1 Air was designed, engineered and tested to meet the demands of Moto GP® and World Superbike® racing, while providing features that benefit every rider!

Features:
<ul><li>DOT-218 / ECE Approved</li><li>Multi-layered Ultra-TCT® shell combines fiberglass, aramid and poly-resin fibers which minimize weight while maximizing strength and impact dispersal</li><li>Aero-tuned shell sculpture helps reduce aerodynamic drag, improve balance, and maximize mobility</li><li>Advanced multi-layer EPS provides superior energy absorption and channels for increased airflow</li><li>Aero-Tuned ventilation features a Ram-Air intake system, 4 port exhaust spoiler system and EPS channels for an optimal flow-thru effect</li><li>Optically superior Clear MaxVision® Pinlock-Ready® face shield installed. Anti-scratch coated and offers 95% UV-A & UV-B protection</li><li>Elliptec® II quick-release face shield mechanism with integrated center lock provides a superior shield-to-gasket seal</li><li>FREE Additional dark smoke MaxVision® Pinlock® face shield and Pinlock® anti-fog insert included</li><li>Removable/washable KwikWick® III interior keeps you cool, dry and comfortable</li><li>Airfit® inflation adjustment system provides a custom fit to your cheek pads, also reducing wind noise and lift</li><li>3D contoured, Kwikfit® cheek pads allow easy access for most eye glasses</li><li>EMT-friendly, emergency release cheek pads</li><li>Integrated speaker pockets to accommodate BlueTooth® communication system speakers</li><li>Breath Deflector included for enhanced fog-free performance</li><li>Aero Skirt (Chin Curtain) included to help reduce wind noise</li><li>Titanium Double D-Rings</li><li>5 Year Warranty</li></ul>"
75-1367S,"Regardless of where you tear it up; track, canyon, or urban wasteland, the Scorpion EXO-R1 Air was designed, engineered and tested to meet the demands of Moto GP® and World Superbike® racing, while providing features that benefit every rider!

Features:
<ul><li>DOT-218 / ECE Approved</li><li>Multi-layered Ultra-TCT® shell combines fiberglass, aramid and poly-resin fibers which minimize weight while maximizing strength and impact dispersal</li><li>Aero-tuned shell sculpture helps reduce aerodynamic drag, improve balance, and maximize mobility</li><li>Advanced multi-layer EPS provides superior energy absorption and channels for increased airflow</li><li>Aero-Tuned ventilation features a Ram-Air intake system, 4 port exhaust spoiler system and EPS channels for an optimal flow-thru effect</li><li>Optically superior Clear MaxVision® Pinlock-Ready® face shield installed. Anti-scratch coated and offers 95% UV-A & UV-B protection</li><li>Elliptec® II quick-release face shield mechanism with integrated center lock provides a superior shield-to-gasket seal</li><li>FREE Additional dark smoke MaxVision® Pinlock® face shield and Pinlock® anti-fog insert included</li><li>Removable/washable KwikWick® III interior keeps you cool, dry and comfortable</li><li>Airfit® inflation adjustment system provides a custom fit to your cheek pads, also reducing wind noise and lift</li><li>3D contoured, Kwikfit® cheek pads allow easy access for most eye glasses</li><li>EMT-friendly, emergency release cheek pads</li><li>Integrated speaker pockets to accommodate BlueTooth® communication system speakers</li><li>Breath Deflector included for enhanced fog-free performance</li><li>Aero Skirt (Chin Curtain) included to help reduce wind noise</li><li>Titanium Double D-Rings</li><li>5 Year Warranty</li></ul>"
75-1367X,"Regardless of where you tear it up; track, canyon, or urban wasteland, the Scorpion EXO-R1 Air was designed, engineered and tested to meet the demands of Moto GP® and World Superbike® racing, while providing features that benefit every rider!

Features:
<ul><li>DOT-218 / ECE Approved</li><li>Multi-layered Ultra-TCT® shell combines fiberglass, aramid and poly-resin fibers which minimize weight while maximizing strength and impact dispersal</li><li>Aero-tuned shell sculpture helps reduce aerodynamic drag, improve balance, and maximize mobility</li><li>Advanced multi-layer EPS provides superior energy absorption and channels for increased airflow</li><li>Aero-Tuned ventilation features a Ram-Air intake system, 4 port exhaust spoiler system and EPS channels for an optimal flow-thru effect</li><li>Optically superior Clear MaxVision® Pinlock-Ready® face shield installed. Anti-scratch coated and offers 95% UV-A & UV-B protection</li><li>Elliptec® II quick-release face shield mechanism with integrated center lock provides a superior shield-to-gasket seal</li><li>FREE Additional dark smoke MaxVision® Pinlock® face shield and Pinlock® anti-fog insert included</li><li>Removable/washable KwikWick® III interior keeps you cool, dry and comfortable</li><li>Airfit® inflation adjustment system provides a custom fit to your cheek pads, also reducing wind noise and lift</li><li>3D contoured, Kwikfit® cheek pads allow easy access for most eye glasses</li><li>EMT-friendly, emergency release cheek pads</li><li>Integrated speaker pockets to accommodate BlueTooth® communication system speakers</li><li>Breath Deflector included for enhanced fog-free performance</li><li>Aero Skirt (Chin Curtain) included to help reduce wind noise</li><li>Titanium Double D-Rings</li><li>5 Year Warranty</li></ul>"
75-13682X,"Regardless of where you tear it up; track, canyon, or urban wasteland, the Scorpion EXO-R1 Air was designed, engineered and tested to meet the demands of Moto GP® and World Superbike® racing, while providing features that benefit every rider!

Features:
<ul><li>DOT-218 / ECE Approved</li><li>Multi-layered Ultra-TCT® shell combines fiberglass, aramid and poly-resin fibers which minimize weight while maximizing strength and impact dispersal</li><li>Aero-tuned shell sculpture helps reduce aerodynamic drag, improve balance, and maximize mobility</li><li>Advanced multi-layer EPS provides superior energy absorption and channels for increased airflow</li><li>Aero-Tuned ventilation features a Ram-Air intake system, 4 port exhaust spoiler system and EPS channels for an optimal flow-thru effect</li><li>Optically superior Clear MaxVision® Pinlock-Ready® face shield installed. Anti-scratch coated and offers 95% UV-A & UV-B protection</li><li>Elliptec® II quick-release face shield mechanism with integrated center lock provides a superior shield-to-gasket seal</li><li>FREE Additional dark smoke MaxVision® Pinlock® face shield and Pinlock® anti-fog insert included</li><li>Removable/washable KwikWick® III interior keeps you cool, dry and comfortable</li><li>Airfit® inflation adjustment system provides a custom fit to your cheek pads, also reducing wind noise and lift</li><li>3D contoured, Kwikfit® cheek pads allow easy access for most eye glasses</li><li>EMT-friendly, emergency release cheek pads</li><li>Integrated speaker pockets to accommodate BlueTooth® communication system speakers</li><li>Breath Deflector included for enhanced fog-free performance</li><li>Aero Skirt (Chin Curtain) included to help reduce wind noise</li><li>Titanium Double D-Rings</li><li>5 Year Warranty</li></ul>"
561-21092BK,"<ul><li>Boost the image of your Custom motorcycle with the new Anarchy sports semi-fairing.</li><li>Made with materials highly resistant to impacts and with great aerodynamic capacity, it adapts perfectly to the headlight, either rounded or shaped.</li><li>The new Anarchy semi-fairing is the perfect combination of sportiness and protection for your motorcycle</li><li>15” high and 9.8” wide it not only achieves the extreme look you are looking for, it also protects the motorcycle and the rider.</li><li>Easy to assembly kit includes instructions and hardware necessary</li></ul>"
75-1368L,"Regardless of where you tear it up; track, canyon, or urban wasteland, the Scorpion EXO-R1 Air was designed, engineered and tested to meet the demands of Moto GP® and World Superbike® racing, while providing features that benefit every rider!

Features:
<ul><li>DOT-218 / ECE Approved</li><li>Multi-layered Ultra-TCT® shell combines fiberglass, aramid and poly-resin fibers which minimize weight while maximizing strength and impact dispersal</li><li>Aero-tuned shell sculpture helps reduce aerodynamic drag, improve balance, and maximize mobility</li><li>Advanced multi-layer EPS provides superior energy absorption and channels for increased airflow</li><li>Aero-Tuned ventilation features a Ram-Air intake system, 4 port exhaust spoiler system and EPS channels for an optimal flow-thru effect</li><li>Optically superior Clear MaxVision® Pinlock-Ready® face shield installed. Anti-scratch coated and offers 95% UV-A & UV-B protection</li><li>Elliptec® II quick-release face shield mechanism with integrated center lock provides a superior shield-to-gasket seal</li><li>FREE Additional dark smoke MaxVision® Pinlock® face shield and Pinlock® anti-fog insert included</li><li>Removable/washable KwikWick® III interior keeps you cool, dry and comfortable</li><li>Airfit® inflation adjustment system provides a custom fit to your cheek pads, also reducing wind noise and lift</li><li>3D contoured, Kwikfit® cheek pads allow easy access for most eye glasses</li><li>EMT-friendly, emergency release cheek pads</li><li>Integrated speaker pockets to accommodate BlueTooth® communication system speakers</li><li>Breath Deflector included for enhanced fog-free performance</li><li>Aero Skirt (Chin Curtain) included to help reduce wind noise</li><li>Titanium Double D-Rings</li><li>5 Year Warranty</li></ul>"
561-21092M,"<ul><li>Boost the image of your Custom motorcycle with the new Anarchy sports semi-fairing.</li><li>Made with materials highly resistant to impacts and with great aerodynamic capacity, it adapts perfectly to the headlight, either rounded or shaped.</li><li>The new Anarchy semi-fairing is the perfect combination of sportiness and protection for your motorcycle</li><li>15” high and 9.8” wide it not only achieves the extreme look you are looking for, it also protects the motorcycle and the rider.</li><li>Easy to assembly kit includes instructions and hardware necessary</li></ul>"
75-1368M,"Regardless of where you tear it up; track, canyon, or urban wasteland, the Scorpion EXO-R1 Air was designed, engineered and tested to meet the demands of Moto GP® and World Superbike® racing, while providing features that benefit every rider!

Features:
<ul><li>DOT-218 / ECE Approved</li><li>Multi-layered Ultra-TCT® shell combines fiberglass, aramid and poly-resin fibers which minimize weight while maximizing strength and impact dispersal</li><li>Aero-tuned shell sculpture helps reduce aerodynamic drag, improve balance, and maximize mobility</li><li>Advanced multi-layer EPS provides superior energy absorption and channels for increased airflow</li><li>Aero-Tuned ventilation features a Ram-Air intake system, 4 port exhaust spoiler system and EPS channels for an optimal flow-thru effect</li><li>Optically superior Clear MaxVision® Pinlock-Ready® face shield installed. Anti-scratch coated and offers 95% UV-A & UV-B protection</li><li>Elliptec® II quick-release face shield mechanism with integrated center lock provides a superior shield-to-gasket seal</li><li>FREE Additional dark smoke MaxVision® Pinlock® face shield and Pinlock® anti-fog insert included</li><li>Removable/washable KwikWick® III interior keeps you cool, dry and comfortable</li><li>Airfit® inflation adjustment system provides a custom fit to your cheek pads, also reducing wind noise and lift</li><li>3D contoured, Kwikfit® cheek pads allow easy access for most eye glasses</li><li>EMT-friendly, emergency release cheek pads</li><li>Integrated speaker pockets to accommodate BlueTooth® communication system speakers</li><li>Breath Deflector included for enhanced fog-free performance</li><li>Aero Skirt (Chin Curtain) included to help reduce wind noise</li><li>Titanium Double D-Rings</li><li>5 Year Warranty</li></ul>"
75-1368S,"Regardless of where you tear it up; track, canyon, or urban wasteland, the Scorpion EXO-R1 Air was designed, engineered and tested to meet the demands of Moto GP® and World Superbike® racing, while providing features that benefit every rider!

Features:
<ul><li>DOT-218 / ECE Approved</li><li>Multi-layered Ultra-TCT® shell combines fiberglass, aramid and poly-resin fibers which minimize weight while maximizing strength and impact dispersal</li><li>Aero-tuned shell sculpture helps reduce aerodynamic drag, improve balance, and maximize mobility</li><li>Advanced multi-layer EPS provides superior energy absorption and channels for increased airflow</li><li>Aero-Tuned ventilation features a Ram-Air intake system, 4 port exhaust spoiler system and EPS channels for an optimal flow-thru effect</li><li>Optically superior Clear MaxVision® Pinlock-Ready® face shield installed. Anti-scratch coated and offers 95% UV-A & UV-B protection</li><li>Elliptec® II quick-release face shield mechanism with integrated center lock provides a superior shield-to-gasket seal</li><li>FREE Additional dark smoke MaxVision® Pinlock® face shield and Pinlock® anti-fog insert included</li><li>Removable/washable KwikWick® III interior keeps you cool, dry and comfortable</li><li>Airfit® inflation adjustment system provides a custom fit to your cheek pads, also reducing wind noise and lift</li><li>3D contoured, Kwikfit® cheek pads allow easy access for most eye glasses</li><li>EMT-friendly, emergency release cheek pads</li><li>Integrated speaker pockets to accommodate BlueTooth® communication system speakers</li><li>Breath Deflector included for enhanced fog-free performance</li><li>Aero Skirt (Chin Curtain) included to help reduce wind noise</li><li>Titanium Double D-Rings</li><li>5 Year Warranty</li></ul>"
75-1368X,"Regardless of where you tear it up; track, canyon, or urban wasteland, the Scorpion EXO-R1 Air was designed, engineered and tested to meet the demands of Moto GP® and World Superbike® racing, while providing features that benefit every rider!

Features:
<ul><li>DOT-218 / ECE Approved</li><li>Multi-layered Ultra-TCT® shell combines fiberglass, aramid and poly-resin fibers which minimize weight while maximizing strength and impact dispersal</li><li>Aero-tuned shell sculpture helps reduce aerodynamic drag, improve balance, and maximize mobility</li><li>Advanced multi-layer EPS provides superior energy absorption and channels for increased airflow</li><li>Aero-Tuned ventilation features a Ram-Air intake system, 4 port exhaust spoiler system and EPS channels for an optimal flow-thru effect</li><li>Optically superior Clear MaxVision® Pinlock-Ready® face shield installed. Anti-scratch coated and offers 95% UV-A & UV-B protection</li><li>Elliptec® II quick-release face shield mechanism with integrated center lock provides a superior shield-to-gasket seal</li><li>FREE Additional dark smoke MaxVision® Pinlock® face shield and Pinlock® anti-fog insert included</li><li>Removable/washable KwikWick® III interior keeps you cool, dry and comfortable</li><li>Airfit® inflation adjustment system provides a custom fit to your cheek pads, also reducing wind noise and lift</li><li>3D contoured, Kwikfit® cheek pads allow easy access for most eye glasses</li><li>EMT-friendly, emergency release cheek pads</li><li>Integrated speaker pockets to accommodate BlueTooth® communication system speakers</li><li>Breath Deflector included for enhanced fog-free performance</li><li>Aero Skirt (Chin Curtain) included to help reduce wind noise</li><li>Titanium Double D-Rings</li><li>5 Year Warranty</li></ul>"
561-3592B,"<ul><li>Protect yourself from the wind and the cold with the aluminum Puig front plate.</li><li>Made of lightweight Aluminum and with two finishes, Black or Aluminum</li><li>It can serve as both windshield and number placeholder, so you can give your motorcycle a competitive edge that will make it more special.</li><li>Aluminum front plate has two anchoring points and a universal iron support.</li></ul>"
75-13692X,"Regardless of where you tear it up; track, canyon, or urban wasteland, the Scorpion EXO-R1 Air was designed, engineered and tested to meet the demands of Moto GP® and World Superbike® racing, while providing features that benefit every rider!

Features:
<ul><li>DOT-218 / ECE Approved</li><li>Multi-layered Ultra-TCT® shell combines fiberglass, aramid and poly-resin fibers which minimize weight while maximizing strength and impact dispersal</li><li>Aero-tuned shell sculpture helps reduce aerodynamic drag, improve balance, and maximize mobility</li><li>Advanced multi-layer EPS provides superior energy absorption and channels for increased airflow</li><li>Aero-Tuned ventilation features a Ram-Air intake system, 4 port exhaust spoiler system and EPS channels for an optimal flow-thru effect</li><li>Optically superior Clear MaxVision® Pinlock-Ready® face shield installed. Anti-scratch coated and offers 95% UV-A & UV-B protection</li><li>Elliptec® II quick-release face shield mechanism with integrated center lock provides a superior shield-to-gasket seal</li><li>FREE Additional dark smoke MaxVision® Pinlock® face shield and Pinlock® anti-fog insert included</li><li>Removable/washable KwikWick® III interior keeps you cool, dry and comfortable</li><li>Airfit® inflation adjustment system provides a custom fit to your cheek pads, also reducing wind noise and lift</li><li>3D contoured, Kwikfit® cheek pads allow easy access for most eye glasses</li><li>EMT-friendly, emergency release cheek pads</li><li>Integrated speaker pockets to accommodate BlueTooth® communication system speakers</li><li>Breath Deflector included for enhanced fog-free performance</li><li>Aero Skirt (Chin Curtain) included to help reduce wind noise</li><li>Titanium Double D-Rings</li><li>5 Year Warranty</li></ul>"
561-3592S,"<ul><li>Protect yourself from the wind and the cold with the aluminum Puig front plate.</li><li>Made of lightweight Aluminum and with two finishes, Black or Aluminum</li><li>It can serve as both windshield and number placeholder, so you can give your motorcycle a competitive edge that will make it more special.</li><li>Aluminum front plate has two anchoring points and a universal iron support.</li></ul>"
75-1369L,"Regardless of where you tear it up; track, canyon, or urban wasteland, the Scorpion EXO-R1 Air was designed, engineered and tested to meet the demands of Moto GP® and World Superbike® racing, while providing features that benefit every rider!

Features:
<ul><li>DOT-218 / ECE Approved</li><li>Multi-layered Ultra-TCT® shell combines fiberglass, aramid and poly-resin fibers which minimize weight while maximizing strength and impact dispersal</li><li>Aero-tuned shell sculpture helps reduce aerodynamic drag, improve balance, and maximize mobility</li><li>Advanced multi-layer EPS provides superior energy absorption and channels for increased airflow</li><li>Aero-Tuned ventilation features a Ram-Air intake system, 4 port exhaust spoiler system and EPS channels for an optimal flow-thru effect</li><li>Optically superior Clear MaxVision® Pinlock-Ready® face shield installed. Anti-scratch coated and offers 95% UV-A & UV-B protection</li><li>Elliptec® II quick-release face shield mechanism with integrated center lock provides a superior shield-to-gasket seal</li><li>FREE Additional dark smoke MaxVision® Pinlock® face shield and Pinlock® anti-fog insert included</li><li>Removable/washable KwikWick® III interior keeps you cool, dry and comfortable</li><li>Airfit® inflation adjustment system provides a custom fit to your cheek pads, also reducing wind noise and lift</li><li>3D contoured, Kwikfit® cheek pads allow easy access for most eye glasses</li><li>EMT-friendly, emergency release cheek pads</li><li>Integrated speaker pockets to accommodate BlueTooth® communication system speakers</li><li>Breath Deflector included for enhanced fog-free performance</li><li>Aero Skirt (Chin Curtain) included to help reduce wind noise</li><li>Titanium Double D-Rings</li><li>5 Year Warranty</li></ul>"
561-3668BK,<ul><li>Improve visibility while on the road and enhance the esthetics of your motorcycle</li><li>Machined from billet aluminum and then anodized</li><li>Incorporates anti-glare glass to ensure maximum safety for the rider</li><li>Adjustable in both inclination and height</li></ul>
75-1369M,"Regardless of where you tear it up; track, canyon, or urban wasteland, the Scorpion EXO-R1 Air was designed, engineered and tested to meet the demands of Moto GP® and World Superbike® racing, while providing features that benefit every rider!

Features:
<ul><li>DOT-218 / ECE Approved</li><li>Multi-layered Ultra-TCT® shell combines fiberglass, aramid and poly-resin fibers which minimize weight while maximizing strength and impact dispersal</li><li>Aero-tuned shell sculpture helps reduce aerodynamic drag, improve balance, and maximize mobility</li><li>Advanced multi-layer EPS provides superior energy absorption and channels for increased airflow</li><li>Aero-Tuned ventilation features a Ram-Air intake system, 4 port exhaust spoiler system and EPS channels for an optimal flow-thru effect</li><li>Optically superior Clear MaxVision® Pinlock-Ready® face shield installed. Anti-scratch coated and offers 95% UV-A & UV-B protection</li><li>Elliptec® II quick-release face shield mechanism with integrated center lock provides a superior shield-to-gasket seal</li><li>FREE Additional dark smoke MaxVision® Pinlock® face shield and Pinlock® anti-fog insert included</li><li>Removable/washable KwikWick® III interior keeps you cool, dry and comfortable</li><li>Airfit® inflation adjustment system provides a custom fit to your cheek pads, also reducing wind noise and lift</li><li>3D contoured, Kwikfit® cheek pads allow easy access for most eye glasses</li><li>EMT-friendly, emergency release cheek pads</li><li>Integrated speaker pockets to accommodate BlueTooth® communication system speakers</li><li>Breath Deflector included for enhanced fog-free performance</li><li>Aero Skirt (Chin Curtain) included to help reduce wind noise</li><li>Titanium Double D-Rings</li><li>5 Year Warranty</li></ul>"
561-9739BK,"<ul><li>The front fender is minimalist and chic in style.</li><li>Machined Billet Aluminum, indicated by the surface texture and exclusive finish to this method of work.</li><li>Anodized Black and Silver for the supports, which gives a touch of elegance to the piece.</li><li>It retains the original anchor points so that it is easily interchangeable with the original and fits snugly against the motorcycle's attachment points.</li><li>Supplied with the necessary parts for installation and detailed step-by-step installation instructions, no mechanical knowledge or previous experience is required to install it.</li></ul>"
75-1369S,"Regardless of where you tear it up; track, canyon, or urban wasteland, the Scorpion EXO-R1 Air was designed, engineered and tested to meet the demands of Moto GP® and World Superbike® racing, while providing features that benefit every rider!

Features:
<ul><li>DOT-218 / ECE Approved</li><li>Multi-layered Ultra-TCT® shell combines fiberglass, aramid and poly-resin fibers which minimize weight while maximizing strength and impact dispersal</li><li>Aero-tuned shell sculpture helps reduce aerodynamic drag, improve balance, and maximize mobility</li><li>Advanced multi-layer EPS provides superior energy absorption and channels for increased airflow</li><li>Aero-Tuned ventilation features a Ram-Air intake system, 4 port exhaust spoiler system and EPS channels for an optimal flow-thru effect</li><li>Optically superior Clear MaxVision® Pinlock-Ready® face shield installed. Anti-scratch coated and offers 95% UV-A & UV-B protection</li><li>Elliptec® II quick-release face shield mechanism with integrated center lock provides a superior shield-to-gasket seal</li><li>FREE Additional dark smoke MaxVision® Pinlock® face shield and Pinlock® anti-fog insert included</li><li>Removable/washable KwikWick® III interior keeps you cool, dry and comfortable</li><li>Airfit® inflation adjustment system provides a custom fit to your cheek pads, also reducing wind noise and lift</li><li>3D contoured, Kwikfit® cheek pads allow easy access for most eye glasses</li><li>EMT-friendly, emergency release cheek pads</li><li>Integrated speaker pockets to accommodate BlueTooth® communication system speakers</li><li>Breath Deflector included for enhanced fog-free performance</li><li>Aero Skirt (Chin Curtain) included to help reduce wind noise</li><li>Titanium Double D-Rings</li><li>5 Year Warranty</li></ul>"
75-1369X,"Regardless of where you tear it up; track, canyon, or urban wasteland, the Scorpion EXO-R1 Air was designed, engineered and tested to meet the demands of Moto GP® and World Superbike® racing, while providing features that benefit every rider!

Features:
<ul><li>DOT-218 / ECE Approved</li><li>Multi-layered Ultra-TCT® shell combines fiberglass, aramid and poly-resin fibers which minimize weight while maximizing strength and impact dispersal</li><li>Aero-tuned shell sculpture helps reduce aerodynamic drag, improve balance, and maximize mobility</li><li>Advanced multi-layer EPS provides superior energy absorption and channels for increased airflow</li><li>Aero-Tuned ventilation features a Ram-Air intake system, 4 port exhaust spoiler system and EPS channels for an optimal flow-thru effect</li><li>Optically superior Clear MaxVision® Pinlock-Ready® face shield installed. Anti-scratch coated and offers 95% UV-A & UV-B protection</li><li>Elliptec® II quick-release face shield mechanism with integrated center lock provides a superior shield-to-gasket seal</li><li>FREE Additional dark smoke MaxVision® Pinlock® face shield and Pinlock® anti-fog insert included</li><li>Removable/washable KwikWick® III interior keeps you cool, dry and comfortable</li><li>Airfit® inflation adjustment system provides a custom fit to your cheek pads, also reducing wind noise and lift</li><li>3D contoured, Kwikfit® cheek pads allow easy access for most eye glasses</li><li>EMT-friendly, emergency release cheek pads</li><li>Integrated speaker pockets to accommodate BlueTooth® communication system speakers</li><li>Breath Deflector included for enhanced fog-free performance</li><li>Aero Skirt (Chin Curtain) included to help reduce wind noise</li><li>Titanium Double D-Rings</li><li>5 Year Warranty</li></ul>"
561-9742BK,<ul><li>Switch up your levers with Puig Heritage levers</li><li>Adapter available for Chiefs & Scouts</li></ul>
75-13702X,"Regardless of where you tear it up; track, canyon, or urban wasteland, the Scorpion EXO-R1 Air was designed, engineered and tested to meet the demands of Moto GP® and World Superbike® racing, while providing features that benefit every rider!

Features:
<ul><li>DOT-218 / ECE Approved</li><li>Multi-layered Ultra-TCT® shell combines fiberglass, aramid and poly-resin fibers which minimize weight while maximizing strength and impact dispersal</li><li>Aero-tuned shell sculpture helps reduce aerodynamic drag, improve balance, and maximize mobility</li><li>Advanced multi-layer EPS provides superior energy absorption and channels for increased airflow</li><li>Aero-Tuned ventilation features a Ram-Air intake system, 4 port exhaust spoiler system and EPS channels for an optimal flow-thru effect</li><li>Optically superior Clear MaxVision® Pinlock-Ready® face shield installed. Anti-scratch coated and offers 95% UV-A & UV-B protection</li><li>Elliptec® II quick-release face shield mechanism with integrated center lock provides a superior shield-to-gasket seal</li><li>FREE Additional dark smoke MaxVision® Pinlock® face shield and Pinlock® anti-fog insert included</li><li>Removable/washable KwikWick® III interior keeps you cool, dry and comfortable</li><li>Airfit® inflation adjustment system provides a custom fit to your cheek pads, also reducing wind noise and lift</li><li>3D contoured, Kwikfit® cheek pads allow easy access for most eye glasses</li><li>EMT-friendly, emergency release cheek pads</li><li>Integrated speaker pockets to accommodate BlueTooth® communication system speakers</li><li>Breath Deflector included for enhanced fog-free performance</li><li>Aero Skirt (Chin Curtain) included to help reduce wind noise</li><li>Titanium Double D-Rings</li><li>5 Year Warranty</li></ul>"
561-9743BK,<ul><li>Switch up your levers with Puig Heritage levers</li><li>Adapter available for Chiefs & Scouts</li></ul>
75-1370L,"Regardless of where you tear it up; track, canyon, or urban wasteland, the Scorpion EXO-R1 Air was designed, engineered and tested to meet the demands of Moto GP® and World Superbike® racing, while providing features that benefit every rider!

Features:
<ul><li>DOT-218 / ECE Approved</li><li>Multi-layered Ultra-TCT® shell combines fiberglass, aramid and poly-resin fibers which minimize weight while maximizing strength and impact dispersal</li><li>Aero-tuned shell sculpture helps reduce aerodynamic drag, improve balance, and maximize mobility</li><li>Advanced multi-layer EPS provides superior energy absorption and channels for increased airflow</li><li>Aero-Tuned ventilation features a Ram-Air intake system, 4 port exhaust spoiler system and EPS channels for an optimal flow-thru effect</li><li>Optically superior Clear MaxVision® Pinlock-Ready® face shield installed. Anti-scratch coated and offers 95% UV-A & UV-B protection</li><li>Elliptec® II quick-release face shield mechanism with integrated center lock provides a superior shield-to-gasket seal</li><li>FREE Additional dark smoke MaxVision® Pinlock® face shield and Pinlock® anti-fog insert included</li><li>Removable/washable KwikWick® III interior keeps you cool, dry and comfortable</li><li>Airfit® inflation adjustment system provides a custom fit to your cheek pads, also reducing wind noise and lift</li><li>3D contoured, Kwikfit® cheek pads allow easy access for most eye glasses</li><li>EMT-friendly, emergency release cheek pads</li><li>Integrated speaker pockets to accommodate BlueTooth® communication system speakers</li><li>Breath Deflector included for enhanced fog-free performance</li><li>Aero Skirt (Chin Curtain) included to help reduce wind noise</li><li>Titanium Double D-Rings</li><li>5 Year Warranty</li></ul>"
561-9745BK,<ul><li>Adaptors machined from a high-performance Ergal 7075 aluminum block and black anodized.</li><li>Use with any Puig footpegs</li></ul>
75-1370M,"Regardless of where you tear it up; track, canyon, or urban wasteland, the Scorpion EXO-R1 Air was designed, engineered and tested to meet the demands of Moto GP® and World Superbike® racing, while providing features that benefit every rider!

Features:
<ul><li>DOT-218 / ECE Approved</li><li>Multi-layered Ultra-TCT® shell combines fiberglass, aramid and poly-resin fibers which minimize weight while maximizing strength and impact dispersal</li><li>Aero-tuned shell sculpture helps reduce aerodynamic drag, improve balance, and maximize mobility</li><li>Advanced multi-layer EPS provides superior energy absorption and channels for increased airflow</li><li>Aero-Tuned ventilation features a Ram-Air intake system, 4 port exhaust spoiler system and EPS channels for an optimal flow-thru effect</li><li>Optically superior Clear MaxVision® Pinlock-Ready® face shield installed. Anti-scratch coated and offers 95% UV-A & UV-B protection</li><li>Elliptec® II quick-release face shield mechanism with integrated center lock provides a superior shield-to-gasket seal</li><li>FREE Additional dark smoke MaxVision® Pinlock® face shield and Pinlock® anti-fog insert included</li><li>Removable/washable KwikWick® III interior keeps you cool, dry and comfortable</li><li>Airfit® inflation adjustment system provides a custom fit to your cheek pads, also reducing wind noise and lift</li><li>3D contoured, Kwikfit® cheek pads allow easy access for most eye glasses</li><li>EMT-friendly, emergency release cheek pads</li><li>Integrated speaker pockets to accommodate BlueTooth® communication system speakers</li><li>Breath Deflector included for enhanced fog-free performance</li><li>Aero Skirt (Chin Curtain) included to help reduce wind noise</li><li>Titanium Double D-Rings</li><li>5 Year Warranty</li></ul>"
75-1370S,"Regardless of where you tear it up; track, canyon, or urban wasteland, the Scorpion EXO-R1 Air was designed, engineered and tested to meet the demands of Moto GP® and World Superbike® racing, while providing features that benefit every rider!

Features:
<ul><li>DOT-218 / ECE Approved</li><li>Multi-layered Ultra-TCT® shell combines fiberglass, aramid and poly-resin fibers which minimize weight while maximizing strength and impact dispersal</li><li>Aero-tuned shell sculpture helps reduce aerodynamic drag, improve balance, and maximize mobility</li><li>Advanced multi-layer EPS provides superior energy absorption and channels for increased airflow</li><li>Aero-Tuned ventilation features a Ram-Air intake system, 4 port exhaust spoiler system and EPS channels for an optimal flow-thru effect</li><li>Optically superior Clear MaxVision® Pinlock-Ready® face shield installed. Anti-scratch coated and offers 95% UV-A & UV-B protection</li><li>Elliptec® II quick-release face shield mechanism with integrated center lock provides a superior shield-to-gasket seal</li><li>FREE Additional dark smoke MaxVision® Pinlock® face shield and Pinlock® anti-fog insert included</li><li>Removable/washable KwikWick® III interior keeps you cool, dry and comfortable</li><li>Airfit® inflation adjustment system provides a custom fit to your cheek pads, also reducing wind noise and lift</li><li>3D contoured, Kwikfit® cheek pads allow easy access for most eye glasses</li><li>EMT-friendly, emergency release cheek pads</li><li>Integrated speaker pockets to accommodate BlueTooth® communication system speakers</li><li>Breath Deflector included for enhanced fog-free performance</li><li>Aero Skirt (Chin Curtain) included to help reduce wind noise</li><li>Titanium Double D-Rings</li><li>5 Year Warranty</li></ul>"
75-1370X,"Regardless of where you tear it up; track, canyon, or urban wasteland, the Scorpion EXO-R1 Air was designed, engineered and tested to meet the demands of Moto GP® and World Superbike® racing, while providing features that benefit every rider!

Features:
<ul><li>DOT-218 / ECE Approved</li><li>Multi-layered Ultra-TCT® shell combines fiberglass, aramid and poly-resin fibers which minimize weight while maximizing strength and impact dispersal</li><li>Aero-tuned shell sculpture helps reduce aerodynamic drag, improve balance, and maximize mobility</li><li>Advanced multi-layer EPS provides superior energy absorption and channels for increased airflow</li><li>Aero-Tuned ventilation features a Ram-Air intake system, 4 port exhaust spoiler system and EPS channels for an optimal flow-thru effect</li><li>Optically superior Clear MaxVision® Pinlock-Ready® face shield installed. Anti-scratch coated and offers 95% UV-A & UV-B protection</li><li>Elliptec® II quick-release face shield mechanism with integrated center lock provides a superior shield-to-gasket seal</li><li>FREE Additional dark smoke MaxVision® Pinlock® face shield and Pinlock® anti-fog insert included</li><li>Removable/washable KwikWick® III interior keeps you cool, dry and comfortable</li><li>Airfit® inflation adjustment system provides a custom fit to your cheek pads, also reducing wind noise and lift</li><li>3D contoured, Kwikfit® cheek pads allow easy access for most eye glasses</li><li>EMT-friendly, emergency release cheek pads</li><li>Integrated speaker pockets to accommodate BlueTooth® communication system speakers</li><li>Breath Deflector included for enhanced fog-free performance</li><li>Aero Skirt (Chin Curtain) included to help reduce wind noise</li><li>Titanium Double D-Rings</li><li>5 Year Warranty</li></ul>"
561-DGG002BK,<ul><li>Made of Polished Stainless Steel or Textured Black.</li><li>Designed for off-road protection</li><li>Offers options for mounting supplemental lighting or other accessories</li><li>The Standard model & the Mustache model can incorporate deflectors to protect the legs from the air and stones from the road.</li></ul>
561-DGG0042BK,<ul><li>Made of Polished Stainless Steel or Textured Black.</li><li>Designed for off-road protection</li><li>Offers options for mounting supplemental lighting or other accessories</li><li>The Standard model & the Mustache model can incorporate deflectors to protect the legs from the air and stones from the road.</li></ul>
561-RSD003C,"<ul><li>Customacces offers the necessary hardware together with visual assembly instructions.</li><li>Secure miles without fatigue with the CustomAcces Soft sissybar. Its black upholstery fits perfectly with the standard seats of this custom, with 100% American essence and desire for many journeys.</li><li>Make your passenger feel safe, secure and comfortable with this oversized and comfortable sissybar. No matter the size, your passenger will be able to handle anything.</li></ul>"
75-16522X,"The Creators of the original bad-ass Covert Motorcycle Helmet has now developed a full-face version, the Covert FX! The Covert FX displays the same edgy style and function that is expected from the ScorpionEXO® Covert Series.  However stylish the details may be, they have important function. Each helmet is carefully hand crafted using the latest Fiberglass, Aramid and Polyresin fibers which provide superior strength and extreme light weight. The low-profile shell has been aerodynamically tuned for motorcycle riding, minimizing both lift and turbulence for a smoother, quieter, and more stable ride. Integrated speaker pockets make it easy to install your favorite Bluetooth® communication device, while the KwikWick-C comfort Liner features a moisture wicking material that will keep you cool, dry and comfortable during your ride. ScorpionEXO® continues to set the standard when it comes to Value in a motorcycle helmet by including a Free Dark Smoke Shield, as well as a Clear shield, right out of the box. If you’re looking for a Stylish and Functional motorcycle helmet that’s perfect for both city commutes and long-distance touring, look no further than the Covert FX.

Features:
<ul><li>Extremely lightweight TCT-Ultra™ Composite shell provides superior strength and impact dispersal properties</li><li>CAD-refined aerodynamics result in a streamlined profile and balanced footprint, minimizing both lift and turbulence for a smoother, quieter, and more stable ride</li><li>Advanced multi-layer EPS provides superior energy absorption</li><li>Equipped with U.S. DOT Certification and the ECE 22.06 Safety standard, which requires a wider range of testing than the previous 22.05 certification</li><li>Aero-tuned ventilation system features closeable intake vents on top help force cool air in, while exhaust vents maximize movement of hot air out of the helmet</li><li>Dual Position mouth vent allows the 1st position to act as a defroster and 2nd position acts as defroster & ventilation (closeable from the inside)</li><li>Strategically placed channels throughout the EPS foam provide increased airflow</li><li>KwikWick® III Comfort Liner features a moisture wicking liner fabric that keeps you cool and dry in warm weather, and warm in cool weather. Liner Kit is easily removable and washable</li><li>KwikFit® 3D sculpted cheek pads accommodate most eyeglasses</li><li>Scorpion EXO’s face shield ratchet system pulls the shield securely against the eye port, ensuring a proper seal</li><li>EverClear® face shield offers state-of-the-art fog-free technology and 95% UV-A & UV-B protection</li><li>Optically superior face shield features a shatter resistant, Anti-Scratch hardened coating</li><li>FREE Additional Dark Smoke Everclear® fog-free face shield included. (Pinlock® face shields sold separately)</li><li>Tool-less face shield removal system</li><li>Comm-Ready speaker pockets allow for easily installation of your favorite Bluetooth® communication system speakers</li><li>Optional Thinner and Thicker cheek pads available to help optimize fit (sold separately)</li><li>Reflective material incorporated into the cheek pads for increased night time visibility</li><li>Included solid neoprene aero skirt (chin curtain) helps reduce wind noise</li></ul>"
75-16523X,"The Creators of the original bad-ass Covert Motorcycle Helmet has now developed a full-face version, the Covert FX! The Covert FX displays the same edgy style and function that is expected from the ScorpionEXO® Covert Series.  However stylish the details may be, they have important function. Each helmet is carefully hand crafted using the latest Fiberglass, Aramid and Polyresin fibers which provide superior strength and extreme light weight. The low-profile shell has been aerodynamically tuned for motorcycle riding, minimizing both lift and turbulence for a smoother, quieter, and more stable ride. Integrated speaker pockets make it easy to install your favorite Bluetooth® communication device, while the KwikWick-C comfort Liner features a moisture wicking material that will keep you cool, dry and comfortable during your ride. ScorpionEXO® continues to set the standard when it comes to Value in a motorcycle helmet by including a Free Dark Smoke Shield, as well as a Clear shield, right out of the box. If you’re looking for a Stylish and Functional motorcycle helmet that’s perfect for both city commutes and long-distance touring, look no further than the Covert FX.

Features:
<ul><li>Extremely lightweight TCT-Ultra™ Composite shell provides superior strength and impact dispersal properties</li><li>CAD-refined aerodynamics result in a streamlined profile and balanced footprint, minimizing both lift and turbulence for a smoother, quieter, and more stable ride</li><li>Advanced multi-layer EPS provides superior energy absorption</li><li>Equipped with U.S. DOT Certification and the ECE 22.06 Safety standard, which requires a wider range of testing than the previous 22.05 certification</li><li>Aero-tuned ventilation system features closeable intake vents on top help force cool air in, while exhaust vents maximize movement of hot air out of the helmet</li><li>Dual Position mouth vent allows the 1st position to act as a defroster and 2nd position acts as defroster & ventilation (closeable from the inside)</li><li>Strategically placed channels throughout the EPS foam provide increased airflow</li><li>KwikWick® III Comfort Liner features a moisture wicking liner fabric that keeps you cool and dry in warm weather, and warm in cool weather. Liner Kit is easily removable and washable</li><li>KwikFit® 3D sculpted cheek pads accommodate most eyeglasses</li><li>Scorpion EXO’s face shield ratchet system pulls the shield securely against the eye port, ensuring a proper seal</li><li>EverClear® face shield offers state-of-the-art fog-free technology and 95% UV-A & UV-B protection</li><li>Optically superior face shield features a shatter resistant, Anti-Scratch hardened coating</li><li>FREE Additional Dark Smoke Everclear® fog-free face shield included. (Pinlock® face shields sold separately)</li><li>Tool-less face shield removal system</li><li>Comm-Ready speaker pockets allow for easily installation of your favorite Bluetooth® communication system speakers</li><li>Optional Thinner and Thicker cheek pads available to help optimize fit (sold separately)</li><li>Reflective material incorporated into the cheek pads for increased night time visibility</li><li>Included solid neoprene aero skirt (chin curtain) helps reduce wind noise</li></ul>"
75-1652L,"The Creators of the original bad-ass Covert Motorcycle Helmet has now developed a full-face version, the Covert FX! The Covert FX displays the same edgy style and function that is expected from the ScorpionEXO® Covert Series.  However stylish the details may be, they have important function. Each helmet is carefully hand crafted using the latest Fiberglass, Aramid and Polyresin fibers which provide superior strength and extreme light weight. The low-profile shell has been aerodynamically tuned for motorcycle riding, minimizing both lift and turbulence for a smoother, quieter, and more stable ride. Integrated speaker pockets make it easy to install your favorite Bluetooth® communication device, while the KwikWick-C comfort Liner features a moisture wicking material that will keep you cool, dry and comfortable during your ride. ScorpionEXO® continues to set the standard when it comes to Value in a motorcycle helmet by including a Free Dark Smoke Shield, as well as a Clear shield, right out of the box. If you’re looking for a Stylish and Functional motorcycle helmet that’s perfect for both city commutes and long-distance touring, look no further than the Covert FX.

Features:
<ul><li>Extremely lightweight TCT-Ultra™ Composite shell provides superior strength and impact dispersal properties</li><li>CAD-refined aerodynamics result in a streamlined profile and balanced footprint, minimizing both lift and turbulence for a smoother, quieter, and more stable ride</li><li>Advanced multi-layer EPS provides superior energy absorption</li><li>Equipped with U.S. DOT Certification and the ECE 22.06 Safety standard, which requires a wider range of testing than the previous 22.05 certification</li><li>Aero-tuned ventilation system features closeable intake vents on top help force cool air in, while exhaust vents maximize movement of hot air out of the helmet</li><li>Dual Position mouth vent allows the 1st position to act as a defroster and 2nd position acts as defroster & ventilation (closeable from the inside)</li><li>Strategically placed channels throughout the EPS foam provide increased airflow</li><li>KwikWick® III Comfort Liner features a moisture wicking liner fabric that keeps you cool and dry in warm weather, and warm in cool weather. Liner Kit is easily removable and washable</li><li>KwikFit® 3D sculpted cheek pads accommodate most eyeglasses</li><li>Scorpion EXO’s face shield ratchet system pulls the shield securely against the eye port, ensuring a proper seal</li><li>EverClear® face shield offers state-of-the-art fog-free technology and 95% UV-A & UV-B protection</li><li>Optically superior face shield features a shatter resistant, Anti-Scratch hardened coating</li><li>FREE Additional Dark Smoke Everclear® fog-free face shield included. (Pinlock® face shields sold separately)</li><li>Tool-less face shield removal system</li><li>Comm-Ready speaker pockets allow for easily installation of your favorite Bluetooth® communication system speakers</li><li>Optional Thinner and Thicker cheek pads available to help optimize fit (sold separately)</li><li>Reflective material incorporated into the cheek pads for increased night time visibility</li><li>Included solid neoprene aero skirt (chin curtain) helps reduce wind noise</li></ul>"
75-1652M,"The Creators of the original bad-ass Covert Motorcycle Helmet has now developed a full-face version, the Covert FX! The Covert FX displays the same edgy style and function that is expected from the ScorpionEXO® Covert Series.  However stylish the details may be, they have important function. Each helmet is carefully hand crafted using the latest Fiberglass, Aramid and Polyresin fibers which provide superior strength and extreme light weight. The low-profile shell has been aerodynamically tuned for motorcycle riding, minimizing both lift and turbulence for a smoother, quieter, and more stable ride. Integrated speaker pockets make it easy to install your favorite Bluetooth® communication device, while the KwikWick-C comfort Liner features a moisture wicking material that will keep you cool, dry and comfortable during your ride. ScorpionEXO® continues to set the standard when it comes to Value in a motorcycle helmet by including a Free Dark Smoke Shield, as well as a Clear shield, right out of the box. If you’re looking for a Stylish and Functional motorcycle helmet that’s perfect for both city commutes and long-distance touring, look no further than the Covert FX.

Features:
<ul><li>Extremely lightweight TCT-Ultra™ Composite shell provides superior strength and impact dispersal properties</li><li>CAD-refined aerodynamics result in a streamlined profile and balanced footprint, minimizing both lift and turbulence for a smoother, quieter, and more stable ride</li><li>Advanced multi-layer EPS provides superior energy absorption</li><li>Equipped with U.S. DOT Certification and the ECE 22.06 Safety standard, which requires a wider range of testing than the previous 22.05 certification</li><li>Aero-tuned ventilation system features closeable intake vents on top help force cool air in, while exhaust vents maximize movement of hot air out of the helmet</li><li>Dual Position mouth vent allows the 1st position to act as a defroster and 2nd position acts as defroster & ventilation (closeable from the inside)</li><li>Strategically placed channels throughout the EPS foam provide increased airflow</li><li>KwikWick® III Comfort Liner features a moisture wicking liner fabric that keeps you cool and dry in warm weather, and warm in cool weather. Liner Kit is easily removable and washable</li><li>KwikFit® 3D sculpted cheek pads accommodate most eyeglasses</li><li>Scorpion EXO’s face shield ratchet system pulls the shield securely against the eye port, ensuring a proper seal</li><li>EverClear® face shield offers state-of-the-art fog-free technology and 95% UV-A & UV-B protection</li><li>Optically superior face shield features a shatter resistant, Anti-Scratch hardened coating</li><li>FREE Additional Dark Smoke Everclear® fog-free face shield included. (Pinlock® face shields sold separately)</li><li>Tool-less face shield removal system</li><li>Comm-Ready speaker pockets allow for easily installation of your favorite Bluetooth® communication system speakers</li><li>Optional Thinner and Thicker cheek pads available to help optimize fit (sold separately)</li><li>Reflective material incorporated into the cheek pads for increased night time visibility</li><li>Included solid neoprene aero skirt (chin curtain) helps reduce wind noise</li></ul>"
75-1652S,"The Creators of the original bad-ass Covert Motorcycle Helmet has now developed a full-face version, the Covert FX! The Covert FX displays the same edgy style and function that is expected from the ScorpionEXO® Covert Series.  However stylish the details may be, they have important function. Each helmet is carefully hand crafted using the latest Fiberglass, Aramid and Polyresin fibers which provide superior strength and extreme light weight. The low-profile shell has been aerodynamically tuned for motorcycle riding, minimizing both lift and turbulence for a smoother, quieter, and more stable ride. Integrated speaker pockets make it easy to install your favorite Bluetooth® communication device, while the KwikWick-C comfort Liner features a moisture wicking material that will keep you cool, dry and comfortable during your ride. ScorpionEXO® continues to set the standard when it comes to Value in a motorcycle helmet by including a Free Dark Smoke Shield, as well as a Clear shield, right out of the box. If you’re looking for a Stylish and Functional motorcycle helmet that’s perfect for both city commutes and long-distance touring, look no further than the Covert FX.

Features:
<ul><li>Extremely lightweight TCT-Ultra™ Composite shell provides superior strength and impact dispersal properties</li><li>CAD-refined aerodynamics result in a streamlined profile and balanced footprint, minimizing both lift and turbulence for a smoother, quieter, and more stable ride</li><li>Advanced multi-layer EPS provides superior energy absorption</li><li>Equipped with U.S. DOT Certification and the ECE 22.06 Safety standard, which requires a wider range of testing than the previous 22.05 certification</li><li>Aero-tuned ventilation system features closeable intake vents on top help force cool air in, while exhaust vents maximize movement of hot air out of the helmet</li><li>Dual Position mouth vent allows the 1st position to act as a defroster and 2nd position acts as defroster & ventilation (closeable from the inside)</li><li>Strategically placed channels throughout the EPS foam provide increased airflow</li><li>KwikWick® III Comfort Liner features a moisture wicking liner fabric that keeps you cool and dry in warm weather, and warm in cool weather. Liner Kit is easily removable and washable</li><li>KwikFit® 3D sculpted cheek pads accommodate most eyeglasses</li><li>Scorpion EXO’s face shield ratchet system pulls the shield securely against the eye port, ensuring a proper seal</li><li>EverClear® face shield offers state-of-the-art fog-free technology and 95% UV-A & UV-B protection</li><li>Optically superior face shield features a shatter resistant, Anti-Scratch hardened coating</li><li>FREE Additional Dark Smoke Everclear® fog-free face shield included. (Pinlock® face shields sold separately)</li><li>Tool-less face shield removal system</li><li>Comm-Ready speaker pockets allow for easily installation of your favorite Bluetooth® communication system speakers</li><li>Optional Thinner and Thicker cheek pads available to help optimize fit (sold separately)</li><li>Reflective material incorporated into the cheek pads for increased night time visibility</li><li>Included solid neoprene aero skirt (chin curtain) helps reduce wind noise</li></ul>"
75-1652X,"The Creators of the original bad-ass Covert Motorcycle Helmet has now developed a full-face version, the Covert FX! The Covert FX displays the same edgy style and function that is expected from the ScorpionEXO® Covert Series.  However stylish the details may be, they have important function. Each helmet is carefully hand crafted using the latest Fiberglass, Aramid and Polyresin fibers which provide superior strength and extreme light weight. The low-profile shell has been aerodynamically tuned for motorcycle riding, minimizing both lift and turbulence for a smoother, quieter, and more stable ride. Integrated speaker pockets make it easy to install your favorite Bluetooth® communication device, while the KwikWick-C comfort Liner features a moisture wicking material that will keep you cool, dry and comfortable during your ride. ScorpionEXO® continues to set the standard when it comes to Value in a motorcycle helmet by including a Free Dark Smoke Shield, as well as a Clear shield, right out of the box. If you’re looking for a Stylish and Functional motorcycle helmet that’s perfect for both city commutes and long-distance touring, look no further than the Covert FX.

Features:
<ul><li>Extremely lightweight TCT-Ultra™ Composite shell provides superior strength and impact dispersal properties</li><li>CAD-refined aerodynamics result in a streamlined profile and balanced footprint, minimizing both lift and turbulence for a smoother, quieter, and more stable ride</li><li>Advanced multi-layer EPS provides superior energy absorption</li><li>Equipped with U.S. DOT Certification and the ECE 22.06 Safety standard, which requires a wider range of testing than the previous 22.05 certification</li><li>Aero-tuned ventilation system features closeable intake vents on top help force cool air in, while exhaust vents maximize movement of hot air out of the helmet</li><li>Dual Position mouth vent allows the 1st position to act as a defroster and 2nd position acts as defroster & ventilation (closeable from the inside)</li><li>Strategically placed channels throughout the EPS foam provide increased airflow</li><li>KwikWick® III Comfort Liner features a moisture wicking liner fabric that keeps you cool and dry in warm weather, and warm in cool weather. Liner Kit is easily removable and washable</li><li>KwikFit® 3D sculpted cheek pads accommodate most eyeglasses</li><li>Scorpion EXO’s face shield ratchet system pulls the shield securely against the eye port, ensuring a proper seal</li><li>EverClear® face shield offers state-of-the-art fog-free technology and 95% UV-A & UV-B protection</li><li>Optically superior face shield features a shatter resistant, Anti-Scratch hardened coating</li><li>FREE Additional Dark Smoke Everclear® fog-free face shield included. (Pinlock® face shields sold separately)</li><li>Tool-less face shield removal system</li><li>Comm-Ready speaker pockets allow for easily installation of your favorite Bluetooth® communication system speakers</li><li>Optional Thinner and Thicker cheek pads available to help optimize fit (sold separately)</li><li>Reflective material incorporated into the cheek pads for increased night time visibility</li><li>Included solid neoprene aero skirt (chin curtain) helps reduce wind noise</li></ul>"
75-16542X,"The Creators of the original bad-ass Covert Motorcycle Helmet has now developed a full-face version, the Covert FX! The Covert FX displays the same edgy style and function that is expected from the ScorpionEXO® Covert Series.  However stylish the details may be, they have important function. Each helmet is carefully hand crafted using the latest Fiberglass, Aramid and Polyresin fibers which provide superior strength and extreme light weight. The low-profile shell has been aerodynamically tuned for motorcycle riding, minimizing both lift and turbulence for a smoother, quieter, and more stable ride. Integrated speaker pockets make it easy to install your favorite Bluetooth® communication device, while the KwikWick-C comfort Liner features a moisture wicking material that will keep you cool, dry and comfortable during your ride. ScorpionEXO® continues to set the standard when it comes to Value in a motorcycle helmet by including a Free Dark Smoke Shield, as well as a Clear shield, right out of the box. If you’re looking for a Stylish and Functional motorcycle helmet that’s perfect for both city commutes and long-distance touring, look no further than the Covert FX.

Features:
<ul><li>Extremely lightweight TCT-Ultra™ Composite shell provides superior strength and impact dispersal properties</li><li>CAD-refined aerodynamics result in a streamlined profile and balanced footprint, minimizing both lift and turbulence for a smoother, quieter, and more stable ride</li><li>Advanced multi-layer EPS provides superior energy absorption</li><li>Equipped with U.S. DOT Certification and the ECE 22.06 Safety standard, which requires a wider range of testing than the previous 22.05 certification</li><li>Aero-tuned ventilation system features closeable intake vents on top help force cool air in, while exhaust vents maximize movement of hot air out of the helmet</li><li>Dual Position mouth vent allows the 1st position to act as a defroster and 2nd position acts as defroster & ventilation (closeable from the inside)</li><li>Strategically placed channels throughout the EPS foam provide increased airflow</li><li>KwikWick® III Comfort Liner features a moisture wicking liner fabric that keeps you cool and dry in warm weather, and warm in cool weather. Liner Kit is easily removable and washable</li><li>KwikFit® 3D sculpted cheek pads accommodate most eyeglasses</li><li>Scorpion EXO’s face shield ratchet system pulls the shield securely against the eye port, ensuring a proper seal</li><li>EverClear® face shield offers state-of-the-art fog-free technology and 95% UV-A & UV-B protection</li><li>Optically superior face shield features a shatter resistant, Anti-Scratch hardened coating</li><li>FREE Additional Dark Smoke Everclear® fog-free face shield included. (Pinlock® face shields sold separately)</li><li>Tool-less face shield removal system</li><li>Comm-Ready speaker pockets allow for easily installation of your favorite Bluetooth® communication system speakers</li><li>Optional Thinner and Thicker cheek pads available to help optimize fit (sold separately)</li><li>Reflective material incorporated into the cheek pads for increased night time visibility</li><li>Included solid neoprene aero skirt (chin curtain) helps reduce wind noise</li></ul>"
75-1654L,"The Creators of the original bad-ass Covert Motorcycle Helmet has now developed a full-face version, the Covert FX! The Covert FX displays the same edgy style and function that is expected from the ScorpionEXO® Covert Series.  However stylish the details may be, they have important function. Each helmet is carefully hand crafted using the latest Fiberglass, Aramid and Polyresin fibers which provide superior strength and extreme light weight. The low-profile shell has been aerodynamically tuned for motorcycle riding, minimizing both lift and turbulence for a smoother, quieter, and more stable ride. Integrated speaker pockets make it easy to install your favorite Bluetooth® communication device, while the KwikWick-C comfort Liner features a moisture wicking material that will keep you cool, dry and comfortable during your ride. ScorpionEXO® continues to set the standard when it comes to Value in a motorcycle helmet by including a Free Dark Smoke Shield, as well as a Clear shield, right out of the box. If you’re looking for a Stylish and Functional motorcycle helmet that’s perfect for both city commutes and long-distance touring, look no further than the Covert FX.

Features:
<ul><li>Extremely lightweight TCT-Ultra™ Composite shell provides superior strength and impact dispersal properties</li><li>CAD-refined aerodynamics result in a streamlined profile and balanced footprint, minimizing both lift and turbulence for a smoother, quieter, and more stable ride</li><li>Advanced multi-layer EPS provides superior energy absorption</li><li>Equipped with U.S. DOT Certification and the ECE 22.06 Safety standard, which requires a wider range of testing than the previous 22.05 certification</li><li>Aero-tuned ventilation system features closeable intake vents on top help force cool air in, while exhaust vents maximize movement of hot air out of the helmet</li><li>Dual Position mouth vent allows the 1st position to act as a defroster and 2nd position acts as defroster & ventilation (closeable from the inside)</li><li>Strategically placed channels throughout the EPS foam provide increased airflow</li><li>KwikWick® III Comfort Liner features a moisture wicking liner fabric that keeps you cool and dry in warm weather, and warm in cool weather. Liner Kit is easily removable and washable</li><li>KwikFit® 3D sculpted cheek pads accommodate most eyeglasses</li><li>Scorpion EXO’s face shield ratchet system pulls the shield securely against the eye port, ensuring a proper seal</li><li>EverClear® face shield offers state-of-the-art fog-free technology and 95% UV-A & UV-B protection</li><li>Optically superior face shield features a shatter resistant, Anti-Scratch hardened coating</li><li>FREE Additional Dark Smoke Everclear® fog-free face shield included. (Pinlock® face shields sold separately)</li><li>Tool-less face shield removal system</li><li>Comm-Ready speaker pockets allow for easily installation of your favorite Bluetooth® communication system speakers</li><li>Optional Thinner and Thicker cheek pads available to help optimize fit (sold separately)</li><li>Reflective material incorporated into the cheek pads for increased night time visibility</li><li>Included solid neoprene aero skirt (chin curtain) helps reduce wind noise</li></ul>"
75-1654M,"The Creators of the original bad-ass Covert Motorcycle Helmet has now developed a full-face version, the Covert FX! The Covert FX displays the same edgy style and function that is expected from the ScorpionEXO® Covert Series.  However stylish the details may be, they have important function. Each helmet is carefully hand crafted using the latest Fiberglass, Aramid and Polyresin fibers which provide superior strength and extreme light weight. The low-profile shell has been aerodynamically tuned for motorcycle riding, minimizing both lift and turbulence for a smoother, quieter, and more stable ride. Integrated speaker pockets make it easy to install your favorite Bluetooth® communication device, while the KwikWick-C comfort Liner features a moisture wicking material that will keep you cool, dry and comfortable during your ride. ScorpionEXO® continues to set the standard when it comes to Value in a motorcycle helmet by including a Free Dark Smoke Shield, as well as a Clear shield, right out of the box. If you’re looking for a Stylish and Functional motorcycle helmet that’s perfect for both city commutes and long-distance touring, look no further than the Covert FX.

Features:
<ul><li>Extremely lightweight TCT-Ultra™ Composite shell provides superior strength and impact dispersal properties</li><li>CAD-refined aerodynamics result in a streamlined profile and balanced footprint, minimizing both lift and turbulence for a smoother, quieter, and more stable ride</li><li>Advanced multi-layer EPS provides superior energy absorption</li><li>Equipped with U.S. DOT Certification and the ECE 22.06 Safety standard, which requires a wider range of testing than the previous 22.05 certification</li><li>Aero-tuned ventilation system features closeable intake vents on top help force cool air in, while exhaust vents maximize movement of hot air out of the helmet</li><li>Dual Position mouth vent allows the 1st position to act as a defroster and 2nd position acts as defroster & ventilation (closeable from the inside)</li><li>Strategically placed channels throughout the EPS foam provide increased airflow</li><li>KwikWick® III Comfort Liner features a moisture wicking liner fabric that keeps you cool and dry in warm weather, and warm in cool weather. Liner Kit is easily removable and washable</li><li>KwikFit® 3D sculpted cheek pads accommodate most eyeglasses</li><li>Scorpion EXO’s face shield ratchet system pulls the shield securely against the eye port, ensuring a proper seal</li><li>EverClear® face shield offers state-of-the-art fog-free technology and 95% UV-A & UV-B protection</li><li>Optically superior face shield features a shatter resistant, Anti-Scratch hardened coating</li><li>FREE Additional Dark Smoke Everclear® fog-free face shield included. (Pinlock® face shields sold separately)</li><li>Tool-less face shield removal system</li><li>Comm-Ready speaker pockets allow for easily installation of your favorite Bluetooth® communication system speakers</li><li>Optional Thinner and Thicker cheek pads available to help optimize fit (sold separately)</li><li>Reflective material incorporated into the cheek pads for increased night time visibility</li><li>Included solid neoprene aero skirt (chin curtain) helps reduce wind noise</li></ul>"
75-1654S,"The Creators of the original bad-ass Covert Motorcycle Helmet has now developed a full-face version, the Covert FX! The Covert FX displays the same edgy style and function that is expected from the ScorpionEXO® Covert Series.  However stylish the details may be, they have important function. Each helmet is carefully hand crafted using the latest Fiberglass, Aramid and Polyresin fibers which provide superior strength and extreme light weight. The low-profile shell has been aerodynamically tuned for motorcycle riding, minimizing both lift and turbulence for a smoother, quieter, and more stable ride. Integrated speaker pockets make it easy to install your favorite Bluetooth® communication device, while the KwikWick-C comfort Liner features a moisture wicking material that will keep you cool, dry and comfortable during your ride. ScorpionEXO® continues to set the standard when it comes to Value in a motorcycle helmet by including a Free Dark Smoke Shield, as well as a Clear shield, right out of the box. If you’re looking for a Stylish and Functional motorcycle helmet that’s perfect for both city commutes and long-distance touring, look no further than the Covert FX.

Features:
<ul><li>Extremely lightweight TCT-Ultra™ Composite shell provides superior strength and impact dispersal properties</li><li>CAD-refined aerodynamics result in a streamlined profile and balanced footprint, minimizing both lift and turbulence for a smoother, quieter, and more stable ride</li><li>Advanced multi-layer EPS provides superior energy absorption</li><li>Equipped with U.S. DOT Certification and the ECE 22.06 Safety standard, which requires a wider range of testing than the previous 22.05 certification</li><li>Aero-tuned ventilation system features closeable intake vents on top help force cool air in, while exhaust vents maximize movement of hot air out of the helmet</li><li>Dual Position mouth vent allows the 1st position to act as a defroster and 2nd position acts as defroster & ventilation (closeable from the inside)</li><li>Strategically placed channels throughout the EPS foam provide increased airflow</li><li>KwikWick® III Comfort Liner features a moisture wicking liner fabric that keeps you cool and dry in warm weather, and warm in cool weather. Liner Kit is easily removable and washable</li><li>KwikFit® 3D sculpted cheek pads accommodate most eyeglasses</li><li>Scorpion EXO’s face shield ratchet system pulls the shield securely against the eye port, ensuring a proper seal</li><li>EverClear® face shield offers state-of-the-art fog-free technology and 95% UV-A & UV-B protection</li><li>Optically superior face shield features a shatter resistant, Anti-Scratch hardened coating</li><li>FREE Additional Dark Smoke Everclear® fog-free face shield included. (Pinlock® face shields sold separately)</li><li>Tool-less face shield removal system</li><li>Comm-Ready speaker pockets allow for easily installation of your favorite Bluetooth® communication system speakers</li><li>Optional Thinner and Thicker cheek pads available to help optimize fit (sold separately)</li><li>Reflective material incorporated into the cheek pads for increased night time visibility</li><li>Included solid neoprene aero skirt (chin curtain) helps reduce wind noise</li></ul>"
75-1654X,"The Creators of the original bad-ass Covert Motorcycle Helmet has now developed a full-face version, the Covert FX! The Covert FX displays the same edgy style and function that is expected from the ScorpionEXO® Covert Series.  However stylish the details may be, they have important function. Each helmet is carefully hand crafted using the latest Fiberglass, Aramid and Polyresin fibers which provide superior strength and extreme light weight. The low-profile shell has been aerodynamically tuned for motorcycle riding, minimizing both lift and turbulence for a smoother, quieter, and more stable ride. Integrated speaker pockets make it easy to install your favorite Bluetooth® communication device, while the KwikWick-C comfort Liner features a moisture wicking material that will keep you cool, dry and comfortable during your ride. ScorpionEXO® continues to set the standard when it comes to Value in a motorcycle helmet by including a Free Dark Smoke Shield, as well as a Clear shield, right out of the box. If you’re looking for a Stylish and Functional motorcycle helmet that’s perfect for both city commutes and long-distance touring, look no further than the Covert FX.

Features:
<ul><li>Extremely lightweight TCT-Ultra™ Composite shell provides superior strength and impact dispersal properties</li><li>CAD-refined aerodynamics result in a streamlined profile and balanced footprint, minimizing both lift and turbulence for a smoother, quieter, and more stable ride</li><li>Advanced multi-layer EPS provides superior energy absorption</li><li>Equipped with U.S. DOT Certification and the ECE 22.06 Safety standard, which requires a wider range of testing than the previous 22.05 certification</li><li>Aero-tuned ventilation system features closeable intake vents on top help force cool air in, while exhaust vents maximize movement of hot air out of the helmet</li><li>Dual Position mouth vent allows the 1st position to act as a defroster and 2nd position acts as defroster & ventilation (closeable from the inside)</li><li>Strategically placed channels throughout the EPS foam provide increased airflow</li><li>KwikWick® III Comfort Liner features a moisture wicking liner fabric that keeps you cool and dry in warm weather, and warm in cool weather. Liner Kit is easily removable and washable</li><li>KwikFit® 3D sculpted cheek pads accommodate most eyeglasses</li><li>Scorpion EXO’s face shield ratchet system pulls the shield securely against the eye port, ensuring a proper seal</li><li>EverClear® face shield offers state-of-the-art fog-free technology and 95% UV-A & UV-B protection</li><li>Optically superior face shield features a shatter resistant, Anti-Scratch hardened coating</li><li>FREE Additional Dark Smoke Everclear® fog-free face shield included. (Pinlock® face shields sold separately)</li><li>Tool-less face shield removal system</li><li>Comm-Ready speaker pockets allow for easily installation of your favorite Bluetooth® communication system speakers</li><li>Optional Thinner and Thicker cheek pads available to help optimize fit (sold separately)</li><li>Reflective material incorporated into the cheek pads for increased night time visibility</li><li>Included solid neoprene aero skirt (chin curtain) helps reduce wind noise</li></ul>"
75-20712X,<ul><li>DOT-218 /ECE Certified</li><li>Advanced Polycarbonate shell</li><li>Dual Density EPS</li><li>Aero-Tuned Ventilation</li><li>Dual Position Mouth Vent</li><li>Ellip-Tec™ II Ratchet System</li><li>Everclear® No-Fog Faceshield</li><li>Breath Deflector</li><li>AirFit® Inflation System</li><li>Everclear® SpeedView® Drop Down Sun-Visor</li><li>KwikWick® 'C' Comfort Liner</li><li>KwikFit®</li><li>Communication System Speaker Pockets</li><li>Emergency Release System</li><li>Aero Skirt</li><li>3 Shell Sizes</li><li>5 Year Warranty</li></ul>
75-2071L,<ul><li>DOT-218 /ECE Certified</li><li>Advanced Polycarbonate shell</li><li>Dual Density EPS</li><li>Aero-Tuned Ventilation</li><li>Dual Position Mouth Vent</li><li>Ellip-Tec™ II Ratchet System</li><li>Everclear® No-Fog Faceshield</li><li>Breath Deflector</li><li>AirFit® Inflation System</li><li>Everclear® SpeedView® Drop Down Sun-Visor</li><li>KwikWick® 'C' Comfort Liner</li><li>KwikFit®</li><li>Communication System Speaker Pockets</li><li>Emergency Release System</li><li>Aero Skirt</li><li>3 Shell Sizes</li><li>5 Year Warranty</li></ul>
75-2071M,<ul><li>DOT-218 /ECE Certified</li><li>Advanced Polycarbonate shell</li><li>Dual Density EPS</li><li>Aero-Tuned Ventilation</li><li>Dual Position Mouth Vent</li><li>Ellip-Tec™ II Ratchet System</li><li>Everclear® No-Fog Faceshield</li><li>Breath Deflector</li><li>AirFit® Inflation System</li><li>Everclear® SpeedView® Drop Down Sun-Visor</li><li>KwikWick® 'C' Comfort Liner</li><li>KwikFit®</li><li>Communication System Speaker Pockets</li><li>Emergency Release System</li><li>Aero Skirt</li><li>3 Shell Sizes</li><li>5 Year Warranty</li></ul>
75-2071S,<ul><li>DOT-218 /ECE Certified</li><li>Advanced Polycarbonate shell</li><li>Dual Density EPS</li><li>Aero-Tuned Ventilation</li><li>Dual Position Mouth Vent</li><li>Ellip-Tec™ II Ratchet System</li><li>Everclear® No-Fog Faceshield</li><li>Breath Deflector</li><li>AirFit® Inflation System</li><li>Everclear® SpeedView® Drop Down Sun-Visor</li><li>KwikWick® 'C' Comfort Liner</li><li>KwikFit®</li><li>Communication System Speaker Pockets</li><li>Emergency Release System</li><li>Aero Skirt</li><li>3 Shell Sizes</li><li>5 Year Warranty</li></ul>
75-2071X,<ul><li>DOT-218 /ECE Certified</li><li>Advanced Polycarbonate shell</li><li>Dual Density EPS</li><li>Aero-Tuned Ventilation</li><li>Dual Position Mouth Vent</li><li>Ellip-Tec™ II Ratchet System</li><li>Everclear® No-Fog Faceshield</li><li>Breath Deflector</li><li>AirFit® Inflation System</li><li>Everclear® SpeedView® Drop Down Sun-Visor</li><li>KwikWick® 'C' Comfort Liner</li><li>KwikFit®</li><li>Communication System Speaker Pockets</li><li>Emergency Release System</li><li>Aero Skirt</li><li>3 Shell Sizes</li><li>5 Year Warranty</li></ul>
75-2071XS,<ul><li>DOT-218 /ECE Certified</li><li>Advanced Polycarbonate shell</li><li>Dual Density EPS</li><li>Aero-Tuned Ventilation</li><li>Dual Position Mouth Vent</li><li>Ellip-Tec™ II Ratchet System</li><li>Everclear® No-Fog Faceshield</li><li>Breath Deflector</li><li>AirFit® Inflation System</li><li>Everclear® SpeedView® Drop Down Sun-Visor</li><li>KwikWick® 'C' Comfort Liner</li><li>KwikFit®</li><li>Communication System Speaker Pockets</li><li>Emergency Release System</li><li>Aero Skirt</li><li>3 Shell Sizes</li><li>5 Year Warranty</li></ul>
75-20722X,<ul><li>DOT-218 /ECE Certified</li><li>Advanced Polycarbonate shell</li><li>Dual Density EPS</li><li>Aero-Tuned Ventilation</li><li>Dual Position Mouth Vent</li><li>Ellip-Tec™ II Ratchet System</li><li>Everclear® No-Fog Faceshield</li><li>Breath Deflector</li><li>AirFit® Inflation System</li><li>Everclear® SpeedView® Drop Down Sun-Visor</li><li>KwikWick® 'C' Comfort Liner</li><li>KwikFit®</li><li>Communication System Speaker Pockets</li><li>Emergency Release System</li><li>Aero Skirt</li><li>3 Shell Sizes</li><li>5 Year Warranty</li></ul>
75-2072L,<ul><li>DOT-218 /ECE Certified</li><li>Advanced Polycarbonate shell</li><li>Dual Density EPS</li><li>Aero-Tuned Ventilation</li><li>Dual Position Mouth Vent</li><li>Ellip-Tec™ II Ratchet System</li><li>Everclear® No-Fog Faceshield</li><li>Breath Deflector</li><li>AirFit® Inflation System</li><li>Everclear® SpeedView® Drop Down Sun-Visor</li><li>KwikWick® 'C' Comfort Liner</li><li>KwikFit®</li><li>Communication System Speaker Pockets</li><li>Emergency Release System</li><li>Aero Skirt</li><li>3 Shell Sizes</li><li>5 Year Warranty</li></ul>
75-2072M,<ul><li>DOT-218 /ECE Certified</li><li>Advanced Polycarbonate shell</li><li>Dual Density EPS</li><li>Aero-Tuned Ventilation</li><li>Dual Position Mouth Vent</li><li>Ellip-Tec™ II Ratchet System</li><li>Everclear® No-Fog Faceshield</li><li>Breath Deflector</li><li>AirFit® Inflation System</li><li>Everclear® SpeedView® Drop Down Sun-Visor</li><li>KwikWick® 'C' Comfort Liner</li><li>KwikFit®</li><li>Communication System Speaker Pockets</li><li>Emergency Release System</li><li>Aero Skirt</li><li>3 Shell Sizes</li><li>5 Year Warranty</li></ul>
75-2072S,<ul><li>DOT-218 /ECE Certified</li><li>Advanced Polycarbonate shell</li><li>Dual Density EPS</li><li>Aero-Tuned Ventilation</li><li>Dual Position Mouth Vent</li><li>Ellip-Tec™ II Ratchet System</li><li>Everclear® No-Fog Faceshield</li><li>Breath Deflector</li><li>AirFit® Inflation System</li><li>Everclear® SpeedView® Drop Down Sun-Visor</li><li>KwikWick® 'C' Comfort Liner</li><li>KwikFit®</li><li>Communication System Speaker Pockets</li><li>Emergency Release System</li><li>Aero Skirt</li><li>3 Shell Sizes</li><li>5 Year Warranty</li></ul>
75-2072X,<ul><li>DOT-218 /ECE Certified</li><li>Advanced Polycarbonate shell</li><li>Dual Density EPS</li><li>Aero-Tuned Ventilation</li><li>Dual Position Mouth Vent</li><li>Ellip-Tec™ II Ratchet System</li><li>Everclear® No-Fog Faceshield</li><li>Breath Deflector</li><li>AirFit® Inflation System</li><li>Everclear® SpeedView® Drop Down Sun-Visor</li><li>KwikWick® 'C' Comfort Liner</li><li>KwikFit®</li><li>Communication System Speaker Pockets</li><li>Emergency Release System</li><li>Aero Skirt</li><li>3 Shell Sizes</li><li>5 Year Warranty</li></ul>
75-2072XS,<ul><li>DOT-218 /ECE Certified</li><li>Advanced Polycarbonate shell</li><li>Dual Density EPS</li><li>Aero-Tuned Ventilation</li><li>Dual Position Mouth Vent</li><li>Ellip-Tec™ II Ratchet System</li><li>Everclear® No-Fog Faceshield</li><li>Breath Deflector</li><li>AirFit® Inflation System</li><li>Everclear® SpeedView® Drop Down Sun-Visor</li><li>KwikWick® 'C' Comfort Liner</li><li>KwikFit®</li><li>Communication System Speaker Pockets</li><li>Emergency Release System</li><li>Aero Skirt</li><li>3 Shell Sizes</li><li>5 Year Warranty</li></ul>
75-20732X,<ul><li>DOT-218 /ECE Certified</li><li>Advanced Polycarbonate shell</li><li>Dual Density EPS</li><li>Aero-Tuned Ventilation</li><li>Dual Position Mouth Vent</li><li>Ellip-Tec™ II Ratchet System</li><li>Everclear® No-Fog Faceshield</li><li>Breath Deflector</li><li>AirFit® Inflation System</li><li>Everclear® SpeedView® Drop Down Sun-Visor</li><li>KwikWick® 'C' Comfort Liner</li><li>KwikFit®</li><li>Communication System Speaker Pockets</li><li>Emergency Release System</li><li>Aero Skirt</li><li>3 Shell Sizes</li><li>5 Year Warranty</li></ul>
75-2073L,<ul><li>DOT-218 /ECE Certified</li><li>Advanced Polycarbonate shell</li><li>Dual Density EPS</li><li>Aero-Tuned Ventilation</li><li>Dual Position Mouth Vent</li><li>Ellip-Tec™ II Ratchet System</li><li>Everclear® No-Fog Faceshield</li><li>Breath Deflector</li><li>AirFit® Inflation System</li><li>Everclear® SpeedView® Drop Down Sun-Visor</li><li>KwikWick® 'C' Comfort Liner</li><li>KwikFit®</li><li>Communication System Speaker Pockets</li><li>Emergency Release System</li><li>Aero Skirt</li><li>3 Shell Sizes</li><li>5 Year Warranty</li></ul>
75-2073M,<ul><li>DOT-218 /ECE Certified</li><li>Advanced Polycarbonate shell</li><li>Dual Density EPS</li><li>Aero-Tuned Ventilation</li><li>Dual Position Mouth Vent</li><li>Ellip-Tec™ II Ratchet System</li><li>Everclear® No-Fog Faceshield</li><li>Breath Deflector</li><li>AirFit® Inflation System</li><li>Everclear® SpeedView® Drop Down Sun-Visor</li><li>KwikWick® 'C' Comfort Liner</li><li>KwikFit®</li><li>Communication System Speaker Pockets</li><li>Emergency Release System</li><li>Aero Skirt</li><li>3 Shell Sizes</li><li>5 Year Warranty</li></ul>
75-2073S,<ul><li>DOT-218 /ECE Certified</li><li>Advanced Polycarbonate shell</li><li>Dual Density EPS</li><li>Aero-Tuned Ventilation</li><li>Dual Position Mouth Vent</li><li>Ellip-Tec™ II Ratchet System</li><li>Everclear® No-Fog Faceshield</li><li>Breath Deflector</li><li>AirFit® Inflation System</li><li>Everclear® SpeedView® Drop Down Sun-Visor</li><li>KwikWick® 'C' Comfort Liner</li><li>KwikFit®</li><li>Communication System Speaker Pockets</li><li>Emergency Release System</li><li>Aero Skirt</li><li>3 Shell Sizes</li><li>5 Year Warranty</li></ul>
75-2073X,<ul><li>DOT-218 /ECE Certified</li><li>Advanced Polycarbonate shell</li><li>Dual Density EPS</li><li>Aero-Tuned Ventilation</li><li>Dual Position Mouth Vent</li><li>Ellip-Tec™ II Ratchet System</li><li>Everclear® No-Fog Faceshield</li><li>Breath Deflector</li><li>AirFit® Inflation System</li><li>Everclear® SpeedView® Drop Down Sun-Visor</li><li>KwikWick® 'C' Comfort Liner</li><li>KwikFit®</li><li>Communication System Speaker Pockets</li><li>Emergency Release System</li><li>Aero Skirt</li><li>3 Shell Sizes</li><li>5 Year Warranty</li></ul>
75-2073XS,<ul><li>DOT-218 /ECE Certified</li><li>Advanced Polycarbonate shell</li><li>Dual Density EPS</li><li>Aero-Tuned Ventilation</li><li>Dual Position Mouth Vent</li><li>Ellip-Tec™ II Ratchet System</li><li>Everclear® No-Fog Faceshield</li><li>Breath Deflector</li><li>AirFit® Inflation System</li><li>Everclear® SpeedView® Drop Down Sun-Visor</li><li>KwikWick® 'C' Comfort Liner</li><li>KwikFit®</li><li>Communication System Speaker Pockets</li><li>Emergency Release System</li><li>Aero Skirt</li><li>3 Shell Sizes</li><li>5 Year Warranty</li></ul>
75-21612X,"The all-new XT9000 Carbon was engineered to meet the demands of the serious Adventure Rider by striking the perfect balance of features and benefits for both on and off-road. Each helmet is carefully hand crafted using the latest 3K Carbon fiber material, providing superior strength and extreme light weight. The Peak Visor's aerodynamics were designed to help keep buffeting and lift to a minimum when riding at high speeds. And if  the highway is your primary terrain, or if you're riding away from the sun, the peak visor can be easily removed to allow an even more streamline aerodynamic profile. When your adventures take you off-road where goggles are preferred, the face shield features a tool-less system allowing you to easily and quickly swap your shield for goggles. The wide eye port allows for greater peripheral vision and accommodates most sizes and brands of goggles. Another unique feature only seen in ScorpionEXO helmets is the Airfit® liner inflation system, which allows you to customize the fit of your cheek pads, which also helps significantly reduce wind noise, buffeting and lift. Whether you’re traveling the globe or riding casually, the XT9000 Carbon was built to provide you with the comfort, safety and confidence needed to take on any terrain; making it a true All-Road, All-Weather helmet!

Features:
<ul><li>TCT-Ultra™ 3K Carbon fiber shell provides superior strength and impact dispersal properties</li><li>CAD-refined aerodynamics result in a streamlined profile and balanced footprint, minimizing both lift and turbulence for a smoother, quieter, and more stable ride</li><li>Advanced multi-layer EPS provides superior energy absorption</li><li>Strategically placed channels throughout the EPS foam provide increased airflow</li><li>Equipped with U.S. DOT Certification and the ECE 22.06 Safety standard, which requires a wider range of testing than the previous 22.05 certification</li><li>Optically Clear MaxVision® Pinlock® ready face shield installed. Anti-scratch coated and offers 95% UV-A & UV-B protection</li><li>FREE Dark Smoke Pinlock® 100% MaxVision® face shield and Pinlock® 120 anti-fog insert included</li><li>Wide eye port allows for greater peripheral vision and downward visibility. When the face shield is removed the eye port accommodates most sizes and brands of goggles. (Eye port is 12cm Tall)</li><li>Face shield ensures a secure and evenly distributed seal across the eye port</li><li>Adjustable chin bar vent intake redirects airflow to the interior surface of the shield, reducing fog build-up</li><li>Tool-less face shield system makes swapping between goggles or tinted and mirrored lenses quick and easy</li><li>Action Cam mounting plate (included) provides the rider a flat surface to mount cameras and other accessories (Kit includes vent plate & screw only)</li><li>Comm-Ready speaker pockets allow for easily installation of your favorite BlueTooth® communication system speakers</li><li>Emergency release system: Tabs  located under the neck roll allow easy removal of the cheek pads by emergency personnel</li><li>Integrated reflective material located on the rear vents help with nighttime visibility.</li><li>Included breath deflector and aero skirt (chin curtain) helps reduce wind noise</li><li>Titanium Double D-Rings helps prevent corrosion</li></ul>"
75-2161L,"The all-new XT9000 Carbon was engineered to meet the demands of the serious Adventure Rider by striking the perfect balance of features and benefits for both on and off-road. Each helmet is carefully hand crafted using the latest 3K Carbon fiber material, providing superior strength and extreme light weight. The Peak Visor's aerodynamics were designed to help keep buffeting and lift to a minimum when riding at high speeds. And if  the highway is your primary terrain, or if you're riding away from the sun, the peak visor can be easily removed to allow an even more streamline aerodynamic profile. When your adventures take you off-road where goggles are preferred, the face shield features a tool-less system allowing you to easily and quickly swap your shield for goggles. The wide eye port allows for greater peripheral vision and accommodates most sizes and brands of goggles. Another unique feature only seen in ScorpionEXO helmets is the Airfit® liner inflation system, which allows you to customize the fit of your cheek pads, which also helps significantly reduce wind noise, buffeting and lift. Whether you’re traveling the globe or riding casually, the XT9000 Carbon was built to provide you with the comfort, safety and confidence needed to take on any terrain; making it a true All-Road, All-Weather helmet!

Features:
<ul><li>TCT-Ultra™ 3K Carbon fiber shell provides superior strength and impact dispersal properties</li><li>CAD-refined aerodynamics result in a streamlined profile and balanced footprint, minimizing both lift and turbulence for a smoother, quieter, and more stable ride</li><li>Advanced multi-layer EPS provides superior energy absorption</li><li>Strategically placed channels throughout the EPS foam provide increased airflow</li><li>Equipped with U.S. DOT Certification and the ECE 22.06 Safety standard, which requires a wider range of testing than the previous 22.05 certification</li><li>Optically Clear MaxVision® Pinlock® ready face shield installed. Anti-scratch coated and offers 95% UV-A & UV-B protection</li><li>FREE Dark Smoke Pinlock® 100% MaxVision® face shield and Pinlock® 120 anti-fog insert included</li><li>Wide eye port allows for greater peripheral vision and downward visibility. When the face shield is removed the eye port accommodates most sizes and brands of goggles. (Eye port is 12cm Tall)</li><li>Face shield ensures a secure and evenly distributed seal across the eye port</li><li>Adjustable chin bar vent intake redirects airflow to the interior surface of the shield, reducing fog build-up</li><li>Tool-less face shield system makes swapping between goggles or tinted and mirrored lenses quick and easy</li><li>Action Cam mounting plate (included) provides the rider a flat surface to mount cameras and other accessories (Kit includes vent plate & screw only)</li><li>Comm-Ready speaker pockets allow for easily installation of your favorite BlueTooth® communication system speakers</li><li>Emergency release system: Tabs  located under the neck roll allow easy removal of the cheek pads by emergency personnel</li><li>Integrated reflective material located on the rear vents help with nighttime visibility.</li><li>Included breath deflector and aero skirt (chin curtain) helps reduce wind noise</li><li>Titanium Double D-Rings helps prevent corrosion</li></ul>"
75-2161M,"The all-new XT9000 Carbon was engineered to meet the demands of the serious Adventure Rider by striking the perfect balance of features and benefits for both on and off-road. Each helmet is carefully hand crafted using the latest 3K Carbon fiber material, providing superior strength and extreme light weight. The Peak Visor's aerodynamics were designed to help keep buffeting and lift to a minimum when riding at high speeds. And if  the highway is your primary terrain, or if you're riding away from the sun, the peak visor can be easily removed to allow an even more streamline aerodynamic profile. When your adventures take you off-road where goggles are preferred, the face shield features a tool-less system allowing you to easily and quickly swap your shield for goggles. The wide eye port allows for greater peripheral vision and accommodates most sizes and brands of goggles. Another unique feature only seen in ScorpionEXO helmets is the Airfit® liner inflation system, which allows you to customize the fit of your cheek pads, which also helps significantly reduce wind noise, buffeting and lift. Whether you’re traveling the globe or riding casually, the XT9000 Carbon was built to provide you with the comfort, safety and confidence needed to take on any terrain; making it a true All-Road, All-Weather helmet!

Features:
<ul><li>TCT-Ultra™ 3K Carbon fiber shell provides superior strength and impact dispersal properties</li><li>CAD-refined aerodynamics result in a streamlined profile and balanced footprint, minimizing both lift and turbulence for a smoother, quieter, and more stable ride</li><li>Advanced multi-layer EPS provides superior energy absorption</li><li>Strategically placed channels throughout the EPS foam provide increased airflow</li><li>Equipped with U.S. DOT Certification and the ECE 22.06 Safety standard, which requires a wider range of testing than the previous 22.05 certification</li><li>Optically Clear MaxVision® Pinlock® ready face shield installed. Anti-scratch coated and offers 95% UV-A & UV-B protection</li><li>FREE Dark Smoke Pinlock® 100% MaxVision® face shield and Pinlock® 120 anti-fog insert included</li><li>Wide eye port allows for greater peripheral vision and downward visibility. When the face shield is removed the eye port accommodates most sizes and brands of goggles. (Eye port is 12cm Tall)</li><li>Face shield ensures a secure and evenly distributed seal across the eye port</li><li>Adjustable chin bar vent intake redirects airflow to the interior surface of the shield, reducing fog build-up</li><li>Tool-less face shield system makes swapping between goggles or tinted and mirrored lenses quick and easy</li><li>Action Cam mounting plate (included) provides the rider a flat surface to mount cameras and other accessories (Kit includes vent plate & screw only)</li><li>Comm-Ready speaker pockets allow for easily installation of your favorite BlueTooth® communication system speakers</li><li>Emergency release system: Tabs  located under the neck roll allow easy removal of the cheek pads by emergency personnel</li><li>Integrated reflective material located on the rear vents help with nighttime visibility.</li><li>Included breath deflector and aero skirt (chin curtain) helps reduce wind noise</li><li>Titanium Double D-Rings helps prevent corrosion</li></ul>"
75-2161S,"The all-new XT9000 Carbon was engineered to meet the demands of the serious Adventure Rider by striking the perfect balance of features and benefits for both on and off-road. Each helmet is carefully hand crafted using the latest 3K Carbon fiber material, providing superior strength and extreme light weight. The Peak Visor's aerodynamics were designed to help keep buffeting and lift to a minimum when riding at high speeds. And if  the highway is your primary terrain, or if you're riding away from the sun, the peak visor can be easily removed to allow an even more streamline aerodynamic profile. When your adventures take you off-road where goggles are preferred, the face shield features a tool-less system allowing you to easily and quickly swap your shield for goggles. The wide eye port allows for greater peripheral vision and accommodates most sizes and brands of goggles. Another unique feature only seen in ScorpionEXO helmets is the Airfit® liner inflation system, which allows you to customize the fit of your cheek pads, which also helps significantly reduce wind noise, buffeting and lift. Whether you’re traveling the globe or riding casually, the XT9000 Carbon was built to provide you with the comfort, safety and confidence needed to take on any terrain; making it a true All-Road, All-Weather helmet!

Features:
<ul><li>TCT-Ultra™ 3K Carbon fiber shell provides superior strength and impact dispersal properties</li><li>CAD-refined aerodynamics result in a streamlined profile and balanced footprint, minimizing both lift and turbulence for a smoother, quieter, and more stable ride</li><li>Advanced multi-layer EPS provides superior energy absorption</li><li>Strategically placed channels throughout the EPS foam provide increased airflow</li><li>Equipped with U.S. DOT Certification and the ECE 22.06 Safety standard, which requires a wider range of testing than the previous 22.05 certification</li><li>Optically Clear MaxVision® Pinlock® ready face shield installed. Anti-scratch coated and offers 95% UV-A & UV-B protection</li><li>FREE Dark Smoke Pinlock® 100% MaxVision® face shield and Pinlock® 120 anti-fog insert included</li><li>Wide eye port allows for greater peripheral vision and downward visibility. When the face shield is removed the eye port accommodates most sizes and brands of goggles. (Eye port is 12cm Tall)</li><li>Face shield ensures a secure and evenly distributed seal across the eye port</li><li>Adjustable chin bar vent intake redirects airflow to the interior surface of the shield, reducing fog build-up</li><li>Tool-less face shield system makes swapping between goggles or tinted and mirrored lenses quick and easy</li><li>Action Cam mounting plate (included) provides the rider a flat surface to mount cameras and other accessories (Kit includes vent plate & screw only)</li><li>Comm-Ready speaker pockets allow for easily installation of your favorite BlueTooth® communication system speakers</li><li>Emergency release system: Tabs  located under the neck roll allow easy removal of the cheek pads by emergency personnel</li><li>Integrated reflective material located on the rear vents help with nighttime visibility.</li><li>Included breath deflector and aero skirt (chin curtain) helps reduce wind noise</li><li>Titanium Double D-Rings helps prevent corrosion</li></ul>"
75-2161X,"The all-new XT9000 Carbon was engineered to meet the demands of the serious Adventure Rider by striking the perfect balance of features and benefits for both on and off-road. Each helmet is carefully hand crafted using the latest 3K Carbon fiber material, providing superior strength and extreme light weight. The Peak Visor's aerodynamics were designed to help keep buffeting and lift to a minimum when riding at high speeds. And if  the highway is your primary terrain, or if you're riding away from the sun, the peak visor can be easily removed to allow an even more streamline aerodynamic profile. When your adventures take you off-road where goggles are preferred, the face shield features a tool-less system allowing you to easily and quickly swap your shield for goggles. The wide eye port allows for greater peripheral vision and accommodates most sizes and brands of goggles. Another unique feature only seen in ScorpionEXO helmets is the Airfit® liner inflation system, which allows you to customize the fit of your cheek pads, which also helps significantly reduce wind noise, buffeting and lift. Whether you’re traveling the globe or riding casually, the XT9000 Carbon was built to provide you with the comfort, safety and confidence needed to take on any terrain; making it a true All-Road, All-Weather helmet!

Features:
<ul><li>TCT-Ultra™ 3K Carbon fiber shell provides superior strength and impact dispersal properties</li><li>CAD-refined aerodynamics result in a streamlined profile and balanced footprint, minimizing both lift and turbulence for a smoother, quieter, and more stable ride</li><li>Advanced multi-layer EPS provides superior energy absorption</li><li>Strategically placed channels throughout the EPS foam provide increased airflow</li><li>Equipped with U.S. DOT Certification and the ECE 22.06 Safety standard, which requires a wider range of testing than the previous 22.05 certification</li><li>Optically Clear MaxVision® Pinlock® ready face shield installed. Anti-scratch coated and offers 95% UV-A & UV-B protection</li><li>FREE Dark Smoke Pinlock® 100% MaxVision® face shield and Pinlock® 120 anti-fog insert included</li><li>Wide eye port allows for greater peripheral vision and downward visibility. When the face shield is removed the eye port accommodates most sizes and brands of goggles. (Eye port is 12cm Tall)</li><li>Face shield ensures a secure and evenly distributed seal across the eye port</li><li>Adjustable chin bar vent intake redirects airflow to the interior surface of the shield, reducing fog build-up</li><li>Tool-less face shield system makes swapping between goggles or tinted and mirrored lenses quick and easy</li><li>Action Cam mounting plate (included) provides the rider a flat surface to mount cameras and other accessories (Kit includes vent plate & screw only)</li><li>Comm-Ready speaker pockets allow for easily installation of your favorite BlueTooth® communication system speakers</li><li>Emergency release system: Tabs  located under the neck roll allow easy removal of the cheek pads by emergency personnel</li><li>Integrated reflective material located on the rear vents help with nighttime visibility.</li><li>Included breath deflector and aero skirt (chin curtain) helps reduce wind noise</li><li>Titanium Double D-Rings helps prevent corrosion</li></ul>"
75-21622X,"The all-new XT9000 Carbon was engineered to meet the demands of the serious Adventure Rider by striking the perfect balance of features and benefits for both on and off-road. Each helmet is carefully hand crafted using the latest 3K Carbon fiber material, providing superior strength and extreme light weight. The Peak Visor's aerodynamics were designed to help keep buffeting and lift to a minimum when riding at high speeds. And if  the highway is your primary terrain, or if you're riding away from the sun, the peak visor can be easily removed to allow an even more streamline aerodynamic profile. When your adventures take you off-road where goggles are preferred, the face shield features a tool-less system allowing you to easily and quickly swap your shield for goggles. The wide eye port allows for greater peripheral vision and accommodates most sizes and brands of goggles. Another unique feature only seen in ScorpionEXO helmets is the Airfit® liner inflation system, which allows you to customize the fit of your cheek pads, which also helps significantly reduce wind noise, buffeting and lift. Whether you’re traveling the globe or riding casually, the XT9000 Carbon was built to provide you with the comfort, safety and confidence needed to take on any terrain; making it a true All-Road, All-Weather helmet!

Features:
<ul><li>TCT-Ultra™ 3K Carbon fiber shell provides superior strength and impact dispersal properties</li><li>CAD-refined aerodynamics result in a streamlined profile and balanced footprint, minimizing both lift and turbulence for a smoother, quieter, and more stable ride</li><li>Advanced multi-layer EPS provides superior energy absorption</li><li>Strategically placed channels throughout the EPS foam provide increased airflow</li><li>Equipped with U.S. DOT Certification and the ECE 22.06 Safety standard, which requires a wider range of testing than the previous 22.05 certification</li><li>Optically Clear MaxVision® Pinlock® ready face shield installed. Anti-scratch coated and offers 95% UV-A & UV-B protection</li><li>FREE Dark Smoke Pinlock® 100% MaxVision® face shield and Pinlock® 120 anti-fog insert included</li><li>Wide eye port allows for greater peripheral vision and downward visibility. When the face shield is removed the eye port accommodates most sizes and brands of goggles. (Eye port is 12cm Tall)</li><li>Face shield ensures a secure and evenly distributed seal across the eye port</li><li>Adjustable chin bar vent intake redirects airflow to the interior surface of the shield, reducing fog build-up</li><li>Tool-less face shield system makes swapping between goggles or tinted and mirrored lenses quick and easy</li><li>Action Cam mounting plate (included) provides the rider a flat surface to mount cameras and other accessories (Kit includes vent plate & screw only)</li><li>Comm-Ready speaker pockets allow for easily installation of your favorite BlueTooth® communication system speakers</li><li>Emergency release system: Tabs  located under the neck roll allow easy removal of the cheek pads by emergency personnel</li><li>Integrated reflective material located on the rear vents help with nighttime visibility.</li><li>Included breath deflector and aero skirt (chin curtain) helps reduce wind noise</li><li>Titanium Double D-Rings helps prevent corrosion</li></ul>"
75-2162L,"The all-new XT9000 Carbon was engineered to meet the demands of the serious Adventure Rider by striking the perfect balance of features and benefits for both on and off-road. Each helmet is carefully hand crafted using the latest 3K Carbon fiber material, providing superior strength and extreme light weight. The Peak Visor's aerodynamics were designed to help keep buffeting and lift to a minimum when riding at high speeds. And if  the highway is your primary terrain, or if you're riding away from the sun, the peak visor can be easily removed to allow an even more streamline aerodynamic profile. When your adventures take you off-road where goggles are preferred, the face shield features a tool-less system allowing you to easily and quickly swap your shield for goggles. The wide eye port allows for greater peripheral vision and accommodates most sizes and brands of goggles. Another unique feature only seen in ScorpionEXO helmets is the Airfit® liner inflation system, which allows you to customize the fit of your cheek pads, which also helps significantly reduce wind noise, buffeting and lift. Whether you’re traveling the globe or riding casually, the XT9000 Carbon was built to provide you with the comfort, safety and confidence needed to take on any terrain; making it a true All-Road, All-Weather helmet!

Features:
<ul><li>TCT-Ultra™ 3K Carbon fiber shell provides superior strength and impact dispersal properties</li><li>CAD-refined aerodynamics result in a streamlined profile and balanced footprint, minimizing both lift and turbulence for a smoother, quieter, and more stable ride</li><li>Advanced multi-layer EPS provides superior energy absorption</li><li>Strategically placed channels throughout the EPS foam provide increased airflow</li><li>Equipped with U.S. DOT Certification and the ECE 22.06 Safety standard, which requires a wider range of testing than the previous 22.05 certification</li><li>Optically Clear MaxVision® Pinlock® ready face shield installed. Anti-scratch coated and offers 95% UV-A & UV-B protection</li><li>FREE Dark Smoke Pinlock® 100% MaxVision® face shield and Pinlock® 120 anti-fog insert included</li><li>Wide eye port allows for greater peripheral vision and downward visibility. When the face shield is removed the eye port accommodates most sizes and brands of goggles. (Eye port is 12cm Tall)</li><li>Face shield ensures a secure and evenly distributed seal across the eye port</li><li>Adjustable chin bar vent intake redirects airflow to the interior surface of the shield, reducing fog build-up</li><li>Tool-less face shield system makes swapping between goggles or tinted and mirrored lenses quick and easy</li><li>Action Cam mounting plate (included) provides the rider a flat surface to mount cameras and other accessories (Kit includes vent plate & screw only)</li><li>Comm-Ready speaker pockets allow for easily installation of your favorite BlueTooth® communication system speakers</li><li>Emergency release system: Tabs  located under the neck roll allow easy removal of the cheek pads by emergency personnel</li><li>Integrated reflective material located on the rear vents help with nighttime visibility.</li><li>Included breath deflector and aero skirt (chin curtain) helps reduce wind noise</li><li>Titanium Double D-Rings helps prevent corrosion</li></ul>"
75-2162M,"The all-new XT9000 Carbon was engineered to meet the demands of the serious Adventure Rider by striking the perfect balance of features and benefits for both on and off-road. Each helmet is carefully hand crafted using the latest 3K Carbon fiber material, providing superior strength and extreme light weight. The Peak Visor's aerodynamics were designed to help keep buffeting and lift to a minimum when riding at high speeds. And if  the highway is your primary terrain, or if you're riding away from the sun, the peak visor can be easily removed to allow an even more streamline aerodynamic profile. When your adventures take you off-road where goggles are preferred, the face shield features a tool-less system allowing you to easily and quickly swap your shield for goggles. The wide eye port allows for greater peripheral vision and accommodates most sizes and brands of goggles. Another unique feature only seen in ScorpionEXO helmets is the Airfit® liner inflation system, which allows you to customize the fit of your cheek pads, which also helps significantly reduce wind noise, buffeting and lift. Whether you’re traveling the globe or riding casually, the XT9000 Carbon was built to provide you with the comfort, safety and confidence needed to take on any terrain; making it a true All-Road, All-Weather helmet!

Features:
<ul><li>TCT-Ultra™ 3K Carbon fiber shell provides superior strength and impact dispersal properties</li><li>CAD-refined aerodynamics result in a streamlined profile and balanced footprint, minimizing both lift and turbulence for a smoother, quieter, and more stable ride</li><li>Advanced multi-layer EPS provides superior energy absorption</li><li>Strategically placed channels throughout the EPS foam provide increased airflow</li><li>Equipped with U.S. DOT Certification and the ECE 22.06 Safety standard, which requires a wider range of testing than the previous 22.05 certification</li><li>Optically Clear MaxVision® Pinlock® ready face shield installed. Anti-scratch coated and offers 95% UV-A & UV-B protection</li><li>FREE Dark Smoke Pinlock® 100% MaxVision® face shield and Pinlock® 120 anti-fog insert included</li><li>Wide eye port allows for greater peripheral vision and downward visibility. When the face shield is removed the eye port accommodates most sizes and brands of goggles. (Eye port is 12cm Tall)</li><li>Face shield ensures a secure and evenly distributed seal across the eye port</li><li>Adjustable chin bar vent intake redirects airflow to the interior surface of the shield, reducing fog build-up</li><li>Tool-less face shield system makes swapping between goggles or tinted and mirrored lenses quick and easy</li><li>Action Cam mounting plate (included) provides the rider a flat surface to mount cameras and other accessories (Kit includes vent plate & screw only)</li><li>Comm-Ready speaker pockets allow for easily installation of your favorite BlueTooth® communication system speakers</li><li>Emergency release system: Tabs  located under the neck roll allow easy removal of the cheek pads by emergency personnel</li><li>Integrated reflective material located on the rear vents help with nighttime visibility.</li><li>Included breath deflector and aero skirt (chin curtain) helps reduce wind noise</li><li>Titanium Double D-Rings helps prevent corrosion</li></ul>"
75-2162S,"The all-new XT9000 Carbon was engineered to meet the demands of the serious Adventure Rider by striking the perfect balance of features and benefits for both on and off-road. Each helmet is carefully hand crafted using the latest 3K Carbon fiber material, providing superior strength and extreme light weight. The Peak Visor's aerodynamics were designed to help keep buffeting and lift to a minimum when riding at high speeds. And if  the highway is your primary terrain, or if you're riding away from the sun, the peak visor can be easily removed to allow an even more streamline aerodynamic profile. When your adventures take you off-road where goggles are preferred, the face shield features a tool-less system allowing you to easily and quickly swap your shield for goggles. The wide eye port allows for greater peripheral vision and accommodates most sizes and brands of goggles. Another unique feature only seen in ScorpionEXO helmets is the Airfit® liner inflation system, which allows you to customize the fit of your cheek pads, which also helps significantly reduce wind noise, buffeting and lift. Whether you’re traveling the globe or riding casually, the XT9000 Carbon was built to provide you with the comfort, safety and confidence needed to take on any terrain; making it a true All-Road, All-Weather helmet!

Features:
<ul><li>TCT-Ultra™ 3K Carbon fiber shell provides superior strength and impact dispersal properties</li><li>CAD-refined aerodynamics result in a streamlined profile and balanced footprint, minimizing both lift and turbulence for a smoother, quieter, and more stable ride</li><li>Advanced multi-layer EPS provides superior energy absorption</li><li>Strategically placed channels throughout the EPS foam provide increased airflow</li><li>Equipped with U.S. DOT Certification and the ECE 22.06 Safety standard, which requires a wider range of testing than the previous 22.05 certification</li><li>Optically Clear MaxVision® Pinlock® ready face shield installed. Anti-scratch coated and offers 95% UV-A & UV-B protection</li><li>FREE Dark Smoke Pinlock® 100% MaxVision® face shield and Pinlock® 120 anti-fog insert included</li><li>Wide eye port allows for greater peripheral vision and downward visibility. When the face shield is removed the eye port accommodates most sizes and brands of goggles. (Eye port is 12cm Tall)</li><li>Face shield ensures a secure and evenly distributed seal across the eye port</li><li>Adjustable chin bar vent intake redirects airflow to the interior surface of the shield, reducing fog build-up</li><li>Tool-less face shield system makes swapping between goggles or tinted and mirrored lenses quick and easy</li><li>Action Cam mounting plate (included) provides the rider a flat surface to mount cameras and other accessories (Kit includes vent plate & screw only)</li><li>Comm-Ready speaker pockets allow for easily installation of your favorite BlueTooth® communication system speakers</li><li>Emergency release system: Tabs  located under the neck roll allow easy removal of the cheek pads by emergency personnel</li><li>Integrated reflective material located on the rear vents help with nighttime visibility.</li><li>Included breath deflector and aero skirt (chin curtain) helps reduce wind noise</li><li>Titanium Double D-Rings helps prevent corrosion</li></ul>"
75-2162X,"The all-new XT9000 Carbon was engineered to meet the demands of the serious Adventure Rider by striking the perfect balance of features and benefits for both on and off-road. Each helmet is carefully hand crafted using the latest 3K Carbon fiber material, providing superior strength and extreme light weight. The Peak Visor's aerodynamics were designed to help keep buffeting and lift to a minimum when riding at high speeds. And if  the highway is your primary terrain, or if you're riding away from the sun, the peak visor can be easily removed to allow an even more streamline aerodynamic profile. When your adventures take you off-road where goggles are preferred, the face shield features a tool-less system allowing you to easily and quickly swap your shield for goggles. The wide eye port allows for greater peripheral vision and accommodates most sizes and brands of goggles. Another unique feature only seen in ScorpionEXO helmets is the Airfit® liner inflation system, which allows you to customize the fit of your cheek pads, which also helps significantly reduce wind noise, buffeting and lift. Whether you’re traveling the globe or riding casually, the XT9000 Carbon was built to provide you with the comfort, safety and confidence needed to take on any terrain; making it a true All-Road, All-Weather helmet!

Features:
<ul><li>TCT-Ultra™ 3K Carbon fiber shell provides superior strength and impact dispersal properties</li><li>CAD-refined aerodynamics result in a streamlined profile and balanced footprint, minimizing both lift and turbulence for a smoother, quieter, and more stable ride</li><li>Advanced multi-layer EPS provides superior energy absorption</li><li>Strategically placed channels throughout the EPS foam provide increased airflow</li><li>Equipped with U.S. DOT Certification and the ECE 22.06 Safety standard, which requires a wider range of testing than the previous 22.05 certification</li><li>Optically Clear MaxVision® Pinlock® ready face shield installed. Anti-scratch coated and offers 95% UV-A & UV-B protection</li><li>FREE Dark Smoke Pinlock® 100% MaxVision® face shield and Pinlock® 120 anti-fog insert included</li><li>Wide eye port allows for greater peripheral vision and downward visibility. When the face shield is removed the eye port accommodates most sizes and brands of goggles. (Eye port is 12cm Tall)</li><li>Face shield ensures a secure and evenly distributed seal across the eye port</li><li>Adjustable chin bar vent intake redirects airflow to the interior surface of the shield, reducing fog build-up</li><li>Tool-less face shield system makes swapping between goggles or tinted and mirrored lenses quick and easy</li><li>Action Cam mounting plate (included) provides the rider a flat surface to mount cameras and other accessories (Kit includes vent plate & screw only)</li><li>Comm-Ready speaker pockets allow for easily installation of your favorite BlueTooth® communication system speakers</li><li>Emergency release system: Tabs  located under the neck roll allow easy removal of the cheek pads by emergency personnel</li><li>Integrated reflective material located on the rear vents help with nighttime visibility.</li><li>Included breath deflector and aero skirt (chin curtain) helps reduce wind noise</li><li>Titanium Double D-Rings helps prevent corrosion</li></ul>"
75-21632X,"The all-new XT9000 Carbon was engineered to meet the demands of the serious Adventure Rider by striking the perfect balance of features and benefits for both on and off-road. Each helmet is carefully hand crafted using the latest 3K Carbon fiber material, providing superior strength and extreme light weight. The Peak Visor's aerodynamics were designed to help keep buffeting and lift to a minimum when riding at high speeds. And if  the highway is your primary terrain, or if you're riding away from the sun, the peak visor can be easily removed to allow an even more streamline aerodynamic profile. When your adventures take you off-road where goggles are preferred, the face shield features a tool-less system allowing you to easily and quickly swap your shield for goggles. The wide eye port allows for greater peripheral vision and accommodates most sizes and brands of goggles. Another unique feature only seen in ScorpionEXO helmets is the Airfit® liner inflation system, which allows you to customize the fit of your cheek pads, which also helps significantly reduce wind noise, buffeting and lift. Whether you’re traveling the globe or riding casually, the XT9000 Carbon was built to provide you with the comfort, safety and confidence needed to take on any terrain; making it a true All-Road, All-Weather helmet!

Features:
<ul><li>TCT-Ultra™ 3K Carbon fiber shell provides superior strength and impact dispersal properties</li><li>CAD-refined aerodynamics result in a streamlined profile and balanced footprint, minimizing both lift and turbulence for a smoother, quieter, and more stable ride</li><li>Advanced multi-layer EPS provides superior energy absorption</li><li>Strategically placed channels throughout the EPS foam provide increased airflow</li><li>Equipped with U.S. DOT Certification and the ECE 22.06 Safety standard, which requires a wider range of testing than the previous 22.05 certification</li><li>Optically Clear MaxVision® Pinlock® ready face shield installed. Anti-scratch coated and offers 95% UV-A & UV-B protection</li><li>FREE Dark Smoke Pinlock® 100% MaxVision® face shield and Pinlock® 120 anti-fog insert included</li><li>Wide eye port allows for greater peripheral vision and downward visibility. When the face shield is removed the eye port accommodates most sizes and brands of goggles. (Eye port is 12cm Tall)</li><li>Face shield ensures a secure and evenly distributed seal across the eye port</li><li>Adjustable chin bar vent intake redirects airflow to the interior surface of the shield, reducing fog build-up</li><li>Tool-less face shield system makes swapping between goggles or tinted and mirrored lenses quick and easy</li><li>Action Cam mounting plate (included) provides the rider a flat surface to mount cameras and other accessories (Kit includes vent plate & screw only)</li><li>Comm-Ready speaker pockets allow for easily installation of your favorite BlueTooth® communication system speakers</li><li>Emergency release system: Tabs  located under the neck roll allow easy removal of the cheek pads by emergency personnel</li><li>Integrated reflective material located on the rear vents help with nighttime visibility.</li><li>Included breath deflector and aero skirt (chin curtain) helps reduce wind noise</li><li>Titanium Double D-Rings helps prevent corrosion</li></ul>"
75-2163L,"The all-new XT9000 Carbon was engineered to meet the demands of the serious Adventure Rider by striking the perfect balance of features and benefits for both on and off-road. Each helmet is carefully hand crafted using the latest 3K Carbon fiber material, providing superior strength and extreme light weight. The Peak Visor's aerodynamics were designed to help keep buffeting and lift to a minimum when riding at high speeds. And if  the highway is your primary terrain, or if you're riding away from the sun, the peak visor can be easily removed to allow an even more streamline aerodynamic profile. When your adventures take you off-road where goggles are preferred, the face shield features a tool-less system allowing you to easily and quickly swap your shield for goggles. The wide eye port allows for greater peripheral vision and accommodates most sizes and brands of goggles. Another unique feature only seen in ScorpionEXO helmets is the Airfit® liner inflation system, which allows you to customize the fit of your cheek pads, which also helps significantly reduce wind noise, buffeting and lift. Whether you’re traveling the globe or riding casually, the XT9000 Carbon was built to provide you with the comfort, safety and confidence needed to take on any terrain; making it a true All-Road, All-Weather helmet!

Features:
<ul><li>TCT-Ultra™ 3K Carbon fiber shell provides superior strength and impact dispersal properties</li><li>CAD-refined aerodynamics result in a streamlined profile and balanced footprint, minimizing both lift and turbulence for a smoother, quieter, and more stable ride</li><li>Advanced multi-layer EPS provides superior energy absorption</li><li>Strategically placed channels throughout the EPS foam provide increased airflow</li><li>Equipped with U.S. DOT Certification and the ECE 22.06 Safety standard, which requires a wider range of testing than the previous 22.05 certification</li><li>Optically Clear MaxVision® Pinlock® ready face shield installed. Anti-scratch coated and offers 95% UV-A & UV-B protection</li><li>FREE Dark Smoke Pinlock® 100% MaxVision® face shield and Pinlock® 120 anti-fog insert included</li><li>Wide eye port allows for greater peripheral vision and downward visibility. When the face shield is removed the eye port accommodates most sizes and brands of goggles. (Eye port is 12cm Tall)</li><li>Face shield ensures a secure and evenly distributed seal across the eye port</li><li>Adjustable chin bar vent intake redirects airflow to the interior surface of the shield, reducing fog build-up</li><li>Tool-less face shield system makes swapping between goggles or tinted and mirrored lenses quick and easy</li><li>Action Cam mounting plate (included) provides the rider a flat surface to mount cameras and other accessories (Kit includes vent plate & screw only)</li><li>Comm-Ready speaker pockets allow for easily installation of your favorite BlueTooth® communication system speakers</li><li>Emergency release system: Tabs  located under the neck roll allow easy removal of the cheek pads by emergency personnel</li><li>Integrated reflective material located on the rear vents help with nighttime visibility.</li><li>Included breath deflector and aero skirt (chin curtain) helps reduce wind noise</li><li>Titanium Double D-Rings helps prevent corrosion</li></ul>"
75-2163M,"The all-new XT9000 Carbon was engineered to meet the demands of the serious Adventure Rider by striking the perfect balance of features and benefits for both on and off-road. Each helmet is carefully hand crafted using the latest 3K Carbon fiber material, providing superior strength and extreme light weight. The Peak Visor's aerodynamics were designed to help keep buffeting and lift to a minimum when riding at high speeds. And if  the highway is your primary terrain, or if you're riding away from the sun, the peak visor can be easily removed to allow an even more streamline aerodynamic profile. When your adventures take you off-road where goggles are preferred, the face shield features a tool-less system allowing you to easily and quickly swap your shield for goggles. The wide eye port allows for greater peripheral vision and accommodates most sizes and brands of goggles. Another unique feature only seen in ScorpionEXO helmets is the Airfit® liner inflation system, which allows you to customize the fit of your cheek pads, which also helps significantly reduce wind noise, buffeting and lift. Whether you’re traveling the globe or riding casually, the XT9000 Carbon was built to provide you with the comfort, safety and confidence needed to take on any terrain; making it a true All-Road, All-Weather helmet!

Features:
<ul><li>TCT-Ultra™ 3K Carbon fiber shell provides superior strength and impact dispersal properties</li><li>CAD-refined aerodynamics result in a streamlined profile and balanced footprint, minimizing both lift and turbulence for a smoother, quieter, and more stable ride</li><li>Advanced multi-layer EPS provides superior energy absorption</li><li>Strategically placed channels throughout the EPS foam provide increased airflow</li><li>Equipped with U.S. DOT Certification and the ECE 22.06 Safety standard, which requires a wider range of testing than the previous 22.05 certification</li><li>Optically Clear MaxVision® Pinlock® ready face shield installed. Anti-scratch coated and offers 95% UV-A & UV-B protection</li><li>FREE Dark Smoke Pinlock® 100% MaxVision® face shield and Pinlock® 120 anti-fog insert included</li><li>Wide eye port allows for greater peripheral vision and downward visibility. When the face shield is removed the eye port accommodates most sizes and brands of goggles. (Eye port is 12cm Tall)</li><li>Face shield ensures a secure and evenly distributed seal across the eye port</li><li>Adjustable chin bar vent intake redirects airflow to the interior surface of the shield, reducing fog build-up</li><li>Tool-less face shield system makes swapping between goggles or tinted and mirrored lenses quick and easy</li><li>Action Cam mounting plate (included) provides the rider a flat surface to mount cameras and other accessories (Kit includes vent plate & screw only)</li><li>Comm-Ready speaker pockets allow for easily installation of your favorite BlueTooth® communication system speakers</li><li>Emergency release system: Tabs  located under the neck roll allow easy removal of the cheek pads by emergency personnel</li><li>Integrated reflective material located on the rear vents help with nighttime visibility.</li><li>Included breath deflector and aero skirt (chin curtain) helps reduce wind noise</li><li>Titanium Double D-Rings helps prevent corrosion</li></ul>"
75-2163S,"The all-new XT9000 Carbon was engineered to meet the demands of the serious Adventure Rider by striking the perfect balance of features and benefits for both on and off-road. Each helmet is carefully hand crafted using the latest 3K Carbon fiber material, providing superior strength and extreme light weight. The Peak Visor's aerodynamics were designed to help keep buffeting and lift to a minimum when riding at high speeds. And if  the highway is your primary terrain, or if you're riding away from the sun, the peak visor can be easily removed to allow an even more streamline aerodynamic profile. When your adventures take you off-road where goggles are preferred, the face shield features a tool-less system allowing you to easily and quickly swap your shield for goggles. The wide eye port allows for greater peripheral vision and accommodates most sizes and brands of goggles. Another unique feature only seen in ScorpionEXO helmets is the Airfit® liner inflation system, which allows you to customize the fit of your cheek pads, which also helps significantly reduce wind noise, buffeting and lift. Whether you’re traveling the globe or riding casually, the XT9000 Carbon was built to provide you with the comfort, safety and confidence needed to take on any terrain; making it a true All-Road, All-Weather helmet!

Features:
<ul><li>TCT-Ultra™ 3K Carbon fiber shell provides superior strength and impact dispersal properties</li><li>CAD-refined aerodynamics result in a streamlined profile and balanced footprint, minimizing both lift and turbulence for a smoother, quieter, and more stable ride</li><li>Advanced multi-layer EPS provides superior energy absorption</li><li>Strategically placed channels throughout the EPS foam provide increased airflow</li><li>Equipped with U.S. DOT Certification and the ECE 22.06 Safety standard, which requires a wider range of testing than the previous 22.05 certification</li><li>Optically Clear MaxVision® Pinlock® ready face shield installed. Anti-scratch coated and offers 95% UV-A & UV-B protection</li><li>FREE Dark Smoke Pinlock® 100% MaxVision® face shield and Pinlock® 120 anti-fog insert included</li><li>Wide eye port allows for greater peripheral vision and downward visibility. When the face shield is removed the eye port accommodates most sizes and brands of goggles. (Eye port is 12cm Tall)</li><li>Face shield ensures a secure and evenly distributed seal across the eye port</li><li>Adjustable chin bar vent intake redirects airflow to the interior surface of the shield, reducing fog build-up</li><li>Tool-less face shield system makes swapping between goggles or tinted and mirrored lenses quick and easy</li><li>Action Cam mounting plate (included) provides the rider a flat surface to mount cameras and other accessories (Kit includes vent plate & screw only)</li><li>Comm-Ready speaker pockets allow for easily installation of your favorite BlueTooth® communication system speakers</li><li>Emergency release system: Tabs  located under the neck roll allow easy removal of the cheek pads by emergency personnel</li><li>Integrated reflective material located on the rear vents help with nighttime visibility.</li><li>Included breath deflector and aero skirt (chin curtain) helps reduce wind noise</li><li>Titanium Double D-Rings helps prevent corrosion</li></ul>"
75-2163X,"The all-new XT9000 Carbon was engineered to meet the demands of the serious Adventure Rider by striking the perfect balance of features and benefits for both on and off-road. Each helmet is carefully hand crafted using the latest 3K Carbon fiber material, providing superior strength and extreme light weight. The Peak Visor's aerodynamics were designed to help keep buffeting and lift to a minimum when riding at high speeds. And if  the highway is your primary terrain, or if you're riding away from the sun, the peak visor can be easily removed to allow an even more streamline aerodynamic profile. When your adventures take you off-road where goggles are preferred, the face shield features a tool-less system allowing you to easily and quickly swap your shield for goggles. The wide eye port allows for greater peripheral vision and accommodates most sizes and brands of goggles. Another unique feature only seen in ScorpionEXO helmets is the Airfit® liner inflation system, which allows you to customize the fit of your cheek pads, which also helps significantly reduce wind noise, buffeting and lift. Whether you’re traveling the globe or riding casually, the XT9000 Carbon was built to provide you with the comfort, safety and confidence needed to take on any terrain; making it a true All-Road, All-Weather helmet!

Features:
<ul><li>TCT-Ultra™ 3K Carbon fiber shell provides superior strength and impact dispersal properties</li><li>CAD-refined aerodynamics result in a streamlined profile and balanced footprint, minimizing both lift and turbulence for a smoother, quieter, and more stable ride</li><li>Advanced multi-layer EPS provides superior energy absorption</li><li>Strategically placed channels throughout the EPS foam provide increased airflow</li><li>Equipped with U.S. DOT Certification and the ECE 22.06 Safety standard, which requires a wider range of testing than the previous 22.05 certification</li><li>Optically Clear MaxVision® Pinlock® ready face shield installed. Anti-scratch coated and offers 95% UV-A & UV-B protection</li><li>FREE Dark Smoke Pinlock® 100% MaxVision® face shield and Pinlock® 120 anti-fog insert included</li><li>Wide eye port allows for greater peripheral vision and downward visibility. When the face shield is removed the eye port accommodates most sizes and brands of goggles. (Eye port is 12cm Tall)</li><li>Face shield ensures a secure and evenly distributed seal across the eye port</li><li>Adjustable chin bar vent intake redirects airflow to the interior surface of the shield, reducing fog build-up</li><li>Tool-less face shield system makes swapping between goggles or tinted and mirrored lenses quick and easy</li><li>Action Cam mounting plate (included) provides the rider a flat surface to mount cameras and other accessories (Kit includes vent plate & screw only)</li><li>Comm-Ready speaker pockets allow for easily installation of your favorite BlueTooth® communication system speakers</li><li>Emergency release system: Tabs  located under the neck roll allow easy removal of the cheek pads by emergency personnel</li><li>Integrated reflective material located on the rear vents help with nighttime visibility.</li><li>Included breath deflector and aero skirt (chin curtain) helps reduce wind noise</li><li>Titanium Double D-Rings helps prevent corrosion</li></ul>"
75-32272X,"The EXO-R430 helmet continues to set a new standard for Scorpion EXO®’s full face street helmets at a very competitive price point.   The advanced  polycarbonate shell is more aerodynamic and smaller resulting in an ultra lightweight SNELL-approved helmet (3X/4X DOT Only).  The aero tuned ventilation system uses large top vents and mouth vents, engineered to allow more airflow to the riders head while maintaining low noise levels. The EXO-R430 now features our new Elliptec™ faceshield with a latching shield locking mechanism located in the lower center of the shield. This makes the faceshield more secure and provides a tighter seal against the gasket.  The faceshield can be easily removed without tools, and the EverClear® No-Fog coating helps keep your vision clear in cold and damp environmental conditions.  The KwikWick® C liner is moisture wicking, anti-microbial, quick drying and can be easily removed and is machine washable. The EXO-R430 is an updated true high performance helmet at an unbeatable price.

Features:
<ul><li>DOT FMVSS No. 218 Certified/SNELL 2025 Approved (3X/4X DOT Only)</li><li>Advanced Polycarbonate Shell</li><li>Advanced multi-layer EPS</li><li>Aero-tuned ventilation system</li><li>Strategically placed channels throughout the EPS foam provide increased airflow</li><li>KwikWick® C Comfort Liner features a moisture wicking liner fabric</li><li>Everclear™ no-fog treated face shield</li><li>Optical Class 1 shield</li><li>Emergency Release System</li><li>Included breath deflector and aero skirt. (chin curtain)</li><li>5-Year warranty</li></ul>"
75-3227L,"The EXO-R430 helmet continues to set a new standard for Scorpion EXO®’s full face street helmets at a very competitive price point.   The advanced  polycarbonate shell is more aerodynamic and smaller resulting in an ultra lightweight SNELL-approved helmet (3X/4X DOT Only).  The aero tuned ventilation system uses large top vents and mouth vents, engineered to allow more airflow to the riders head while maintaining low noise levels. The EXO-R430 now features our new Elliptec™ faceshield with a latching shield locking mechanism located in the lower center of the shield. This makes the faceshield more secure and provides a tighter seal against the gasket.  The faceshield can be easily removed without tools, and the EverClear® No-Fog coating helps keep your vision clear in cold and damp environmental conditions.  The KwikWick® C liner is moisture wicking, anti-microbial, quick drying and can be easily removed and is machine washable. The EXO-R430 is an updated true high performance helmet at an unbeatable price.

Features:
<ul><li>DOT FMVSS No. 218 Certified/SNELL 2025 Approved (3X/4X DOT Only)</li><li>Advanced Polycarbonate Shell</li><li>Advanced multi-layer EPS</li><li>Aero-tuned ventilation system</li><li>Strategically placed channels throughout the EPS foam provide increased airflow</li><li>KwikWick® C Comfort Liner features a moisture wicking liner fabric</li><li>Everclear™ no-fog treated face shield</li><li>Optical Class 1 shield</li><li>Emergency Release System</li><li>Included breath deflector and aero skirt. (chin curtain)</li><li>5-Year warranty</li></ul>"
75-3227M,"The EXO-R430 helmet continues to set a new standard for Scorpion EXO®’s full face street helmets at a very competitive price point.   The advanced  polycarbonate shell is more aerodynamic and smaller resulting in an ultra lightweight SNELL-approved helmet (3X/4X DOT Only).  The aero tuned ventilation system uses large top vents and mouth vents, engineered to allow more airflow to the riders head while maintaining low noise levels. The EXO-R430 now features our new Elliptec™ faceshield with a latching shield locking mechanism located in the lower center of the shield. This makes the faceshield more secure and provides a tighter seal against the gasket.  The faceshield can be easily removed without tools, and the EverClear® No-Fog coating helps keep your vision clear in cold and damp environmental conditions.  The KwikWick® C liner is moisture wicking, anti-microbial, quick drying and can be easily removed and is machine washable. The EXO-R430 is an updated true high performance helmet at an unbeatable price.

Features:
<ul><li>DOT FMVSS No. 218 Certified/SNELL 2025 Approved (3X/4X DOT Only)</li><li>Advanced Polycarbonate Shell</li><li>Advanced multi-layer EPS</li><li>Aero-tuned ventilation system</li><li>Strategically placed channels throughout the EPS foam provide increased airflow</li><li>KwikWick® C Comfort Liner features a moisture wicking liner fabric</li><li>Everclear™ no-fog treated face shield</li><li>Optical Class 1 shield</li><li>Emergency Release System</li><li>Included breath deflector and aero skirt. (chin curtain)</li><li>5-Year warranty</li></ul>"
75-3227S,"The EXO-R430 helmet continues to set a new standard for Scorpion EXO®’s full face street helmets at a very competitive price point.   The advanced  polycarbonate shell is more aerodynamic and smaller resulting in an ultra lightweight SNELL-approved helmet (3X/4X DOT Only).  The aero tuned ventilation system uses large top vents and mouth vents, engineered to allow more airflow to the riders head while maintaining low noise levels. The EXO-R430 now features our new Elliptec™ faceshield with a latching shield locking mechanism located in the lower center of the shield. This makes the faceshield more secure and provides a tighter seal against the gasket.  The faceshield can be easily removed without tools, and the EverClear® No-Fog coating helps keep your vision clear in cold and damp environmental conditions.  The KwikWick® C liner is moisture wicking, anti-microbial, quick drying and can be easily removed and is machine washable. The EXO-R430 is an updated true high performance helmet at an unbeatable price.

Features:
<ul><li>DOT FMVSS No. 218 Certified/SNELL 2025 Approved (3X/4X DOT Only)</li><li>Advanced Polycarbonate Shell</li><li>Advanced multi-layer EPS</li><li>Aero-tuned ventilation system</li><li>Strategically placed channels throughout the EPS foam provide increased airflow</li><li>KwikWick® C Comfort Liner features a moisture wicking liner fabric</li><li>Everclear™ no-fog treated face shield</li><li>Optical Class 1 shield</li><li>Emergency Release System</li><li>Included breath deflector and aero skirt. (chin curtain)</li><li>5-Year warranty</li></ul>"
75-3227X,"The EXO-R430 helmet continues to set a new standard for Scorpion EXO®’s full face street helmets at a very competitive price point.   The advanced  polycarbonate shell is more aerodynamic and smaller resulting in an ultra lightweight SNELL-approved helmet (3X/4X DOT Only).  The aero tuned ventilation system uses large top vents and mouth vents, engineered to allow more airflow to the riders head while maintaining low noise levels. The EXO-R430 now features our new Elliptec™ faceshield with a latching shield locking mechanism located in the lower center of the shield. This makes the faceshield more secure and provides a tighter seal against the gasket.  The faceshield can be easily removed without tools, and the EverClear® No-Fog coating helps keep your vision clear in cold and damp environmental conditions.  The KwikWick® C liner is moisture wicking, anti-microbial, quick drying and can be easily removed and is machine washable. The EXO-R430 is an updated true high performance helmet at an unbeatable price.

Features:
<ul><li>DOT FMVSS No. 218 Certified/SNELL 2025 Approved (3X/4X DOT Only)</li><li>Advanced Polycarbonate Shell</li><li>Advanced multi-layer EPS</li><li>Aero-tuned ventilation system</li><li>Strategically placed channels throughout the EPS foam provide increased airflow</li><li>KwikWick® C Comfort Liner features a moisture wicking liner fabric</li><li>Everclear™ no-fog treated face shield</li><li>Optical Class 1 shield</li><li>Emergency Release System</li><li>Included breath deflector and aero skirt. (chin curtain)</li><li>5-Year warranty</li></ul>"
75-3227XS,"The EXO-R430 helmet continues to set a new standard for Scorpion EXO®’s full face street helmets at a very competitive price point.   The advanced  polycarbonate shell is more aerodynamic and smaller resulting in an ultra lightweight SNELL-approved helmet (3X/4X DOT Only).  The aero tuned ventilation system uses large top vents and mouth vents, engineered to allow more airflow to the riders head while maintaining low noise levels. The EXO-R430 now features our new Elliptec™ faceshield with a latching shield locking mechanism located in the lower center of the shield. This makes the faceshield more secure and provides a tighter seal against the gasket.  The faceshield can be easily removed without tools, and the EverClear® No-Fog coating helps keep your vision clear in cold and damp environmental conditions.  The KwikWick® C liner is moisture wicking, anti-microbial, quick drying and can be easily removed and is machine washable. The EXO-R430 is an updated true high performance helmet at an unbeatable price.

Features:
<ul><li>DOT FMVSS No. 218 Certified/SNELL 2025 Approved (3X/4X DOT Only)</li><li>Advanced Polycarbonate Shell</li><li>Advanced multi-layer EPS</li><li>Aero-tuned ventilation system</li><li>Strategically placed channels throughout the EPS foam provide increased airflow</li><li>KwikWick® C Comfort Liner features a moisture wicking liner fabric</li><li>Everclear™ no-fog treated face shield</li><li>Optical Class 1 shield</li><li>Emergency Release System</li><li>Included breath deflector and aero skirt. (chin curtain)</li><li>5-Year warranty</li></ul>"
75-32282X,"The EXO-R430 helmet continues to set a new standard for Scorpion EXO®’s full face street helmets at a very competitive price point.   The advanced  polycarbonate shell is more aerodynamic and smaller resulting in an ultra lightweight SNELL-approved helmet (3X/4X DOT Only).  The aero tuned ventilation system uses large top vents and mouth vents, engineered to allow more airflow to the riders head while maintaining low noise levels. The EXO-R430 now features our new Elliptec™ faceshield with a latching shield locking mechanism located in the lower center of the shield. This makes the faceshield more secure and provides a tighter seal against the gasket.  The faceshield can be easily removed without tools, and the EverClear® No-Fog coating helps keep your vision clear in cold and damp environmental conditions.  The KwikWick® C liner is moisture wicking, anti-microbial, quick drying and can be easily removed and is machine washable. The EXO-R430 is an updated true high performance helmet at an unbeatable price.

Features:
<ul><li>DOT FMVSS No. 218 Certified/SNELL 2025 Approved (3X/4X DOT Only)</li><li>Advanced Polycarbonate Shell</li><li>Advanced multi-layer EPS</li><li>Aero-tuned ventilation system</li><li>Strategically placed channels throughout the EPS foam provide increased airflow</li><li>KwikWick® C Comfort Liner features a moisture wicking liner fabric</li><li>Everclear™ no-fog treated face shield</li><li>Optical Class 1 shield</li><li>Emergency Release System</li><li>Included breath deflector and aero skirt. (chin curtain)</li><li>5-Year warranty</li></ul>"
75-3228L,"The EXO-R430 helmet continues to set a new standard for Scorpion EXO®’s full face street helmets at a very competitive price point.   The advanced  polycarbonate shell is more aerodynamic and smaller resulting in an ultra lightweight SNELL-approved helmet (3X/4X DOT Only).  The aero tuned ventilation system uses large top vents and mouth vents, engineered to allow more airflow to the riders head while maintaining low noise levels. The EXO-R430 now features our new Elliptec™ faceshield with a latching shield locking mechanism located in the lower center of the shield. This makes the faceshield more secure and provides a tighter seal against the gasket.  The faceshield can be easily removed without tools, and the EverClear® No-Fog coating helps keep your vision clear in cold and damp environmental conditions.  The KwikWick® C liner is moisture wicking, anti-microbial, quick drying and can be easily removed and is machine washable. The EXO-R430 is an updated true high performance helmet at an unbeatable price.

Features:
<ul><li>DOT FMVSS No. 218 Certified/SNELL 2025 Approved (3X/4X DOT Only)</li><li>Advanced Polycarbonate Shell</li><li>Advanced multi-layer EPS</li><li>Aero-tuned ventilation system</li><li>Strategically placed channels throughout the EPS foam provide increased airflow</li><li>KwikWick® C Comfort Liner features a moisture wicking liner fabric</li><li>Everclear™ no-fog treated face shield</li><li>Optical Class 1 shield</li><li>Emergency Release System</li><li>Included breath deflector and aero skirt. (chin curtain)</li><li>5-Year warranty</li></ul>"
75-3228M,"The EXO-R430 helmet continues to set a new standard for Scorpion EXO®’s full face street helmets at a very competitive price point.   The advanced  polycarbonate shell is more aerodynamic and smaller resulting in an ultra lightweight SNELL-approved helmet (3X/4X DOT Only).  The aero tuned ventilation system uses large top vents and mouth vents, engineered to allow more airflow to the riders head while maintaining low noise levels. The EXO-R430 now features our new Elliptec™ faceshield with a latching shield locking mechanism located in the lower center of the shield. This makes the faceshield more secure and provides a tighter seal against the gasket.  The faceshield can be easily removed without tools, and the EverClear® No-Fog coating helps keep your vision clear in cold and damp environmental conditions.  The KwikWick® C liner is moisture wicking, anti-microbial, quick drying and can be easily removed and is machine washable. The EXO-R430 is an updated true high performance helmet at an unbeatable price.

Features:
<ul><li>DOT FMVSS No. 218 Certified/SNELL 2025 Approved (3X/4X DOT Only)</li><li>Advanced Polycarbonate Shell</li><li>Advanced multi-layer EPS</li><li>Aero-tuned ventilation system</li><li>Strategically placed channels throughout the EPS foam provide increased airflow</li><li>KwikWick® C Comfort Liner features a moisture wicking liner fabric</li><li>Everclear™ no-fog treated face shield</li><li>Optical Class 1 shield</li><li>Emergency Release System</li><li>Included breath deflector and aero skirt. (chin curtain)</li><li>5-Year warranty</li></ul>"
75-3228S,"The EXO-R430 helmet continues to set a new standard for Scorpion EXO®’s full face street helmets at a very competitive price point.   The advanced  polycarbonate shell is more aerodynamic and smaller resulting in an ultra lightweight SNELL-approved helmet (3X/4X DOT Only).  The aero tuned ventilation system uses large top vents and mouth vents, engineered to allow more airflow to the riders head while maintaining low noise levels. The EXO-R430 now features our new Elliptec™ faceshield with a latching shield locking mechanism located in the lower center of the shield. This makes the faceshield more secure and provides a tighter seal against the gasket.  The faceshield can be easily removed without tools, and the EverClear® No-Fog coating helps keep your vision clear in cold and damp environmental conditions.  The KwikWick® C liner is moisture wicking, anti-microbial, quick drying and can be easily removed and is machine washable. The EXO-R430 is an updated true high performance helmet at an unbeatable price.

Features:
<ul><li>DOT FMVSS No. 218 Certified/SNELL 2025 Approved (3X/4X DOT Only)</li><li>Advanced Polycarbonate Shell</li><li>Advanced multi-layer EPS</li><li>Aero-tuned ventilation system</li><li>Strategically placed channels throughout the EPS foam provide increased airflow</li><li>KwikWick® C Comfort Liner features a moisture wicking liner fabric</li><li>Everclear™ no-fog treated face shield</li><li>Optical Class 1 shield</li><li>Emergency Release System</li><li>Included breath deflector and aero skirt. (chin curtain)</li><li>5-Year warranty</li></ul>"
75-3228X,"The EXO-R430 helmet continues to set a new standard for Scorpion EXO®’s full face street helmets at a very competitive price point.   The advanced  polycarbonate shell is more aerodynamic and smaller resulting in an ultra lightweight SNELL-approved helmet (3X/4X DOT Only).  The aero tuned ventilation system uses large top vents and mouth vents, engineered to allow more airflow to the riders head while maintaining low noise levels. The EXO-R430 now features our new Elliptec™ faceshield with a latching shield locking mechanism located in the lower center of the shield. This makes the faceshield more secure and provides a tighter seal against the gasket.  The faceshield can be easily removed without tools, and the EverClear® No-Fog coating helps keep your vision clear in cold and damp environmental conditions.  The KwikWick® C liner is moisture wicking, anti-microbial, quick drying and can be easily removed and is machine washable. The EXO-R430 is an updated true high performance helmet at an unbeatable price.

Features:
<ul><li>DOT FMVSS No. 218 Certified/SNELL 2025 Approved (3X/4X DOT Only)</li><li>Advanced Polycarbonate Shell</li><li>Advanced multi-layer EPS</li><li>Aero-tuned ventilation system</li><li>Strategically placed channels throughout the EPS foam provide increased airflow</li><li>KwikWick® C Comfort Liner features a moisture wicking liner fabric</li><li>Everclear™ no-fog treated face shield</li><li>Optical Class 1 shield</li><li>Emergency Release System</li><li>Included breath deflector and aero skirt. (chin curtain)</li><li>5-Year warranty</li></ul>"
75-3228XS,"The EXO-R430 helmet continues to set a new standard for Scorpion EXO®’s full face street helmets at a very competitive price point.   The advanced  polycarbonate shell is more aerodynamic and smaller resulting in an ultra lightweight SNELL-approved helmet (3X/4X DOT Only).  The aero tuned ventilation system uses large top vents and mouth vents, engineered to allow more airflow to the riders head while maintaining low noise levels. The EXO-R430 now features our new Elliptec™ faceshield with a latching shield locking mechanism located in the lower center of the shield. This makes the faceshield more secure and provides a tighter seal against the gasket.  The faceshield can be easily removed without tools, and the EverClear® No-Fog coating helps keep your vision clear in cold and damp environmental conditions.  The KwikWick® C liner is moisture wicking, anti-microbial, quick drying and can be easily removed and is machine washable. The EXO-R430 is an updated true high performance helmet at an unbeatable price.

Features:
<ul><li>DOT FMVSS No. 218 Certified/SNELL 2025 Approved (3X/4X DOT Only)</li><li>Advanced Polycarbonate Shell</li><li>Advanced multi-layer EPS</li><li>Aero-tuned ventilation system</li><li>Strategically placed channels throughout the EPS foam provide increased airflow</li><li>KwikWick® C Comfort Liner features a moisture wicking liner fabric</li><li>Everclear™ no-fog treated face shield</li><li>Optical Class 1 shield</li><li>Emergency Release System</li><li>Included breath deflector and aero skirt. (chin curtain)</li><li>5-Year warranty</li></ul>"
75-32292X,"The EXO-R430 helmet continues to set a new standard for Scorpion EXO®’s full face street helmets at a very competitive price point.   The advanced  polycarbonate shell is more aerodynamic and smaller resulting in an ultra lightweight SNELL-approved helmet (3X/4X DOT Only).  The aero tuned ventilation system uses large top vents and mouth vents, engineered to allow more airflow to the riders head while maintaining low noise levels. The EXO-R430 now features our new Elliptec™ faceshield with a latching shield locking mechanism located in the lower center of the shield. This makes the faceshield more secure and provides a tighter seal against the gasket.  The faceshield can be easily removed without tools, and the EverClear® No-Fog coating helps keep your vision clear in cold and damp environmental conditions.  The KwikWick® C liner is moisture wicking, anti-microbial, quick drying and can be easily removed and is machine washable. The EXO-R430 is an updated true high performance helmet at an unbeatable price.

Features:
<ul><li>DOT FMVSS No. 218 Certified/SNELL 2025 Approved (3X/4X DOT Only)</li><li>Advanced Polycarbonate Shell</li><li>Advanced multi-layer EPS</li><li>Aero-tuned ventilation system</li><li>Strategically placed channels throughout the EPS foam provide increased airflow</li><li>KwikWick® C Comfort Liner features a moisture wicking liner fabric</li><li>Everclear™ no-fog treated face shield</li><li>Optical Class 1 shield</li><li>Emergency Release System</li><li>Included breath deflector and aero skirt. (chin curtain)</li><li>5-Year warranty</li></ul>"
75-3229L,"The EXO-R430 helmet continues to set a new standard for Scorpion EXO®’s full face street helmets at a very competitive price point.   The advanced  polycarbonate shell is more aerodynamic and smaller resulting in an ultra lightweight SNELL-approved helmet (3X/4X DOT Only).  The aero tuned ventilation system uses large top vents and mouth vents, engineered to allow more airflow to the riders head while maintaining low noise levels. The EXO-R430 now features our new Elliptec™ faceshield with a latching shield locking mechanism located in the lower center of the shield. This makes the faceshield more secure and provides a tighter seal against the gasket.  The faceshield can be easily removed without tools, and the EverClear® No-Fog coating helps keep your vision clear in cold and damp environmental conditions.  The KwikWick® C liner is moisture wicking, anti-microbial, quick drying and can be easily removed and is machine washable. The EXO-R430 is an updated true high performance helmet at an unbeatable price.

Features:
<ul><li>DOT FMVSS No. 218 Certified/SNELL 2025 Approved (3X/4X DOT Only)</li><li>Advanced Polycarbonate Shell</li><li>Advanced multi-layer EPS</li><li>Aero-tuned ventilation system</li><li>Strategically placed channels throughout the EPS foam provide increased airflow</li><li>KwikWick® C Comfort Liner features a moisture wicking liner fabric</li><li>Everclear™ no-fog treated face shield</li><li>Optical Class 1 shield</li><li>Emergency Release System</li><li>Included breath deflector and aero skirt. (chin curtain)</li><li>5-Year warranty</li></ul>"
75-3229M,"The EXO-R430 helmet continues to set a new standard for Scorpion EXO®’s full face street helmets at a very competitive price point.   The advanced  polycarbonate shell is more aerodynamic and smaller resulting in an ultra lightweight SNELL-approved helmet (3X/4X DOT Only).  The aero tuned ventilation system uses large top vents and mouth vents, engineered to allow more airflow to the riders head while maintaining low noise levels. The EXO-R430 now features our new Elliptec™ faceshield with a latching shield locking mechanism located in the lower center of the shield. This makes the faceshield more secure and provides a tighter seal against the gasket.  The faceshield can be easily removed without tools, and the EverClear® No-Fog coating helps keep your vision clear in cold and damp environmental conditions.  The KwikWick® C liner is moisture wicking, anti-microbial, quick drying and can be easily removed and is machine washable. The EXO-R430 is an updated true high performance helmet at an unbeatable price.

Features:
<ul><li>DOT FMVSS No. 218 Certified/SNELL 2025 Approved (3X/4X DOT Only)</li><li>Advanced Polycarbonate Shell</li><li>Advanced multi-layer EPS</li><li>Aero-tuned ventilation system</li><li>Strategically placed channels throughout the EPS foam provide increased airflow</li><li>KwikWick® C Comfort Liner features a moisture wicking liner fabric</li><li>Everclear™ no-fog treated face shield</li><li>Optical Class 1 shield</li><li>Emergency Release System</li><li>Included breath deflector and aero skirt. (chin curtain)</li><li>5-Year warranty</li></ul>"
75-3229S,"The EXO-R430 helmet continues to set a new standard for Scorpion EXO®’s full face street helmets at a very competitive price point.   The advanced  polycarbonate shell is more aerodynamic and smaller resulting in an ultra lightweight SNELL-approved helmet (3X/4X DOT Only).  The aero tuned ventilation system uses large top vents and mouth vents, engineered to allow more airflow to the riders head while maintaining low noise levels. The EXO-R430 now features our new Elliptec™ faceshield with a latching shield locking mechanism located in the lower center of the shield. This makes the faceshield more secure and provides a tighter seal against the gasket.  The faceshield can be easily removed without tools, and the EverClear® No-Fog coating helps keep your vision clear in cold and damp environmental conditions.  The KwikWick® C liner is moisture wicking, anti-microbial, quick drying and can be easily removed and is machine washable. The EXO-R430 is an updated true high performance helmet at an unbeatable price.

Features:
<ul><li>DOT FMVSS No. 218 Certified/SNELL 2025 Approved (3X/4X DOT Only)</li><li>Advanced Polycarbonate Shell</li><li>Advanced multi-layer EPS</li><li>Aero-tuned ventilation system</li><li>Strategically placed channels throughout the EPS foam provide increased airflow</li><li>KwikWick® C Comfort Liner features a moisture wicking liner fabric</li><li>Everclear™ no-fog treated face shield</li><li>Optical Class 1 shield</li><li>Emergency Release System</li><li>Included breath deflector and aero skirt. (chin curtain)</li><li>5-Year warranty</li></ul>"
75-3229X,"The EXO-R430 helmet continues to set a new standard for Scorpion EXO®’s full face street helmets at a very competitive price point.   The advanced  polycarbonate shell is more aerodynamic and smaller resulting in an ultra lightweight SNELL-approved helmet (3X/4X DOT Only).  The aero tuned ventilation system uses large top vents and mouth vents, engineered to allow more airflow to the riders head while maintaining low noise levels. The EXO-R430 now features our new Elliptec™ faceshield with a latching shield locking mechanism located in the lower center of the shield. This makes the faceshield more secure and provides a tighter seal against the gasket.  The faceshield can be easily removed without tools, and the EverClear® No-Fog coating helps keep your vision clear in cold and damp environmental conditions.  The KwikWick® C liner is moisture wicking, anti-microbial, quick drying and can be easily removed and is machine washable. The EXO-R430 is an updated true high performance helmet at an unbeatable price.

Features:
<ul><li>DOT FMVSS No. 218 Certified/SNELL 2025 Approved (3X/4X DOT Only)</li><li>Advanced Polycarbonate Shell</li><li>Advanced multi-layer EPS</li><li>Aero-tuned ventilation system</li><li>Strategically placed channels throughout the EPS foam provide increased airflow</li><li>KwikWick® C Comfort Liner features a moisture wicking liner fabric</li><li>Everclear™ no-fog treated face shield</li><li>Optical Class 1 shield</li><li>Emergency Release System</li><li>Included breath deflector and aero skirt. (chin curtain)</li><li>5-Year warranty</li></ul>"
75-32302X,"The EXO-R430 helmet continues to set a new standard for Scorpion EXO®’s full face street helmets at a very competitive price point.   The advanced  polycarbonate shell is more aerodynamic and smaller resulting in an ultra lightweight SNELL-approved helmet (3X/4X DOT Only).  The aero tuned ventilation system uses large top vents and mouth vents, engineered to allow more airflow to the riders head while maintaining low noise levels. The EXO-R430 now features our new Elliptec™ faceshield with a latching shield locking mechanism located in the lower center of the shield. This makes the faceshield more secure and provides a tighter seal against the gasket.  The faceshield can be easily removed without tools, and the EverClear® No-Fog coating helps keep your vision clear in cold and damp environmental conditions.  The KwikWick® C liner is moisture wicking, anti-microbial, quick drying and can be easily removed and is machine washable. The EXO-R430 is an updated true high performance helmet at an unbeatable price.

Features:
<ul><li>DOT FMVSS No. 218 Certified/SNELL 2025 Approved (3X/4X DOT Only)</li><li>Advanced Polycarbonate Shell</li><li>Advanced multi-layer EPS</li><li>Aero-tuned ventilation system</li><li>Strategically placed channels throughout the EPS foam provide increased airflow</li><li>KwikWick® C Comfort Liner features a moisture wicking liner fabric</li><li>Everclear™ no-fog treated face shield</li><li>Optical Class 1 shield</li><li>Emergency Release System</li><li>Included breath deflector and aero skirt. (chin curtain)</li><li>5-Year warranty</li></ul>"
75-3230L,"The EXO-R430 helmet continues to set a new standard for Scorpion EXO®’s full face street helmets at a very competitive price point.   The advanced  polycarbonate shell is more aerodynamic and smaller resulting in an ultra lightweight SNELL-approved helmet (3X/4X DOT Only).  The aero tuned ventilation system uses large top vents and mouth vents, engineered to allow more airflow to the riders head while maintaining low noise levels. The EXO-R430 now features our new Elliptec™ faceshield with a latching shield locking mechanism located in the lower center of the shield. This makes the faceshield more secure and provides a tighter seal against the gasket.  The faceshield can be easily removed without tools, and the EverClear® No-Fog coating helps keep your vision clear in cold and damp environmental conditions.  The KwikWick® C liner is moisture wicking, anti-microbial, quick drying and can be easily removed and is machine washable. The EXO-R430 is an updated true high performance helmet at an unbeatable price.

Features:
<ul><li>DOT FMVSS No. 218 Certified/SNELL 2025 Approved (3X/4X DOT Only)</li><li>Advanced Polycarbonate Shell</li><li>Advanced multi-layer EPS</li><li>Aero-tuned ventilation system</li><li>Strategically placed channels throughout the EPS foam provide increased airflow</li><li>KwikWick® C Comfort Liner features a moisture wicking liner fabric</li><li>Everclear™ no-fog treated face shield</li><li>Optical Class 1 shield</li><li>Emergency Release System</li><li>Included breath deflector and aero skirt. (chin curtain)</li><li>5-Year warranty</li></ul>"
75-3230M,"The EXO-R430 helmet continues to set a new standard for Scorpion EXO®’s full face street helmets at a very competitive price point.   The advanced  polycarbonate shell is more aerodynamic and smaller resulting in an ultra lightweight SNELL-approved helmet (3X/4X DOT Only).  The aero tuned ventilation system uses large top vents and mouth vents, engineered to allow more airflow to the riders head while maintaining low noise levels. The EXO-R430 now features our new Elliptec™ faceshield with a latching shield locking mechanism located in the lower center of the shield. This makes the faceshield more secure and provides a tighter seal against the gasket.  The faceshield can be easily removed without tools, and the EverClear® No-Fog coating helps keep your vision clear in cold and damp environmental conditions.  The KwikWick® C liner is moisture wicking, anti-microbial, quick drying and can be easily removed and is machine washable. The EXO-R430 is an updated true high performance helmet at an unbeatable price.

Features:
<ul><li>DOT FMVSS No. 218 Certified/SNELL 2025 Approved (3X/4X DOT Only)</li><li>Advanced Polycarbonate Shell</li><li>Advanced multi-layer EPS</li><li>Aero-tuned ventilation system</li><li>Strategically placed channels throughout the EPS foam provide increased airflow</li><li>KwikWick® C Comfort Liner features a moisture wicking liner fabric</li><li>Everclear™ no-fog treated face shield</li><li>Optical Class 1 shield</li><li>Emergency Release System</li><li>Included breath deflector and aero skirt. (chin curtain)</li><li>5-Year warranty</li></ul>"
75-3230S,"The EXO-R430 helmet continues to set a new standard for Scorpion EXO®’s full face street helmets at a very competitive price point.   The advanced  polycarbonate shell is more aerodynamic and smaller resulting in an ultra lightweight SNELL-approved helmet (3X/4X DOT Only).  The aero tuned ventilation system uses large top vents and mouth vents, engineered to allow more airflow to the riders head while maintaining low noise levels. The EXO-R430 now features our new Elliptec™ faceshield with a latching shield locking mechanism located in the lower center of the shield. This makes the faceshield more secure and provides a tighter seal against the gasket.  The faceshield can be easily removed without tools, and the EverClear® No-Fog coating helps keep your vision clear in cold and damp environmental conditions.  The KwikWick® C liner is moisture wicking, anti-microbial, quick drying and can be easily removed and is machine washable. The EXO-R430 is an updated true high performance helmet at an unbeatable price.

Features:
<ul><li>DOT FMVSS No. 218 Certified/SNELL 2025 Approved (3X/4X DOT Only)</li><li>Advanced Polycarbonate Shell</li><li>Advanced multi-layer EPS</li><li>Aero-tuned ventilation system</li><li>Strategically placed channels throughout the EPS foam provide increased airflow</li><li>KwikWick® C Comfort Liner features a moisture wicking liner fabric</li><li>Everclear™ no-fog treated face shield</li><li>Optical Class 1 shield</li><li>Emergency Release System</li><li>Included breath deflector and aero skirt. (chin curtain)</li><li>5-Year warranty</li></ul>"
75-3230X,"The EXO-R430 helmet continues to set a new standard for Scorpion EXO®’s full face street helmets at a very competitive price point.   The advanced  polycarbonate shell is more aerodynamic and smaller resulting in an ultra lightweight SNELL-approved helmet (3X/4X DOT Only).  The aero tuned ventilation system uses large top vents and mouth vents, engineered to allow more airflow to the riders head while maintaining low noise levels. The EXO-R430 now features our new Elliptec™ faceshield with a latching shield locking mechanism located in the lower center of the shield. This makes the faceshield more secure and provides a tighter seal against the gasket.  The faceshield can be easily removed without tools, and the EverClear® No-Fog coating helps keep your vision clear in cold and damp environmental conditions.  The KwikWick® C liner is moisture wicking, anti-microbial, quick drying and can be easily removed and is machine washable. The EXO-R430 is an updated true high performance helmet at an unbeatable price.

Features:
<ul><li>DOT FMVSS No. 218 Certified/SNELL 2025 Approved (3X/4X DOT Only)</li><li>Advanced Polycarbonate Shell</li><li>Advanced multi-layer EPS</li><li>Aero-tuned ventilation system</li><li>Strategically placed channels throughout the EPS foam provide increased airflow</li><li>KwikWick® C Comfort Liner features a moisture wicking liner fabric</li><li>Everclear™ no-fog treated face shield</li><li>Optical Class 1 shield</li><li>Emergency Release System</li><li>Included breath deflector and aero skirt. (chin curtain)</li><li>5-Year warranty</li></ul>"
75-32312X,"The EXO-R430 helmet continues to set a new standard for Scorpion EXO®’s full face street helmets at a very competitive price point.   The advanced  polycarbonate shell is more aerodynamic and smaller resulting in an ultra lightweight SNELL-approved helmet (3X/4X DOT Only).  The aero tuned ventilation system uses large top vents and mouth vents, engineered to allow more airflow to the riders head while maintaining low noise levels. The EXO-R430 now features our new Elliptec™ faceshield with a latching shield locking mechanism located in the lower center of the shield. This makes the faceshield more secure and provides a tighter seal against the gasket.  The faceshield can be easily removed without tools, and the EverClear® No-Fog coating helps keep your vision clear in cold and damp environmental conditions.  The KwikWick® C liner is moisture wicking, anti-microbial, quick drying and can be easily removed and is machine washable. The EXO-R430 is an updated true high performance helmet at an unbeatable price.

Features:
<ul><li>DOT FMVSS No. 218 Certified/SNELL 2025 Approved (3X/4X DOT Only)</li><li>Advanced Polycarbonate Shell</li><li>Advanced multi-layer EPS</li><li>Aero-tuned ventilation system</li><li>Strategically placed channels throughout the EPS foam provide increased airflow</li><li>KwikWick® C Comfort Liner features a moisture wicking liner fabric</li><li>Everclear™ no-fog treated face shield</li><li>Optical Class 1 shield</li><li>Emergency Release System</li><li>Included breath deflector and aero skirt. (chin curtain)</li><li>5-Year warranty</li></ul>"
75-3231L,"The EXO-R430 helmet continues to set a new standard for Scorpion EXO®’s full face street helmets at a very competitive price point.   The advanced  polycarbonate shell is more aerodynamic and smaller resulting in an ultra lightweight SNELL-approved helmet (3X/4X DOT Only).  The aero tuned ventilation system uses large top vents and mouth vents, engineered to allow more airflow to the riders head while maintaining low noise levels. The EXO-R430 now features our new Elliptec™ faceshield with a latching shield locking mechanism located in the lower center of the shield. This makes the faceshield more secure and provides a tighter seal against the gasket.  The faceshield can be easily removed without tools, and the EverClear® No-Fog coating helps keep your vision clear in cold and damp environmental conditions.  The KwikWick® C liner is moisture wicking, anti-microbial, quick drying and can be easily removed and is machine washable. The EXO-R430 is an updated true high performance helmet at an unbeatable price.

Features:
<ul><li>DOT FMVSS No. 218 Certified/SNELL 2025 Approved (3X/4X DOT Only)</li><li>Advanced Polycarbonate Shell</li><li>Advanced multi-layer EPS</li><li>Aero-tuned ventilation system</li><li>Strategically placed channels throughout the EPS foam provide increased airflow</li><li>KwikWick® C Comfort Liner features a moisture wicking liner fabric</li><li>Everclear™ no-fog treated face shield</li><li>Optical Class 1 shield</li><li>Emergency Release System</li><li>Included breath deflector and aero skirt. (chin curtain)</li><li>5-Year warranty</li></ul>"
75-3231M,"The EXO-R430 helmet continues to set a new standard for Scorpion EXO®’s full face street helmets at a very competitive price point.   The advanced  polycarbonate shell is more aerodynamic and smaller resulting in an ultra lightweight SNELL-approved helmet (3X/4X DOT Only).  The aero tuned ventilation system uses large top vents and mouth vents, engineered to allow more airflow to the riders head while maintaining low noise levels. The EXO-R430 now features our new Elliptec™ faceshield with a latching shield locking mechanism located in the lower center of the shield. This makes the faceshield more secure and provides a tighter seal against the gasket.  The faceshield can be easily removed without tools, and the EverClear® No-Fog coating helps keep your vision clear in cold and damp environmental conditions.  The KwikWick® C liner is moisture wicking, anti-microbial, quick drying and can be easily removed and is machine washable. The EXO-R430 is an updated true high performance helmet at an unbeatable price.

Features:
<ul><li>DOT FMVSS No. 218 Certified/SNELL 2025 Approved (3X/4X DOT Only)</li><li>Advanced Polycarbonate Shell</li><li>Advanced multi-layer EPS</li><li>Aero-tuned ventilation system</li><li>Strategically placed channels throughout the EPS foam provide increased airflow</li><li>KwikWick® C Comfort Liner features a moisture wicking liner fabric</li><li>Everclear™ no-fog treated face shield</li><li>Optical Class 1 shield</li><li>Emergency Release System</li><li>Included breath deflector and aero skirt. (chin curtain)</li><li>5-Year warranty</li></ul>"
75-3231S,"The EXO-R430 helmet continues to set a new standard for Scorpion EXO®’s full face street helmets at a very competitive price point.   The advanced  polycarbonate shell is more aerodynamic and smaller resulting in an ultra lightweight SNELL-approved helmet (3X/4X DOT Only).  The aero tuned ventilation system uses large top vents and mouth vents, engineered to allow more airflow to the riders head while maintaining low noise levels. The EXO-R430 now features our new Elliptec™ faceshield with a latching shield locking mechanism located in the lower center of the shield. This makes the faceshield more secure and provides a tighter seal against the gasket.  The faceshield can be easily removed without tools, and the EverClear® No-Fog coating helps keep your vision clear in cold and damp environmental conditions.  The KwikWick® C liner is moisture wicking, anti-microbial, quick drying and can be easily removed and is machine washable. The EXO-R430 is an updated true high performance helmet at an unbeatable price.

Features:
<ul><li>DOT FMVSS No. 218 Certified/SNELL 2025 Approved (3X/4X DOT Only)</li><li>Advanced Polycarbonate Shell</li><li>Advanced multi-layer EPS</li><li>Aero-tuned ventilation system</li><li>Strategically placed channels throughout the EPS foam provide increased airflow</li><li>KwikWick® C Comfort Liner features a moisture wicking liner fabric</li><li>Everclear™ no-fog treated face shield</li><li>Optical Class 1 shield</li><li>Emergency Release System</li><li>Included breath deflector and aero skirt. (chin curtain)</li><li>5-Year warranty</li></ul>"
75-3231X,"The EXO-R430 helmet continues to set a new standard for Scorpion EXO®’s full face street helmets at a very competitive price point.   The advanced  polycarbonate shell is more aerodynamic and smaller resulting in an ultra lightweight SNELL-approved helmet (3X/4X DOT Only).  The aero tuned ventilation system uses large top vents and mouth vents, engineered to allow more airflow to the riders head while maintaining low noise levels. The EXO-R430 now features our new Elliptec™ faceshield with a latching shield locking mechanism located in the lower center of the shield. This makes the faceshield more secure and provides a tighter seal against the gasket.  The faceshield can be easily removed without tools, and the EverClear® No-Fog coating helps keep your vision clear in cold and damp environmental conditions.  The KwikWick® C liner is moisture wicking, anti-microbial, quick drying and can be easily removed and is machine washable. The EXO-R430 is an updated true high performance helmet at an unbeatable price.

Features:
<ul><li>DOT FMVSS No. 218 Certified/SNELL 2025 Approved (3X/4X DOT Only)</li><li>Advanced Polycarbonate Shell</li><li>Advanced multi-layer EPS</li><li>Aero-tuned ventilation system</li><li>Strategically placed channels throughout the EPS foam provide increased airflow</li><li>KwikWick® C Comfort Liner features a moisture wicking liner fabric</li><li>Everclear™ no-fog treated face shield</li><li>Optical Class 1 shield</li><li>Emergency Release System</li><li>Included breath deflector and aero skirt. (chin curtain)</li><li>5-Year warranty</li></ul>"
75-32322X,"The EXO-R430 helmet continues to set a new standard for Scorpion EXO®’s full face street helmets at a very competitive price point.   The advanced  polycarbonate shell is more aerodynamic and smaller resulting in an ultra lightweight SNELL-approved helmet (3X/4X DOT Only).  The aero tuned ventilation system uses large top vents and mouth vents, engineered to allow more airflow to the riders head while maintaining low noise levels. The EXO-R430 now features our new Elliptec™ faceshield with a latching shield locking mechanism located in the lower center of the shield. This makes the faceshield more secure and provides a tighter seal against the gasket.  The faceshield can be easily removed without tools, and the EverClear® No-Fog coating helps keep your vision clear in cold and damp environmental conditions.  The KwikWick® C liner is moisture wicking, anti-microbial, quick drying and can be easily removed and is machine washable. The EXO-R430 is an updated true high performance helmet at an unbeatable price.

Features:
<ul><li>DOT FMVSS No. 218 Certified/SNELL 2025 Approved (3X/4X DOT Only)</li><li>Advanced Polycarbonate Shell</li><li>Advanced multi-layer EPS</li><li>Aero-tuned ventilation system</li><li>Strategically placed channels throughout the EPS foam provide increased airflow</li><li>KwikWick® C Comfort Liner features a moisture wicking liner fabric</li><li>Everclear™ no-fog treated face shield</li><li>Optical Class 1 shield</li><li>Emergency Release System</li><li>Included breath deflector and aero skirt. (chin curtain)</li><li>5-Year warranty</li></ul>"
75-32323X,"The EXO-R430 helmet continues to set a new standard for Scorpion EXO®’s full face street helmets at a very competitive price point.   The advanced  polycarbonate shell is more aerodynamic and smaller resulting in an ultra lightweight SNELL-approved helmet (3X/4X DOT Only).  The aero tuned ventilation system uses large top vents and mouth vents, engineered to allow more airflow to the riders head while maintaining low noise levels. The EXO-R430 now features our new Elliptec™ faceshield with a latching shield locking mechanism located in the lower center of the shield. This makes the faceshield more secure and provides a tighter seal against the gasket.  The faceshield can be easily removed without tools, and the EverClear® No-Fog coating helps keep your vision clear in cold and damp environmental conditions.  The KwikWick® C liner is moisture wicking, anti-microbial, quick drying and can be easily removed and is machine washable. The EXO-R430 is an updated true high performance helmet at an unbeatable price.

Features:
<ul><li>DOT FMVSS No. 218 Certified/SNELL 2025 Approved (3X/4X DOT Only)</li><li>Advanced Polycarbonate Shell</li><li>Advanced multi-layer EPS</li><li>Aero-tuned ventilation system</li><li>Strategically placed channels throughout the EPS foam provide increased airflow</li><li>KwikWick® C Comfort Liner features a moisture wicking liner fabric</li><li>Everclear™ no-fog treated face shield</li><li>Optical Class 1 shield</li><li>Emergency Release System</li><li>Included breath deflector and aero skirt. (chin curtain)</li><li>5-Year warranty</li></ul>"
75-3232L,"The EXO-R430 helmet continues to set a new standard for Scorpion EXO®’s full face street helmets at a very competitive price point.   The advanced  polycarbonate shell is more aerodynamic and smaller resulting in an ultra lightweight SNELL-approved helmet (3X/4X DOT Only).  The aero tuned ventilation system uses large top vents and mouth vents, engineered to allow more airflow to the riders head while maintaining low noise levels. The EXO-R430 now features our new Elliptec™ faceshield with a latching shield locking mechanism located in the lower center of the shield. This makes the faceshield more secure and provides a tighter seal against the gasket.  The faceshield can be easily removed without tools, and the EverClear® No-Fog coating helps keep your vision clear in cold and damp environmental conditions.  The KwikWick® C liner is moisture wicking, anti-microbial, quick drying and can be easily removed and is machine washable. The EXO-R430 is an updated true high performance helmet at an unbeatable price.

Features:
<ul><li>DOT FMVSS No. 218 Certified/SNELL 2025 Approved (3X/4X DOT Only)</li><li>Advanced Polycarbonate Shell</li><li>Advanced multi-layer EPS</li><li>Aero-tuned ventilation system</li><li>Strategically placed channels throughout the EPS foam provide increased airflow</li><li>KwikWick® C Comfort Liner features a moisture wicking liner fabric</li><li>Everclear™ no-fog treated face shield</li><li>Optical Class 1 shield</li><li>Emergency Release System</li><li>Included breath deflector and aero skirt. (chin curtain)</li><li>5-Year warranty</li></ul>"
75-3232M,"The EXO-R430 helmet continues to set a new standard for Scorpion EXO®’s full face street helmets at a very competitive price point.   The advanced  polycarbonate shell is more aerodynamic and smaller resulting in an ultra lightweight SNELL-approved helmet (3X/4X DOT Only).  The aero tuned ventilation system uses large top vents and mouth vents, engineered to allow more airflow to the riders head while maintaining low noise levels. The EXO-R430 now features our new Elliptec™ faceshield with a latching shield locking mechanism located in the lower center of the shield. This makes the faceshield more secure and provides a tighter seal against the gasket.  The faceshield can be easily removed without tools, and the EverClear® No-Fog coating helps keep your vision clear in cold and damp environmental conditions.  The KwikWick® C liner is moisture wicking, anti-microbial, quick drying and can be easily removed and is machine washable. The EXO-R430 is an updated true high performance helmet at an unbeatable price.

Features:
<ul><li>DOT FMVSS No. 218 Certified/SNELL 2025 Approved (3X/4X DOT Only)</li><li>Advanced Polycarbonate Shell</li><li>Advanced multi-layer EPS</li><li>Aero-tuned ventilation system</li><li>Strategically placed channels throughout the EPS foam provide increased airflow</li><li>KwikWick® C Comfort Liner features a moisture wicking liner fabric</li><li>Everclear™ no-fog treated face shield</li><li>Optical Class 1 shield</li><li>Emergency Release System</li><li>Included breath deflector and aero skirt. (chin curtain)</li><li>5-Year warranty</li></ul>"
75-3232S,"The EXO-R430 helmet continues to set a new standard for Scorpion EXO®’s full face street helmets at a very competitive price point.   The advanced  polycarbonate shell is more aerodynamic and smaller resulting in an ultra lightweight SNELL-approved helmet (3X/4X DOT Only).  The aero tuned ventilation system uses large top vents and mouth vents, engineered to allow more airflow to the riders head while maintaining low noise levels. The EXO-R430 now features our new Elliptec™ faceshield with a latching shield locking mechanism located in the lower center of the shield. This makes the faceshield more secure and provides a tighter seal against the gasket.  The faceshield can be easily removed without tools, and the EverClear® No-Fog coating helps keep your vision clear in cold and damp environmental conditions.  The KwikWick® C liner is moisture wicking, anti-microbial, quick drying and can be easily removed and is machine washable. The EXO-R430 is an updated true high performance helmet at an unbeatable price.

Features:
<ul><li>DOT FMVSS No. 218 Certified/SNELL 2025 Approved (3X/4X DOT Only)</li><li>Advanced Polycarbonate Shell</li><li>Advanced multi-layer EPS</li><li>Aero-tuned ventilation system</li><li>Strategically placed channels throughout the EPS foam provide increased airflow</li><li>KwikWick® C Comfort Liner features a moisture wicking liner fabric</li><li>Everclear™ no-fog treated face shield</li><li>Optical Class 1 shield</li><li>Emergency Release System</li><li>Included breath deflector and aero skirt. (chin curtain)</li><li>5-Year warranty</li></ul>"
75-3232X,"The EXO-R430 helmet continues to set a new standard for Scorpion EXO®’s full face street helmets at a very competitive price point.   The advanced  polycarbonate shell is more aerodynamic and smaller resulting in an ultra lightweight SNELL-approved helmet (3X/4X DOT Only).  The aero tuned ventilation system uses large top vents and mouth vents, engineered to allow more airflow to the riders head while maintaining low noise levels. The EXO-R430 now features our new Elliptec™ faceshield with a latching shield locking mechanism located in the lower center of the shield. This makes the faceshield more secure and provides a tighter seal against the gasket.  The faceshield can be easily removed without tools, and the EverClear® No-Fog coating helps keep your vision clear in cold and damp environmental conditions.  The KwikWick® C liner is moisture wicking, anti-microbial, quick drying and can be easily removed and is machine washable. The EXO-R430 is an updated true high performance helmet at an unbeatable price.

Features:
<ul><li>DOT FMVSS No. 218 Certified/SNELL 2025 Approved (3X/4X DOT Only)</li><li>Advanced Polycarbonate Shell</li><li>Advanced multi-layer EPS</li><li>Aero-tuned ventilation system</li><li>Strategically placed channels throughout the EPS foam provide increased airflow</li><li>KwikWick® C Comfort Liner features a moisture wicking liner fabric</li><li>Everclear™ no-fog treated face shield</li><li>Optical Class 1 shield</li><li>Emergency Release System</li><li>Included breath deflector and aero skirt. (chin curtain)</li><li>5-Year warranty</li></ul>"
750-05582,"Engineered with precision, this shock redefines high-performance craftsmanship, taking your bike to unprecedented levels of comfort and control. The Stiletto for M8 Softail® enables you to push the boundaries, whether you are conquering sharp turns or taking on challenging terrain, this shock ensures optimal stability so you can ride with unwavering confidence.

Features:
<ul><li>13.5” Shock Length</li><li>High Pressure Nitrogen Charged Damper</li><li>Progressive Rate Spring</li><li>40mm Monotube Construction</li><li>Internal Floating Piston (IFP)</li><li>Deflective Disc Valving</li><li>Preload adjustment via threaded preload adjuster with preload spanner wrench (included)</li></ul>"
75-1309,"<ul><li>LINK-1:</li><li>CRYSTAL CLEAR AUDIO - Unmatched sound quality delivered by 40mm HD HARMAN speakers</li><li>BLUETOOTH 5.3 - Delivers a stable connection with low battery usage.</li><li>GROUP TALK/BT INTERCOM PAIRING - 4-way/party intercom communications via Bluetooth over a 1.2km (.75 miles) range.</li><li>NFC EASY PAIRING - Quick connect up to 4 riders with the simple tag of phone to com unit.</li><li>OBI PAIRING - Open Bluetooth Intercom connectivity between other brands sharing OBI technology.  (2 EXOCOM units + 1 non-EXOCOM unit)</li><li>ACTIVE NOISE-CANCELATION - Communicate clearly, whatever your surroundings, via Qualcomm cVc technology</li><li>VOICE ASSISTANT - To access Siri/Google Voice</li><li>VOICE COMMAND - Focus on your ride by controlling your unit, hands-free</li><li>VOICE ACTIVATION - Answer incoming calls or start an intercom conversation, hands-free</li><li>WATERPROOF / DUSTPROOF - Certified IP58 rating allows you to ride with peace of mind, no matter what mother nature throws at you!</li><li>LONG BATTERY LIFE - Over 14 hours of talk time (900mAh)</li><li>DEDICATED EXOCOM APP - Provides access to configuration, preference settings, wireless firmware updates, user manual and tech support. Free at the App Store (iOS) or Google Play Store (Android)</li><li>ACTION CAM AUDIO INTERFACE (sold separately)Installation parts including Wired Mic and BOOM Mic included</li></ul>"
75-1310,"<ul><li>LINK-1:</li><li>CRYSTAL CLEAR AUDIO - Unmatched sound quality delivered by 40mm HD HARMAN speakers</li><li>BLUETOOTH 5.3 - Delivers a stable connection with low battery usage.</li><li>GROUP TALK/BT INTERCOM PAIRING - 4-way/party intercom communications via Bluetooth over a 1.2km (.75 miles) range.</li><li>NFC EASY PAIRING - Quick connect up to 4 riders with the simple tag of phone to com unit.</li><li>OBI PAIRING - Open Bluetooth Intercom connectivity between other brands sharing OBI technology.  (2 EXOCOM units + 1 non-EXOCOM unit)</li><li>ACTIVE NOISE-CANCELATION - Communicate clearly, whatever your surroundings, via Qualcomm cVc technology</li><li>VOICE ASSISTANT - To access Siri/Google Voice</li><li>VOICE COMMAND - Focus on your ride by controlling your unit, hands-free</li><li>VOICE ACTIVATION - Answer incoming calls or start an intercom conversation, hands-free</li><li>WATERPROOF / DUSTPROOF - Certified IP58 rating allows you to ride with peace of mind, no matter what mother nature throws at you!</li><li>LONG BATTERY LIFE - Over 14 hours of talk time (900mAh)</li><li>DEDICATED EXOCOM APP - Provides access to configuration, preference settings, wireless firmware updates, user manual and tech support. Free at the App Store (iOS) or Google Play Store (Android)</li><li>ACTION CAM AUDIO INTERFACE (sold separately)Installation parts including Wired Mic and BOOM Mic included</li></ul>"
556-2097006,<ul><li>CE Certification Rating: Level 1 KP</li><li>Carbon knuckle</li><li>Padded finger protection</li><li>Outer: Full grain leather</li><li>Polyester lining</li><li>Motion panels</li><li>Double layer leather at palm</li><li>Perforated leather</li><li>Outstitched fingers</li><li>Pre-curved fingers</li><li>Hook & loop wrist closure</li></ul>
556-2097007,<ul><li>CE Certification Rating: Level 1 KP</li><li>Carbon knuckle</li><li>Padded finger protection</li><li>Outer: Full grain leather</li><li>Polyester lining</li><li>Motion panels</li><li>Double layer leather at palm</li><li>Perforated leather</li><li>Outstitched fingers</li><li>Pre-curved fingers</li><li>Hook & loop wrist closure</li></ul>
556-2097008,<ul><li>CE Certification Rating: Level 1 KP</li><li>Carbon knuckle</li><li>Padded finger protection</li><li>Outer: Full grain leather</li><li>Polyester lining</li><li>Motion panels</li><li>Double layer leather at palm</li><li>Perforated leather</li><li>Outstitched fingers</li><li>Pre-curved fingers</li><li>Hook & loop wrist closure</li></ul>
556-2097009,<ul><li>CE Certification Rating: Level 1 KP</li><li>Carbon knuckle</li><li>Padded finger protection</li><li>Outer: Full grain leather</li><li>Polyester lining</li><li>Motion panels</li><li>Double layer leather at palm</li><li>Perforated leather</li><li>Outstitched fingers</li><li>Pre-curved fingers</li><li>Hook & loop wrist closure</li></ul>
556-2097106,<ul><li>CE Certification Rating: Level 1 KP</li><li>Carbon knuckle</li><li>Padded finger protection</li><li>Outer: Full grain leather</li><li>Polyester lining</li><li>Motion panels</li><li>Double layer leather at palm</li><li>Perforated leather</li><li>Outstitched fingers</li><li>Pre-curved fingers</li><li>Hook & loop wrist closure</li></ul>
556-2097107,<ul><li>CE Certification Rating: Level 1 KP</li><li>Carbon knuckle</li><li>Padded finger protection</li><li>Outer: Full grain leather</li><li>Polyester lining</li><li>Motion panels</li><li>Double layer leather at palm</li><li>Perforated leather</li><li>Outstitched fingers</li><li>Pre-curved fingers</li><li>Hook & loop wrist closure</li></ul>
556-2097108,<ul><li>CE Certification Rating: Level 1 KP</li><li>Carbon knuckle</li><li>Padded finger protection</li><li>Outer: Full grain leather</li><li>Polyester lining</li><li>Motion panels</li><li>Double layer leather at palm</li><li>Perforated leather</li><li>Outstitched fingers</li><li>Pre-curved fingers</li><li>Hook & loop wrist closure</li></ul>
556-2097109,<ul><li>CE Certification Rating: Level 1 KP</li><li>Carbon knuckle</li><li>Padded finger protection</li><li>Outer: Full grain leather</li><li>Polyester lining</li><li>Motion panels</li><li>Double layer leather at palm</li><li>Perforated leather</li><li>Outstitched fingers</li><li>Pre-curved fingers</li><li>Hook & loop wrist closure</li></ul>
556-2097206,<ul><li>CE Certification Rating: Level 1 KP</li><li>Carbon knuckle</li><li>Padded finger protection</li><li>Outer: Full grain leather</li><li>Polyester lining</li><li>Motion panels</li><li>Double layer leather at palm</li><li>Perforated leather</li><li>Outstitched fingers</li><li>Pre-curved fingers</li><li>Hook & loop wrist closure</li></ul>
556-2097207,<ul><li>CE Certification Rating: Level 1 KP</li><li>Carbon knuckle</li><li>Padded finger protection</li><li>Outer: Full grain leather</li><li>Polyester lining</li><li>Motion panels</li><li>Double layer leather at palm</li><li>Perforated leather</li><li>Outstitched fingers</li><li>Pre-curved fingers</li><li>Hook & loop wrist closure</li></ul>
556-2097208,<ul><li>CE Certification Rating: Level 1 KP</li><li>Carbon knuckle</li><li>Padded finger protection</li><li>Outer: Full grain leather</li><li>Polyester lining</li><li>Motion panels</li><li>Double layer leather at palm</li><li>Perforated leather</li><li>Outstitched fingers</li><li>Pre-curved fingers</li><li>Hook & loop wrist closure</li></ul>
556-2097209,<ul><li>CE Certification Rating: Level 1 KP</li><li>Carbon knuckle</li><li>Padded finger protection</li><li>Outer: Full grain leather</li><li>Polyester lining</li><li>Motion panels</li><li>Double layer leather at palm</li><li>Perforated leather</li><li>Outstitched fingers</li><li>Pre-curved fingers</li><li>Hook & loop wrist closure</li></ul>
563-04128,"Each cap style is available in a machined finish for a raw aluminum look or a sleek black anodized finish for a more understated, refined appeal.

Features:
<ul><li>Directional 5-Spoke Cap: Perfectly designed to match our 5-spoke billet wheels and air cleaner cover, this cap enhances your bike’s cohesive, custom look.</li><li>12-Point Cap: The clean, sleek, low profile look that you've come to know and love.</li><li>6-Point Moto Cap | No External Breather: Exactly what you think it is. This is a variation of our 6 pt Moto Cap with no cosmetic external breather tube (don't worry, the ventilation is internal, not in the tube!)</li><li>Crafted From 6061 Billet Aluminum: for unmatched strength and longevity in all riding conditions.</li><li>Easy Gas Tank Access: Ergonomic design ensures smooth grip and fast fuel-up, letting you get back on the road sooner.</li><li>Finish Options: Select either a machined or black anodized finish.</li><li>Easy Installation: Utilizing your stock hardware and gaskets to ensure a straightforward install.</li></ul>"
563-04129,"Each cap style is available in a machined finish for a raw aluminum look or a sleek black anodized finish for a more understated, refined appeal.

Features:
<ul><li>Directional 5-Spoke Cap: Perfectly designed to match our 5-spoke billet wheels and air cleaner cover, this cap enhances your bike’s cohesive, custom look.</li><li>12-Point Cap: The clean, sleek, low profile look that you've come to know and love.</li><li>6-Point Moto Cap | No External Breather: Exactly what you think it is. This is a variation of our 6 pt Moto Cap with no cosmetic external breather tube (don't worry, the ventilation is internal, not in the tube!)</li><li>Crafted From 6061 Billet Aluminum: for unmatched strength and longevity in all riding conditions.</li><li>Easy Gas Tank Access: Ergonomic design ensures smooth grip and fast fuel-up, letting you get back on the road sooner.</li><li>Finish Options: Select either a machined or black anodized finish.</li><li>Easy Installation: Utilizing your stock hardware and gaskets to ensure a straightforward install.</li></ul>"
563-04138,"Each cap style is available in a machined finish for a raw aluminum look or a sleek black anodized finish for a more understated, refined appeal.

Features:
<ul><li>Directional 5-Spoke Cap: Perfectly designed to match our 5-spoke billet wheels and air cleaner cover, this cap enhances your bike’s cohesive, custom look.</li><li>12-Point Cap: The clean, sleek, low profile look that you've come to know and love.</li><li>6-Point Moto Cap | No External Breather: Exactly what you think it is. This is a variation of our 6 pt Moto Cap with no cosmetic external breather tube (don't worry, the ventilation is internal, not in the tube!)</li><li>Crafted From 6061 Billet Aluminum: for unmatched strength and longevity in all riding conditions.</li><li>Easy Gas Tank Access: Ergonomic design ensures smooth grip and fast fuel-up, letting you get back on the road sooner.</li><li>Finish Options: Select either a machined or black anodized finish.</li><li>Easy Installation: Utilizing your stock hardware and gaskets to ensure a straightforward install.</li></ul>"
563-04139,"Each cap style is available in a machined finish for a raw aluminum look or a sleek black anodized finish for a more understated, refined appeal.

Features:
<ul><li>Directional 5-Spoke Cap: Perfectly designed to match our 5-spoke billet wheels and air cleaner cover, this cap enhances your bike’s cohesive, custom look.</li><li>12-Point Cap: The clean, sleek, low profile look that you've come to know and love.</li><li>6-Point Moto Cap | No External Breather: Exactly what you think it is. This is a variation of our 6 pt Moto Cap with no cosmetic external breather tube (don't worry, the ventilation is internal, not in the tube!)</li><li>Crafted From 6061 Billet Aluminum: for unmatched strength and longevity in all riding conditions.</li><li>Easy Gas Tank Access: Ergonomic design ensures smooth grip and fast fuel-up, letting you get back on the road sooner.</li><li>Finish Options: Select either a machined or black anodized finish.</li><li>Easy Installation: Utilizing your stock hardware and gaskets to ensure a straightforward install.</li></ul>"
70-180005,"<ul><li>Longitudinally-wound black housing</li><li>Premium Chrome fittings</li><li>LW (longitudinally-wound) housing resists compression under heavy loads to deliver a precise, positive, non-mushy feel for enhanced performance</li><li>PE liner for durability and smoothness</li></ul>"
70-180006,"<ul><li>Longitudinally-wound black housing</li><li>Premium Chrome fittings</li><li>LW (longitudinally-wound) housing resists compression under heavy loads to deliver a precise, positive, non-mushy feel for enhanced performance</li><li>PE liner for durability and smoothness</li></ul>"
70-182004,"<ul><li>Black vinyl housing</li><li>Black fittings</li><li>Perfect for blacked-out bikes</li><li>LW (Longitudinally Wound) clutch cables resist compression under heavy loads to deliver a precise, positive, non-mushy feel for enhanced clutch performance</li></ul>"
70-182005,"<ul><li>Black vinyl housing</li><li>Black fittings</li><li>Perfect for blacked-out bikes</li><li>LW (Longitudinally Wound) clutch cables resist compression under heavy loads to deliver a precise, positive, non-mushy feel for enhanced clutch performance</li></ul>"
226-0097,"<ul><li>H4 Mini LED – Ultra compact fanless design</li><li>Ultra compact design, fits virtually any H4 application</li><li>Adjustable beam pattern via swivel base</li><li>3200LM/3600LM @6000K color temp</li><li>IP 65 rated</li></ul>"
70-602423,"<ul><li>Replaces the top half of the clutch cable assembly on 2018 and later Softails and 2021 and later Touring</li><li>Innovative design eliminates the unreliable plastic junction box parts and spring mechanism on OEM cables</li><li>Elimination of plastic components provides improved feel, precision, and rigidity</li><li>Junction box and cover are machined from 6061-T6 aluminum with high quality black anodized finish</li><li>Threaded adjuster provides precise and reliable cable adjustment</li><li>Premium fittings with black finish enhance the look of blacked-out bikes</li><li>POM liner povides smoothness and reliability</li><li>Longitudinally-wound black housing resists compression</li></ul>"
70-602424,"<ul><li>Replaces the top half of the clutch cable assembly on 2018 and later Softails and 2021 and later Touring</li><li>Innovative design eliminates the unreliable plastic junction box parts and spring mechanism on OEM cables</li><li>Elimination of plastic components provides improved feel, precision, and rigidity</li><li>Junction box and cover are machined from 6061-T6 aluminum with high quality black anodized finish</li><li>Threaded adjuster provides precise and reliable cable adjustment</li><li>Premium fittings with black finish enhance the look of blacked-out bikes</li><li>POM liner povides smoothness and reliability</li><li>Longitudinally-wound black housing resists compression</li></ul>"
70-602425,"<ul><li>Replaces the top half of the clutch cable assembly on 2018 and later Softails and 2021 and later Touring</li><li>Innovative design eliminates the unreliable plastic junction box parts and spring mechanism on OEM cables</li><li>Elimination of plastic components provides improved feel, precision, and rigidity</li><li>Junction box and cover are machined from 6061-T6 aluminum with high quality black anodized finish</li><li>Threaded adjuster provides precise and reliable cable adjustment</li><li>Premium fittings with black finish enhance the look of blacked-out bikes</li><li>POM liner povides smoothness and reliability</li><li>Longitudinally-wound black housing resists compression</li></ul>"
70-602426,"<ul><li>Replaces the top half of the clutch cable assembly on 2018 and later Softails and 2021 and later Touring</li><li>Innovative design eliminates the unreliable plastic junction box parts and spring mechanism on OEM cables</li><li>Elimination of plastic components provides improved feel, precision, and rigidity</li><li>Junction box and cover are machined from 6061-T6 aluminum with high quality black anodized finish</li><li>Threaded adjuster provides precise and reliable cable adjustment</li><li>Premium fittings with black finish enhance the look of blacked-out bikes</li><li>POM liner povides smoothness and reliability</li><li>Longitudinally-wound black housing resists compression</li></ul>"
70-602427,"<ul><li>Replaces the top half of the clutch cable assembly on 2018 and later Softails and 2021 and later Touring</li><li>Innovative design eliminates the unreliable plastic junction box parts and spring mechanism on OEM cables</li><li>Elimination of plastic components provides improved feel, precision, and rigidity</li><li>Junction box and cover are machined from 6061-T6 aluminum with high quality black anodized finish</li><li>Threaded adjuster provides precise and reliable cable adjustment</li><li>Premium fittings with black finish enhance the look of blacked-out bikes</li><li>POM liner povides smoothness and reliability</li><li>Longitudinally-wound black housing resists compression</li></ul>"
70-602428,"<ul><li>Replaces the top half of the clutch cable assembly on 2018 and later Softails and 2021 and later Touring</li><li>Innovative design eliminates the unreliable plastic junction box parts and spring mechanism on OEM cables</li><li>Elimination of plastic components provides improved feel, precision, and rigidity</li><li>Junction box and cover are machined from 6061-T6 aluminum with high quality black anodized finish</li><li>Threaded adjuster provides precise and reliable cable adjustment</li><li>Premium fittings with black finish enhance the look of blacked-out bikes</li><li>POM liner povides smoothness and reliability</li><li>Longitudinally-wound black housing resists compression</li></ul>"
70-602429,"<ul><li>Replaces the top half of the clutch cable assembly on 2018 and later Softails and 2021 and later Touring</li><li>Innovative design eliminates the unreliable plastic junction box parts and spring mechanism on OEM cables</li><li>Elimination of plastic components provides improved feel, precision, and rigidity</li><li>Junction box and cover are machined from 6061-T6 aluminum with high quality black anodized finish</li><li>Threaded adjuster provides precise and reliable cable adjustment</li><li>Premium fittings with black finish enhance the look of blacked-out bikes</li><li>POM liner povides smoothness and reliability</li><li>Longitudinally-wound black housing resists compression</li></ul>"
70-602430,"<ul><li>Replaces the top half of the clutch cable assembly on 2018 and later Softails and 2021 and later Touring</li><li>Innovative design eliminates the unreliable plastic junction box parts and spring mechanism on OEM cables</li><li>Elimination of plastic components provides improved feel, precision, and rigidity</li><li>Junction box and cover are machined from 6061-T6 aluminum with high quality black anodized finish</li><li>Threaded adjuster provides precise and reliable cable adjustment</li><li>Premium fittings with black finish enhance the look of blacked-out bikes</li><li>POM liner povides smoothness and reliability</li><li>Longitudinally-wound black housing resists compression</li></ul>"
70-602431,"<ul><li>Replaces the top half of the clutch cable assembly on 2018 and later Softails and 2021 and later Touring</li><li>Innovative design eliminates the unreliable plastic junction box parts and spring mechanism on OEM cables</li><li>Elimination of plastic components provides improved feel, precision, and rigidity</li><li>Junction box and cover are machined from 6061-T6 aluminum with high quality black anodized finish</li><li>Threaded adjuster provides precise and reliable cable adjustment</li><li>Premium fittings with black finish enhance the look of blacked-out bikes</li><li>POM liner povides smoothness and reliability</li><li>Longitudinally-wound black housing resists compression</li></ul>"
70-60447,"<ul><li>Replaces the top half of the clutch cable assembly on `18 & later Softails & `21 and later Touring</li><li>Innovative design eliminates the unreliable plastic junction box parts and spring mechanism on OEM cables</li><li>Elimination of plastic components provides improved feel, precision, and rigidity</li><li>Junction box and cover are machined from 6061-T6 aluminum with high quality black anodized finish</li><li>Threaded adjuster provides precise and reliable cable adjustment</li><li>Premium chrome fittings</li><li>POM liner provides smoothness and reliability</li><li>Longitudinally-wound black housing resists compression</li></ul>"
70-60448,"<ul><li>Replaces the top half of the clutch cable assembly on `18 & later Softails & `21 and later Touring</li><li>Innovative design eliminates the unreliable plastic junction box parts and spring mechanism on OEM cables</li><li>Elimination of plastic components provides improved feel, precision, and rigidity</li><li>Junction box and cover are machined from 6061-T6 aluminum with high quality black anodized finish</li><li>Threaded adjuster provides precise and reliable cable adjustment</li><li>Premium chrome fittings</li><li>POM liner provides smoothness and reliability</li><li>Longitudinally-wound black housing resists compression</li></ul>"
70-60449,"<ul><li>Replaces the top half of the clutch cable assembly on `18 & later Softails & `21 and later Touring</li><li>Innovative design eliminates the unreliable plastic junction box parts and spring mechanism on OEM cables</li><li>Elimination of plastic components provides improved feel, precision, and rigidity</li><li>Junction box and cover are machined from 6061-T6 aluminum with high quality black anodized finish</li><li>Threaded adjuster provides precise and reliable cable adjustment</li><li>Premium chrome fittings</li><li>POM liner provides smoothness and reliability</li><li>Longitudinally-wound black housing resists compression</li></ul>"
70-60450,"<ul><li>Replaces the top half of the clutch cable assembly on `18 & later Softails & `21 and later Touring</li><li>Innovative design eliminates the unreliable plastic junction box parts and spring mechanism on OEM cables</li><li>Elimination of plastic components provides improved feel, precision, and rigidity</li><li>Junction box and cover are machined from 6061-T6 aluminum with high quality black anodized finish</li><li>Threaded adjuster provides precise and reliable cable adjustment</li><li>Premium chrome fittings</li><li>POM liner provides smoothness and reliability</li><li>Longitudinally-wound black housing resists compression</li></ul>"
70-60451,"<ul><li>Replaces the top half of the clutch cable assembly on `18 & later Softails & `21 and later Touring</li><li>Innovative design eliminates the unreliable plastic junction box parts and spring mechanism on OEM cables</li><li>Elimination of plastic components provides improved feel, precision, and rigidity</li><li>Junction box and cover are machined from 6061-T6 aluminum with high quality black anodized finish</li><li>Threaded adjuster provides precise and reliable cable adjustment</li><li>Premium chrome fittings</li><li>POM liner provides smoothness and reliability</li><li>Longitudinally-wound black housing resists compression</li></ul>"
70-60452,"<ul><li>Replaces the top half of the clutch cable assembly on `18 & later Softails & `21 and later Touring</li><li>Innovative design eliminates the unreliable plastic junction box parts and spring mechanism on OEM cables</li><li>Elimination of plastic components provides improved feel, precision, and rigidity</li><li>Junction box and cover are machined from 6061-T6 aluminum with high quality black anodized finish</li><li>Threaded adjuster provides precise and reliable cable adjustment</li><li>Premium chrome fittings</li><li>POM liner provides smoothness and reliability</li><li>Longitudinally-wound black housing resists compression</li></ul>"
70-60453,"<ul><li>Replaces the top half of the clutch cable assembly on `18 & later Softails & `21 and later Touring</li><li>Innovative design eliminates the unreliable plastic junction box parts and spring mechanism on OEM cables</li><li>Elimination of plastic components provides improved feel, precision, and rigidity</li><li>Junction box and cover are machined from 6061-T6 aluminum with high quality black anodized finish</li><li>Threaded adjuster provides precise and reliable cable adjustment</li><li>Premium chrome fittings</li><li>POM liner provides smoothness and reliability</li><li>Longitudinally-wound black housing resists compression</li></ul>"
70-60454,"<ul><li>Replaces the top half of the clutch cable assembly on `18 & later Softails & `21 and later Touring</li><li>Innovative design eliminates the unreliable plastic junction box parts and spring mechanism on OEM cables</li><li>Elimination of plastic components provides improved feel, precision, and rigidity</li><li>Junction box and cover are machined from 6061-T6 aluminum with high quality black anodized finish</li><li>Threaded adjuster provides precise and reliable cable adjustment</li><li>Premium chrome fittings</li><li>POM liner provides smoothness and reliability</li><li>Longitudinally-wound black housing resists compression</li></ul>"
70-60455,"<ul><li>Replaces the top half of the clutch cable assembly on `18 & later Softails & `21 and later Touring</li><li>Innovative design eliminates the unreliable plastic junction box parts and spring mechanism on OEM cables</li><li>Elimination of plastic components provides improved feel, precision, and rigidity</li><li>Junction box and cover are machined from 6061-T6 aluminum with high quality black anodized finish</li><li>Threaded adjuster provides precise and reliable cable adjustment</li><li>Premium chrome fittings</li><li>POM liner provides smoothness and reliability</li><li>Longitudinally-wound black housing resists compression</li></ul>"
70-60456,"<ul><li>Replaces the top half of the clutch cable assembly on `18 & later Softails & `21 and later Touring</li><li>Innovative design eliminates the unreliable plastic junction box parts and spring mechanism on OEM cables</li><li>Elimination of plastic components provides improved feel, precision, and rigidity</li><li>Junction box and cover are machined from 6061-T6 aluminum with high quality black anodized finish</li><li>Threaded adjuster provides precise and reliable cable adjustment</li><li>Premium chrome fittings</li><li>POM liner provides smoothness and reliability</li><li>Longitudinally-wound black housing resists compression</li></ul>"
70-60457,"<ul><li>Replaces the top half of the clutch cable assembly on `18 & later Softails & `21 and later Touring</li><li>Innovative design eliminates the unreliable plastic junction box parts and spring mechanism on OEM cables</li><li>Elimination of plastic components provides improved feel, precision, and rigidity</li><li>Junction box and cover are machined from 6061-T6 aluminum with high quality black anodized finish</li><li>Threaded adjuster provides precise and reliable cable adjustment</li><li>Premium chrome fittings</li><li>POM liner provides smoothness and reliability</li><li>Longitudinally-wound black housing resists compression</li></ul>"
70-60458,"<ul><li>Replaces the top half of the clutch cable assembly on `18 & later Softails & `21 and later Touring</li><li>Innovative design eliminates the unreliable plastic junction box parts and spring mechanism on OEM cables</li><li>Elimination of plastic components provides improved feel, precision, and rigidity</li><li>Junction box and cover are machined from 6061-T6 aluminum with high quality black anodized finish</li><li>Threaded adjuster provides precise and reliable cable adjustment</li><li>Premium chrome fittings</li><li>POM liner provides smoothness and reliability</li><li>Longitudinally-wound black housing resists compression</li></ul>"
70-60459,"<ul><li>Replaces the top half of the clutch cable assembly on `18 & later Softails & `21 and later Touring</li><li>Innovative design eliminates the unreliable plastic junction box parts and spring mechanism on OEM cables</li><li>Elimination of plastic components provides improved feel, precision, and rigidity</li><li>Junction box and cover are machined from 6061-T6 aluminum with high quality black anodized finish</li><li>Threaded adjuster provides precise and reliable cable adjustment</li><li>Premium chrome fittings</li><li>POM liner provides smoothness and reliability</li><li>Longitudinally-wound black housing resists compression</li></ul>"
70-60460,"<ul><li>Replaces the top half of the clutch cable assembly on `18 & later Softails & `21 and later Touring</li><li>Innovative design eliminates the unreliable plastic junction box parts and spring mechanism on OEM cables</li><li>Elimination of plastic components provides improved feel, precision, and rigidity</li><li>Junction box and cover are machined from 6061-T6 aluminum with high quality black anodized finish</li><li>Threaded adjuster provides precise and reliable cable adjustment</li><li>Premium chrome fittings</li><li>POM liner provides smoothness and reliability</li><li>Longitudinally-wound black housing resists compression</li></ul>"
70-60461,"<ul><li>Replaces the top half of the clutch cable assembly on `18 & later Softails & `21 and later Touring</li><li>Innovative design eliminates the unreliable plastic junction box parts and spring mechanism on OEM cables</li><li>Elimination of plastic components provides improved feel, precision, and rigidity</li><li>Junction box and cover are machined from 6061-T6 aluminum with high quality black anodized finish</li><li>Threaded adjuster provides precise and reliable cable adjustment</li><li>Premium chrome fittings</li><li>POM liner provides smoothness and reliability</li><li>Longitudinally-wound black housing resists compression</li></ul>"
70-60462,"<ul><li>Replaces the top half of the clutch cable assembly on `18 & later Softails & `21 and later Touring</li><li>Innovative design eliminates the unreliable plastic junction box parts and spring mechanism on OEM cables</li><li>Elimination of plastic components provides improved feel, precision, and rigidity</li><li>Junction box and cover are machined from 6061-T6 aluminum with high quality black anodized finish</li><li>Threaded adjuster provides precise and reliable cable adjustment</li><li>Premium chrome fittings</li><li>POM liner provides smoothness and reliability</li><li>Longitudinally-wound black housing resists compression</li></ul>"
70-60463,"<ul><li>Replaces the top half of the clutch cable assembly on `18 & later Softails & `21 and later Touring</li><li>Innovative design eliminates the unreliable plastic junction box parts and spring mechanism on OEM cables</li><li>Elimination of plastic components provides improved feel, precision, and rigidity</li><li>Junction box and cover are machined from 6061-T6 aluminum with high quality black anodized finish</li><li>Threaded adjuster provides precise and reliable cable adjustment</li><li>Premium chrome fittings</li><li>POM liner provides smoothness and reliability</li><li>Longitudinally-wound black housing resists compression</li></ul>"
70-60464,"<ul><li>Replaces the top half of the clutch cable assembly on `18 & later Softails & `21 and later Touring</li><li>Innovative design eliminates the unreliable plastic junction box parts and spring mechanism on OEM cables</li><li>Elimination of plastic components provides improved feel, precision, and rigidity</li><li>Junction box and cover are machined from 6061-T6 aluminum with high quality black anodized finish</li><li>Threaded adjuster provides precise and reliable cable adjustment</li><li>Premium chrome fittings</li><li>POM liner provides smoothness and reliability</li><li>Longitudinally-wound black housing resists compression</li></ul>"
75-49992X,"The EXO-R430 helmet continues to set a new standard for Scorpion EXO®’s full face street helmets at a very competitive price point.   The advanced  polycarbonate shell is more aerodynamic and smaller resulting in an ultra lightweight SNELL-approved helmet (3X/4X DOT Only).  The aero tuned ventilation system uses large top vents and mouth vents, engineered to allow more airflow to the riders head while maintaining low noise levels. The EXO-R430 now features our new Elliptec™ faceshield with a latching shield locking mechanism located in the lower center of the shield. This makes the faceshield more secure and provides a tighter seal against the gasket.  The faceshield can be easily removed without tools, and the EverClear® No-Fog coating helps keep your vision clear in cold and damp environmental conditions.  The KwikWick® C liner is moisture wicking, anti-microbial, quick drying and can be easily removed and is machine washable. The EXO-R430 is an updated true high performance helmet at an unbeatable price.

Features:
<ul><li>DOT FMVSS No. 218 Certified/SNELL 2025 Approved (3X/4X DOT Only)</li><li>Advanced Polycarbonate Shell</li><li>Advanced multi-layer EPS</li><li>Aero-tuned ventilation system</li><li>Strategically placed channels throughout the EPS foam provide increased airflow</li><li>KwikWick® C Comfort Liner features a moisture wicking liner fabric</li><li>Everclear™ no-fog treated face shield</li><li>Optical Class 1 shield</li><li>Emergency Release System</li><li>Included breath deflector and aero skirt. (chin curtain)</li><li>5-Year warranty</li></ul>"
75-4999L,"The EXO-R430 helmet continues to set a new standard for Scorpion EXO®’s full face street helmets at a very competitive price point.   The advanced  polycarbonate shell is more aerodynamic and smaller resulting in an ultra lightweight SNELL-approved helmet (3X/4X DOT Only).  The aero tuned ventilation system uses large top vents and mouth vents, engineered to allow more airflow to the riders head while maintaining low noise levels. The EXO-R430 now features our new Elliptec™ faceshield with a latching shield locking mechanism located in the lower center of the shield. This makes the faceshield more secure and provides a tighter seal against the gasket.  The faceshield can be easily removed without tools, and the EverClear® No-Fog coating helps keep your vision clear in cold and damp environmental conditions.  The KwikWick® C liner is moisture wicking, anti-microbial, quick drying and can be easily removed and is machine washable. The EXO-R430 is an updated true high performance helmet at an unbeatable price.

Features:
<ul><li>DOT FMVSS No. 218 Certified/SNELL 2025 Approved (3X/4X DOT Only)</li><li>Advanced Polycarbonate Shell</li><li>Advanced multi-layer EPS</li><li>Aero-tuned ventilation system</li><li>Strategically placed channels throughout the EPS foam provide increased airflow</li><li>KwikWick® C Comfort Liner features a moisture wicking liner fabric</li><li>Everclear™ no-fog treated face shield</li><li>Optical Class 1 shield</li><li>Emergency Release System</li><li>Included breath deflector and aero skirt. (chin curtain)</li><li>5-Year warranty</li></ul>"
75-4999M,"The EXO-R430 helmet continues to set a new standard for Scorpion EXO®’s full face street helmets at a very competitive price point.   The advanced  polycarbonate shell is more aerodynamic and smaller resulting in an ultra lightweight SNELL-approved helmet (3X/4X DOT Only).  The aero tuned ventilation system uses large top vents and mouth vents, engineered to allow more airflow to the riders head while maintaining low noise levels. The EXO-R430 now features our new Elliptec™ faceshield with a latching shield locking mechanism located in the lower center of the shield. This makes the faceshield more secure and provides a tighter seal against the gasket.  The faceshield can be easily removed without tools, and the EverClear® No-Fog coating helps keep your vision clear in cold and damp environmental conditions.  The KwikWick® C liner is moisture wicking, anti-microbial, quick drying and can be easily removed and is machine washable. The EXO-R430 is an updated true high performance helmet at an unbeatable price.

Features:
<ul><li>DOT FMVSS No. 218 Certified/SNELL 2025 Approved (3X/4X DOT Only)</li><li>Advanced Polycarbonate Shell</li><li>Advanced multi-layer EPS</li><li>Aero-tuned ventilation system</li><li>Strategically placed channels throughout the EPS foam provide increased airflow</li><li>KwikWick® C Comfort Liner features a moisture wicking liner fabric</li><li>Everclear™ no-fog treated face shield</li><li>Optical Class 1 shield</li><li>Emergency Release System</li><li>Included breath deflector and aero skirt. (chin curtain)</li><li>5-Year warranty</li></ul>"
75-4999S,"The EXO-R430 helmet continues to set a new standard for Scorpion EXO®’s full face street helmets at a very competitive price point.   The advanced  polycarbonate shell is more aerodynamic and smaller resulting in an ultra lightweight SNELL-approved helmet (3X/4X DOT Only).  The aero tuned ventilation system uses large top vents and mouth vents, engineered to allow more airflow to the riders head while maintaining low noise levels. The EXO-R430 now features our new Elliptec™ faceshield with a latching shield locking mechanism located in the lower center of the shield. This makes the faceshield more secure and provides a tighter seal against the gasket.  The faceshield can be easily removed without tools, and the EverClear® No-Fog coating helps keep your vision clear in cold and damp environmental conditions.  The KwikWick® C liner is moisture wicking, anti-microbial, quick drying and can be easily removed and is machine washable. The EXO-R430 is an updated true high performance helmet at an unbeatable price.

Features:
<ul><li>DOT FMVSS No. 218 Certified/SNELL 2025 Approved (3X/4X DOT Only)</li><li>Advanced Polycarbonate Shell</li><li>Advanced multi-layer EPS</li><li>Aero-tuned ventilation system</li><li>Strategically placed channels throughout the EPS foam provide increased airflow</li><li>KwikWick® C Comfort Liner features a moisture wicking liner fabric</li><li>Everclear™ no-fog treated face shield</li><li>Optical Class 1 shield</li><li>Emergency Release System</li><li>Included breath deflector and aero skirt. (chin curtain)</li><li>5-Year warranty</li></ul>"
75-4999X,"The EXO-R430 helmet continues to set a new standard for Scorpion EXO®’s full face street helmets at a very competitive price point.   The advanced  polycarbonate shell is more aerodynamic and smaller resulting in an ultra lightweight SNELL-approved helmet (3X/4X DOT Only).  The aero tuned ventilation system uses large top vents and mouth vents, engineered to allow more airflow to the riders head while maintaining low noise levels. The EXO-R430 now features our new Elliptec™ faceshield with a latching shield locking mechanism located in the lower center of the shield. This makes the faceshield more secure and provides a tighter seal against the gasket.  The faceshield can be easily removed without tools, and the EverClear® No-Fog coating helps keep your vision clear in cold and damp environmental conditions.  The KwikWick® C liner is moisture wicking, anti-microbial, quick drying and can be easily removed and is machine washable. The EXO-R430 is an updated true high performance helmet at an unbeatable price.

Features:
<ul><li>DOT FMVSS No. 218 Certified/SNELL 2025 Approved (3X/4X DOT Only)</li><li>Advanced Polycarbonate Shell</li><li>Advanced multi-layer EPS</li><li>Aero-tuned ventilation system</li><li>Strategically placed channels throughout the EPS foam provide increased airflow</li><li>KwikWick® C Comfort Liner features a moisture wicking liner fabric</li><li>Everclear™ no-fog treated face shield</li><li>Optical Class 1 shield</li><li>Emergency Release System</li><li>Included breath deflector and aero skirt. (chin curtain)</li><li>5-Year warranty</li></ul>"
897-27420,"Designed, tuned, and manufactured in the USA, the FOX Street Grip ST Adjustable Fork Cartridge kit is our latest development in our performance V-Twin Lineup. The Street Grip ST offers three position compression and rebound adjustments on the top caps allowing you as the rider to make adjustments on the fly without the need for any tools. This drop in open bath cartridge kit is the highest end fork cartridge kit that you can pair with the QS3 QSR rear shocks to push your Harley to it's ultimate potential.

Features:
<ul><li>49mm (Standard Spring Rate - up to 240lbs)</li><li>Adjustable Pre-Load (24 clicks)</li><li>Tool Free 3-position Rebound and Compression Adjustments</li><li>Drop in - Open bath Cartridge</li><li>Serviceable and Repairable</li><li>Designed for FOX Full Bike Solution</li><li>Designed Tuned and Manufactured in the USA</li></ul>"
897-27421,"Designed, tuned, and manufactured in the USA, the FOX Street Grip ST Adjustable Fork Cartridge kit is our latest development in our performance V-Twin Lineup. The Street Grip ST offers three position compression and rebound adjustments on the top caps allowing you as the rider to make adjustments on the fly without the need for any tools. This drop in open bath cartridge kit is the highest end fork cartridge kit that you can pair with the QS3 QSR rear shocks to push your Harley to it's ultimate potential.

Features:
<ul><li>49mm (Standard Spring Rate - up to 240lbs)</li><li>Adjustable Pre-Load (24 clicks)</li><li>Tool Free 3-position Rebound and Compression Adjustments</li><li>Drop in - Open bath Cartridge</li><li>Serviceable and Repairable</li><li>Designed for FOX Full Bike Solution</li><li>Designed Tuned and Manufactured in the USA</li></ul>"
897-27422,"Designed, tuned, and manufactured in the USA, the FOX Street Grip ST Adjustable Fork Cartridge kit is our latest development in our performance V-Twin Lineup. The Street Grip ST offers three position compression and rebound adjustments on the top caps allowing you as the rider to make adjustments on the fly without the need for any tools. This drop in open bath cartridge kit is the highest end fork cartridge kit that you can pair with the QS3 QSR rear shocks to push your Harley to it's ultimate potential.

Features:
<ul><li>49mm (Standard Spring Rate - up to 240lbs)</li><li>Adjustable Pre-Load (24 clicks)</li><li>Tool Free 3-position Rebound and Compression Adjustments</li><li>Drop in - Open bath Cartridge</li><li>Serviceable and Repairable</li><li>Designed for FOX Full Bike Solution</li><li>Designed Tuned and Manufactured in the USA</li></ul>"
206-40114,"Ruffian V-Twin Lock-On Grips

Features:
<ul><li>Moto inspired grip designed for performance V-Twin</li><li>Legendary RUFFIAN Full Knurl Diamond Pattern</li><li>Thin profile delivers amazing control, feedback and traction!</li><li>Proprietary Medium-Compound durometer improves overall comfort and durability.</li><li>In-molded throttle tube with integrated application specific throttle actuation.</li><li>Billet Aluminum Lock-On style clutch-side clamp provides simple installation and removal</li><li>Made in the USA</li></ul>"
206-40115,"Ruffian V-Twin Lock-On Grips

Features:
<ul><li>Moto inspired grip designed for performance V-Twin</li><li>Legendary RUFFIAN Full Knurl Diamond Pattern</li><li>Thin profile delivers amazing control, feedback and traction!</li><li>Proprietary Medium-Compound durometer improves overall comfort and durability.</li><li>In-molded throttle tube with integrated application specific throttle actuation.</li><li>Billet Aluminum Lock-On style clutch-side clamp provides simple installation and removal</li><li>Made in the USA</li></ul>"
206-40116,"Ruffian V-Twin Lock-On Grips

Features:
<ul><li>Moto inspired grip designed for performance V-Twin</li><li>Legendary RUFFIAN Full Knurl Diamond Pattern</li><li>Thin profile delivers amazing control, feedback and traction!</li><li>Proprietary Medium-Compound durometer improves overall comfort and durability.</li><li>In-molded throttle tube with integrated application specific throttle actuation.</li><li>Billet Aluminum Lock-On style clutch-side clamp provides simple installation and removal</li><li>Made in the USA</li></ul>"
206-40117,"Ruffian V-Twin Lock-On Grips

Features:
<ul><li>Moto inspired grip designed for performance V-Twin</li><li>Legendary RUFFIAN Full Knurl Diamond Pattern</li><li>Thin profile delivers amazing control, feedback and traction!</li><li>Proprietary Medium-Compound durometer improves overall comfort and durability.</li><li>In-molded throttle tube with integrated application specific throttle actuation.</li><li>Billet Aluminum Lock-On style clutch-side clamp provides simple installation and removal</li><li>Made in the USA</li></ul>"
206-40118,"Ruffian V-Twin Lock-On Grips

Features:
<ul><li>Moto inspired grip designed for performance V-Twin</li><li>Legendary RUFFIAN Full Knurl Diamond Pattern</li><li>Thin profile delivers amazing control, feedback and traction!</li><li>Proprietary Medium-Compound durometer improves overall comfort and durability.</li><li>In-molded throttle tube with integrated application specific throttle actuation.</li><li>Billet Aluminum Lock-On style clutch-side clamp provides simple installation and removal</li><li>Made in the USA</li></ul>"
206-40119,"Ruffian V-Twin Lock-On Grips

Features:
<ul><li>Moto inspired grip designed for performance V-Twin</li><li>Legendary RUFFIAN Full Knurl Diamond Pattern</li><li>Thin profile delivers amazing control, feedback and traction!</li><li>Proprietary Medium-Compound durometer improves overall comfort and durability.</li><li>In-molded throttle tube with integrated application specific throttle actuation.</li><li>Billet Aluminum Lock-On style clutch-side clamp provides simple installation and removal</li><li>Made in the USA</li></ul>"
206-40129,"<ul><li>Moto-Inspired grip system specifically designed for your performance V-Twin</li><li>Full-Waffle Moto-Pattern reduces vibration transfer to your hands and provides improved grip in all conditions</li><li>Heavily knurled base-pattern delivers solid traction and control</li><li>Proprietary Medium-Compound Materials which provides excellent durability and comfort</li><li>Billet-aluminum clutch-side clamp eliminates the need for set-screws or grip-glue while ensuring 100% slip-free performance.</li><li>T15 Torx bolts included, enabling higher torque levels for solid, twist-free mounting</li><li>Proudly made in the USA</li></ul>"
206-40130,"<ul><li>Moto-Inspired grip system specifically designed for your performance V-Twin</li><li>Full-Waffle Moto-Pattern reduces vibration transfer to your hands and provides improved grip in all conditions</li><li>Heavily knurled base-pattern delivers solid traction and control</li><li>Proprietary Medium-Compound Materials which provides excellent durability and comfort</li><li>Billet-aluminum clutch-side clamp eliminates the need for set-screws or grip-glue while ensuring 100% slip-free performance.</li><li>T15 Torx bolts included, enabling higher torque levels for solid, twist-free mounting</li><li>Proudly made in the USA</li></ul>"
206-40131,"<ul><li>Moto-Inspired grip system specifically designed for your performance V-Twin</li><li>Full-Waffle Moto-Pattern reduces vibration transfer to your hands and provides improved grip in all conditions</li><li>Heavily knurled base-pattern delivers solid traction and control</li><li>Proprietary Medium-Compound Materials which provides excellent durability and comfort</li><li>Billet-aluminum clutch-side clamp eliminates the need for set-screws or grip-glue while ensuring 100% slip-free performance.</li><li>T15 Torx bolts included, enabling higher torque levels for solid, twist-free mounting</li><li>Proudly made in the USA</li></ul>"
206-40132,"<ul><li>Moto-Inspired grip system specifically designed for your performance V-Twin</li><li>Full-Waffle Moto-Pattern reduces vibration transfer to your hands and provides improved grip in all conditions</li><li>Heavily knurled base-pattern delivers solid traction and control</li><li>Proprietary Medium-Compound Materials which provides excellent durability and comfort</li><li>Billet-aluminum clutch-side clamp eliminates the need for set-screws or grip-glue while ensuring 100% slip-free performance.</li><li>T15 Torx bolts included, enabling higher torque levels for solid, twist-free mounting</li><li>Proudly made in the USA</li></ul>"
206-40133,"<ul><li>Moto-Inspired grip system specifically designed for your performance V-Twin</li><li>Full-Waffle Moto-Pattern reduces vibration transfer to your hands and provides improved grip in all conditions</li><li>Heavily knurled base-pattern delivers solid traction and control</li><li>Proprietary Medium-Compound Materials which provides excellent durability and comfort</li><li>Billet-aluminum clutch-side clamp eliminates the need for set-screws or grip-glue while ensuring 100% slip-free performance.</li><li>T15 Torx bolts included, enabling higher torque levels for solid, twist-free mounting</li><li>Proudly made in the USA</li></ul>"
563-03014,"Next Level will set your two-wheeled creations apart from the mundane. Concentrating on light weight design, quality materials and structural rigidity, Next Level will please the eye with the fusion of our top priority: function. Next Level grips are available with two distinct rubber inlay grip patterns, fine texture and course texture. Available in Throttle By Wire and Cable type throttles.

Features:
<ul><li>Next Level will set your two-wheeled creations apart from the mundane.</li><li>Concentrating on light weight design, quality materials and structural rigidity, Next Level will please the eye with the fusion of our top priority: function.</li><li>Next Level grips are available with two distinct rubber inlay grip patterns, fine texture and course texture.</li><li>Available in Throttle By Wire, Cable type throttles and the New Twist Grip throttle.</li></ul>"
563-03015,"Next Level will set your two-wheeled creations apart from the mundane. Concentrating on light weight design, quality materials and structural rigidity, Next Level will please the eye with the fusion of our top priority: function. Next Level grips are available with two distinct rubber inlay grip patterns, fine texture and course texture. Available in Throttle By Wire and Cable type throttles.

Features:
<ul><li>Next Level will set your two-wheeled creations apart from the mundane.</li><li>Concentrating on light weight design, quality materials and structural rigidity, Next Level will please the eye with the fusion of our top priority: function.</li><li>Next Level grips are available with two distinct rubber inlay grip patterns, fine texture and course texture.</li><li>Available in Throttle By Wire, Cable type throttles and the New Twist Grip throttle.</li></ul>"
57-038117,"<ul><li>Lock constructed form specially hardened steel</li><li>Z Key is user friendly and highly pick resistant</li><li>360 TRIGGER</li><li>Level 7 security, 10mm push to close bolt</li><li>355 TRIGGER</li><li>Level 6 security, 5mm push to close bolt</li></ul>"
57-041002,"<ul><li>Lock constructed form specially hardened steel</li><li>Z Key is user friendly and highly pick resistant</li><li>360 TRIGGER</li><li>Level 7 security, 10mm push to close bolt</li><li>355 TRIGGER</li><li>Level 6 security, 5mm push to close bolt</li></ul>"
57-041003,"<ul><li>Lock constructed form specially hardened steel</li><li>Z Key is user friendly and highly pick resistant</li><li>CR2 Battery</li><li>370A TRIGGER</li><li>Level 9 security, 10mm push to close bolt</li><li>365A TRIGGER</li><li>Level 8 security, 5mm push to close bolt</li></ul>"
57-094379,"<ul><li>Lock constructed form specially hardened steel</li><li>Z Key is user friendly and highly pick resistant</li><li>CR2 Battery</li><li>370A TRIGGER</li><li>Level 9 security, 10mm push to close bolt</li><li>365A TRIGGER</li><li>Level 8 security, 5mm push to close bolt</li></ul>"
873-2106,<ul><li>Modern directional tread designed for excellent wet weather traction and increased mileage</li><li>Front tire has single radius profile for light steering and increased stability</li><li>Aramid belting provides high load stability</li><li>Available in BLACKWALL and WHITEWALL (W/W)</li><li>Tubeless design</li><li>Rear tire uses dual radius profile design for a larger foot print increasing traction and mileage</li></ul>
873-2107,<ul><li>Modern directional tread designed for excellent wet weather traction and increased mileage</li><li>Front tire has single radius profile for light steering and increased stability</li><li>Aramid belting provides high load stability</li><li>Available in BLACKWALL and WHITEWALL (W/W)</li><li>Tubeless design</li><li>Rear tire uses dual radius profile design for a larger foot print increasing traction and mileage</li></ul>
873-2108,<ul><li>Modern directional tread designed for excellent wet weather traction and increased mileage</li><li>Front tire has single radius profile for light steering and increased stability</li><li>Aramid belting provides high load stability</li><li>Available in BLACKWALL and WHITEWALL (W/W)</li><li>Tubeless design</li><li>Rear tire uses dual radius profile design for a larger foot print increasing traction and mileage</li></ul>
873-2109,<ul><li>Modern directional tread designed for excellent wet weather traction and increased mileage</li><li>Front tire has single radius profile for light steering and increased stability</li><li>Aramid belting provides high load stability</li><li>Available in BLACKWALL and WHITEWALL (W/W)</li><li>Tubeless design</li><li>Rear tire uses dual radius profile design for a larger foot print increasing traction and mileage</li></ul>
873-2110,<ul><li>Modern directional tread designed for excellent wet weather traction and increased mileage</li><li>Front tire has single radius profile for light steering and increased stability</li><li>Aramid belting provides high load stability</li><li>Available in BLACKWALL and WHITEWALL (W/W)</li><li>Tubeless design</li><li>Rear tire uses dual radius profile design for a larger foot print increasing traction and mileage</li></ul>
873-2111,<ul><li>Modern directional tread designed for excellent wet weather traction and increased mileage</li><li>Front tire has single radius profile for light steering and increased stability</li><li>Aramid belting provides high load stability</li><li>Available in BLACKWALL and WHITEWALL (W/W)</li><li>Tubeless design</li><li>Rear tire uses dual radius profile design for a larger foot print increasing traction and mileage</li></ul>
873-2112,<ul><li>Modern directional tread designed for excellent wet weather traction and increased mileage</li><li>Front tire has single radius profile for light steering and increased stability</li><li>Aramid belting provides high load stability</li><li>Available in BLACKWALL and WHITEWALL (W/W)</li><li>Tubeless design</li><li>Rear tire uses dual radius profile design for a larger foot print increasing traction and mileage</li></ul>
873-2113,<ul><li>Modern directional tread designed for excellent wet weather traction and increased mileage</li><li>Front tire has single radius profile for light steering and increased stability</li><li>Aramid belting provides high load stability</li><li>Available in BLACKWALL and WHITEWALL (W/W)</li><li>Tubeless design</li><li>Rear tire uses dual radius profile design for a larger foot print increasing traction and mileage</li></ul>
873-2114,<ul><li>Modern directional tread designed for excellent wet weather traction and increased mileage</li><li>Front tire has single radius profile for light steering and increased stability</li><li>Aramid belting provides high load stability</li><li>Available in BLACKWALL and WHITEWALL (W/W)</li><li>Tubeless design</li><li>Rear tire uses dual radius profile design for a larger foot print increasing traction and mileage</li></ul>
873-2115,<ul><li>Modern directional tread designed for excellent wet weather traction and increased mileage</li><li>Front tire has single radius profile for light steering and increased stability</li><li>Aramid belting provides high load stability</li><li>Available in BLACKWALL and WHITEWALL (W/W)</li><li>Tubeless design</li><li>Rear tire uses dual radius profile design for a larger foot print increasing traction and mileage</li></ul>
873-2116,<ul><li>Modern directional tread designed for excellent wet weather traction and increased mileage</li><li>Front tire has single radius profile for light steering and increased stability</li><li>Aramid belting provides high load stability</li><li>Available in BLACKWALL and WHITEWALL (W/W)</li><li>Tubeless design</li><li>Rear tire uses dual radius profile design for a larger foot print increasing traction and mileage</li></ul>
873-2117,<ul><li>Modern directional tread designed for excellent wet weather traction and increased mileage</li><li>Front tire has single radius profile for light steering and increased stability</li><li>Aramid belting provides high load stability</li><li>Available in BLACKWALL and WHITEWALL (W/W)</li><li>Tubeless design</li><li>Rear tire uses dual radius profile design for a larger foot print increasing traction and mileage</li></ul>
873-2118,<ul><li>Modern directional tread designed for excellent wet weather traction and increased mileage</li><li>Front tire has single radius profile for light steering and increased stability</li><li>Aramid belting provides high load stability</li><li>Available in BLACKWALL and WHITEWALL (W/W)</li><li>Tubeless design</li><li>Rear tire uses dual radius profile design for a larger foot print increasing traction and mileage</li></ul>
873-2119,<ul><li>Modern directional tread designed for excellent wet weather traction and increased mileage</li><li>Front tire has single radius profile for light steering and increased stability</li><li>Aramid belting provides high load stability</li><li>Available in BLACKWALL and WHITEWALL (W/W)</li><li>Tubeless design</li><li>Rear tire uses dual radius profile design for a larger foot print increasing traction and mileage</li></ul>
873-2120,<ul><li>Modern directional tread designed for excellent wet weather traction and increased mileage</li><li>Front tire has single radius profile for light steering and increased stability</li><li>Aramid belting provides high load stability</li><li>Available in BLACKWALL and WHITEWALL (W/W)</li><li>Tubeless design</li><li>Rear tire uses dual radius profile design for a larger foot print increasing traction and mileage</li></ul>
873-2121,<ul><li>Modern directional tread designed for excellent wet weather traction and increased mileage</li><li>Front tire has single radius profile for light steering and increased stability</li><li>Aramid belting provides high load stability</li><li>Available in BLACKWALL and WHITEWALL (W/W)</li><li>Tubeless design</li><li>Rear tire uses dual radius profile design for a larger foot print increasing traction and mileage</li></ul>
873-2122,<ul><li>Modern directional tread designed for excellent wet weather traction and increased mileage</li><li>Front tire has single radius profile for light steering and increased stability</li><li>Aramid belting provides high load stability</li><li>Available in BLACKWALL and WHITEWALL (W/W)</li><li>Tubeless design</li><li>Rear tire uses dual radius profile design for a larger foot print increasing traction and mileage</li></ul>
873-2123,<ul><li>Modern directional tread designed for excellent wet weather traction and increased mileage</li><li>Front tire has single radius profile for light steering and increased stability</li><li>Aramid belting provides high load stability</li><li>Available in BLACKWALL and WHITEWALL (W/W)</li><li>Tubeless design</li><li>Rear tire uses dual radius profile design for a larger foot print increasing traction and mileage</li></ul>
873-2124,<ul><li>Modern directional tread designed for excellent wet weather traction and increased mileage</li><li>Front tire has single radius profile for light steering and increased stability</li><li>Aramid belting provides high load stability</li><li>Available in BLACKWALL and WHITEWALL (W/W)</li><li>Tubeless design</li><li>Rear tire uses dual radius profile design for a larger foot print increasing traction and mileage</li></ul>
71-9158,"<ul><li>Made from CNC machined 6061 Aluminum</li><li>Adjustable to fit most any size grips for 7/8"" and larger bar sizes</li></ul>"
133-4023,"Take your motorcycle to a whole new level of performance with Dynojet’s line of Power Vision fuel tuners delivered by a wireless device. Utilize the power of Bluetooth with the PV4 and peruse Dynojet's wide variety of tunes to choose from and upgraded monitoring capabilities to keep you in sync, you’ll be in total control for any adventure. Tap into more horsepower to the ground than stock and optimized performance for the ultimate ride.

Features:
<ul><li>Flash tunes to your ECU- no set up required. Just create an account, select your tune, flash and enjoy the ultimate ride.</li><li>Access to vast database of pre-loaded tunes for different configurations</li><li>Bluetooth connectivity for Apple & Android</li><li>Easily download and manage pre-loaded and custom tunes.</li><li>Record real-time engine data and display in WinPEP8 Data Center.</li><li>Optimized for remote-tuning. Easily ride, record, and share data logs and tunes</li><li>Read, review, clear, and share Diagnostic Trouble Codes (DTC's) with built-in descriptions</li><li>Supports licensing additional vehicles</li><li>Return to stock at any time; your original, factory tune is safely backed up on the cloud and on your phone</li><li>Made in the USA</li></ul>"
133-4033,"If you live and work at full steam, the easy to install Power Vision EFI tuner was built for you. Tap into increased drivability than stock and optimized performance for the ultimate ride. Power Vision 3 eliminates the clutter and puts you in total control of your bike’s performance, allowing you to flash your ECU from the road. After you tune, Power Vision 3 can stay on to provide a vital full color instrument panel that’ll give you the advantage you deserve.

Features:
<ul><li>High contrast screen gives you full control over how you tune your ride</li><li>Ability to flash your motorcycle from the road, whenever you want</li><li>Quickly build you one custom tune or choose from a wide variety of trusted Dynojet-engineered tunes</li><li>One year warranty</li><li>Unlimited tech support</li><li>Made in the USA</li></ul>"
194-52742,<ul><li>Easy and secure mounting with 3M adhesive</li><li>Extension Arm for additional reach</li></ul>
750-03108,<ul><li>Clean up your back end with Santoro Fabworx Chonies Bag Deletes</li><li>ABS plastic</li><li>Available in Raw Black ABS plastic & Hydro-dipped Carbon Fiber</li><li>Comes with Black Chachos and all hardware for installation</li><li>Made in the USA</li></ul>
750-03109,<ul><li>Clean up your back end with Santoro Fabworx Chonies Bag Deletes</li><li>ABS plastic</li><li>Available in Raw Black ABS plastic & Hydro-dipped Carbon Fiber</li><li>Comes with Black Chachos and all hardware for installation</li><li>Made in the USA</li></ul>
51-9129,<ul><li>Attains practical use strength in seconds.</li><li>No evaporative elements and no shrinkage to weaken bonding.</li><li>Excellent for nonporous materials.</li></ul>
561-22533BK,<ul><li>Switch up your levers with Puig Heritage levers</li><li>Adapter available for Chiefs & Scouts</li></ul>
561-22534BK,<ul><li>Switch up your levers with Puig Heritage levers</li><li>Adapter available for Chiefs & Scouts</li></ul>
122-0820,<ul><li>Machined from Aircraft Grade 6061 T6 Highly Durable and Light Weight Alloy</li><li>Pegs Can be Rotated Full 360 Degrees to Any Angle and Then Locked Down with the Included Stainless-Steel Hardware</li><li>Wide Platform Measures 3.5'' Long x 2.3'' Wide</li></ul>
122-0821,<ul><li>Machined from Aircraft Grade 6061 T6 Highly Durable and Light Weight Alloy</li><li>Pegs Can be Rotated Full 360 Degrees to Any Angle and Then Locked Down with the Included Stainless-Steel Hardware</li><li>Wide Platform Measures 3.5'' Long x 2.3'' Wide</li></ul>
122-0822,<ul><li>Machined from Aircraft Grade 6061 T6 Highly Durable and Light Weight Alloy</li><li>Pegs Can be Rotated Full 360 Degrees to Any Angle and Then Locked Down with the Included Stainless-Steel Hardware</li><li>Wide Platform Measures 3.5'' Long x 2.3'' Wide</li></ul>
122-0823,<ul><li>Machined from Aircraft Grade 6061 T6 Highly Durable and Light Weight Alloy</li><li>Pegs Can be Rotated Full 360 Degrees to Any Angle and Then Locked Down with the Included Stainless-Steel Hardware</li><li>Wide Platform Measures 3.5'' Long x 2.3'' Wide</li></ul>
122-0826,<ul><li>Machined from Aircraft Grade 6061 T6 Highly Durable and Light Weight Alloy</li><li>Pegs Can be Rotated Full 360 Degrees to Any Angle and Then Locked Down with the Included Stainless-Steel Hardware</li><li>Wide Platform Measures 3.5'' Long x 2.3'' Wide</li></ul>
122-0831,<ul><li>Machined from Aircraft Grade 6061 T6 Highly Durable and Light Weight Alloy</li><li>Pegs Can be Rotated Full 360 Degrees to Any Angle and Then Locked Down with the Included Stainless-Steel Hardware</li><li>Wide Platform Measures 3.5'' Long x 2.3'' Wide</li></ul>
653-0192,"<ul><li>Flexible 10in and 16in Strips:  Low-profile design seamlessly fits long mounting surfaces on your motorcycle, ensuring sleek and secure installation</li><li>Compact Light Pod:  Integrated connectors make these pods ideal for tight, confined spaces, offering versatile mounting options</li><li>Chasing Light Functions:  Powered by addressable RGBW LEDs for dynamic chasing patterns and flowing dream color effects</li><li>Safer Rides with Smart Sensors:  Sync the underglow lights with brake and turn signals, enhancing night ride safety</li><li>Brightest RGB + Pure White LEDs:  16 million RGB color with a dedicated pure white LED, up to 60% brighter than previous generation</li><li>Key Fob & Bluetooth App Control:  Customize your motorcycle LED lights via phone app or program quick-access with the 4-button key fob</li><li>Custom Themes & DIY Builder:  28+ pre-built chasing light themes with customizable colors, patterns, speed, and brightness, plus a DIY builder</li><li>Easy Installation:  Hassle-free setup, IP67 waterproof, and backed by a 3-year warranty for reliable performance</li></ul>"
653-0193,"<ul><li>Flexible 10in and 16in Strips:  Low-profile design seamlessly fits long mounting surfaces on your motorcycle, ensuring sleek and secure installation</li><li>Compact Light Pod:  Integrated connectors make these pods ideal for tight, confined spaces, offering versatile mounting options</li><li>Chasing Light Functions:  Powered by addressable RGBW LEDs for dynamic chasing patterns and flowing dream color effects</li><li>Safer Rides with Smart Sensors:  Sync the underglow lights with brake and turn signals, enhancing night ride safety</li><li>Brightest RGB + Pure White LEDs:  16 million RGB color with a dedicated pure white LED, up to 60% brighter than previous generation</li><li>Key Fob & Bluetooth App Control:  Customize your motorcycle LED lights via phone app or program quick-access with the 4-button key fob</li><li>Custom Themes & DIY Builder:  28+ pre-built chasing light themes with customizable colors, patterns, speed, and brightness, plus a DIY builder</li><li>Easy Installation:  Hassle-free setup, IP67 waterproof, and backed by a 3-year warranty for reliable performance</li></ul>"
556-3126036,"The HiTop Moto Sneaker is designed for riders who want a seamless transition between on and off the bike. Combining classic sneaker styling with the protection of a boot, it features integrated ankle protection and a reinforced toe box. Available in both summer and winter versions, this boot offers multi-functionality without compromising on safety or style.

Features:
<ul><li>CE Certification Rating: 1222</li><li>Integrated ankle protection</li><li>Reinforced toe box</li><li>Classic sneaker-inspired styling</li><li>Hybrid lace and zip closure system</li><li>Available in summer and winter versions</li></ul>"
556-3126037,"The HiTop Moto Sneaker is designed for riders who want a seamless transition between on and off the bike. Combining classic sneaker styling with the protection of a boot, it features integrated ankle protection and a reinforced toe box. Available in both summer and winter versions, this boot offers multi-functionality without compromising on safety or style.

Features:
<ul><li>CE Certification Rating: 1222</li><li>Integrated ankle protection</li><li>Reinforced toe box</li><li>Classic sneaker-inspired styling</li><li>Hybrid lace and zip closure system</li><li>Available in summer and winter versions</li></ul>"
556-3126038,"The HiTop Moto Sneaker is designed for riders who want a seamless transition between on and off the bike. Combining classic sneaker styling with the protection of a boot, it features integrated ankle protection and a reinforced toe box. Available in both summer and winter versions, this boot offers multi-functionality without compromising on safety or style.

Features:
<ul><li>CE Certification Rating: 1222</li><li>Integrated ankle protection</li><li>Reinforced toe box</li><li>Classic sneaker-inspired styling</li><li>Hybrid lace and zip closure system</li><li>Available in summer and winter versions</li></ul>"
556-3126039,"The HiTop Moto Sneaker is designed for riders who want a seamless transition between on and off the bike. Combining classic sneaker styling with the protection of a boot, it features integrated ankle protection and a reinforced toe box. Available in both summer and winter versions, this boot offers multi-functionality without compromising on safety or style.

Features:
<ul><li>CE Certification Rating: 1222</li><li>Integrated ankle protection</li><li>Reinforced toe box</li><li>Classic sneaker-inspired styling</li><li>Hybrid lace and zip closure system</li><li>Available in summer and winter versions</li></ul>"
556-3126040,"The HiTop Moto Sneaker is designed for riders who want a seamless transition between on and off the bike. Combining classic sneaker styling with the protection of a boot, it features integrated ankle protection and a reinforced toe box. Available in both summer and winter versions, this boot offers multi-functionality without compromising on safety or style.

Features:
<ul><li>CE Certification Rating: 1222</li><li>Integrated ankle protection</li><li>Reinforced toe box</li><li>Classic sneaker-inspired styling</li><li>Hybrid lace and zip closure system</li><li>Available in summer and winter versions</li></ul>"
556-3126041,"The HiTop Moto Sneaker is designed for riders who want a seamless transition between on and off the bike. Combining classic sneaker styling with the protection of a boot, it features integrated ankle protection and a reinforced toe box. Available in both summer and winter versions, this boot offers multi-functionality without compromising on safety or style.

Features:
<ul><li>CE Certification Rating: 1222</li><li>Integrated ankle protection</li><li>Reinforced toe box</li><li>Classic sneaker-inspired styling</li><li>Hybrid lace and zip closure system</li><li>Available in summer and winter versions</li></ul>"
556-3126042,"The HiTop Moto Sneaker is designed for riders who want a seamless transition between on and off the bike. Combining classic sneaker styling with the protection of a boot, it features integrated ankle protection and a reinforced toe box. Available in both summer and winter versions, this boot offers multi-functionality without compromising on safety or style.

Features:
<ul><li>CE Certification Rating: 1222</li><li>Integrated ankle protection</li><li>Reinforced toe box</li><li>Classic sneaker-inspired styling</li><li>Hybrid lace and zip closure system</li><li>Available in summer and winter versions</li></ul>"
556-3183208,"Building on the success of the 2022 Hillberry glove, the Hillberry 2 offers an evolved design that perfectly complements both the Hillberry and Brandish jackets. Crafted from premium aniline waxed leather, it features a bio-elastane integrated soft knuckle protector and motion panels on all fingers for superior flexibility. The double-layer leather palm provides durable abrasion resistance, while perforated fingers enhance ventilation. With embossed logos and a secure hook and loop double wrist closure, this glove balances classic style with modern performance.

Features:
<ul><li>CE Certified to Level 1 KP</li><li>Bio-elastane integrated soft knuckle protector</li><li>Premium aniline waxed leather construction</li><li>Double-layer leather at palm for durability</li><li>Perforated leather on fingers for ventilation</li><li>Pre-curved fingers for ergonomic fit</li><li>Motion panels on all fingers for flexibility</li><li>Hook and loop double wrist closure for secure fit</li><li>Polyester lining with foam padding</li><li>Embossed logos for premium styling</li></ul>"
556-3183209,"Building on the success of the 2022 Hillberry glove, the Hillberry 2 offers an evolved design that perfectly complements both the Hillberry and Brandish jackets. Crafted from premium aniline waxed leather, it features a bio-elastane integrated soft knuckle protector and motion panels on all fingers for superior flexibility. The double-layer leather palm provides durable abrasion resistance, while perforated fingers enhance ventilation. With embossed logos and a secure hook and loop double wrist closure, this glove balances classic style with modern performance.

Features:
<ul><li>CE Certified to Level 1 KP</li><li>Bio-elastane integrated soft knuckle protector</li><li>Premium aniline waxed leather construction</li><li>Double-layer leather at palm for durability</li><li>Perforated leather on fingers for ventilation</li><li>Pre-curved fingers for ergonomic fit</li><li>Motion panels on all fingers for flexibility</li><li>Hook and loop double wrist closure for secure fit</li><li>Polyester lining with foam padding</li><li>Embossed logos for premium styling</li></ul>"
556-3183210,"Building on the success of the 2022 Hillberry glove, the Hillberry 2 offers an evolved design that perfectly complements both the Hillberry and Brandish jackets. Crafted from premium aniline waxed leather, it features a bio-elastane integrated soft knuckle protector and motion panels on all fingers for superior flexibility. The double-layer leather palm provides durable abrasion resistance, while perforated fingers enhance ventilation. With embossed logos and a secure hook and loop double wrist closure, this glove balances classic style with modern performance.

Features:
<ul><li>CE Certified to Level 1 KP</li><li>Bio-elastane integrated soft knuckle protector</li><li>Premium aniline waxed leather construction</li><li>Double-layer leather at palm for durability</li><li>Perforated leather on fingers for ventilation</li><li>Pre-curved fingers for ergonomic fit</li><li>Motion panels on all fingers for flexibility</li><li>Hook and loop double wrist closure for secure fit</li><li>Polyester lining with foam padding</li><li>Embossed logos for premium styling</li></ul>"
556-3183211,"Building on the success of the 2022 Hillberry glove, the Hillberry 2 offers an evolved design that perfectly complements both the Hillberry and Brandish jackets. Crafted from premium aniline waxed leather, it features a bio-elastane integrated soft knuckle protector and motion panels on all fingers for superior flexibility. The double-layer leather palm provides durable abrasion resistance, while perforated fingers enhance ventilation. With embossed logos and a secure hook and loop double wrist closure, this glove balances classic style with modern performance.

Features:
<ul><li>CE Certified to Level 1 KP</li><li>Bio-elastane integrated soft knuckle protector</li><li>Premium aniline waxed leather construction</li><li>Double-layer leather at palm for durability</li><li>Perforated leather on fingers for ventilation</li><li>Pre-curved fingers for ergonomic fit</li><li>Motion panels on all fingers for flexibility</li><li>Hook and loop double wrist closure for secure fit</li><li>Polyester lining with foam padding</li><li>Embossed logos for premium styling</li></ul>"
556-3183212,"Building on the success of the 2022 Hillberry glove, the Hillberry 2 offers an evolved design that perfectly complements both the Hillberry and Brandish jackets. Crafted from premium aniline waxed leather, it features a bio-elastane integrated soft knuckle protector and motion panels on all fingers for superior flexibility. The double-layer leather palm provides durable abrasion resistance, while perforated fingers enhance ventilation. With embossed logos and a secure hook and loop double wrist closure, this glove balances classic style with modern performance.

Features:
<ul><li>CE Certified to Level 1 KP</li><li>Bio-elastane integrated soft knuckle protector</li><li>Premium aniline waxed leather construction</li><li>Double-layer leather at palm for durability</li><li>Perforated leather on fingers for ventilation</li><li>Pre-curved fingers for ergonomic fit</li><li>Motion panels on all fingers for flexibility</li><li>Hook and loop double wrist closure for secure fit</li><li>Polyester lining with foam padding</li><li>Embossed logos for premium styling</li></ul>"
71-7079,"<ul><li>The next evolution of the RAM® Quick-Grip™ series</li><li>Re-designed with a new, sleek look and integrated rubber side arms to provide a secure, no-slip hold on your phone</li><li>Made of high-strength composite for durability and reliability in the most demanding environments</li><li>Center cavity compatible with Apple MagSafe puck; non-slip cover and puck adhesive included</li><li>Comes with optional device tether for open cockpit environments</li><li>Backed by a lifetime warranty</li></ul>"
71-7080,"<ul><li>The next evolution of the RAM® Quick-Grip™ series</li><li>Re-designed with a new, sleek look and integrated rubber side arms to provide a secure, no-slip hold on your phone</li><li>Made of high-strength composite for durability and reliability in the most demanding environments</li><li>Center cavity compatible with Apple MagSafe puck; non-slip cover and puck adhesive included</li><li>Comes with optional device tether for open cockpit environments</li><li>Backed by a lifetime warranty</li></ul>"
71-7081,"<ul><li>The next evolution of the RAM® Quick-Grip™ series</li><li>Re-designed with a new, sleek look and integrated rubber side arms to provide a secure, no-slip hold on your phone</li><li>Made of high-strength composite for durability and reliability in the most demanding environments</li><li>Center cavity compatible with Apple MagSafe puck; non-slip cover and puck adhesive included</li><li>Comes with optional device tether for open cockpit environments</li><li>Backed by a lifetime warranty</li></ul>"
71-7082,"<ul><li>The next evolution of the RAM® Quick-Grip™ series</li><li>Re-designed with a new, sleek look and integrated rubber side arms to provide a secure, no-slip hold on your phone</li><li>Made of high-strength composite for durability and reliability in the most demanding environments</li><li>Center cavity compatible with Apple MagSafe puck; non-slip cover and puck adhesive included</li><li>Comes with optional device tether for open cockpit environments</li><li>Backed by a lifetime warranty</li></ul>"
71-7083,"<ul><li>The next evolution of the RAM® Quick-Grip™ series</li><li>Re-designed with a new, sleek look and integrated rubber side arms to provide a secure, no-slip hold on your phone</li><li>Made of high-strength composite for durability and reliability in the most demanding environments</li><li>Center cavity compatible with Apple MagSafe puck; non-slip cover and puck adhesive included</li><li>Comes with optional device tether for open cockpit environments</li><li>Backed by a lifetime warranty</li></ul>"
71-7084,"<ul><li>The next evolution of the RAM® Quick-Grip™ series</li><li>Re-designed with a new, sleek look and integrated rubber side arms to provide a secure, no-slip hold on your phone</li><li>Made of high-strength composite for durability and reliability in the most demanding environments</li><li>Center cavity compatible with Apple MagSafe puck; non-slip cover and puck adhesive included</li><li>Comes with optional device tether for open cockpit environments</li><li>Backed by a lifetime warranty</li></ul>"
71-7085,"<ul><li>The next evolution of the RAM® Quick-Grip™ series</li><li>Re-designed with a new, sleek look and integrated rubber side arms to provide a secure, no-slip hold on your phone</li><li>Made of high-strength composite for durability and reliability in the most demanding environments</li><li>Center cavity compatible with Apple MagSafe puck; non-slip cover and puck adhesive included</li><li>Comes with optional device tether for open cockpit environments</li><li>Backed by a lifetime warranty</li></ul>"
71-7086,"<ul><li>The next evolution of the RAM® Quick-Grip™ series</li><li>Re-designed with a new, sleek look and integrated rubber side arms to provide a secure, no-slip hold on your phone</li><li>Made of high-strength composite for durability and reliability in the most demanding environments</li><li>Center cavity compatible with Apple MagSafe puck; non-slip cover and puck adhesive included</li><li>Comes with optional device tether for open cockpit environments</li><li>Backed by a lifetime warranty</li></ul>"
71-7087,"<ul><li>The next evolution of the RAM® Quick-Grip™ series</li><li>Re-designed with a new, sleek look and integrated rubber side arms to provide a secure, no-slip hold on your phone</li><li>Made of high-strength composite for durability and reliability in the most demanding environments</li><li>Center cavity compatible with Apple MagSafe puck; non-slip cover and puck adhesive included</li><li>Comes with optional device tether for open cockpit environments</li><li>Backed by a lifetime warranty</li></ul>"
85-0WA0001,"<ul><li>Nozzle</li><li>Tire plugging device</li><li>Probe tool</li><li>Reamer/rasp tool</li><li>Hex wrench</li><li>(15) Mushroom plugs (5/16"" diameter shaft x 3/4"" length stem)</li><li>Retractable razor knife</li><li>Extra zip lock bag</li><li>Laminated instructions</li><li>Vinyl zippered pouch (7.5"" x 3.5"" x 1"")</li><li>Weight: 12 oz.</li></ul>"
71-5079,"Enjoy the ease and convenience of not being bound to your vehicle – the freedom to move without restrictions, like being a spotter for your group. Connectivity follows you, not the other way around. It’s a whole new communicating-while-riding experience

Features:
<ul><li>Sound by JBL 40mm Speakers</li><li>Bluetooth 5.2</li><li>No Cellular coverage needed</li><li>Dynamic Mesh Communication</li><li>Connect up to 15 riders</li><li>Range of up to 1.6km/1mi.</li><li>Full Day Operation</li><li>Wireless Handsfree Intercom</li><li>Sand/Mud/Waterproof</li><li>Operated by Natural Voice</li><li>Air mount</li><li>Over-the-air Updates</li><li>FMF Radio and Music Sharing</li></ul>"
226-0098,<ul><li>16 Watt LED (2000LM - 6000K)</li><li>Mounting up to 1.6 in  (41mm) bars</li><li>3 Different Lighting modes:</li><li>(power on/off to switch different lighting modes)</li><li>1st mode: LED on</li><li>2nd mode: strobe lights</li><li>3rd mode: yellow lights</li><li>Includes:1 ¼ and 1 ½  rubber mounting strips</li></ul>
226-0099,<ul><li>16 Watt LED (2000LM - 6000K)</li><li>Mounting up to 1.6 in  (41mm) bars</li><li>3 Different Lighting modes:</li><li>(power on/off to switch different lighting modes)</li><li>1st mode: LED on</li><li>2nd mode: strobe lights</li><li>3rd mode: yellow lights</li><li>Includes:1 ¼ and 1 ½  rubber mounting strips</li></ul>
874-1224,"<ul><li>Compounds and profiles designed to offer the optimal balance of handling, mileage and ride comfort.</li><li>Both bias-ply and radial applications.</li><li>Optimized tread pattern for high powered American V-Twins with attractive diamond cross deco-groove.</li><li>Get 50% better rear tire wear than the competition.</li><li>Profile designed for easier steering and ride quality for long distance riding.</li></ul>"
874-1225,"<ul><li>Compounds and profiles designed to offer the optimal balance of handling, mileage and ride comfort.</li><li>Both bias-ply and radial applications.</li><li>Optimized tread pattern for high powered American V-Twins with attractive diamond cross deco-groove.</li><li>Get 50% better rear tire wear than the competition.</li><li>Profile designed for easier steering and ride quality for long distance riding.</li></ul>"
874-1227,"<ul><li>Compounds and profiles designed to offer the optimal balance of handling, mileage and ride comfort.</li><li>Both bias-ply and radial applications.</li><li>Optimized tread pattern for high powered American V-Twins with attractive diamond cross deco-groove.</li><li>Get 50% better rear tire wear than the competition.</li><li>Profile designed for easier steering and ride quality for long distance riding.</li></ul>"
874-1228,"<ul><li>Compounds and profiles designed to offer the optimal balance of handling, mileage and ride comfort.</li><li>Both bias-ply and radial applications.</li><li>Optimized tread pattern for high powered American V-Twins with attractive diamond cross deco-groove.</li><li>Get 50% better rear tire wear than the competition.</li><li>Profile designed for easier steering and ride quality for long distance riding.</li></ul>"
874-1229,"<ul><li>Compounds and profiles designed to offer the optimal balance of handling, mileage and ride comfort.</li><li>Both bias-ply and radial applications.</li><li>Optimized tread pattern for high powered American V-Twins with attractive diamond cross deco-groove.</li><li>Get 50% better rear tire wear than the competition.</li><li>Profile designed for easier steering and ride quality for long distance riding.</li></ul>"
874-1234,"<ul><li>Compounds and profiles designed to offer the optimal balance of handling, mileage and ride comfort.</li><li>Both bias-ply and radial applications.</li><li>Optimized tread pattern for high powered American V-Twins with attractive diamond cross deco-groove.</li><li>Get 50% better rear tire wear than the competition.</li><li>Profile designed for easier steering and ride quality for long distance riding.</li></ul>"
874-1235,"<ul><li>Compounds and profiles designed to offer the optimal balance of handling, mileage and ride comfort.</li><li>Both bias-ply and radial applications.</li><li>Optimized tread pattern for high powered American V-Twins with attractive diamond cross deco-groove.</li><li>Get 50% better rear tire wear than the competition.</li><li>Profile designed for easier steering and ride quality for long distance riding.</li></ul>"
874-1236,"<ul><li>Compounds and profiles designed to offer the optimal balance of handling, mileage and ride comfort.</li><li>Both bias-ply and radial applications.</li><li>Optimized tread pattern for high powered American V-Twins with attractive diamond cross deco-groove.</li><li>Get 50% better rear tire wear than the competition.</li><li>Profile designed for easier steering and ride quality for long distance riding.</li></ul>"
874-1237,"<ul><li>Compounds and profiles designed to offer the optimal balance of handling, mileage and ride comfort.</li><li>Both bias-ply and radial applications.</li><li>Optimized tread pattern for high powered American V-Twins with attractive diamond cross deco-groove.</li><li>Get 50% better rear tire wear than the competition.</li><li>Profile designed for easier steering and ride quality for long distance riding.</li></ul>"
874-1238,"<ul><li>Compounds and profiles designed to offer the optimal balance of handling, mileage and ride comfort.</li><li>Both bias-ply and radial applications.</li><li>Optimized tread pattern for high powered American V-Twins with attractive diamond cross deco-groove.</li><li>Get 50% better rear tire wear than the competition.</li><li>Profile designed for easier steering and ride quality for long distance riding.</li></ul>"
874-1239,"<ul><li>Compounds and profiles designed to offer the optimal balance of handling, mileage and ride comfort.</li><li>Both bias-ply and radial applications.</li><li>Optimized tread pattern for high powered American V-Twins with attractive diamond cross deco-groove.</li><li>Get 50% better rear tire wear than the competition.</li><li>Profile designed for easier steering and ride quality for long distance riding.</li></ul>"
874-1244,"<ul><li>Compounds and profiles designed to offer the optimal balance of handling, mileage and ride comfort.</li><li>Both bias-ply and radial applications.</li><li>Optimized tread pattern for high powered American V-Twins with attractive diamond cross deco-groove.</li><li>Get 50% better rear tire wear than the competition.</li><li>Profile designed for easier steering and ride quality for long distance riding.</li></ul>"
874-1245,"<ul><li>Compounds and profiles designed to offer the optimal balance of handling, mileage and ride comfort.</li><li>Both bias-ply and radial applications.</li><li>Optimized tread pattern for high powered American V-Twins with attractive diamond cross deco-groove.</li><li>Get 50% better rear tire wear than the competition.</li><li>Profile designed for easier steering and ride quality for long distance riding.</li></ul>"
874-1246,"<ul><li>Compounds and profiles designed to offer the optimal balance of handling, mileage and ride comfort.</li><li>Both bias-ply and radial applications.</li><li>Optimized tread pattern for high powered American V-Twins with attractive diamond cross deco-groove.</li><li>Get 50% better rear tire wear than the competition.</li><li>Profile designed for easier steering and ride quality for long distance riding.</li></ul>"
874-1247,"<ul><li>Compounds and profiles designed to offer the optimal balance of handling, mileage and ride comfort.</li><li>Both bias-ply and radial applications.</li><li>Optimized tread pattern for high powered American V-Twins with attractive diamond cross deco-groove.</li><li>Get 50% better rear tire wear than the competition.</li><li>Profile designed for easier steering and ride quality for long distance riding.</li></ul>"
26-7014,"<ul><li>Our Goal is to Keep Your Pants Down with function, safety and style</li><li>Many different designs to match the style of both men and women</li><li>Available with two clip version for Laced Boots or single money clip version for Stirrup/Strap boots. Sold in pairs.</li><li>Instructions are printed on the back of each display card</li></ul>"
26-7015,"<ul><li>Our Goal is to Keep Your Pants Down with function, safety and style</li><li>Many different designs to match the style of both men and women</li><li>Available with two clip version for Laced Boots or single money clip version for Stirrup/Strap boots. Sold in pairs.</li><li>Instructions are printed on the back of each display card</li></ul>"
26-7016,"<ul><li>Our Goal is to Keep Your Pants Down with function, safety and style</li><li>Many different designs to match the style of both men and women</li><li>Available with two clip version for Laced Boots or single money clip version for Stirrup/Strap boots. Sold in pairs.</li><li>Instructions are printed on the back of each display card</li></ul>"
26-7017,"<ul><li>Our Goal is to Keep Your Pants Down with function, safety and style</li><li>Many different designs to match the style of both men and women</li><li>Available with two clip version for Laced Boots or single money clip version for Stirrup/Strap boots. Sold in pairs.</li><li>Instructions are printed on the back of each display card</li></ul>"
634-600010,"<ul><li>The set includes the ""Tough Lock"" smartphone mount, CNC machined for high precision, and a shield to protect the smartphone from flying objects while riding and sunlight</li><li>High rigidity to withstand hard riding</li><li>Equipped with our original rubber mounting system ""VA-S"" (Vibration Absorber-System)</li><li>The VA-S system reduces the risk of damage to the smartphone by mitigating the impact of tipping over and vibrations while riding</li><li>Easy one-handed attaching, removal, and locking of the smartphone</li></ul>"
26-7018,"<ul><li>Our Goal is to Keep Your Pants Down with function, safety and style</li><li>Many different designs to match the style of both men and women</li><li>Available with two clip version for Laced Boots or single money clip version for Stirrup/Strap boots. Sold in pairs.</li><li>Instructions are printed on the back of each display card</li></ul>"
634-600030,"<ul><li>The set includes the ""Tough Lock"" smartphone mount, CNC machined for high precision, and a shield to protect the smartphone from flying objects while riding and sunlight</li><li>High rigidity to withstand hard riding</li><li>Equipped with our original rubber mounting system ""VA-S"" (Vibration Absorber-System)</li><li>The VA-S system reduces the risk of damage to the smartphone by mitigating the impact of tipping over and vibrations while riding</li><li>Easy one-handed attaching, removal, and locking of the smartphone</li></ul>"
26-7019,"<ul><li>Our Goal is to Keep Your Pants Down with function, safety and style</li><li>Many different designs to match the style of both men and women</li><li>Available with two clip version for Laced Boots or single money clip version for Stirrup/Strap boots. Sold in pairs.</li><li>Instructions are printed on the back of each display card</li></ul>"
26-7020,"<ul><li>Our Goal is to Keep Your Pants Down with function, safety and style</li><li>Many different designs to match the style of both men and women</li><li>Available with two clip version for Laced Boots or single money clip version for Stirrup/Strap boots. Sold in pairs.</li><li>Instructions are printed on the back of each display card</li></ul>"
26-7067,"<ul><li>Our Goal is to Keep Your Pants Down with function, safety and style</li><li>Many different designs to match the style of both men and women</li><li>Available with two clip version for Laced Boots or single money clip version for Stirrup/Strap boots. Sold in pairs.</li><li>Instructions are printed on the back of each display card</li></ul>"
26-7068,"<ul><li>Our Goal is to Keep Your Pants Down with function, safety and style</li><li>Many different designs to match the style of both men and women</li><li>Available with two clip version for Laced Boots or single money clip version for Stirrup/Strap boots. Sold in pairs.</li><li>Instructions are printed on the back of each display card</li></ul>"
26-7069,"<ul><li>Our Goal is to Keep Your Pants Down with function, safety and style</li><li>Many different designs to match the style of both men and women</li><li>Available with two clip version for Laced Boots or single money clip version for Stirrup/Strap boots. Sold in pairs.</li><li>Instructions are printed on the back of each display card</li></ul>"
26-7070,"<ul><li>Our Goal is to Keep Your Pants Down with function, safety and style</li><li>Many different designs to match the style of both men and women</li><li>Available with two clip version for Laced Boots or single money clip version for Stirrup/Strap boots. Sold in pairs.</li><li>Instructions are printed on the back of each display card</li></ul>"
26-7071,"<ul><li>Our Goal is to Keep Your Pants Down with function, safety and style</li><li>Many different designs to match the style of both men and women</li><li>Available with two clip version for Laced Boots or single money clip version for Stirrup/Strap boots. Sold in pairs.</li><li>Instructions are printed on the back of each display card</li></ul>"
26-7073,"<ul><li>Our Goal is to Keep Your Pants Down with function, safety and style</li><li>Many different designs to match the style of both men and women</li><li>Available with two clip version for Laced Boots or single money clip version for Stirrup/Strap boots. Sold in pairs.</li><li>Instructions are printed on the back of each display card</li></ul>"
26-7113,<ul><li>The Ryder Ball is intended to help keep the rider safe by running off evil road spirits and road demons</li><li>Available in many different designs to match the style of both men and women</li></ul>
26-7114,<ul><li>The Ryder Ball is intended to help keep the rider safe by running off evil road spirits and road demons</li><li>Available in many different designs to match the style of both men and women</li></ul>
26-7115,<ul><li>The Ryder Ball is intended to help keep the rider safe by running off evil road spirits and road demons</li><li>Available in many different designs to match the style of both men and women</li></ul>
26-7116,<ul><li>The Ryder Ball is intended to help keep the rider safe by running off evil road spirits and road demons</li><li>Available in many different designs to match the style of both men and women</li></ul>
26-7117,<ul><li>The Ryder Ball is intended to help keep the rider safe by running off evil road spirits and road demons</li><li>Available in many different designs to match the style of both men and women</li></ul>
26-7118,<ul><li>The Ryder Ball is intended to help keep the rider safe by running off evil road spirits and road demons</li><li>Available in many different designs to match the style of both men and women</li></ul>
26-7119,<ul><li>The Ryder Ball is intended to help keep the rider safe by running off evil road spirits and road demons</li><li>Available in many different designs to match the style of both men and women</li></ul>
28-1361,"<ul><li>Unique to Tuff Jug, this spout is internally vented to provide both fast flow and auto shutoff, all-in-one!</li><li>The internal venting system removes the need for external jug vents that can break or allow fluids to spill out the side of your container.</li><li>The Auto Stop Spout will only work with a Tuff Jug.</li><li>Wide mouth design for easy filling</li><li>Easy to use ergonomic design</li><li>Non-skid bottom</li><li>U.L. classified</li></ul>"
28-1362,"<ul><li>Unique to Tuff Jug, this spout is internally vented to provide both fast flow and auto shutoff, all-in-one!</li><li>The internal venting system removes the need for external jug vents that can break or allow fluids to spill out the side of your container.</li><li>The Auto Stop Spout will only work with a Tuff Jug.</li><li>Wide mouth design for easy filling</li><li>Easy to use ergonomic design</li><li>Non-skid bottom</li><li>U.L. classified</li></ul>"
28-1363,"<ul><li>Unique to Tuff Jug, this spout is internally vented to provide both fast flow and auto shutoff, all-in-one!</li><li>The internal venting system removes the need for external jug vents that can break or allow fluids to spill out the side of your container.</li><li>The Auto Stop Spout will only work with a Tuff Jug.</li><li>Wide mouth design for easy filling</li><li>Easy to use ergonomic design</li><li>Non-skid bottom</li><li>U.L. classified</li></ul>"
28-1371,"<ul><li>Unique to Tuff Jug, this spout is internally vented to provide both fast flow and auto shutoff, all-in-one!</li><li>The internal venting system removes the need for external jug vents that can break or allow fluids to spill out the side of your container.</li><li>The Auto Stop Spout will only work with a Tuff Jug.</li><li>Wide mouth design for easy filling</li><li>Easy to use ergonomic design</li><li>Non-skid bottom</li><li>U.L. classified</li></ul>"
28-1372,"<ul><li>Unique to Tuff Jug, this spout is internally vented to provide both fast flow and auto shutoff, all-in-one!</li><li>The internal venting system removes the need for external jug vents that can break or allow fluids to spill out the side of your container.</li><li>The Auto Stop Spout will only work with a Tuff Jug.</li><li>Wide mouth design for easy filling</li><li>Easy to use ergonomic design</li><li>Non-skid bottom</li><li>U.L. classified</li></ul>"
28-1373,"<ul><li>Unique to Tuff Jug, this spout is internally vented to provide both fast flow and auto shutoff, all-in-one!</li><li>The internal venting system removes the need for external jug vents that can break or allow fluids to spill out the side of your container.</li><li>The Auto Stop Spout will only work with a Tuff Jug.</li><li>Wide mouth design for easy filling</li><li>Easy to use ergonomic design</li><li>Non-skid bottom</li><li>U.L. classified</li></ul>"
59-9086,<ul><li>Helps with starting in all types of engines</li><li>Saves battery draw in extremely cold weather</li></ul>
122-8171,"<ul><li>The ultimate floorboards for any performance bagger build, with unsurpassed styling</li><li>Machined from lightweight yet durable 6061 T6 aluminum</li><li>Floorboards measure 12.75"" long by 4.5"" wide</li><li>Stainless steel cone shaped cleats with flat tops for optimum grip</li><li>Cleats are loctited and replaceable</li></ul>"
226-0104,<ul><li>16 Watt LED (2000LM - 6000K)</li><li>Mounting up to 1.6 in  (41mm) bars</li><li>3 Different Lighting modes:</li><li>(power on/off to switch different lighting modes)</li><li>1st mode: LED on</li><li>2nd mode: strobe lights</li><li>3rd mode: yellow lights</li><li>Includes:1 ¼ and 1 ½  rubber mounting strips</li></ul>
226-0105,<ul><li>16 Watt LED (2000LM - 6000K)</li><li>Mounting up to 1.6 in  (41mm) bars</li><li>3 Different Lighting modes:</li><li>(power on/off to switch different lighting modes)</li><li>1st mode: LED on</li><li>2nd mode: strobe lights</li><li>3rd mode: yellow lights</li><li>Includes:1 ¼ and 1 ½  rubber mounting strips</li></ul>
226-0106,<ul><li>16 Watt LED (2000LM - 6000K)</li><li>Mounting up to 1.6 in  (41mm) bars</li><li>3 Different Lighting modes:</li><li>(power on/off to switch different lighting modes)</li><li>1st mode: LED on</li><li>2nd mode: strobe lights</li><li>3rd mode: yellow lights</li><li>Includes:1 ¼ and 1 ½  rubber mounting strips</li></ul>
226-0107,<ul><li>16 Watt LED (2000LM - 6000K)</li><li>Mounting up to 1.6 in  (41mm) bars</li><li>3 Different Lighting modes:</li><li>(power on/off to switch different lighting modes)</li><li>1st mode: LED on</li><li>2nd mode: strobe lights</li><li>3rd mode: yellow lights</li><li>Includes:1 ¼ and 1 ½  rubber mounting strips</li></ul>
75-50842X,"Engineered for all-weather performance, this waterproof motorcycle jacket features a seam-sealed 15k/10k breathable laminate shell and a double-zippered storm flap closure to keep out rain while maintaining airflow through adjustable large direct core ventilation. Its abrasion-resistant 450D outer shell and backed by breathable Rheon CE Level 1 armor for flexible impact protection. With comfort-focused details like adjustable microfleece lined collar, comfort chin and action back mobility the Optima II is built to comfortably handle long rides in the changing weather.

Features:
<ul><li>Waterproof / Breathable laminate outer seam sealed</li><li>15k/10k waterproof and breathable outershell delivers reliable protection against heavy rain while allowing heat and moisture to escape for all-day riding comfort.</li><li>450D Abrasion resistant outer shell</li><li>Adjustable collar with button closure and stay open look</li><li>Soft Polyester waterproof collar trim with comfort chin</li><li>Comfortable micro fleece interior lining at collar</li><li>Integrated storm flap with double zippered closure</li><li>Direct core 12"" vertical chest vents with stay open holder</li><li>Exterior access phone pocket</li><li>Nylon sleeve adjusters with glove friendly operation</li><li>Expanded cuff gussets with adjustable hook-n-loop closure</li><li>NightViz® Reflective on chest, shoulders, cuffs and back</li><li>Zippered 3D expandable handwarmer pockets with TPU pulls</li><li>Zippered rear direct core exhaust vents</li><li>Reliable, smooth, snag-free YKK® zippers</li><li>Waist adjusters elastic cord with lock</li><li>Breathable/flexible Rheon CE Level 1 armor at shoulders and elbows, back protector pocket for optional Rheon CE armor</li><li>Internal utility storage pockets</li><li>Integrated action-back panels increase rider mobility and comfort while decreasing fatigue</li><li>Removable Full-Sleeve EverHeat® Thermal liner</li><li>8” zipper pant and button loop attachment</li><li>1 Year Warranty</li></ul>"
75-50843X,"Engineered for all-weather performance, this waterproof motorcycle jacket features a seam-sealed 15k/10k breathable laminate shell and a double-zippered storm flap closure to keep out rain while maintaining airflow through adjustable large direct core ventilation. Its abrasion-resistant 450D outer shell and backed by breathable Rheon CE Level 1 armor for flexible impact protection. With comfort-focused details like adjustable microfleece lined collar, comfort chin and action back mobility the Optima II is built to comfortably handle long rides in the changing weather.

Features:
<ul><li>Waterproof / Breathable laminate outer seam sealed</li><li>15k/10k waterproof and breathable outershell delivers reliable protection against heavy rain while allowing heat and moisture to escape for all-day riding comfort.</li><li>450D Abrasion resistant outer shell</li><li>Adjustable collar with button closure and stay open look</li><li>Soft Polyester waterproof collar trim with comfort chin</li><li>Comfortable micro fleece interior lining at collar</li><li>Integrated storm flap with double zippered closure</li><li>Direct core 12"" vertical chest vents with stay open holder</li><li>Exterior access phone pocket</li><li>Nylon sleeve adjusters with glove friendly operation</li><li>Expanded cuff gussets with adjustable hook-n-loop closure</li><li>NightViz® Reflective on chest, shoulders, cuffs and back</li><li>Zippered 3D expandable handwarmer pockets with TPU pulls</li><li>Zippered rear direct core exhaust vents</li><li>Reliable, smooth, snag-free YKK® zippers</li><li>Waist adjusters elastic cord with lock</li><li>Breathable/flexible Rheon CE Level 1 armor at shoulders and elbows, back protector pocket for optional Rheon CE armor</li><li>Internal utility storage pockets</li><li>Integrated action-back panels increase rider mobility and comfort while decreasing fatigue</li><li>Removable Full-Sleeve EverHeat® Thermal liner</li><li>8” zipper pant and button loop attachment</li><li>1 Year Warranty</li></ul>"
75-5084L,"Engineered for all-weather performance, this waterproof motorcycle jacket features a seam-sealed 15k/10k breathable laminate shell and a double-zippered storm flap closure to keep out rain while maintaining airflow through adjustable large direct core ventilation. Its abrasion-resistant 450D outer shell and backed by breathable Rheon CE Level 1 armor for flexible impact protection. With comfort-focused details like adjustable microfleece lined collar, comfort chin and action back mobility the Optima II is built to comfortably handle long rides in the changing weather.

Features:
<ul><li>Waterproof / Breathable laminate outer seam sealed</li><li>15k/10k waterproof and breathable outershell delivers reliable protection against heavy rain while allowing heat and moisture to escape for all-day riding comfort.</li><li>450D Abrasion resistant outer shell</li><li>Adjustable collar with button closure and stay open look</li><li>Soft Polyester waterproof collar trim with comfort chin</li><li>Comfortable micro fleece interior lining at collar</li><li>Integrated storm flap with double zippered closure</li><li>Direct core 12"" vertical chest vents with stay open holder</li><li>Exterior access phone pocket</li><li>Nylon sleeve adjusters with glove friendly operation</li><li>Expanded cuff gussets with adjustable hook-n-loop closure</li><li>NightViz® Reflective on chest, shoulders, cuffs and back</li><li>Zippered 3D expandable handwarmer pockets with TPU pulls</li><li>Zippered rear direct core exhaust vents</li><li>Reliable, smooth, snag-free YKK® zippers</li><li>Waist adjusters elastic cord with lock</li><li>Breathable/flexible Rheon CE Level 1 armor at shoulders and elbows, back protector pocket for optional Rheon CE armor</li><li>Internal utility storage pockets</li><li>Integrated action-back panels increase rider mobility and comfort while decreasing fatigue</li><li>Removable Full-Sleeve EverHeat® Thermal liner</li><li>8” zipper pant and button loop attachment</li><li>1 Year Warranty</li></ul>"
75-5084M,"Engineered for all-weather performance, this waterproof motorcycle jacket features a seam-sealed 15k/10k breathable laminate shell and a double-zippered storm flap closure to keep out rain while maintaining airflow through adjustable large direct core ventilation. Its abrasion-resistant 450D outer shell and backed by breathable Rheon CE Level 1 armor for flexible impact protection. With comfort-focused details like adjustable microfleece lined collar, comfort chin and action back mobility the Optima II is built to comfortably handle long rides in the changing weather.

Features:
<ul><li>Waterproof / Breathable laminate outer seam sealed</li><li>15k/10k waterproof and breathable outershell delivers reliable protection against heavy rain while allowing heat and moisture to escape for all-day riding comfort.</li><li>450D Abrasion resistant outer shell</li><li>Adjustable collar with button closure and stay open look</li><li>Soft Polyester waterproof collar trim with comfort chin</li><li>Comfortable micro fleece interior lining at collar</li><li>Integrated storm flap with double zippered closure</li><li>Direct core 12"" vertical chest vents with stay open holder</li><li>Exterior access phone pocket</li><li>Nylon sleeve adjusters with glove friendly operation</li><li>Expanded cuff gussets with adjustable hook-n-loop closure</li><li>NightViz® Reflective on chest, shoulders, cuffs and back</li><li>Zippered 3D expandable handwarmer pockets with TPU pulls</li><li>Zippered rear direct core exhaust vents</li><li>Reliable, smooth, snag-free YKK® zippers</li><li>Waist adjusters elastic cord with lock</li><li>Breathable/flexible Rheon CE Level 1 armor at shoulders and elbows, back protector pocket for optional Rheon CE armor</li><li>Internal utility storage pockets</li><li>Integrated action-back panels increase rider mobility and comfort while decreasing fatigue</li><li>Removable Full-Sleeve EverHeat® Thermal liner</li><li>8” zipper pant and button loop attachment</li><li>1 Year Warranty</li></ul>"
75-5084S,"Engineered for all-weather performance, this waterproof motorcycle jacket features a seam-sealed 15k/10k breathable laminate shell and a double-zippered storm flap closure to keep out rain while maintaining airflow through adjustable large direct core ventilation. Its abrasion-resistant 450D outer shell and backed by breathable Rheon CE Level 1 armor for flexible impact protection. With comfort-focused details like adjustable microfleece lined collar, comfort chin and action back mobility the Optima II is built to comfortably handle long rides in the changing weather.

Features:
<ul><li>Waterproof / Breathable laminate outer seam sealed</li><li>15k/10k waterproof and breathable outershell delivers reliable protection against heavy rain while allowing heat and moisture to escape for all-day riding comfort.</li><li>450D Abrasion resistant outer shell</li><li>Adjustable collar with button closure and stay open look</li><li>Soft Polyester waterproof collar trim with comfort chin</li><li>Comfortable micro fleece interior lining at collar</li><li>Integrated storm flap with double zippered closure</li><li>Direct core 12"" vertical chest vents with stay open holder</li><li>Exterior access phone pocket</li><li>Nylon sleeve adjusters with glove friendly operation</li><li>Expanded cuff gussets with adjustable hook-n-loop closure</li><li>NightViz® Reflective on chest, shoulders, cuffs and back</li><li>Zippered 3D expandable handwarmer pockets with TPU pulls</li><li>Zippered rear direct core exhaust vents</li><li>Reliable, smooth, snag-free YKK® zippers</li><li>Waist adjusters elastic cord with lock</li><li>Breathable/flexible Rheon CE Level 1 armor at shoulders and elbows, back protector pocket for optional Rheon CE armor</li><li>Internal utility storage pockets</li><li>Integrated action-back panels increase rider mobility and comfort while decreasing fatigue</li><li>Removable Full-Sleeve EverHeat® Thermal liner</li><li>8” zipper pant and button loop attachment</li><li>1 Year Warranty</li></ul>"
75-5084X,"Engineered for all-weather performance, this waterproof motorcycle jacket features a seam-sealed 15k/10k breathable laminate shell and a double-zippered storm flap closure to keep out rain while maintaining airflow through adjustable large direct core ventilation. Its abrasion-resistant 450D outer shell and backed by breathable Rheon CE Level 1 armor for flexible impact protection. With comfort-focused details like adjustable microfleece lined collar, comfort chin and action back mobility the Optima II is built to comfortably handle long rides in the changing weather.

Features:
<ul><li>Waterproof / Breathable laminate outer seam sealed</li><li>15k/10k waterproof and breathable outershell delivers reliable protection against heavy rain while allowing heat and moisture to escape for all-day riding comfort.</li><li>450D Abrasion resistant outer shell</li><li>Adjustable collar with button closure and stay open look</li><li>Soft Polyester waterproof collar trim with comfort chin</li><li>Comfortable micro fleece interior lining at collar</li><li>Integrated storm flap with double zippered closure</li><li>Direct core 12"" vertical chest vents with stay open holder</li><li>Exterior access phone pocket</li><li>Nylon sleeve adjusters with glove friendly operation</li><li>Expanded cuff gussets with adjustable hook-n-loop closure</li><li>NightViz® Reflective on chest, shoulders, cuffs and back</li><li>Zippered 3D expandable handwarmer pockets with TPU pulls</li><li>Zippered rear direct core exhaust vents</li><li>Reliable, smooth, snag-free YKK® zippers</li><li>Waist adjusters elastic cord with lock</li><li>Breathable/flexible Rheon CE Level 1 armor at shoulders and elbows, back protector pocket for optional Rheon CE armor</li><li>Internal utility storage pockets</li><li>Integrated action-back panels increase rider mobility and comfort while decreasing fatigue</li><li>Removable Full-Sleeve EverHeat® Thermal liner</li><li>8” zipper pant and button loop attachment</li><li>1 Year Warranty</li></ul>"
75-50852X,"Engineered for all-weather performance, this waterproof motorcycle jacket features a seam-sealed 15k/10k breathable laminate shell and a double-zippered storm flap closure to keep out rain while maintaining airflow through adjustable large direct core ventilation. Its abrasion-resistant 450D outer shell and backed by breathable Rheon CE Level 1 armor for flexible impact protection. With comfort-focused details like adjustable microfleece lined collar, comfort chin and action back mobility the Optima II is built to comfortably handle long rides in the changing weather.

Features:
<ul><li>Waterproof / Breathable laminate outer seam sealed</li><li>15k/10k waterproof and breathable outershell delivers reliable protection against heavy rain while allowing heat and moisture to escape for all-day riding comfort.</li><li>450D Abrasion resistant outer shell</li><li>Adjustable collar with button closure and stay open look</li><li>Soft Polyester waterproof collar trim with comfort chin</li><li>Comfortable micro fleece interior lining at collar</li><li>Integrated storm flap with double zippered closure</li><li>Direct core 12"" vertical chest vents with stay open holder</li><li>Exterior access phone pocket</li><li>Nylon sleeve adjusters with glove friendly operation</li><li>Expanded cuff gussets with adjustable hook-n-loop closure</li><li>NightViz® Reflective on chest, shoulders, cuffs and back</li><li>Zippered 3D expandable handwarmer pockets with TPU pulls</li><li>Zippered rear direct core exhaust vents</li><li>Reliable, smooth, snag-free YKK® zippers</li><li>Waist adjusters elastic cord with lock</li><li>Breathable/flexible Rheon CE Level 1 armor at shoulders and elbows, back protector pocket for optional Rheon CE armor</li><li>Internal utility storage pockets</li><li>Integrated action-back panels increase rider mobility and comfort while decreasing fatigue</li><li>Removable Full-Sleeve EverHeat® Thermal liner</li><li>8” zipper pant and button loop attachment</li><li>1 Year Warranty</li></ul>"
75-50853X,"Engineered for all-weather performance, this waterproof motorcycle jacket features a seam-sealed 15k/10k breathable laminate shell and a double-zippered storm flap closure to keep out rain while maintaining airflow through adjustable large direct core ventilation. Its abrasion-resistant 450D outer shell and backed by breathable Rheon CE Level 1 armor for flexible impact protection. With comfort-focused details like adjustable microfleece lined collar, comfort chin and action back mobility the Optima II is built to comfortably handle long rides in the changing weather.

Features:
<ul><li>Waterproof / Breathable laminate outer seam sealed</li><li>15k/10k waterproof and breathable outershell delivers reliable protection against heavy rain while allowing heat and moisture to escape for all-day riding comfort.</li><li>450D Abrasion resistant outer shell</li><li>Adjustable collar with button closure and stay open look</li><li>Soft Polyester waterproof collar trim with comfort chin</li><li>Comfortable micro fleece interior lining at collar</li><li>Integrated storm flap with double zippered closure</li><li>Direct core 12"" vertical chest vents with stay open holder</li><li>Exterior access phone pocket</li><li>Nylon sleeve adjusters with glove friendly operation</li><li>Expanded cuff gussets with adjustable hook-n-loop closure</li><li>NightViz® Reflective on chest, shoulders, cuffs and back</li><li>Zippered 3D expandable handwarmer pockets with TPU pulls</li><li>Zippered rear direct core exhaust vents</li><li>Reliable, smooth, snag-free YKK® zippers</li><li>Waist adjusters elastic cord with lock</li><li>Breathable/flexible Rheon CE Level 1 armor at shoulders and elbows, back protector pocket for optional Rheon CE armor</li><li>Internal utility storage pockets</li><li>Integrated action-back panels increase rider mobility and comfort while decreasing fatigue</li><li>Removable Full-Sleeve EverHeat® Thermal liner</li><li>8” zipper pant and button loop attachment</li><li>1 Year Warranty</li></ul>"
75-5085L,"Engineered for all-weather performance, this waterproof motorcycle jacket features a seam-sealed 15k/10k breathable laminate shell and a double-zippered storm flap closure to keep out rain while maintaining airflow through adjustable large direct core ventilation. Its abrasion-resistant 450D outer shell and backed by breathable Rheon CE Level 1 armor for flexible impact protection. With comfort-focused details like adjustable microfleece lined collar, comfort chin and action back mobility the Optima II is built to comfortably handle long rides in the changing weather.

Features:
<ul><li>Waterproof / Breathable laminate outer seam sealed</li><li>15k/10k waterproof and breathable outershell delivers reliable protection against heavy rain while allowing heat and moisture to escape for all-day riding comfort.</li><li>450D Abrasion resistant outer shell</li><li>Adjustable collar with button closure and stay open look</li><li>Soft Polyester waterproof collar trim with comfort chin</li><li>Comfortable micro fleece interior lining at collar</li><li>Integrated storm flap with double zippered closure</li><li>Direct core 12"" vertical chest vents with stay open holder</li><li>Exterior access phone pocket</li><li>Nylon sleeve adjusters with glove friendly operation</li><li>Expanded cuff gussets with adjustable hook-n-loop closure</li><li>NightViz® Reflective on chest, shoulders, cuffs and back</li><li>Zippered 3D expandable handwarmer pockets with TPU pulls</li><li>Zippered rear direct core exhaust vents</li><li>Reliable, smooth, snag-free YKK® zippers</li><li>Waist adjusters elastic cord with lock</li><li>Breathable/flexible Rheon CE Level 1 armor at shoulders and elbows, back protector pocket for optional Rheon CE armor</li><li>Internal utility storage pockets</li><li>Integrated action-back panels increase rider mobility and comfort while decreasing fatigue</li><li>Removable Full-Sleeve EverHeat® Thermal liner</li><li>8” zipper pant and button loop attachment</li><li>1 Year Warranty</li></ul>"
75-5085M,"Engineered for all-weather performance, this waterproof motorcycle jacket features a seam-sealed 15k/10k breathable laminate shell and a double-zippered storm flap closure to keep out rain while maintaining airflow through adjustable large direct core ventilation. Its abrasion-resistant 450D outer shell and backed by breathable Rheon CE Level 1 armor for flexible impact protection. With comfort-focused details like adjustable microfleece lined collar, comfort chin and action back mobility the Optima II is built to comfortably handle long rides in the changing weather.

Features:
<ul><li>Waterproof / Breathable laminate outer seam sealed</li><li>15k/10k waterproof and breathable outershell delivers reliable protection against heavy rain while allowing heat and moisture to escape for all-day riding comfort.</li><li>450D Abrasion resistant outer shell</li><li>Adjustable collar with button closure and stay open look</li><li>Soft Polyester waterproof collar trim with comfort chin</li><li>Comfortable micro fleece interior lining at collar</li><li>Integrated storm flap with double zippered closure</li><li>Direct core 12"" vertical chest vents with stay open holder</li><li>Exterior access phone pocket</li><li>Nylon sleeve adjusters with glove friendly operation</li><li>Expanded cuff gussets with adjustable hook-n-loop closure</li><li>NightViz® Reflective on chest, shoulders, cuffs and back</li><li>Zippered 3D expandable handwarmer pockets with TPU pulls</li><li>Zippered rear direct core exhaust vents</li><li>Reliable, smooth, snag-free YKK® zippers</li><li>Waist adjusters elastic cord with lock</li><li>Breathable/flexible Rheon CE Level 1 armor at shoulders and elbows, back protector pocket for optional Rheon CE armor</li><li>Internal utility storage pockets</li><li>Integrated action-back panels increase rider mobility and comfort while decreasing fatigue</li><li>Removable Full-Sleeve EverHeat® Thermal liner</li><li>8” zipper pant and button loop attachment</li><li>1 Year Warranty</li></ul>"
75-5085S,"Engineered for all-weather performance, this waterproof motorcycle jacket features a seam-sealed 15k/10k breathable laminate shell and a double-zippered storm flap closure to keep out rain while maintaining airflow through adjustable large direct core ventilation. Its abrasion-resistant 450D outer shell and backed by breathable Rheon CE Level 1 armor for flexible impact protection. With comfort-focused details like adjustable microfleece lined collar, comfort chin and action back mobility the Optima II is built to comfortably handle long rides in the changing weather.

Features:
<ul><li>Waterproof / Breathable laminate outer seam sealed</li><li>15k/10k waterproof and breathable outershell delivers reliable protection against heavy rain while allowing heat and moisture to escape for all-day riding comfort.</li><li>450D Abrasion resistant outer shell</li><li>Adjustable collar with button closure and stay open look</li><li>Soft Polyester waterproof collar trim with comfort chin</li><li>Comfortable micro fleece interior lining at collar</li><li>Integrated storm flap with double zippered closure</li><li>Direct core 12"" vertical chest vents with stay open holder</li><li>Exterior access phone pocket</li><li>Nylon sleeve adjusters with glove friendly operation</li><li>Expanded cuff gussets with adjustable hook-n-loop closure</li><li>NightViz® Reflective on chest, shoulders, cuffs and back</li><li>Zippered 3D expandable handwarmer pockets with TPU pulls</li><li>Zippered rear direct core exhaust vents</li><li>Reliable, smooth, snag-free YKK® zippers</li><li>Waist adjusters elastic cord with lock</li><li>Breathable/flexible Rheon CE Level 1 armor at shoulders and elbows, back protector pocket for optional Rheon CE armor</li><li>Internal utility storage pockets</li><li>Integrated action-back panels increase rider mobility and comfort while decreasing fatigue</li><li>Removable Full-Sleeve EverHeat® Thermal liner</li><li>8” zipper pant and button loop attachment</li><li>1 Year Warranty</li></ul>"
75-5085X,"Engineered for all-weather performance, this waterproof motorcycle jacket features a seam-sealed 15k/10k breathable laminate shell and a double-zippered storm flap closure to keep out rain while maintaining airflow through adjustable large direct core ventilation. Its abrasion-resistant 450D outer shell and backed by breathable Rheon CE Level 1 armor for flexible impact protection. With comfort-focused details like adjustable microfleece lined collar, comfort chin and action back mobility the Optima II is built to comfortably handle long rides in the changing weather.

Features:
<ul><li>Waterproof / Breathable laminate outer seam sealed</li><li>15k/10k waterproof and breathable outershell delivers reliable protection against heavy rain while allowing heat and moisture to escape for all-day riding comfort.</li><li>450D Abrasion resistant outer shell</li><li>Adjustable collar with button closure and stay open look</li><li>Soft Polyester waterproof collar trim with comfort chin</li><li>Comfortable micro fleece interior lining at collar</li><li>Integrated storm flap with double zippered closure</li><li>Direct core 12"" vertical chest vents with stay open holder</li><li>Exterior access phone pocket</li><li>Nylon sleeve adjusters with glove friendly operation</li><li>Expanded cuff gussets with adjustable hook-n-loop closure</li><li>NightViz® Reflective on chest, shoulders, cuffs and back</li><li>Zippered 3D expandable handwarmer pockets with TPU pulls</li><li>Zippered rear direct core exhaust vents</li><li>Reliable, smooth, snag-free YKK® zippers</li><li>Waist adjusters elastic cord with lock</li><li>Breathable/flexible Rheon CE Level 1 armor at shoulders and elbows, back protector pocket for optional Rheon CE armor</li><li>Internal utility storage pockets</li><li>Integrated action-back panels increase rider mobility and comfort while decreasing fatigue</li><li>Removable Full-Sleeve EverHeat® Thermal liner</li><li>8” zipper pant and button loop attachment</li><li>1 Year Warranty</li></ul>"
75-50862X,"Engineered for all-weather performance, this waterproof motorcycle jacket features a seam-sealed 15k/10k breathable laminate shell and a double-zippered storm flap closure to keep out rain while maintaining airflow through adjustable large direct core ventilation. Its abrasion-resistant 450D outer shell and backed by breathable Rheon CE Level 1 armor for flexible impact protection. With comfort-focused details like adjustable microfleece lined collar, comfort chin and action back mobility the Optima II is built to comfortably handle long rides in the changing weather.

Features:
<ul><li>Waterproof / Breathable laminate outer seam sealed</li><li>15k/10k waterproof and breathable outershell delivers reliable protection against heavy rain while allowing heat and moisture to escape for all-day riding comfort.</li><li>450D Abrasion resistant outer shell</li><li>Adjustable collar with button closure and stay open look</li><li>Soft Polyester waterproof collar trim with comfort chin</li><li>Comfortable micro fleece interior lining at collar</li><li>Integrated storm flap with double zippered closure</li><li>Direct core 12"" vertical chest vents with stay open holder</li><li>Exterior access phone pocket</li><li>Nylon sleeve adjusters with glove friendly operation</li><li>Expanded cuff gussets with adjustable hook-n-loop closure</li><li>NightViz® Reflective on chest, shoulders, cuffs and back</li><li>Zippered 3D expandable handwarmer pockets with TPU pulls</li><li>Zippered rear direct core exhaust vents</li><li>Reliable, smooth, snag-free YKK® zippers</li><li>Waist adjusters elastic cord with lock</li><li>Breathable/flexible Rheon CE Level 1 armor at shoulders and elbows, back protector pocket for optional Rheon CE armor</li><li>Internal utility storage pockets</li><li>Integrated action-back panels increase rider mobility and comfort while decreasing fatigue</li><li>Removable Full-Sleeve EverHeat® Thermal liner</li><li>8” zipper pant and button loop attachment</li><li>1 Year Warranty</li></ul>"
75-50863X,"Engineered for all-weather performance, this waterproof motorcycle jacket features a seam-sealed 15k/10k breathable laminate shell and a double-zippered storm flap closure to keep out rain while maintaining airflow through adjustable large direct core ventilation. Its abrasion-resistant 450D outer shell and backed by breathable Rheon CE Level 1 armor for flexible impact protection. With comfort-focused details like adjustable microfleece lined collar, comfort chin and action back mobility the Optima II is built to comfortably handle long rides in the changing weather.

Features:
<ul><li>Waterproof / Breathable laminate outer seam sealed</li><li>15k/10k waterproof and breathable outershell delivers reliable protection against heavy rain while allowing heat and moisture to escape for all-day riding comfort.</li><li>450D Abrasion resistant outer shell</li><li>Adjustable collar with button closure and stay open look</li><li>Soft Polyester waterproof collar trim with comfort chin</li><li>Comfortable micro fleece interior lining at collar</li><li>Integrated storm flap with double zippered closure</li><li>Direct core 12"" vertical chest vents with stay open holder</li><li>Exterior access phone pocket</li><li>Nylon sleeve adjusters with glove friendly operation</li><li>Expanded cuff gussets with adjustable hook-n-loop closure</li><li>NightViz® Reflective on chest, shoulders, cuffs and back</li><li>Zippered 3D expandable handwarmer pockets with TPU pulls</li><li>Zippered rear direct core exhaust vents</li><li>Reliable, smooth, snag-free YKK® zippers</li><li>Waist adjusters elastic cord with lock</li><li>Breathable/flexible Rheon CE Level 1 armor at shoulders and elbows, back protector pocket for optional Rheon CE armor</li><li>Internal utility storage pockets</li><li>Integrated action-back panels increase rider mobility and comfort while decreasing fatigue</li><li>Removable Full-Sleeve EverHeat® Thermal liner</li><li>8” zipper pant and button loop attachment</li><li>1 Year Warranty</li></ul>"
75-5086L,"Engineered for all-weather performance, this waterproof motorcycle jacket features a seam-sealed 15k/10k breathable laminate shell and a double-zippered storm flap closure to keep out rain while maintaining airflow through adjustable large direct core ventilation. Its abrasion-resistant 450D outer shell and backed by breathable Rheon CE Level 1 armor for flexible impact protection. With comfort-focused details like adjustable microfleece lined collar, comfort chin and action back mobility the Optima II is built to comfortably handle long rides in the changing weather.

Features:
<ul><li>Waterproof / Breathable laminate outer seam sealed</li><li>15k/10k waterproof and breathable outershell delivers reliable protection against heavy rain while allowing heat and moisture to escape for all-day riding comfort.</li><li>450D Abrasion resistant outer shell</li><li>Adjustable collar with button closure and stay open look</li><li>Soft Polyester waterproof collar trim with comfort chin</li><li>Comfortable micro fleece interior lining at collar</li><li>Integrated storm flap with double zippered closure</li><li>Direct core 12"" vertical chest vents with stay open holder</li><li>Exterior access phone pocket</li><li>Nylon sleeve adjusters with glove friendly operation</li><li>Expanded cuff gussets with adjustable hook-n-loop closure</li><li>NightViz® Reflective on chest, shoulders, cuffs and back</li><li>Zippered 3D expandable handwarmer pockets with TPU pulls</li><li>Zippered rear direct core exhaust vents</li><li>Reliable, smooth, snag-free YKK® zippers</li><li>Waist adjusters elastic cord with lock</li><li>Breathable/flexible Rheon CE Level 1 armor at shoulders and elbows, back protector pocket for optional Rheon CE armor</li><li>Internal utility storage pockets</li><li>Integrated action-back panels increase rider mobility and comfort while decreasing fatigue</li><li>Removable Full-Sleeve EverHeat® Thermal liner</li><li>8” zipper pant and button loop attachment</li><li>1 Year Warranty</li></ul>"
75-5086M,"Engineered for all-weather performance, this waterproof motorcycle jacket features a seam-sealed 15k/10k breathable laminate shell and a double-zippered storm flap closure to keep out rain while maintaining airflow through adjustable large direct core ventilation. Its abrasion-resistant 450D outer shell and backed by breathable Rheon CE Level 1 armor for flexible impact protection. With comfort-focused details like adjustable microfleece lined collar, comfort chin and action back mobility the Optima II is built to comfortably handle long rides in the changing weather.

Features:
<ul><li>Waterproof / Breathable laminate outer seam sealed</li><li>15k/10k waterproof and breathable outershell delivers reliable protection against heavy rain while allowing heat and moisture to escape for all-day riding comfort.</li><li>450D Abrasion resistant outer shell</li><li>Adjustable collar with button closure and stay open look</li><li>Soft Polyester waterproof collar trim with comfort chin</li><li>Comfortable micro fleece interior lining at collar</li><li>Integrated storm flap with double zippered closure</li><li>Direct core 12"" vertical chest vents with stay open holder</li><li>Exterior access phone pocket</li><li>Nylon sleeve adjusters with glove friendly operation</li><li>Expanded cuff gussets with adjustable hook-n-loop closure</li><li>NightViz® Reflective on chest, shoulders, cuffs and back</li><li>Zippered 3D expandable handwarmer pockets with TPU pulls</li><li>Zippered rear direct core exhaust vents</li><li>Reliable, smooth, snag-free YKK® zippers</li><li>Waist adjusters elastic cord with lock</li><li>Breathable/flexible Rheon CE Level 1 armor at shoulders and elbows, back protector pocket for optional Rheon CE armor</li><li>Internal utility storage pockets</li><li>Integrated action-back panels increase rider mobility and comfort while decreasing fatigue</li><li>Removable Full-Sleeve EverHeat® Thermal liner</li><li>8” zipper pant and button loop attachment</li><li>1 Year Warranty</li></ul>"
75-5086S,"Engineered for all-weather performance, this waterproof motorcycle jacket features a seam-sealed 15k/10k breathable laminate shell and a double-zippered storm flap closure to keep out rain while maintaining airflow through adjustable large direct core ventilation. Its abrasion-resistant 450D outer shell and backed by breathable Rheon CE Level 1 armor for flexible impact protection. With comfort-focused details like adjustable microfleece lined collar, comfort chin and action back mobility the Optima II is built to comfortably handle long rides in the changing weather.

Features:
<ul><li>Waterproof / Breathable laminate outer seam sealed</li><li>15k/10k waterproof and breathable outershell delivers reliable protection against heavy rain while allowing heat and moisture to escape for all-day riding comfort.</li><li>450D Abrasion resistant outer shell</li><li>Adjustable collar with button closure and stay open look</li><li>Soft Polyester waterproof collar trim with comfort chin</li><li>Comfortable micro fleece interior lining at collar</li><li>Integrated storm flap with double zippered closure</li><li>Direct core 12"" vertical chest vents with stay open holder</li><li>Exterior access phone pocket</li><li>Nylon sleeve adjusters with glove friendly operation</li><li>Expanded cuff gussets with adjustable hook-n-loop closure</li><li>NightViz® Reflective on chest, shoulders, cuffs and back</li><li>Zippered 3D expandable handwarmer pockets with TPU pulls</li><li>Zippered rear direct core exhaust vents</li><li>Reliable, smooth, snag-free YKK® zippers</li><li>Waist adjusters elastic cord with lock</li><li>Breathable/flexible Rheon CE Level 1 armor at shoulders and elbows, back protector pocket for optional Rheon CE armor</li><li>Internal utility storage pockets</li><li>Integrated action-back panels increase rider mobility and comfort while decreasing fatigue</li><li>Removable Full-Sleeve EverHeat® Thermal liner</li><li>8” zipper pant and button loop attachment</li><li>1 Year Warranty</li></ul>"
75-5086X,"Engineered for all-weather performance, this waterproof motorcycle jacket features a seam-sealed 15k/10k breathable laminate shell and a double-zippered storm flap closure to keep out rain while maintaining airflow through adjustable large direct core ventilation. Its abrasion-resistant 450D outer shell and backed by breathable Rheon CE Level 1 armor for flexible impact protection. With comfort-focused details like adjustable microfleece lined collar, comfort chin and action back mobility the Optima II is built to comfortably handle long rides in the changing weather.

Features:
<ul><li>Waterproof / Breathable laminate outer seam sealed</li><li>15k/10k waterproof and breathable outershell delivers reliable protection against heavy rain while allowing heat and moisture to escape for all-day riding comfort.</li><li>450D Abrasion resistant outer shell</li><li>Adjustable collar with button closure and stay open look</li><li>Soft Polyester waterproof collar trim with comfort chin</li><li>Comfortable micro fleece interior lining at collar</li><li>Integrated storm flap with double zippered closure</li><li>Direct core 12"" vertical chest vents with stay open holder</li><li>Exterior access phone pocket</li><li>Nylon sleeve adjusters with glove friendly operation</li><li>Expanded cuff gussets with adjustable hook-n-loop closure</li><li>NightViz® Reflective on chest, shoulders, cuffs and back</li><li>Zippered 3D expandable handwarmer pockets with TPU pulls</li><li>Zippered rear direct core exhaust vents</li><li>Reliable, smooth, snag-free YKK® zippers</li><li>Waist adjusters elastic cord with lock</li><li>Breathable/flexible Rheon CE Level 1 armor at shoulders and elbows, back protector pocket for optional Rheon CE armor</li><li>Internal utility storage pockets</li><li>Integrated action-back panels increase rider mobility and comfort while decreasing fatigue</li><li>Removable Full-Sleeve EverHeat® Thermal liner</li><li>8” zipper pant and button loop attachment</li><li>1 Year Warranty</li></ul>"
75-90932X,"<ul><li>Integrated 600D polyester reinforcements at key impact points (shoulders, elbows, and lower back)</li><li>Abrasion resistant chassis 2-ply ballistic polyester mesh outer shell</li><li>Large hole mesh panels for improved airflow</li><li>Low profile, neoprene finished collar provides maximum rider mobility and comfort</li><li>Breathable/flexible Rheon CE Level 1 armor at shoulders and elbows, back protector pocket for optional Rheon CE armor</li><li>4 pockets: 1 Exterior Phone pocket, 2 hand warmer pockets, 1 internal utility pocket</li><li>Zippered cuffs</li><li>Dark Reflective rear logo</li><li>Multi-point adjustments at the hips, and biceps</li><li>Integrated action-back panels increase rider mobility and comfort while decreasing fatigue</li><li>Reliable, smooth, snag-free YKK® zippers</li><li>Forearm and waist adjustability for optimal fit</li><li>Button belt loop for pant attachment</li><li>Removable, full-sleeve, zip-in 100% Waterproof liner</li><li>1 Year Warranty</li></ul>"
75-90933X,"<ul><li>Integrated 600D polyester reinforcements at key impact points (shoulders, elbows, and lower back)</li><li>Abrasion resistant chassis 2-ply ballistic polyester mesh outer shell</li><li>Large hole mesh panels for improved airflow</li><li>Low profile, neoprene finished collar provides maximum rider mobility and comfort</li><li>Breathable/flexible Rheon CE Level 1 armor at shoulders and elbows, back protector pocket for optional Rheon CE armor</li><li>4 pockets: 1 Exterior Phone pocket, 2 hand warmer pockets, 1 internal utility pocket</li><li>Zippered cuffs</li><li>Dark Reflective rear logo</li><li>Multi-point adjustments at the hips, and biceps</li><li>Integrated action-back panels increase rider mobility and comfort while decreasing fatigue</li><li>Reliable, smooth, snag-free YKK® zippers</li><li>Forearm and waist adjustability for optimal fit</li><li>Button belt loop for pant attachment</li><li>Removable, full-sleeve, zip-in 100% Waterproof liner</li><li>1 Year Warranty</li></ul>"
75-9093L,"<ul><li>Integrated 600D polyester reinforcements at key impact points (shoulders, elbows, and lower back)</li><li>Abrasion resistant chassis 2-ply ballistic polyester mesh outer shell</li><li>Large hole mesh panels for improved airflow</li><li>Low profile, neoprene finished collar provides maximum rider mobility and comfort</li><li>Breathable/flexible Rheon CE Level 1 armor at shoulders and elbows, back protector pocket for optional Rheon CE armor</li><li>4 pockets: 1 Exterior Phone pocket, 2 hand warmer pockets, 1 internal utility pocket</li><li>Zippered cuffs</li><li>Dark Reflective rear logo</li><li>Multi-point adjustments at the hips, and biceps</li><li>Integrated action-back panels increase rider mobility and comfort while decreasing fatigue</li><li>Reliable, smooth, snag-free YKK® zippers</li><li>Forearm and waist adjustability for optimal fit</li><li>Button belt loop for pant attachment</li><li>Removable, full-sleeve, zip-in 100% Waterproof liner</li><li>1 Year Warranty</li></ul>"
75-9093X,"<ul><li>Integrated 600D polyester reinforcements at key impact points (shoulders, elbows, and lower back)</li><li>Abrasion resistant chassis 2-ply ballistic polyester mesh outer shell</li><li>Large hole mesh panels for improved airflow</li><li>Low profile, neoprene finished collar provides maximum rider mobility and comfort</li><li>Breathable/flexible Rheon CE Level 1 armor at shoulders and elbows, back protector pocket for optional Rheon CE armor</li><li>4 pockets: 1 Exterior Phone pocket, 2 hand warmer pockets, 1 internal utility pocket</li><li>Zippered cuffs</li><li>Dark Reflective rear logo</li><li>Multi-point adjustments at the hips, and biceps</li><li>Integrated action-back panels increase rider mobility and comfort while decreasing fatigue</li><li>Reliable, smooth, snag-free YKK® zippers</li><li>Forearm and waist adjustability for optimal fit</li><li>Button belt loop for pant attachment</li><li>Removable, full-sleeve, zip-in 100% Waterproof liner</li><li>1 Year Warranty</li></ul>"
75-90942X,"<ul><li>Integrated 600D polyester reinforcements at key impact points (shoulders, elbows, and lower back)</li><li>Abrasion resistant chassis 2-ply ballistic polyester mesh outer shell</li><li>Large hole mesh panels for improved airflow</li><li>Low profile, neoprene finished collar provides maximum rider mobility and comfort</li><li>Breathable/flexible Rheon CE Level 1 armor at shoulders and elbows, back protector pocket for optional Rheon CE armor</li><li>4 pockets: 1 Exterior Phone pocket, 2 hand warmer pockets, 1 internal utility pocket</li><li>Zippered cuffs</li><li>Dark Reflective rear logo</li><li>Multi-point adjustments at the hips, and biceps</li><li>Integrated action-back panels increase rider mobility and comfort while decreasing fatigue</li><li>Reliable, smooth, snag-free YKK® zippers</li><li>Forearm and waist adjustability for optimal fit</li><li>Button belt loop for pant attachment</li><li>Removable, full-sleeve, zip-in 100% Waterproof liner</li><li>1 Year Warranty</li></ul>"
75-90943X,"<ul><li>Integrated 600D polyester reinforcements at key impact points (shoulders, elbows, and lower back)</li><li>Abrasion resistant chassis 2-ply ballistic polyester mesh outer shell</li><li>Large hole mesh panels for improved airflow</li><li>Low profile, neoprene finished collar provides maximum rider mobility and comfort</li><li>Breathable/flexible Rheon CE Level 1 armor at shoulders and elbows, back protector pocket for optional Rheon CE armor</li><li>4 pockets: 1 Exterior Phone pocket, 2 hand warmer pockets, 1 internal utility pocket</li><li>Zippered cuffs</li><li>Dark Reflective rear logo</li><li>Multi-point adjustments at the hips, and biceps</li><li>Integrated action-back panels increase rider mobility and comfort while decreasing fatigue</li><li>Reliable, smooth, snag-free YKK® zippers</li><li>Forearm and waist adjustability for optimal fit</li><li>Button belt loop for pant attachment</li><li>Removable, full-sleeve, zip-in 100% Waterproof liner</li><li>1 Year Warranty</li></ul>"
75-9094L,"<ul><li>Integrated 600D polyester reinforcements at key impact points (shoulders, elbows, and lower back)</li><li>Abrasion resistant chassis 2-ply ballistic polyester mesh outer shell</li><li>Large hole mesh panels for improved airflow</li><li>Low profile, neoprene finished collar provides maximum rider mobility and comfort</li><li>Breathable/flexible Rheon CE Level 1 armor at shoulders and elbows, back protector pocket for optional Rheon CE armor</li><li>4 pockets: 1 Exterior Phone pocket, 2 hand warmer pockets, 1 internal utility pocket</li><li>Zippered cuffs</li><li>Dark Reflective rear logo</li><li>Multi-point adjustments at the hips, and biceps</li><li>Integrated action-back panels increase rider mobility and comfort while decreasing fatigue</li><li>Reliable, smooth, snag-free YKK® zippers</li><li>Forearm and waist adjustability for optimal fit</li><li>Button belt loop for pant attachment</li><li>Removable, full-sleeve, zip-in 100% Waterproof liner</li><li>1 Year Warranty</li></ul>"
75-9094X,"<ul><li>Integrated 600D polyester reinforcements at key impact points (shoulders, elbows, and lower back)</li><li>Abrasion resistant chassis 2-ply ballistic polyester mesh outer shell</li><li>Large hole mesh panels for improved airflow</li><li>Low profile, neoprene finished collar provides maximum rider mobility and comfort</li><li>Breathable/flexible Rheon CE Level 1 armor at shoulders and elbows, back protector pocket for optional Rheon CE armor</li><li>4 pockets: 1 Exterior Phone pocket, 2 hand warmer pockets, 1 internal utility pocket</li><li>Zippered cuffs</li><li>Dark Reflective rear logo</li><li>Multi-point adjustments at the hips, and biceps</li><li>Integrated action-back panels increase rider mobility and comfort while decreasing fatigue</li><li>Reliable, smooth, snag-free YKK® zippers</li><li>Forearm and waist adjustability for optimal fit</li><li>Button belt loop for pant attachment</li><li>Removable, full-sleeve, zip-in 100% Waterproof liner</li><li>1 Year Warranty</li></ul>"
75-90952X,"<ul><li>Integrated 600D polyester reinforcements at key impact points (shoulders, elbows, and lower back)</li><li>Abrasion resistant chassis 2-ply ballistic polyester mesh outer shell</li><li>Large hole mesh panels for improved airflow</li><li>Low profile, neoprene finished collar provides maximum rider mobility and comfort</li><li>Breathable/flexible Rheon CE Level 1 armor at shoulders and elbows, back protector pocket for optional Rheon CE armor</li><li>4 pockets: 1 Exterior Phone pocket, 2 hand warmer pockets, 1 internal utility pocket</li><li>Zippered cuffs</li><li>Dark Reflective rear logo</li><li>Multi-point adjustments at the hips, and biceps</li><li>Integrated action-back panels increase rider mobility and comfort while decreasing fatigue</li><li>Reliable, smooth, snag-free YKK® zippers</li><li>Forearm and waist adjustability for optimal fit</li><li>Button belt loop for pant attachment</li><li>Removable, full-sleeve, zip-in 100% Waterproof liner</li><li>1 Year Warranty</li></ul>"
75-90953X,"<ul><li>Integrated 600D polyester reinforcements at key impact points (shoulders, elbows, and lower back)</li><li>Abrasion resistant chassis 2-ply ballistic polyester mesh outer shell</li><li>Large hole mesh panels for improved airflow</li><li>Low profile, neoprene finished collar provides maximum rider mobility and comfort</li><li>Breathable/flexible Rheon CE Level 1 armor at shoulders and elbows, back protector pocket for optional Rheon CE armor</li><li>4 pockets: 1 Exterior Phone pocket, 2 hand warmer pockets, 1 internal utility pocket</li><li>Zippered cuffs</li><li>Dark Reflective rear logo</li><li>Multi-point adjustments at the hips, and biceps</li><li>Integrated action-back panels increase rider mobility and comfort while decreasing fatigue</li><li>Reliable, smooth, snag-free YKK® zippers</li><li>Forearm and waist adjustability for optimal fit</li><li>Button belt loop for pant attachment</li><li>Removable, full-sleeve, zip-in 100% Waterproof liner</li><li>1 Year Warranty</li></ul>"
75-9095L,"<ul><li>Integrated 600D polyester reinforcements at key impact points (shoulders, elbows, and lower back)</li><li>Abrasion resistant chassis 2-ply ballistic polyester mesh outer shell</li><li>Large hole mesh panels for improved airflow</li><li>Low profile, neoprene finished collar provides maximum rider mobility and comfort</li><li>Breathable/flexible Rheon CE Level 1 armor at shoulders and elbows, back protector pocket for optional Rheon CE armor</li><li>4 pockets: 1 Exterior Phone pocket, 2 hand warmer pockets, 1 internal utility pocket</li><li>Zippered cuffs</li><li>Dark Reflective rear logo</li><li>Multi-point adjustments at the hips, and biceps</li><li>Integrated action-back panels increase rider mobility and comfort while decreasing fatigue</li><li>Reliable, smooth, snag-free YKK® zippers</li><li>Forearm and waist adjustability for optimal fit</li><li>Button belt loop for pant attachment</li><li>Removable, full-sleeve, zip-in 100% Waterproof liner</li><li>1 Year Warranty</li></ul>"
75-9095X,"<ul><li>Integrated 600D polyester reinforcements at key impact points (shoulders, elbows, and lower back)</li><li>Abrasion resistant chassis 2-ply ballistic polyester mesh outer shell</li><li>Large hole mesh panels for improved airflow</li><li>Low profile, neoprene finished collar provides maximum rider mobility and comfort</li><li>Breathable/flexible Rheon CE Level 1 armor at shoulders and elbows, back protector pocket for optional Rheon CE armor</li><li>4 pockets: 1 Exterior Phone pocket, 2 hand warmer pockets, 1 internal utility pocket</li><li>Zippered cuffs</li><li>Dark Reflective rear logo</li><li>Multi-point adjustments at the hips, and biceps</li><li>Integrated action-back panels increase rider mobility and comfort while decreasing fatigue</li><li>Reliable, smooth, snag-free YKK® zippers</li><li>Forearm and waist adjustability for optimal fit</li><li>Button belt loop for pant attachment</li><li>Removable, full-sleeve, zip-in 100% Waterproof liner</li><li>1 Year Warranty</li></ul>"
194-52693,"<ul><li>Fully compatible with MagSafe®</li><li>40% thinner, lighter, impact resistant and maximum protection</li><li>Fast magnetic attachment</li><li>Lightning-fast mounting on all SP ConnectTM mounts</li><li>Wireless charging</li><li>Included in the box: 1 × Phone Case SPC+, 1 × SPC Adapter, 1 × Tool SPC+</li></ul>"
194-52694,"<ul><li>Fully compatible with MagSafe®</li><li>40% thinner, lighter, impact resistant and maximum protection</li><li>Fast magnetic attachment</li><li>Lightning-fast mounting on all SP ConnectTM mounts</li><li>Wireless charging</li><li>Included in the box: 1 × Phone Case SPC+, 1 × SPC Adapter, 1 × Tool SPC+</li></ul>"
194-52695,"<ul><li>Fully compatible with MagSafe®</li><li>40% thinner, lighter, impact resistant and maximum protection</li><li>Fast magnetic attachment</li><li>Lightning-fast mounting on all SP ConnectTM mounts</li><li>Wireless charging</li><li>Included in the box: 1 × Phone Case SPC+, 1 × SPC Adapter, 1 × Tool SPC+</li></ul>"
194-52696,"<ul><li>Fully compatible with MagSafe®</li><li>40% thinner, lighter, impact resistant and maximum protection</li><li>Fast magnetic attachment</li><li>Lightning-fast mounting on all SP ConnectTM mounts</li><li>Wireless charging</li><li>Included in the box: 1 × Phone Case SPC+, 1 × SPC Adapter, 1 × Tool SPC+</li></ul>"
194-52697,"<ul><li>Fully compatible with MagSafe®</li><li>40% thinner, lighter, impact resistant and maximum protection</li><li>Fast magnetic attachment</li><li>Lightning-fast mounting on all SP ConnectTM mounts</li><li>Wireless charging</li><li>Included in the box: 1 × Phone Case SPC+, 1 × SPC Adapter, 1 × Tool SPC+</li></ul>"
194-52698,"<ul><li>Fully compatible with MagSafe®</li><li>40% thinner, lighter, impact resistant and maximum protection</li><li>Fast magnetic attachment</li><li>Lightning-fast mounting on all SP ConnectTM mounts</li><li>Wireless charging</li><li>Included in the box: 1 × Phone Case SPC+, 1 × SPC Adapter, 1 × Tool SPC+</li></ul>"
194-52918,"<ul><li>Rugged and waterproof case designed to provide 360° protection for your phone</li><li>Two-piece protection for 100% enclosure of your phone​</li><li>Durable camera lens protection​</li><li>MagSafe® compatible ​</li><li>Waterproof (IP68)​</li><li>Military Drop-Test certified (MIL-STD 810)​</li><li>Mud and dust resistant​</li><li>Full touchscreen functionality</li><li>Includes: 1× Xtreme Phone Case​, 1× SPC+ Adapter​, 1× SPC+ Tool</li></ul>"
194-52919,"<ul><li>Rugged and waterproof case designed to provide 360° protection for your phone</li><li>Two-piece protection for 100% enclosure of your phone​</li><li>Durable camera lens protection​</li><li>MagSafe® compatible ​</li><li>Waterproof (IP68)​</li><li>Military Drop-Test certified (MIL-STD 810)​</li><li>Mud and dust resistant​</li><li>Full touchscreen functionality</li><li>Includes: 1× Xtreme Phone Case​, 1× SPC+ Adapter​, 1× SPC+ Tool</li></ul>"
194-52920,"<ul><li>Rugged and waterproof case designed to provide 360° protection for your phone</li><li>Two-piece protection for 100% enclosure of your phone​</li><li>Durable camera lens protection​</li><li>MagSafe® compatible ​</li><li>Waterproof (IP68)​</li><li>Military Drop-Test certified (MIL-STD 810)​</li><li>Mud and dust resistant​</li><li>Full touchscreen functionality</li><li>Includes: 1× Xtreme Phone Case​, 1× SPC+ Adapter​, 1× SPC+ Tool</li></ul>"
194-52921,"<ul><li>Rugged and waterproof case designed to provide 360° protection for your phone</li><li>Two-piece protection for 100% enclosure of your phone​</li><li>Durable camera lens protection​</li><li>MagSafe® compatible ​</li><li>Waterproof (IP68)​</li><li>Military Drop-Test certified (MIL-STD 810)​</li><li>Mud and dust resistant​</li><li>Full touchscreen functionality</li><li>Includes: 1× Xtreme Phone Case​, 1× SPC+ Adapter​, 1× SPC+ Tool</li></ul>"
562-20816C,"<ul><li>The patented ""V"" shape and advanced dimensional contours push the wind vortex away from the rider's head, resulting in a peaceful, quiet riding environment. The passenger's comfort is improved as well</li><li>Quantum® hard coated Polycarbonate gives these windscreens excellent optical clarity and strength</li><li>They have 10X more abrasion resistance than FMR hard coated polycarbonate, and 30X more than acrylic materials</li><li>Covered by National Cycle's 3-Year Warranty against breakage</li><li>Reduced wind noise, less turbulence, superior strength, perfect style</li></ul>"
562-20816D,"<ul><li>The patented ""V"" shape and advanced dimensional contours push the wind vortex away from the rider's head, resulting in a peaceful, quiet riding environment. The passenger's comfort is improved as well</li><li>Quantum® hard coated Polycarbonate gives these windscreens excellent optical clarity and strength</li><li>They have 10X more abrasion resistance than FMR hard coated polycarbonate, and 30X more than acrylic materials</li><li>Covered by National Cycle's 3-Year Warranty against breakage</li><li>Reduced wind noise, less turbulence, superior strength, perfect style</li></ul>"
562-20816S,"<ul><li>The patented ""V"" shape and advanced dimensional contours push the wind vortex away from the rider's head, resulting in a peaceful, quiet riding environment. The passenger's comfort is improved as well</li><li>Quantum® hard coated Polycarbonate gives these windscreens excellent optical clarity and strength</li><li>They have 10X more abrasion resistance than FMR hard coated polycarbonate, and 30X more than acrylic materials</li><li>Covered by National Cycle's 3-Year Warranty against breakage</li><li>Reduced wind noise, less turbulence, superior strength, perfect style</li></ul>"
562-20817C,"<ul><li>The patented ""V"" shape and advanced dimensional contours push the wind vortex away from the rider's head, resulting in a peaceful, quiet riding environment. The passenger's comfort is improved as well</li><li>Quantum® hard coated Polycarbonate gives these windscreens excellent optical clarity and strength</li><li>They have 10X more abrasion resistance than FMR hard coated polycarbonate, and 30X more than acrylic materials</li><li>Covered by National Cycle's 3-Year Warranty against breakage</li><li>Reduced wind noise, less turbulence, superior strength, perfect style</li></ul>"
562-20817D,"<ul><li>The patented ""V"" shape and advanced dimensional contours push the wind vortex away from the rider's head, resulting in a peaceful, quiet riding environment. The passenger's comfort is improved as well</li><li>Quantum® hard coated Polycarbonate gives these windscreens excellent optical clarity and strength</li><li>They have 10X more abrasion resistance than FMR hard coated polycarbonate, and 30X more than acrylic materials</li><li>Covered by National Cycle's 3-Year Warranty against breakage</li><li>Reduced wind noise, less turbulence, superior strength, perfect style</li></ul>"
83-0346,<ul><li>DOT 3/4 specifications</li><li>High performance product formulated specifically to satisfy the ever increasing stresses placed upon braking systems</li><li>The premier fluid for hydraulic brakes</li><li>Unique silicon ether technology absorbs less water than conventional glycol ether fluids</li><li>Ultra-high boiling point with ability to withstand extreme temperatures</li></ul>
562-20817S,"<ul><li>The patented ""V"" shape and advanced dimensional contours push the wind vortex away from the rider's head, resulting in a peaceful, quiet riding environment. The passenger's comfort is improved as well</li><li>Quantum® hard coated Polycarbonate gives these windscreens excellent optical clarity and strength</li><li>They have 10X more abrasion resistance than FMR hard coated polycarbonate, and 30X more than acrylic materials</li><li>Covered by National Cycle's 3-Year Warranty against breakage</li><li>Reduced wind noise, less turbulence, superior strength, perfect style</li></ul>"
562-20818C,"<ul><li>The patented ""V"" shape and advanced dimensional contours push the wind vortex away from the rider's head, resulting in a peaceful, quiet riding environment. The passenger's comfort is improved as well</li><li>Quantum® hard coated Polycarbonate gives these windscreens excellent optical clarity and strength</li><li>They have 10X more abrasion resistance than FMR hard coated polycarbonate, and 30X more than acrylic materials</li><li>Covered by National Cycle's 3-Year Warranty against breakage</li><li>Reduced wind noise, less turbulence, superior strength, perfect style</li></ul>"
562-20818D,"<ul><li>The patented ""V"" shape and advanced dimensional contours push the wind vortex away from the rider's head, resulting in a peaceful, quiet riding environment. The passenger's comfort is improved as well</li><li>Quantum® hard coated Polycarbonate gives these windscreens excellent optical clarity and strength</li><li>They have 10X more abrasion resistance than FMR hard coated polycarbonate, and 30X more than acrylic materials</li><li>Covered by National Cycle's 3-Year Warranty against breakage</li><li>Reduced wind noise, less turbulence, superior strength, perfect style</li></ul>"
562-20818S,"<ul><li>The patented ""V"" shape and advanced dimensional contours push the wind vortex away from the rider's head, resulting in a peaceful, quiet riding environment. The passenger's comfort is improved as well</li><li>Quantum® hard coated Polycarbonate gives these windscreens excellent optical clarity and strength</li><li>They have 10X more abrasion resistance than FMR hard coated polycarbonate, and 30X more than acrylic materials</li><li>Covered by National Cycle's 3-Year Warranty against breakage</li><li>Reduced wind noise, less turbulence, superior strength, perfect style</li></ul>"
634-470010,"<ul><li>LED projector fog lights that supplement the brightness of headlights on dark night roads, mountainous areas, and Illuminates wide areas such as road shoulders and blind turns</li><li>Bolt-on installation</li><li>Features a cooling system, high and low beam switching, and is dustproof/waterproof</li><li>Specifications:</li><li>Voltage: 12V/24V compatible</li><li>Current: 1.4A</li><li>Power Consumption: 15W/1pc</li><li>Color Temperature: Yellow: 3000 kelvin White: 6000 kelvin</li><li>Brightness: Yellow: 1500 lumen White: 1500 lumen</li><li>Color : Black</li><li>Weight : Main unit: approx. 120g/1 unit</li><li>Materials : Unit body: Aluminum / Mounting stay: Stainless steel</li><li>Size : 1 unit: approx. 38 mm x 38 mm x 53 mm</li></ul>"
830-0509NB,"<ul><li>All Wild 1 Inc. products are made in the USA</li><li>Demand the best don't settle for less!</li><li>Awesome 1-¼"" thick, show chrome plated, pre-drilled for internal wiring, polished welds & diamond knurled</li><li>Work with stock risers, top clamp, controls & grips</li><li>Superior construction, unequaled quality</li></ul>"
830-0509NC,"<ul><li>All Wild 1 Inc. products are made in the USA</li><li>Demand the best don't settle for less!</li><li>Awesome 1-¼"" thick, show chrome plated, pre-drilled for internal wiring, polished welds & diamond knurled</li><li>Work with stock risers, top clamp, controls & grips</li><li>Superior construction, unequaled quality</li></ul>"
830-0577NB,"<ul><li>All Wild 1 Inc. products are made in the USA</li><li>Demand the best don't settle for less!</li><li>Awesome 1-¼"" thick, show chrome plated, pre-drilled for internal wiring, polished welds & diamond knurled</li><li>Work with stock risers, top clamp, controls & grips</li><li>Superior construction, unequaled quality</li></ul>"
830-0577NC,"<ul><li>All Wild 1 Inc. products are made in the USA</li><li>Demand the best don't settle for less!</li><li>Awesome 1-¼"" thick, show chrome plated, pre-drilled for internal wiring, polished welds & diamond knurled</li><li>Work with stock risers, top clamp, controls & grips</li><li>Superior construction, unequaled quality</li></ul>"
830-0578NB,"<ul><li>All Wild 1 Inc. products are made in the USA</li><li>Demand the best don't settle for less!</li><li>Awesome 1-¼"" thick, show chrome plated, pre-drilled for internal wiring, polished welds & diamond knurled</li><li>Work with stock risers, top clamp, controls & grips</li><li>Superior construction, unequaled quality</li></ul>"
830-0578NC,"<ul><li>All Wild 1 Inc. products are made in the USA</li><li>Demand the best don't settle for less!</li><li>Awesome 1-¼"" thick, show chrome plated, pre-drilled for internal wiring, polished welds & diamond knurled</li><li>Work with stock risers, top clamp, controls & grips</li><li>Superior construction, unequaled quality</li></ul>"
830-0614NB,"<ul><li>All Wild 1 Inc. products are made in the USA</li><li>Demand the best don't settle for less!</li><li>Awesome 1-¼"" thick, show chrome plated, pre-drilled for internal wiring, polished welds & diamond knurled</li><li>Work with stock risers, top clamp, controls & grips</li><li>Superior construction, unequaled quality</li></ul>"
830-0614NC,"<ul><li>All Wild 1 Inc. products are made in the USA</li><li>Demand the best don't settle for less!</li><li>Awesome 1-¼"" thick, show chrome plated, pre-drilled for internal wiring, polished welds & diamond knurled</li><li>Work with stock risers, top clamp, controls & grips</li><li>Superior construction, unequaled quality</li></ul>"
820-144400,"<ul><li>Cork-based friction material infused with aluminum particles for improved wear life and heat resistance</li><li>High-compression construction prevents plate swell and clutch drag</li><li>Reliable performance for street, sport, and touring applications</li><li>Includes complete set of friction plates only</li><li>Notes: Use only manufacturer’s recommended drive case oil. Not compatible with semi- or full-synthetic oils.</li></ul>"
820-144401,"<ul><li>Cork-based friction material infused with aluminum particles for improved wear life and heat resistance</li><li>High-compression construction prevents plate swell and clutch drag</li><li>Reliable performance for street, sport, and touring applications</li><li>Includes complete set of friction plates only</li><li>Notes: Use only manufacturer’s recommended drive case oil. Not compatible with semi- or full-synthetic oils.</li></ul>"
820-144402,"<ul><li>Cork-based friction material infused with aluminum particles for improved wear life and heat resistance</li><li>High-compression construction prevents plate swell and clutch drag</li><li>Reliable performance for street, sport, and touring applications</li><li>Includes complete set of friction plates only</li><li>Notes: Use only manufacturer’s recommended drive case oil. Not compatible with semi- or full-synthetic oils.</li></ul>"
820-144403,"<ul><li>Cork-based friction material infused with aluminum particles for improved wear life and heat resistance</li><li>High-compression construction prevents plate swell and clutch drag</li><li>Reliable performance for street, sport, and touring applications</li><li>Includes complete set of friction plates only</li><li>Notes: Use only manufacturer’s recommended drive case oil. Not compatible with semi- or full-synthetic oils.</li></ul>"
820-144404,"<ul><li>Cork-based friction material infused with aluminum particles for improved wear life and heat resistance</li><li>High-compression construction prevents plate swell and clutch drag</li><li>Reliable performance for street, sport, and touring applications</li><li>Includes complete set of friction plates only</li><li>Notes: Use only manufacturer’s recommended drive case oil. Not compatible with semi- or full-synthetic oils.</li></ul>"
820-144406,"<ul><li>Aramid fiber friction plate set with Heavy-Duty diaphragm clutch spring included</li><li>Engineered for longer plate life and higher heat resistance under demanding conditions</li><li>Provides quicker, more aggressive clutch engagement compared to OE standard series clutches.</li><li>Aramid fiber lining improves durability and maintains performance at elevated temperatures</li><li>Plates should be coated with primary oil before installation to ensure proper break-in and longevity</li></ul>"
820-144407,"<ul><li>Aramid fiber friction plate set with Heavy-Duty diaphragm clutch spring included</li><li>Engineered for longer plate life and higher heat resistance under demanding conditions</li><li>Provides quicker, more aggressive clutch engagement compared to OE standard series clutches.</li><li>Aramid fiber lining improves durability and maintains performance at elevated temperatures</li><li>Plates should be coated with primary oil before installation to ensure proper break-in and longevity</li></ul>"
820-144408,"<ul><li>Aramid fiber friction plate set with Heavy-Duty diaphragm clutch spring included</li><li>Engineered for longer plate life and higher heat resistance under demanding conditions</li><li>Provides quicker, more aggressive clutch engagement compared to OE standard series clutches.</li><li>Aramid fiber lining improves durability and maintains performance at elevated temperatures</li><li>Plates should be coated with primary oil before installation to ensure proper break-in and longevity</li></ul>"
820-144409,"<ul><li>Aramid fiber friction plate set with Heavy-Duty diaphragm clutch spring included</li><li>Engineered for longer plate life and higher heat resistance under demanding conditions</li><li>Provides quicker, more aggressive clutch engagement compared to OE standard series clutches.</li><li>Aramid fiber lining improves durability and maintains performance at elevated temperatures</li><li>Plates should be coated with primary oil before installation to ensure proper break-in and longevity</li></ul>"
820-144410,"<ul><li>Aramid fiber friction plate set with Heavy-Duty diaphragm clutch spring included</li><li>Engineered for longer plate life and higher heat resistance under demanding conditions</li><li>Provides quicker, more aggressive clutch engagement compared to OE standard series clutches.</li><li>Aramid fiber lining improves durability and maintains performance at elevated temperatures</li><li>Plates should be coated with primary oil before installation to ensure proper break-in and longevity</li></ul>"
820-144411,"<ul><li>Aramid fiber friction plate set with Heavy-Duty diaphragm clutch spring included</li><li>Engineered for longer plate life and higher heat resistance under demanding conditions</li><li>Provides quicker, more aggressive clutch engagement compared to OE standard series clutches.</li><li>Aramid fiber lining improves durability and maintains performance at elevated temperatures</li><li>Plates should be coated with primary oil before installation to ensure proper break-in and longevity</li></ul>"
820-144412,"<ul><li>Aramid fiber friction plate set with Heavy-Duty diaphragm clutch spring included</li><li>Engineered for longer plate life and higher heat resistance under demanding conditions</li><li>Provides quicker, more aggressive clutch engagement compared to OE standard series clutches.</li><li>Aramid fiber lining improves durability and maintains performance at elevated temperatures</li><li>Plates should be coated with primary oil before installation to ensure proper break-in and longevity</li></ul>"
820-144413,"<ul><li>Aramid fiber friction plate set with Heavy-Duty diaphragm clutch spring included</li><li>Engineered for longer plate life and higher heat resistance under demanding conditions</li><li>Provides quicker, more aggressive clutch engagement compared to OE standard series clutches.</li><li>Aramid fiber lining improves durability and maintains performance at elevated temperatures</li><li>Plates should be coated with primary oil before installation to ensure proper break-in and longevity</li></ul>"
820-144414,"<ul><li>Aramid fiber friction plate set with Heavy-Duty diaphragm clutch spring included</li><li>Engineered for longer plate life and higher heat resistance under demanding conditions</li><li>Provides quicker, more aggressive clutch engagement compared to OE standard series clutches.</li><li>Aramid fiber lining improves durability and maintains performance at elevated temperatures</li><li>Plates should be coated with primary oil before installation to ensure proper break-in and longevity</li></ul>"
820-144415,"<ul><li>Aramid fiber friction plate set with Heavy-Duty diaphragm clutch spring included</li><li>Engineered for longer plate life and higher heat resistance under demanding conditions</li><li>Provides quicker, more aggressive clutch engagement compared to OE standard series clutches.</li><li>Aramid fiber lining improves durability and maintains performance at elevated temperatures</li><li>Plates should be coated with primary oil before installation to ensure proper break-in and longevity</li></ul>"
820-144417,"<ul><li>Includes Carbon fiber-lined friction plates, steel separator plates, and Heavy-Duty diaphragm Spring.</li><li>Built to handle the demands of aggressive street riding and racetrack conditions.</li><li>HDK kits feature friction plates with a carbon fiber–based facing for increased heat resistance.</li><li>Complete kit includes: friction plates, steel separators, and Heavy-Duty diaphragm spring.</li><li>Plates should be coated with primary oil prior to installation for proper break-in and longevity</li></ul>"
820-144418,"<ul><li>Includes Carbon fiber-lined friction plates, steel separator plates, and Heavy-Duty diaphragm Spring.</li><li>Built to handle the demands of aggressive street riding and racetrack conditions.</li><li>HDK kits feature friction plates with a carbon fiber–based facing for increased heat resistance.</li><li>Complete kit includes: friction plates, steel separators, and Heavy-Duty diaphragm spring.</li><li>Plates should be coated with primary oil prior to installation for proper break-in and longevity</li></ul>"
820-144419,"<ul><li>Includes Carbon fiber-lined friction plates, steel separator plates, and Heavy-Duty diaphragm Spring.</li><li>Built to handle the demands of aggressive street riding and racetrack conditions.</li><li>HDK kits feature friction plates with a carbon fiber–based facing for increased heat resistance.</li><li>Complete kit includes: friction plates, steel separators, and Heavy-Duty diaphragm spring.</li><li>Plates should be coated with primary oil prior to installation for proper break-in and longevity</li></ul>"
820-144420,"<ul><li>Includes Carbon fiber-lined friction plates, steel separator plates, and Heavy-Duty diaphragm Spring.</li><li>Built to handle the demands of aggressive street riding and racetrack conditions.</li><li>HDK kits feature friction plates with a carbon fiber–based facing for increased heat resistance.</li><li>Complete kit includes: friction plates, steel separators, and Heavy-Duty diaphragm spring.</li><li>Plates should be coated with primary oil prior to installation for proper break-in and longevity</li></ul>"
820-144421,"<ul><li>Includes Carbon fiber-lined friction plates, steel separator plates, and Heavy-Duty diaphragm Spring.</li><li>Built to handle the demands of aggressive street riding and racetrack conditions.</li><li>HDK kits feature friction plates with a carbon fiber–based facing for increased heat resistance.</li><li>Complete kit includes: friction plates, steel separators, and Heavy-Duty diaphragm spring.</li><li>Plates should be coated with primary oil prior to installation for proper break-in and longevity</li></ul>"
820-144422,"<ul><li>Includes Carbon fiber-lined friction plates, steel separator plates, and Heavy-Duty diaphragm Spring.</li><li>Built to handle the demands of aggressive street riding and racetrack conditions.</li><li>HDK kits feature friction plates with a carbon fiber–based facing for increased heat resistance.</li><li>Complete kit includes: friction plates, steel separators, and Heavy-Duty diaphragm spring.</li><li>Plates should be coated with primary oil prior to installation for proper break-in and longevity</li></ul>"
820-144423,"<ul><li>Includes Carbon fiber-lined friction plates, steel separator plates, and Heavy-Duty diaphragm Spring.</li><li>Built to handle the demands of aggressive street riding and racetrack conditions.</li><li>HDK kits feature friction plates with a carbon fiber–based facing for increased heat resistance.</li><li>Complete kit includes: friction plates, steel separators, and Heavy-Duty diaphragm spring.</li><li>Plates should be coated with primary oil prior to installation for proper break-in and longevity</li></ul>"
820-144424,"<ul><li>Includes Carbon fiber-lined friction plates, steel separator plates, and Heavy-Duty diaphragm Spring.</li><li>Built to handle the demands of aggressive street riding and racetrack conditions.</li><li>HDK kits feature friction plates with a carbon fiber–based facing for increased heat resistance.</li><li>Complete kit includes: friction plates, steel separators, and Heavy-Duty diaphragm spring.</li><li>Plates should be coated with primary oil prior to installation for proper break-in and longevity</li></ul>"
820-144425,"<ul><li>Includes Carbon fiber-lined friction plates, steel separator plates, and Heavy-Duty diaphragm Spring.</li><li>Built to handle the demands of aggressive street riding and racetrack conditions.</li><li>HDK kits feature friction plates with a carbon fiber–based facing for increased heat resistance.</li><li>Complete kit includes: friction plates, steel separators, and Heavy-Duty diaphragm spring.</li><li>Plates should be coated with primary oil prior to installation for proper break-in and longevity</li></ul>"
820-144426,"<ul><li>Includes Carbon fiber-lined friction plates, steel separator plates, and Heavy-Duty diaphragm Spring.</li><li>Built to handle the demands of aggressive street riding and racetrack conditions.</li><li>HDK kits feature friction plates with a carbon fiber–based facing for increased heat resistance.</li><li>Complete kit includes: friction plates, steel separators, and Heavy-Duty diaphragm spring.</li><li>Plates should be coated with primary oil prior to installation for proper break-in and longevity</li></ul>"
820-144427,"<ul><li>Cork-based friction material infused with aluminum particles for improved wear life and heat resistance</li><li>High-compression construction prevents plate swell and clutch drag</li><li>Reliable performance for street, sport, and touring applications</li><li>Includes complete set of friction plates only</li><li>Notes: Use only manufacturer’s recommended drive case oil. Not compatible with semi- or full-synthetic oils.</li></ul>"
820-144428,"<ul><li>Cork-based friction material infused with aluminum particles for improved wear life and heat resistance</li><li>High-compression construction prevents plate swell and clutch drag</li><li>Reliable performance for street, sport, and touring applications</li><li>Includes complete set of friction plates only</li><li>Notes: Use only manufacturer’s recommended drive case oil. Not compatible with semi- or full-synthetic oils.</li></ul>"
820-144429,"<ul><li>Aramid fiber friction plate set with Heavy-Duty Diaphragm clutch spring included</li><li>Engineered for longer plate life and higher heat resistance under demanding conditions</li><li>Provides quicker, more aggressive clutch engagement compared to OE standard series clutches.</li><li>Aramid fiber lining improves durability and maintains performance at elevated temperatures</li><li>Plates should be coated with primary oil before installation to ensure proper break-in and longevity</li></ul>"
820-144430,"<ul><li>Aramid fiber friction plate set with Heavy-Duty Diaphragm clutch spring included</li><li>Engineered for longer plate life and higher heat resistance under demanding conditions</li><li>Provides quicker, more aggressive clutch engagement compared to OE standard series clutches.</li><li>Aramid fiber lining improves durability and maintains performance at elevated temperatures</li><li>Plates should be coated with primary oil before installation to ensure proper break-in and longevity</li></ul>"
820-144431,"<ul><li>Aramid fiber friction plate set with Heavy-Duty Diaphragm clutch spring included</li><li>Engineered for longer plate life and higher heat resistance under demanding conditions</li><li>Provides quicker, more aggressive clutch engagement compared to OE standard series clutches.</li><li>Aramid fiber lining improves durability and maintains performance at elevated temperatures</li><li>Plates should be coated with primary oil before installation to ensure proper break-in and longevity</li></ul>"
820-144432,"<ul><li>Includes Carbon fiber-lined friction plates, steel separator plates, and Heavy-Duty Diaphragm Spring.</li><li>Built to handle the demands of aggressive street riding and racetrack conditions</li><li>HDK kits feature friction plates with a carbon fiber–based facing for increased heat resistance</li><li>Complete kit includes: friction plates, steel separators, and Heavy-Duty diaphragm spring.</li></ul>"
820-144433,"<ul><li>Includes Carbon fiber-lined friction plates, steel separator plates, and Heavy-Duty Diaphragm Spring.</li><li>Built to handle the demands of aggressive street riding and racetrack conditions</li><li>HDK kits feature friction plates with a carbon fiber–based facing for increased heat resistance</li><li>Complete kit includes: friction plates, steel separators, and Heavy-Duty diaphragm spring.</li></ul>"
820-144434,"<ul><li>Includes Carbon fiber-lined friction plates, steel separator plates, and Heavy-Duty Diaphragm Spring.</li><li>Built to handle the demands of aggressive street riding and racetrack conditions</li><li>HDK kits feature friction plates with a carbon fiber–based facing for increased heat resistance</li><li>Complete kit includes: friction plates, steel separators, and Heavy-Duty diaphragm spring.</li></ul>"
800081,"SHOCK SOX ~ THE ORIGINAL and #1... 10-SECOND REMOVABLE FORK SEAL PROTECTOR FOR V-TWIN. Protects your fork seals from the elements such as stanchion tube rock dings, road grime, dust, tar, dirt, and bugs.

Features:
<ul><li>Removes in 10-Seconds</li><li>Hassle-free for seal protector</li><li>Keeps debris away from fork seals</li><li>Fewer blown seals</li><li>Multistrap velcro closure makes them easy to put on and take off</li><li>Easily removes to wash bike and Sox</li><li>Won't trap moisture</li><li>Sold in pairs</li></ul>"
49-1104,<ul><li>Remote control via both iOS & Android applications</li><li>Name the tester and easily identify between vehicles</li><li>Perform charging test for vehicles equipped with smart charging control</li><li>Scan VIN & battery S/N</li><li>Shop & Customer Info</li><li>Firmware field upgradable functionality</li><li>App upgrade capability</li><li>1 year limited warranty</li></ul>
274-0777,"Torque. Control. Simplicity. The BILLETRON HD-X Series is purpose-built for Harley Davidson and similar large-displacement engines, delivering strong low-end torque, clean throttle response, and minimal tuning. The HD-X supports up to 96ci engines, while the HD-X+ is optimized for high-output builds up to 124ci with a custom larger bore for increased airflow.  With three precision fuel circuits — the externally adjustable Idle Fuel Control, Xcelerator™ Metering Rod, and Power Pet — this carburetor gives you total control over fuel delivery while remaining incredibly easy to set up and ride.

Features:
<ul><li>Increased CFM across throttle positions resulting in increased torque and horsepower availability compared to competitors</li><li>Increased throttle response - Peak torque availability at lower RPM ranges</li><li>Faster power jet activation – Gains in CFM now signals activation earlier increasing performance and top end tunability</li><li>Improved Idle - Centralized and focused air flow to the fuel signal creating improved idle consistency</li><li>Increased Tunability - Finer adjustments and ease of access allows for easy on the track fine tuning</li><li>ISO Certified precision machining paired with billet aluminum construction for unbeatable product consistency and performance</li><li>HDX For 54-96CI Engines</li><li>HDX+ For 96-124CI Engines</li><li>Throttle cables by Barnett specifically for Lectron Harley carb applications.</li><li>This is NOT compatible with an S&S Stealth Air Cleaner System right now.</li></ul>"
274-0778,"Torque. Control. Simplicity. The BILLETRON HD-X Series is purpose-built for Harley Davidson and similar large-displacement engines, delivering strong low-end torque, clean throttle response, and minimal tuning. The HD-X supports up to 96ci engines, while the HD-X+ is optimized for high-output builds up to 124ci with a custom larger bore for increased airflow.  With three precision fuel circuits — the externally adjustable Idle Fuel Control, Xcelerator™ Metering Rod, and Power Pet — this carburetor gives you total control over fuel delivery while remaining incredibly easy to set up and ride.

Features:
<ul><li>Increased CFM across throttle positions resulting in increased torque and horsepower availability compared to competitors</li><li>Increased throttle response - Peak torque availability at lower RPM ranges</li><li>Faster power jet activation – Gains in CFM now signals activation earlier increasing performance and top end tunability</li><li>Improved Idle - Centralized and focused air flow to the fuel signal creating improved idle consistency</li><li>Increased Tunability - Finer adjustments and ease of access allows for easy on the track fine tuning</li><li>ISO Certified precision machining paired with billet aluminum construction for unbeatable product consistency and performance</li><li>HDX For 54-96CI Engines</li><li>HDX+ For 96-124CI Engines</li><li>Throttle cables by Barnett specifically for Lectron Harley carb applications.</li><li>This is NOT compatible with an S&S Stealth Air Cleaner System right now.</li></ul>"
274-0779,"Torque. Control. Simplicity. The BILLETRON HD-X Series is purpose-built for Harley Davidson and similar large-displacement engines, delivering strong low-end torque, clean throttle response, and minimal tuning. The HD-X supports up to 96ci engines, while the HD-X+ is optimized for high-output builds up to 124ci with a custom larger bore for increased airflow.  With three precision fuel circuits — the externally adjustable Idle Fuel Control, Xcelerator™ Metering Rod, and Power Pet — this carburetor gives you total control over fuel delivery while remaining incredibly easy to set up and ride.

Features:
<ul><li>Increased CFM across throttle positions resulting in increased torque and horsepower availability compared to competitors</li><li>Increased throttle response - Peak torque availability at lower RPM ranges</li><li>Faster power jet activation – Gains in CFM now signals activation earlier increasing performance and top end tunability</li><li>Improved Idle - Centralized and focused air flow to the fuel signal creating improved idle consistency</li><li>Increased Tunability - Finer adjustments and ease of access allows for easy on the track fine tuning</li><li>ISO Certified precision machining paired with billet aluminum construction for unbeatable product consistency and performance</li><li>HDX For 54-96CI Engines</li><li>HDX+ For 96-124CI Engines</li><li>Throttle cables by Barnett specifically for Lectron Harley carb applications.</li><li>This is NOT compatible with an S&S Stealth Air Cleaner System right now.</li></ul>"
274-0780,"Torque. Control. Simplicity. The BILLETRON HD-X Series is purpose-built for Harley Davidson and similar large-displacement engines, delivering strong low-end torque, clean throttle response, and minimal tuning. The HD-X supports up to 96ci engines, while the HD-X+ is optimized for high-output builds up to 124ci with a custom larger bore for increased airflow.  With three precision fuel circuits — the externally adjustable Idle Fuel Control, Xcelerator™ Metering Rod, and Power Pet — this carburetor gives you total control over fuel delivery while remaining incredibly easy to set up and ride.

Features:
<ul><li>Increased CFM across throttle positions resulting in increased torque and horsepower availability compared to competitors</li><li>Increased throttle response - Peak torque availability at lower RPM ranges</li><li>Faster power jet activation – Gains in CFM now signals activation earlier increasing performance and top end tunability</li><li>Improved Idle - Centralized and focused air flow to the fuel signal creating improved idle consistency</li><li>Increased Tunability - Finer adjustments and ease of access allows for easy on the track fine tuning</li><li>ISO Certified precision machining paired with billet aluminum construction for unbeatable product consistency and performance</li><li>HDX For 54-96CI Engines</li><li>HDX+ For 96-124CI Engines</li><li>Throttle cables by Barnett specifically for Lectron Harley carb applications.</li><li>This is NOT compatible with an S&S Stealth Air Cleaner System right now.</li></ul>"
274-0782,"Torque. Control. Simplicity. The BILLETRON HD-X Series is purpose-built for Harley Davidson and similar large-displacement engines, delivering strong low-end torque, clean throttle response, and minimal tuning. The HD-X supports up to 96ci engines, while the HD-X+ is optimized for high-output builds up to 124ci with a custom larger bore for increased airflow.  With three precision fuel circuits — the externally adjustable Idle Fuel Control, Xcelerator™ Metering Rod, and Power Pet — this carburetor gives you total control over fuel delivery while remaining incredibly easy to set up and ride.

Features:
<ul><li>Increased CFM across throttle positions resulting in increased torque and horsepower availability compared to competitors</li><li>Increased throttle response - Peak torque availability at lower RPM ranges</li><li>Faster power jet activation – Gains in CFM now signals activation earlier increasing performance and top end tunability</li><li>Improved Idle - Centralized and focused air flow to the fuel signal creating improved idle consistency</li><li>Increased Tunability - Finer adjustments and ease of access allows for easy on the track fine tuning</li><li>ISO Certified precision machining paired with billet aluminum construction for unbeatable product consistency and performance</li><li>HDX For 54-96CI Engines</li><li>HDX+ For 96-124CI Engines</li><li>Throttle cables by Barnett specifically for Lectron Harley carb applications.</li><li>This is NOT compatible with an S&S Stealth Air Cleaner System right now.</li></ul>"
274-0783,"Torque. Control. Simplicity. The BILLETRON HD-X Series is purpose-built for Harley Davidson and similar large-displacement engines, delivering strong low-end torque, clean throttle response, and minimal tuning. The HD-X supports up to 96ci engines, while the HD-X+ is optimized for high-output builds up to 124ci with a custom larger bore for increased airflow.  With three precision fuel circuits — the externally adjustable Idle Fuel Control, Xcelerator™ Metering Rod, and Power Pet — this carburetor gives you total control over fuel delivery while remaining incredibly easy to set up and ride.

Features:
<ul><li>Increased CFM across throttle positions resulting in increased torque and horsepower availability compared to competitors</li><li>Increased throttle response - Peak torque availability at lower RPM ranges</li><li>Faster power jet activation – Gains in CFM now signals activation earlier increasing performance and top end tunability</li><li>Improved Idle - Centralized and focused air flow to the fuel signal creating improved idle consistency</li><li>Increased Tunability - Finer adjustments and ease of access allows for easy on the track fine tuning</li><li>ISO Certified precision machining paired with billet aluminum construction for unbeatable product consistency and performance</li><li>HDX For 54-96CI Engines</li><li>HDX+ For 96-124CI Engines</li><li>Throttle cables by Barnett specifically for Lectron Harley carb applications.</li><li>This is NOT compatible with an S&S Stealth Air Cleaner System right now.</li></ul>"
194-52743,<ul><li>Vibration free suction cup mount</li><li>Mag-Align head</li><li>Fast and secure mounting of the phone case</li><li>Super-stable 360° adjustment</li></ul>
897-27023,"<ul><li>Model-specific optimized ride tune</li><li>QS3: 3-position quick switch compression adjustment</li><li>QSR: 3-position quick switch rebound adjustment</li><li>Spring preload setting guide marks</li><li>Aluminum piggyback reservoirs</li><li>Gas-charged mono-tube with internal floating piston (IFP) design</li><li>1.5-inch diameter 6061-T6 aluminum type III hard-anodized bodies</li><li>Fully rebuildable and re-valvable</li><li>Advanced high-flow, deflective disc velocity-sensitive damping</li><li>5/8-inch diameter, low friction, super-finished hard chrome shafts</li><li>Matte black springs and black-anodized preload rings</li><li>Standard spring rate best suited for riders up to 240lb</li></ul>"
897-27024,"<ul><li>Model-specific optimized ride tune</li><li>QS3: 3-position quick switch compression adjustment</li><li>QSR: 3-position quick switch rebound adjustment</li><li>Spring preload setting guide marks</li><li>Aluminum piggyback reservoirs</li><li>Gas-charged mono-tube with internal floating piston (IFP) design</li><li>1.5-inch diameter 6061-T6 aluminum type III hard-anodized bodies</li><li>Fully rebuildable and re-valvable</li><li>Advanced high-flow, deflective disc velocity-sensitive damping</li><li>5/8-inch diameter, low friction, super-finished hard chrome shafts</li><li>Matte black springs and black-anodized preload rings</li><li>Standard spring rate best suited for riders up to 240lb</li></ul>"
897-27025,"<ul><li>Model-specific optimized ride tune</li><li>QS3: 3-position quick switch compression adjustment</li><li>QSR: 3-position quick switch rebound adjustment</li><li>Spring preload setting guide marks</li><li>Aluminum piggyback reservoirs</li><li>Gas-charged mono-tube with internal floating piston (IFP) design</li><li>1.5-inch diameter 6061-T6 aluminum type III hard-anodized bodies</li><li>Fully rebuildable and re-valvable</li><li>Advanced high-flow, deflective disc velocity-sensitive damping</li><li>5/8-inch diameter, low friction, super-finished hard chrome shafts</li><li>Matte black springs and black-anodized preload rings</li><li>Standard spring rate best suited for riders up to 240lb</li></ul>"
750-03083,"<ul><li>Santoro Stanley Cup + Holder included!</li><li>Fits after performance style bag guards</li><li>Santoro comes with 1/2-13 threaded bung</li><li>Also available for all stock factory, Harley Davidson Crash Bar.</li><li>Made in the USA</li></ul>"
750-03090EH,"Add some Cool Guy Stuff to your ride with these Replacement Sliders for your Santor Fabworx Crash Bar.  Available in all the Cool Guy Colors. Black, Red, Gold, Blue, Purple & Bronze  Comes w/ two 1 1/4"" Delrin Sliders w Anodized Bezels and end caps

Features:
<ul><li>Hardware upgrade only.</li><li>Includes 4 Delrin inserts,</li><li>Sliders with fitted spacers, hardware with billet bezels and choice of color.</li><li>Available for the OE HD crash bar</li><li>Made in the USA</li></ul>"
750-03091EH,"Add some Cool Guy Stuff to your ride with these Replacement Sliders for your Santor Fabworx Crash Bar.  Available in all the Cool Guy Colors. Black, Red, Gold, Blue, Purple & Bronze  Comes w/ two 1 1/4"" Delrin Sliders w Anodized Bezels and end caps

Features:
<ul><li>Hardware upgrade only.</li><li>Includes 4 Delrin inserts,</li><li>Sliders with fitted spacers, hardware with billet bezels and choice of color.</li><li>Available for the OE HD crash bar</li><li>Made in the USA</li></ul>"
750-03092EH,"Add some Cool Guy Stuff to your ride with these Replacement Sliders for your Santor Fabworx Crash Bar.  Available in all the Cool Guy Colors. Black, Red, Gold, Blue, Purple & Bronze  Comes w/ two 1 1/4"" Delrin Sliders w Anodized Bezels and end caps

Features:
<ul><li>Hardware upgrade only.</li><li>Includes 4 Delrin inserts,</li><li>Sliders with fitted spacers, hardware with billet bezels and choice of color.</li><li>Available for the OE HD crash bar</li><li>Made in the USA</li></ul>"
750-03093EH,"Add some Cool Guy Stuff to your ride with these Replacement Sliders for your Santor Fabworx Crash Bar.  Available in all the Cool Guy Colors. Black, Red, Gold, Blue, Purple & Bronze  Comes w/ two 1 1/4"" Delrin Sliders w Anodized Bezels and end caps

Features:
<ul><li>Hardware upgrade only.</li><li>Includes 4 Delrin inserts,</li><li>Sliders with fitted spacers, hardware with billet bezels and choice of color.</li><li>Available for the OE HD crash bar</li><li>Made in the USA</li></ul>"
750-03094EH,"Add some Cool Guy Stuff to your ride with these Replacement Sliders for your Santor Fabworx Crash Bar.  Available in all the Cool Guy Colors. Black, Red, Gold, Blue, Purple & Bronze  Comes w/ two 1 1/4"" Delrin Sliders w Anodized Bezels and end caps

Features:
<ul><li>Hardware upgrade only.</li><li>Includes 4 Delrin inserts,</li><li>Sliders with fitted spacers, hardware with billet bezels and choice of color.</li><li>Available for the OE HD crash bar</li><li>Made in the USA</li></ul>"
750-03095EH,"Add some Cool Guy Stuff to your ride with these Replacement Sliders for your Santor Fabworx Crash Bar.  Available in all the Cool Guy Colors. Black, Red, Gold, Blue, Purple & Bronze  Comes w/ two 1 1/4"" Delrin Sliders w Anodized Bezels and end caps

Features:
<ul><li>Hardware upgrade only.</li><li>Includes 4 Delrin inserts,</li><li>Sliders with fitted spacers, hardware with billet bezels and choice of color.</li><li>Available for the OE HD crash bar</li><li>Made in the USA</li></ul>"
750-03096EH,"Add some Cool Guy Stuff to your ride with these Replacement Sliders for your Santor Fabworx Crash Bar.  Available in all the Cool Guy Colors. Black, Red, Gold, Blue, Purple & Bronze  Comes w/ two 1 1/4"" Delrin Sliders w Anodized Bezels and end caps

Features:
<ul><li>Hardware upgrade only.</li><li>Includes 4 Delrin inserts,</li><li>Sliders with fitted spacers, hardware with billet bezels and choice of color.</li><li>Available for the OE HD crash bar</li><li>Made in the USA</li></ul>"
750-03097EH,"Add some Cool Guy Stuff to your ride with these Replacement Sliders for your Santor Fabworx Crash Bar.  Available in all the Cool Guy Colors. Black, Red, Gold, Blue, Purple & Bronze  Comes w/ two 1 1/4"" Delrin Sliders w Anodized Bezels and end caps

Features:
<ul><li>Hardware upgrade only.</li><li>Includes 4 Delrin inserts,</li><li>Sliders with fitted spacers, hardware with billet bezels and choice of color.</li><li>Available for the OE HD crash bar</li><li>Made in the USA</li></ul>"
750-03098EH,"Add some Cool Guy Stuff to your ride with these Replacement Sliders for your Santor Fabworx Crash Bar.  Available in all the Cool Guy Colors. Black, Red, Gold, Blue, Purple & Bronze  Comes w/ two 1 1/4"" Delrin Sliders w Anodized Bezels and end caps

Features:
<ul><li>Hardware upgrade only.</li><li>Includes 4 Delrin inserts,</li><li>Sliders with fitted spacers, hardware with billet bezels and choice of color.</li><li>Available for the OE HD crash bar</li><li>Made in the USA</li></ul>"
750-03099EH,"Add some Cool Guy Stuff to your ride with these Replacement Sliders for your Santor Fabworx Crash Bar.  Available in all the Cool Guy Colors. Black, Red, Gold, Blue, Purple & Bronze  Comes w/ two 1 1/4"" Delrin Sliders w Anodized Bezels and end caps

Features:
<ul><li>Hardware upgrade only.</li><li>Includes 4 Delrin inserts,</li><li>Sliders with fitted spacers, hardware with billet bezels and choice of color.</li><li>Available for the OE HD crash bar</li><li>Made in the USA</li></ul>"
750-03102EH,"<ul><li>Bag Guards sold separately, hardware upgrade only.  Includes 4 delrin inserts,</li><li>Sliders with fitted spacers, hardware with billet bezels and choice of color.</li><li>Available for OE Harley Davidson</li><li>Made in the USA</li></ul>"
750-03105EH,"Add some Cool Guy Stuff to your ride with these Replacement Sliders for your Santor Fabworx Crash Bar.  Available in all the Cool Guy Colors. Black, Red, Gold, Blue, Purple & Bronze  Comes w/ two 1 1/4"" Delrin Sliders w Anodized Bezels and end caps

Features:
<ul><li>Hardware upgrade only.</li><li>Includes 4 Delrin inserts,</li><li>Sliders with fitted spacers, hardware with billet bezels and choice of color.</li><li>Available for the OE HD crash bar</li><li>Made in the USA</li></ul>"
750-03107EH,"Add some Cool Guy Stuff to your ride with these Replacement Sliders for your Santor Fabworx Crash Bar.  Available in all the Cool Guy Colors. Black, Red, Gold, Blue, Purple & Bronze  Comes w/ two 1 1/4"" Delrin Sliders w Anodized Bezels and end caps

Features:
<ul><li>Hardware upgrade only.</li><li>Includes 4 Delrin inserts,</li><li>Sliders with fitted spacers, hardware with billet bezels and choice of color.</li><li>Available for the OE HD crash bar</li><li>Made in the USA</li></ul>"
750-03116,<ul><li>Cadillac Crash Bar Wheels comes standard with black mounts.</li><li>Candy colored mount upgrade available</li><li>Replaces Delrin Sliders... Fits all Santoro Fabworx crash bars and bag guards</li><li>Sold in pairs</li><li>Made in the USA</li><li>NOTE : Please choose correct Fitment</li><li>For stock Harley Davidson Crash bars choose “HD Flatt out and Tip Over”</li><li>For Santoro Fabworx and other similar style Crash bars and bag guards choose “SANTORO”</li></ul>
750-03117,<ul><li>Cadillac Crash Bar Wheels comes standard with black mounts.</li><li>Candy colored mount upgrade available</li><li>Replaces Delrin Sliders... Fits all Santoro Fabworx crash bars and bag guards</li><li>Sold in pairs</li><li>Made in the USA</li><li>NOTE : Please choose correct Fitment</li><li>For stock Harley Davidson Crash bars choose “HD Flatt out and Tip Over”</li><li>For Santoro Fabworx and other similar style Crash bars and bag guards choose “SANTORO”</li></ul>
750-03118,<ul><li>Cadillac Crash Bar Wheels comes standard with black mounts.</li><li>Candy colored mount upgrade available</li><li>Replaces Delrin Sliders... Fits all Santoro Fabworx crash bars and bag guards</li><li>Sold in pairs</li><li>Made in the USA</li><li>NOTE : Please choose correct Fitment</li><li>For stock Harley Davidson Crash bars choose “HD Flatt out and Tip Over”</li><li>For Santoro Fabworx and other similar style Crash bars and bag guards choose “SANTORO”</li></ul>
750-03119,<ul><li>Cadillac Crash Bar Wheels comes standard with black mounts.</li><li>Candy colored mount upgrade available</li><li>Replaces Delrin Sliders... Fits all Santoro Fabworx crash bars and bag guards</li><li>Sold in pairs</li><li>Made in the USA</li><li>NOTE : Please choose correct Fitment</li><li>For stock Harley Davidson Crash bars choose “HD Flatt out and Tip Over”</li><li>For Santoro Fabworx and other similar style Crash bars and bag guards choose “SANTORO”</li></ul>
750-03141,<ul><li>Front crash bar</li><li>2018-present Softails</li><li>Mid Controls Only</li><li>Strength and protection Harley Davidson Softail</li><li>All crash bars come with mounting hardware and sliders.</li><li>Made in the USA</li></ul>
750-03142,<ul><li>Ultimate in strength and protection</li><li>Rear bag guards for Softail models</li><li>2018 to present</li><li>All crash bars come with mounting hardware and sliders.</li><li>Made in the USA</li></ul>
750-03170,<ul><li>Powder Coated Aluminum Seat Knob</li><li>Stainless Steel Screw - (Corrosion Resistance)</li><li>Channeled O-Ring Cushion - (Reduces Chance of Screw Backing Out)</li><li>Urethane Fender Washer - (Protects Fender From Seat Mounting Bracket)</li><li>Oversized Fender Nut - (Added Fender Protection)</li><li>Zip Tie - (For Easy Installation)</li><li>Made in the USA</li></ul>
750-03171,<ul><li>Powder Coated Aluminum Seat Knob</li><li>Stainless Steel Screw - (Corrosion Resistance)</li><li>Channeled O-Ring Cushion - (Reduces Chance of Screw Backing Out)</li><li>Urethane Fender Washer - (Protects Fender From Seat Mounting Bracket)</li><li>Oversized Fender Nut - (Added Fender Protection)</li><li>Zip Tie - (For Easy Installation)</li><li>Made in the USA</li></ul>
750-03172,<ul><li>Powder Coated Aluminum Seat Knob</li><li>Stainless Steel Screw - (Corrosion Resistance)</li><li>Channeled O-Ring Cushion - (Reduces Chance of Screw Backing Out)</li><li>Urethane Fender Washer - (Protects Fender From Seat Mounting Bracket)</li><li>Oversized Fender Nut - (Added Fender Protection)</li><li>Zip Tie - (For Easy Installation)</li><li>Made in the USA</li></ul>
750-03173,<ul><li>Powder Coated Aluminum Seat Knob</li><li>Stainless Steel Screw - (Corrosion Resistance)</li><li>Channeled O-Ring Cushion - (Reduces Chance of Screw Backing Out)</li><li>Urethane Fender Washer - (Protects Fender From Seat Mounting Bracket)</li><li>Oversized Fender Nut - (Added Fender Protection)</li><li>Zip Tie - (For Easy Installation)</li><li>Made in the USA</li></ul>
750-03174,<ul><li>Powder Coated Aluminum Seat Knob</li><li>Stainless Steel Screw - (Corrosion Resistance)</li><li>Channeled O-Ring Cushion - (Reduces Chance of Screw Backing Out)</li><li>Urethane Fender Washer - (Protects Fender From Seat Mounting Bracket)</li><li>Oversized Fender Nut - (Added Fender Protection)</li><li>Zip Tie - (For Easy Installation)</li><li>Made in the USA</li></ul>
750-03175,<ul><li>Powder Coated Aluminum Seat Knob</li><li>Stainless Steel Screw - (Corrosion Resistance)</li><li>Channeled O-Ring Cushion - (Reduces Chance of Screw Backing Out)</li><li>Urethane Fender Washer - (Protects Fender From Seat Mounting Bracket)</li><li>Oversized Fender Nut - (Added Fender Protection)</li><li>Zip Tie - (For Easy Installation)</li><li>Made in the USA</li></ul>
750-03176,<ul><li>Powder Coated Aluminum Seat Knob</li><li>Stainless Steel Screw - (Corrosion Resistance)</li><li>Channeled O-Ring Cushion - (Reduces Chance of Screw Backing Out)</li><li>Urethane Fender Washer - (Protects Fender From Seat Mounting Bracket)</li><li>Oversized Fender Nut - (Added Fender Protection)</li><li>Zip Tie - (For Easy Installation)</li><li>Made in the USA</li></ul>
750-03177,<ul><li>Powder Coated Aluminum Seat Knob</li><li>Stainless Steel Screw - (Corrosion Resistance)</li><li>Channeled O-Ring Cushion - (Reduces Chance of Screw Backing Out)</li><li>Urethane Fender Washer - (Protects Fender From Seat Mounting Bracket)</li><li>Oversized Fender Nut - (Added Fender Protection)</li><li>Zip Tie - (For Easy Installation)</li><li>Made in the USA</li></ul>
750-03178,<ul><li>Powder Coated Aluminum Seat Knob</li><li>Stainless Steel Screw - (Corrosion Resistance)</li><li>Channeled O-Ring Cushion - (Reduces Chance of Screw Backing Out)</li><li>Urethane Fender Washer - (Protects Fender From Seat Mounting Bracket)</li><li>Oversized Fender Nut - (Added Fender Protection)</li><li>Zip Tie - (For Easy Installation)</li><li>Made in the USA</li></ul>
750-03179,<ul><li>Powder Coated Aluminum Seat Knob</li><li>Stainless Steel Screw - (Corrosion Resistance)</li><li>Channeled O-Ring Cushion - (Reduces Chance of Screw Backing Out)</li><li>Urethane Fender Washer - (Protects Fender From Seat Mounting Bracket)</li><li>Oversized Fender Nut - (Added Fender Protection)</li><li>Zip Tie - (For Easy Installation)</li><li>Made in the USA</li></ul>
750-05610,"<ul><li>Maximum Traction - Grippy surface ensures confidence in all riding conditions</li><li>Compact and purpose built</li><li>Square-shaped for a modern twist on the classic motocross aesthetic</li><li>Etched with the iconic Burly Brand logo for a distinctive look</li><li>Crafted from lightweight, high-quality aluminum alloy for optimal performance</li><li>CNC machined to precision, ensuring durability and a sleek finish</li><li>Set screws provide secure traction for various riding styles</li></ul>"
750-05611,"<ul><li>Maximum Traction - Grippy surface ensures confidence in all riding conditions</li><li>Compact and purpose built</li><li>Square-shaped for a modern twist on the classic motocross aesthetic</li><li>Etched with the iconic Burly Brand logo for a distinctive look</li><li>Crafted from lightweight, high-quality aluminum alloy for optimal performance</li><li>CNC machined to precision, ensuring durability and a sleek finish</li><li>Set screws provide secure traction for various riding styles</li></ul>"
750-05612,"<ul><li>• Maximum Traction - Grippy surface ensures confident shifting and braking in all riding conditions</li><li>• Compact and purpose built - perfect complement to MX-Evolution Pegs, Mini Floorboards & Floorboards.</li><li>• Square-shaped for a modern twist on the classic motocross aesthetic</li><li>• Etched with the iconic Burly Brand logo for a distinctive look</li><li>• Crafted from lightweight, high-quality aluminum alloy for optimal performance</li><li>• CNC machined to precision, ensuring durability and a sleek finish</li><li>• Set screws provide secure traction for various riding styles</li></ul>"
750-05614,<ul><li>Available in Black Machined and Textured Black</li><li>Precision CNC machined billet aluminum</li><li>Fits standard H-D clevis</li><li>Sold in pairs</li></ul>
750-05615,<ul><li>Available in Black Machined and Textured Black</li><li>Precision CNC machined billet aluminum</li><li>Fits standard H-D clevis</li><li>Sold in pairs</li></ul>
750-05616,<ul><li>Available in Gloss Black finish</li><li>Precision CNC machined billet aluminum</li><li>Fits standard H-D shift lever</li><li>Sold separately</li></ul>
750-05617,<ul><li>Available in Gloss Black finish</li><li>• Precision CNC machined billet aluminum</li><li>• Fits standard H-D clevis</li><li>• Sold in pairs</li></ul>
750-05618,<ul><li>Dual Cable throttle applications</li><li>Available in Textured Black</li><li>Precision CNC machined billet aluminum</li><li>Fits 1” diameter handlebars</li><li>Sold in pairs</li></ul>
750-05620,<ul><li>CNC-Machined Billet Aluminum Construction</li><li>1.5” Rise for Increased Rider Comfort</li><li>Drilled and Tapped for 1/2” -13 Mounting Bolts</li><li>Compatible with 1.25” Handlebars</li><li>4 Stainless Steel Cap Bolts Included</li><li>Available in Chrome and Texture Black</li></ul>
750-05621,<ul><li>CNC-Machined Billet Aluminum Construction</li><li>1.5” Rise for Increased Rider Comfort</li><li>Drilled and Tapped for 1/2” -13 Mounting Bolts</li><li>Compatible with 1.25” Handlebars</li><li>4 Stainless Steel Cap Bolts Included</li><li>Available in Chrome and Texture Black</li></ul>
750-05622,<ul><li>CNC-Machined Billet Aluminum Construction</li><li>1.5” Rise for Increased Rider Comfort</li><li>Drilled and Tapped for 1/2” -13 Mounting Bolts</li><li>Compatible with 1.25” Handlebars</li><li>4 Stainless Steel Cap Bolts Included</li><li>Available in Chrome and Black Machined</li></ul>
750-05623,<ul><li>CNC-Machined Billet Aluminum Construction</li><li>1.5” Rise for Increased Rider Comfort</li><li>Drilled and Tapped for 1/2” -13 Mounting Bolts</li><li>Compatible with 1.25” Handlebars</li><li>4 Stainless Steel Cap Bolts Included</li><li>Available in Chrome and Black Machined</li></ul>
750-05627,<ul><li>CNC-Machined Billet Aluminum Construction</li><li>1.5” Rise for Increased Rider Comfort</li><li>Drilled and Tapped for 1/2” -13 Mounting Bolts</li><li>Compatible with 1.25” Handlebars</li><li>4 Stainless Steel Cap Bolts Included</li><li>Available in Chrome and Texture Black</li></ul>
750-05628,<ul><li>CNC-Machined Billet Aluminum Construction</li><li>1.5” Rise for Increased Rider Comfort</li><li>Drilled and Tapped for 1/2” -13 Mounting Bolts</li><li>Compatible with 1.25” Handlebars</li><li>4 Stainless Steel Cap Bolts Included</li><li>Available in Chrome and Texture Black</li></ul>
750-05629,"<ul><li>CNC-Machined Billet Aluminum Construction</li><li>1.5” Rise for Increased Rider Comfort</li><li>Drilled and Tapped for 1/2” -13 Mounting Bolts</li><li>Compatible with 1” Handlebars</li><li>2 Stainless Steel Cap Bolts Included</li><li>Available in Texture Black, Machine Black and Black with Burly Logo</li></ul>"
750-05630,<ul><li>Dual Cable throttle and Electronic throttle applications</li><li>Available in Black Machined and Textured Black</li><li>Precision CNC machined billet aluminum</li><li>Fits 1” diameter handlebars</li><li>Sold in pairs</li></ul>
750-05631,<ul><li>Dual Cable throttle and Electronic throttle applications</li><li>Available in Black Machined and Textured Black</li><li>Precision CNC machined billet aluminum</li><li>Fits 1” diameter handlebars</li><li>Sold in pairs</li></ul>
750-05632,<ul><li>Dual Cable throttle and Electronic throttle applications</li><li>Available in Black Machined and Textured Black</li><li>Precision CNC machined billet aluminum</li><li>Fits 1” diameter handlebars</li><li>Sold in pairs</li></ul>
750-05633,<ul><li>Dual Cable throttle and Electronic throttle applications</li><li>Available in Black Machined and Textured Black</li><li>Precision CNC machined billet aluminum</li><li>Fits 1” diameter handlebars</li><li>Sold in pairs</li></ul>
750-05634,"Burly Brand Reaper Adjustable Shift Rod is the perfect way to add style to your shift linkage. This direct replacement shift rod features an aggressive design that mounts seamlessly to your standard H-D shift linkage. Available in a Textured Black Machined finish. Sold separately.

Features:
<ul><li>Available in Textured Black finish</li><li>Precision CNC machined billet aluminum</li><li>Replaces stock H-D shift rod</li><li>Sold separately</li></ul>"
750-05635,"Burly Brand Reaper Universal LED Turn Signals for front applications are the perfect way to add style to your bike by replacing the boring stock blinkers.

Features:
<ul><li>These miniature LED signals feature an amber lens and aggressive design.</li><li>Precision CNC machined billet aluminum</li><li>Replaces stock H-D turn signals</li><li>Lighting controller or load equalizer may be required</li><li>Sold as a pair</li></ul>"
750-05636,<ul><li>Available in Textured Black finish</li><li>Precision CNC machined billet aluminum</li><li>Replaces stock H-D front brake master cylinder cap</li><li>Sold separately</li></ul>
820-51514,<ul><li>OEM Style Replacement Manifolds with smooth designed ports</li><li>Recommend replacing intake flanges and intake seals (sold separately) upon install</li><li>Works with OE Keihin CV Carburetor</li></ul>
820-51515,<ul><li>OEM Style Replacement Manifolds with smooth designed ports</li><li>Recommend replacing intake flanges and intake seals (sold separately) upon install</li><li>Works with OE Keihin CV Carburetor</li></ul>
820-52473,"<ul><li>Stock replacement upper and lower fork slider bushing sets</li><li>For 49mm, 41mm, 39mm and 35mm fork tubes</li><li>New bushings will prevent scoring and premature seal wear</li><li>Sold in pairs</li><li>Made in Japan</li></ul>"
820-52474,"<ul><li>Stock replacement upper and lower fork slider bushing sets</li><li>For 49mm, 41mm, 39mm and 35mm fork tubes</li><li>New bushings will prevent scoring and premature seal wear</li><li>Sold in pairs</li><li>Made in Japan</li></ul>"
820-53030,<ul><li>Eliminate High Speed Wobble</li><li>Allows Full Lock to Lock Turning</li><li>Includes All Mounting Hardware and Mounts</li></ul>
820-53031,<ul><li>Eliminate High Speed Wobble</li><li>Allows Full Lock to Lock Turning</li><li>Includes All Mounting Hardware and Mounts</li></ul>
820-53032,<ul><li>Eliminate High Speed Wobble</li><li>Allows Full Lock to Lock Turning</li><li>Includes All Mounting Hardware and Mounts</li></ul>
820-53033,<ul><li>Eliminate High Speed Wobble</li><li>Allows Full Lock to Lock Turning</li><li>Includes All Mounting Hardware and Mounts</li></ul>
820-58023,<ul><li>Heavy duty replacement</li><li>Meets or exceeds OEM specs</li><li>Made in Japan</li></ul>
830-0592NC,"<ul><li>Combine comfort with attitude</li><li>Drilled for internal wiring</li><li>Made with double wall construction</li><li>Manufactured to make sure the inside corners are smooth so the electrical doesn’t get hung up during installation</li><li>Available in Show Chrome or Satin Black powder coat</li><li>1"" in clamping area and knurled</li><li>36 degree wrist angle</li><li>Not for Springer Models</li><li>Cable & TBW compatible</li><li>Made in the USA</li></ul>"
830-0592NCB,"<ul><li>Combine comfort with attitude</li><li>Drilled for internal wiring</li><li>Made with double wall construction</li><li>Manufactured to make sure the inside corners are smooth so the electrical doesn’t get hung up during installation</li><li>Available in Show Chrome or Satin Black powder coat</li><li>1"" in clamping area and knurled</li><li>36 degree wrist angle</li><li>Not for Springer Models</li><li>Cable & TBW compatible</li><li>Made in the USA</li></ul>"
830-0594NC,"<ul><li>Combine comfort with attitude</li><li>Drilled for internal wiring</li><li>Made with double wall construction</li><li>Manufactured to make sure the inside corners are smooth so the electrical doesn’t get hung up during installation</li><li>Available in Show Chrome or Satin Black powder coat</li><li>1"" in clamping area and knurled</li><li>36 degree wrist angle</li><li>Not for Springer Models</li><li>Cable & TBW compatible</li><li>Made in the USA</li></ul>"
830-0594NCB,"<ul><li>Combine comfort with attitude</li><li>Drilled for internal wiring</li><li>Made with double wall construction</li><li>Manufactured to make sure the inside corners are smooth so the electrical doesn’t get hung up during installation</li><li>Available in Show Chrome or Satin Black powder coat</li><li>1"" in clamping area and knurled</li><li>36 degree wrist angle</li><li>Not for Springer Models</li><li>Cable & TBW compatible</li><li>Made in the USA</li></ul>"
830-0596NC,"<ul><li>Combine comfort with attitude</li><li>Drilled for internal wiring</li><li>Made with double wall construction</li><li>Manufactured to make sure the inside corners are smooth so the electrical doesn’t get hung up during installation</li><li>Available in Show Chrome or Satin Black powder coat</li><li>1"" in clamping area and knurled</li><li>36 degree wrist angle</li><li>Not for Springer Models</li><li>Cable & TBW compatible</li><li>Made in the USA</li></ul>"
830-0596NCB,"<ul><li>Combine comfort with attitude</li><li>Drilled for internal wiring</li><li>Made with double wall construction</li><li>Manufactured to make sure the inside corners are smooth so the electrical doesn’t get hung up during installation</li><li>Available in Show Chrome or Satin Black powder coat</li><li>1"" in clamping area and knurled</li><li>36 degree wrist angle</li><li>Not for Springer Models</li><li>Cable & TBW compatible</li><li>Made in the USA</li></ul>"
581-8905,"<ul><li>Adjustable Shorty Levers for Indian </li><li>Easily adjust the levers reach to the bar for added comfort</li><li>1-1/4"" shorter than stock lever </li><li>CNC Machined from high quality T6061 Aluminum</li><li>Available in Chrome and Black</li><li>Patent Pending Design </li><li>Approximately +/-  1/2"" adjustment from stock </li><li>Sold in pairs </li></ul>"
581-8906,"<ul><li>Adjustable Shorty Levers for Indian </li><li>Easily adjust the levers reach to the bar for added comfort</li><li>1-1/4"" shorter than stock lever </li><li>CNC Machined from high quality T6061 Aluminum</li><li>Available in Chrome and Black</li><li>Patent Pending Design </li><li>Approximately +/-  1/2"" adjustment from stock </li><li>Sold in pairs </li></ul>"
581-8907,<ul><li>CNC machined levers easily adjust to rider's preference with a dial</li><li>Sold in pairs</li></ul>
581-8908,<ul><li>CNC machined levers easily adjust to rider's preference with a dial</li><li>Sold in pairs</li></ul>
581-8966,<ul><li>CNC machined levers easily adjust to rider's preference with a dial</li><li>Sold in pairs</li></ul>
581-8967,<ul><li>CNC machined levers easily adjust to rider's preference with a dial</li><li>Sold in pairs</li></ul>
581-8968,"<ul><li>Adjustable Shorty Levers for Indian </li><li>Easily adjust the levers reach to the bar for added comfort</li><li>1-1/4"" shorter than stock lever </li><li>CNC Machined from high quality T6061 Aluminum</li><li>Available in Chrome and Black</li><li>Patent Pending Design </li><li>Approximately +/-  1/2"" adjustment from stock </li><li>Sold in pairs </li></ul>"
581-8969,"<ul><li>Adjustable Shorty Levers for Indian </li><li>Easily adjust the levers reach to the bar for added comfort</li><li>1-1/4"" shorter than stock lever </li><li>CNC Machined from high quality T6061 Aluminum</li><li>Available in Chrome and Black</li><li>Patent Pending Design </li><li>Approximately +/-  1/2"" adjustment from stock </li><li>Sold in pairs </li></ul>"
581-8988,"<ul><li>Adjustable levers for Indian models</li><li>Easily adjust the levers reach to the bar for added comfort</li><li>CNC Machined from high quality T6061 Aluminum </li><li>Available in Chrome and Black </li><li>Patent Pending Design </li><li>Approximately +/-  1/2"" adjustment from stock </li><li>Sold in pairs </li></ul>"
581-8989,"<ul><li>Adjustable levers for Indian models</li><li>Easily adjust the levers reach to the bar for added comfort</li><li>CNC Machined from high quality T6061 Aluminum </li><li>Available in Chrome and Black </li><li>Patent Pending Design </li><li>Approximately +/-  1/2"" adjustment from stock </li><li>Sold in pairs </li></ul>"
581-8990,"<ul><li>Adjustable Shorty Levers for Indian </li><li>Easily adjust the levers reach to the bar for added comfort</li><li>1-1/4"" shorter than stock lever </li><li>CNC Machined from high quality T6061 Aluminum</li><li>Available in Chrome and Black</li><li>Patent Pending Design </li><li>Approximately +/-  1/2"" adjustment from stock </li><li>Sold in pairs </li></ul>"
581-8991,"<ul><li>Adjustable Shorty Levers for Indian </li><li>Easily adjust the levers reach to the bar for added comfort</li><li>1-1/4"" shorter than stock lever </li><li>CNC Machined from high quality T6061 Aluminum</li><li>Available in Chrome and Black</li><li>Patent Pending Design </li><li>Approximately +/-  1/2"" adjustment from stock </li><li>Sold in pairs </li></ul>"
206-40034,"The Fusion Throttle Tube may be the last throttle tube you ever need to buy. Constructed of a 6061 alloy. Simply select the throttle tube required for your make and model and you are ready to install and feel the benefits of a fresh throttle in minutes.

Features:
<ul><li>Durable 6061 Aluminum</li><li>Hard-Anodized Black finish</li><li>Integrated Teflon Sleeves deliver very smooth throttle pull and return</li><li>Machined Throttle barrels</li></ul>"
133-4040,"<ul><li>One Token, Many Uses: Dynojet’s new Universal Token replaces the old license system. No need to buy brand-specific licenses or limited quantities anymore.</li><li>Flexible & Scalable: Buy as many tokens as you want. Use them for licenses, features, unlocks, and more—it's a digital currency for tuning.</li><li>No More Downtime: Say goodbye to waiting on tech support or business hours to unlock your Power Vision or add features.</li><li>Tune Anytime, Anywhere: Use tokens through your Dynojet account whenever you need—24/7 access to tuning tools and upgrades.</li></ul>"
133-4041,"<ul><li>One Token, Many Uses: Dynojet’s new Universal Token replaces the old license system. No need to buy brand-specific licenses or limited quantities anymore.</li><li>Flexible & Scalable: Buy as many tokens as you want. Use them for licenses, features, unlocks, and more—it's a digital currency for tuning.</li><li>No More Downtime: Say goodbye to waiting on tech support or business hours to unlock your Power Vision or add features.</li><li>Tune Anytime, Anywhere: Use tokens through your Dynojet account whenever you need—24/7 access to tuning tools and upgrades.</li></ul>"
133-4042,"<ul><li>One Token, Many Uses: Dynojet’s new Universal Token replaces the old license system. No need to buy brand-specific licenses or limited quantities anymore.</li><li>Flexible & Scalable: Buy as many tokens as you want. Use them for licenses, features, unlocks, and more—it's a digital currency for tuning.</li><li>No More Downtime: Say goodbye to waiting on tech support or business hours to unlock your Power Vision or add features.</li><li>Tune Anytime, Anywhere: Use tokens through your Dynojet account whenever you need—24/7 access to tuning tools and upgrades.</li></ul>"
133-4043,"<ul><li>One Token, Many Uses: Dynojet’s new Universal Token replaces the old license system. No need to buy brand-specific licenses or limited quantities anymore.</li><li>Flexible & Scalable: Buy as many tokens as you want. Use them for licenses, features, unlocks, and more—it's a digital currency for tuning.</li><li>No More Downtime: Say goodbye to waiting on tech support or business hours to unlock your Power Vision or add features.</li><li>Tune Anytime, Anywhere: Use tokens through your Dynojet account whenever you need—24/7 access to tuning tools and upgrades.</li></ul>"
133-4044,"<ul><li>One Token, Many Uses: Dynojet’s new Universal Token replaces the old license system. No need to buy brand-specific licenses or limited quantities anymore.</li><li>Flexible & Scalable: Buy as many tokens as you want. Use them for licenses, features, unlocks, and more—it's a digital currency for tuning.</li><li>No More Downtime: Say goodbye to waiting on tech support or business hours to unlock your Power Vision or add features.</li><li>Tune Anytime, Anywhere: Use tokens through your Dynojet account whenever you need—24/7 access to tuning tools and upgrades.</li></ul>"
27-4736,"<ul><li>Contains 1 quart Prep A, 1 pint Prep B. Prep A is a concentrated cleaner that dissolves rust and etches the tank surface</li><li>Prep B is a final rinse and conditioner to prepare the tank for KREEM liner</li></ul>"
817-01440,"Goodridge was the first company to produce braided Stainless Steel brake lines for automotive use and established them as the standard in the motorsport's world. At Goodridge they understand the necessity of top quality brake lines. You need products you can trust. Their unmatched reputation backed by motorsport champions worldwide makes choosing the right solution easy. Goodridge’s braided Stainless Steel brake lines have been designed to offer the very best in braking performance. Unlike factory fitted lines, Goodridge Brake Lines won’t expand under pressure, giving you more precise braking right when you need it. Every Goodridge brake line is individually 100% pressure tested and guaranteed to be leak free reducing your stopping distance, eliminate sponginess under pressure and improve your ride.

Features:
<ul><li>Ebony brakeline kits are available for most popular Harley models</li><li>The combination of the PEFE inner and Stainless Steel outer braid eliminates the spongy feeling under heavy braking conditions</li><li>These kits feature Black coated Stainless braided hose for abrasion protection</li><li>9 point quality assurance testing process including tensile strength and pressure testing to 3000p.s.i.</li><li>hoses coating contains a UV inhibitor</li><li>Matted black steel fittings and adapters</li><li>Includes bolts and washers needed</li><li>Kits ship complete in eco friendly packaging</li></ul>"
817-01441,"Goodridge was the first company to produce braided Stainless Steel brake lines for automotive use and established them as the standard in the motorsport's world. At Goodridge they understand the necessity of top quality brake lines. You need products you can trust. Their unmatched reputation backed by motorsport champions worldwide makes choosing the right solution easy. Goodridge’s braided Stainless Steel brake lines have been designed to offer the very best in braking performance. Unlike factory fitted lines, Goodridge Brake Lines won’t expand under pressure, giving you more precise braking right when you need it. Every Goodridge brake line is individually 100% pressure tested and guaranteed to be leak free reducing your stopping distance, eliminate sponginess under pressure and improve your ride.

Features:
<ul><li>Ebony brakeline kits are available for most popular Harley models</li><li>The combination of the PEFE inner and Stainless Steel outer braid eliminates the spongy feeling under heavy braking conditions</li><li>These kits feature Black coated Stainless braided hose for abrasion protection</li><li>9 point quality assurance testing process including tensile strength and pressure testing to 3000p.s.i.</li><li>hoses coating contains a UV inhibitor</li><li>Matted black steel fittings and adapters</li><li>Includes bolts and washers needed</li><li>Kits ship complete in eco friendly packaging</li></ul>"
817-01442,"Goodridge was the first company to produce braided Stainless Steel brake lines for automotive use and established them as the standard in the motorsport's world. At Goodridge they understand the necessity of top quality brake lines. You need products you can trust. Their unmatched reputation backed by motorsport champions worldwide makes choosing the right solution easy. Goodridge’s braided Stainless Steel brake lines have been designed to offer the very best in braking performance. Unlike factory fitted lines, Goodridge Brake Lines won’t expand under pressure, giving you more precise braking right when you need it. Every Goodridge brake line is individually 100% pressure tested and guaranteed to be leak free reducing your stopping distance, eliminate sponginess under pressure and improve your ride.

Features:
<ul><li>Ebony brakeline kits are available for most popular Harley models</li><li>The combination of the PEFE inner and Stainless Steel outer braid eliminates the spongy feeling under heavy braking conditions</li><li>These kits feature Black coated Stainless braided hose for abrasion protection</li><li>9 point quality assurance testing process including tensile strength and pressure testing to 3000p.s.i.</li><li>hoses coating contains a UV inhibitor</li><li>Matted black steel fittings and adapters</li><li>Includes bolts and washers needed</li><li>Kits ship complete in eco friendly packaging</li></ul>"
817-01443,"Goodridge was the first company to produce braided Stainless Steel brake lines for automotive use and established them as the standard in the motorsport's world. At Goodridge they understand the necessity of top quality brake lines. You need products you can trust. Their unmatched reputation backed by motorsport champions worldwide makes choosing the right solution easy. Goodridge’s braided Stainless Steel brake lines have been designed to offer the very best in braking performance. Unlike factory fitted lines, Goodridge Brake Lines won’t expand under pressure, giving you more precise braking right when you need it. Every Goodridge brake line is individually 100% pressure tested and guaranteed to be leak free reducing your stopping distance, eliminate sponginess under pressure and improve your ride.

Features:
<ul><li>Ebony brakeline kits are available for most popular Harley models</li><li>The combination of the PEFE inner and Stainless Steel outer braid eliminates the spongy feeling under heavy braking conditions</li><li>These kits feature Black coated Stainless braided hose for abrasion protection</li><li>9 point quality assurance testing process including tensile strength and pressure testing to 3000p.s.i.</li><li>hoses coating contains a UV inhibitor</li><li>Matted black steel fittings and adapters</li><li>Includes bolts and washers needed</li><li>Kits ship complete in eco friendly packaging</li></ul>"
817-01444,"Goodridge was the first company to produce braided Stainless Steel brake lines for automotive use and established them as the standard in the motorsport's world. At Goodridge they understand the necessity of top quality brake lines. You need products you can trust. Their unmatched reputation backed by motorsport champions worldwide makes choosing the right solution easy. Goodridge’s braided Stainless Steel brake lines have been designed to offer the very best in braking performance. Unlike factory fitted lines, Goodridge Brake Lines won’t expand under pressure, giving you more precise braking right when you need it. Every Goodridge brake line is individually 100% pressure tested and guaranteed to be leak free reducing your stopping distance, eliminate sponginess under pressure and improve your ride.

Features:
<ul><li>Ebony brakeline kits are available for most popular Harley models</li><li>The combination of the PEFE inner and Stainless Steel outer braid eliminates the spongy feeling under heavy braking conditions</li><li>These kits feature Black coated Stainless braided hose for abrasion protection</li><li>9 point quality assurance testing process including tensile strength and pressure testing to 3000p.s.i.</li><li>hoses coating contains a UV inhibitor</li><li>Matted black steel fittings and adapters</li><li>Includes bolts and washers needed</li><li>Kits ship complete in eco friendly packaging</li></ul>"
817-01445,"Goodridge was the first company to produce braided Stainless Steel brake lines for automotive use and established them as the standard in the motorsport's world. At Goodridge they understand the necessity of top quality brake lines. You need products you can trust. Their unmatched reputation backed by motorsport champions worldwide makes choosing the right solution easy. Goodridge’s braided Stainless Steel brake lines have been designed to offer the very best in braking performance. Unlike factory fitted lines, Goodridge Brake Lines won’t expand under pressure, giving you more precise braking right when you need it. Every Goodridge brake line is individually 100% pressure tested and guaranteed to be leak free reducing your stopping distance, eliminate sponginess under pressure and improve your ride.

Features:
<ul><li>Ebony brakeline kits are available for most popular Harley models</li><li>The combination of the PEFE inner and Stainless Steel outer braid eliminates the spongy feeling under heavy braking conditions</li><li>These kits feature Black coated Stainless braided hose for abrasion protection</li><li>9 point quality assurance testing process including tensile strength and pressure testing to 3000p.s.i.</li><li>hoses coating contains a UV inhibitor</li><li>Matted black steel fittings and adapters</li><li>Includes bolts and washers needed</li><li>Kits ship complete in eco friendly packaging</li></ul>"
817-01446,"Goodridge was the first company to produce braided Stainless Steel brake lines for automotive use and established them as the standard in the motorsport's world. At Goodridge they understand the necessity of top quality brake lines. You need products you can trust. Their unmatched reputation backed by motorsport champions worldwide makes choosing the right solution easy. Goodridge’s braided Stainless Steel brake lines have been designed to offer the very best in braking performance. Unlike factory fitted lines, Goodridge Brake Lines won’t expand under pressure, giving you more precise braking right when you need it. Every Goodridge brake line is individually 100% pressure tested and guaranteed to be leak free reducing your stopping distance, eliminate sponginess under pressure and improve your ride.

Features:
<ul><li>Ebony brakeline kits are available for most popular Harley models</li><li>The combination of the PEFE inner and Stainless Steel outer braid eliminates the spongy feeling under heavy braking conditions</li><li>These kits feature Black coated Stainless braided hose for abrasion protection</li><li>9 point quality assurance testing process including tensile strength and pressure testing to 3000p.s.i.</li><li>hoses coating contains a UV inhibitor</li><li>Matted black steel fittings and adapters</li><li>Includes bolts and washers needed</li><li>Kits ship complete in eco friendly packaging</li></ul>"
817-01447,"Goodridge was the first company to produce braided Stainless Steel brake lines for automotive use and established them as the standard in the motorsport's world. At Goodridge they understand the necessity of top quality brake lines. You need products you can trust. Their unmatched reputation backed by motorsport champions worldwide makes choosing the right solution easy. Goodridge’s braided Stainless Steel brake lines have been designed to offer the very best in braking performance. Unlike factory fitted lines, Goodridge Brake Lines won’t expand under pressure, giving you more precise braking right when you need it. Every Goodridge brake line is individually 100% pressure tested and guaranteed to be leak free reducing your stopping distance, eliminate sponginess under pressure and improve your ride.

Features:
<ul><li>Ebony brakeline kits are available for most popular Harley models</li><li>The combination of the PEFE inner and Stainless Steel outer braid eliminates the spongy feeling under heavy braking conditions</li><li>These kits feature Black coated Stainless braided hose for abrasion protection</li><li>9 point quality assurance testing process including tensile strength and pressure testing to 3000p.s.i.</li><li>hoses coating contains a UV inhibitor</li><li>Matted black steel fittings and adapters</li><li>Includes bolts and washers needed</li><li>Kits ship complete in eco friendly packaging</li></ul>"
817-01448,"Goodridge was the first company to produce braided Stainless Steel brake lines for automotive use and established them as the standard in the motorsport's world. At Goodridge they understand the necessity of top quality brake lines. You need products you can trust. Their unmatched reputation backed by motorsport champions worldwide makes choosing the right solution easy. Goodridge’s braided Stainless Steel brake lines have been designed to offer the very best in braking performance. Unlike factory fitted lines, Goodridge Brake Lines won’t expand under pressure, giving you more precise braking right when you need it. Every Goodridge brake line is individually 100% pressure tested and guaranteed to be leak free reducing your stopping distance, eliminate sponginess under pressure and improve your ride.

Features:
<ul><li>Ebony brakeline kits are available for most popular Harley models</li><li>The combination of the PEFE inner and Stainless Steel outer braid eliminates the spongy feeling under heavy braking conditions</li><li>These kits feature Black coated Stainless braided hose for abrasion protection</li><li>9 point quality assurance testing process including tensile strength and pressure testing to 3000p.s.i.</li><li>hoses coating contains a UV inhibitor</li><li>Matted black steel fittings and adapters</li><li>Includes bolts and washers needed</li><li>Kits ship complete in eco friendly packaging</li></ul>"
817-01449,"Goodridge was the first company to produce braided Stainless Steel brake lines for automotive use and established them as the standard in the motorsport's world. At Goodridge they understand the necessity of top quality brake lines. You need products you can trust. Their unmatched reputation backed by motorsport champions worldwide makes choosing the right solution easy. Goodridge’s braided Stainless Steel brake lines have been designed to offer the very best in braking performance. Unlike factory fitted lines, Goodridge Brake Lines won’t expand under pressure, giving you more precise braking right when you need it. Every Goodridge brake line is individually 100% pressure tested and guaranteed to be leak free reducing your stopping distance, eliminate sponginess under pressure and improve your ride.

Features:
<ul><li>Ebony brakeline kits are available for most popular Harley models</li><li>The combination of the PEFE inner and Stainless Steel outer braid eliminates the spongy feeling under heavy braking conditions</li><li>These kits feature Black coated Stainless braided hose for abrasion protection</li><li>9 point quality assurance testing process including tensile strength and pressure testing to 3000p.s.i.</li><li>hoses coating contains a UV inhibitor</li><li>Matted black steel fittings and adapters</li><li>Includes bolts and washers needed</li><li>Kits ship complete in eco friendly packaging</li></ul>"
817-01450,"Goodridge was the first company to produce braided Stainless Steel brake lines for automotive use and established them as the standard in the motorsport's world. At Goodridge they understand the necessity of top quality brake lines. You need products you can trust. Their unmatched reputation backed by motorsport champions worldwide makes choosing the right solution easy. Goodridge’s braided Stainless Steel brake lines have been designed to offer the very best in braking performance. Unlike factory fitted lines, Goodridge Brake Lines won’t expand under pressure, giving you more precise braking right when you need it. Every Goodridge brake line is individually 100% pressure tested and guaranteed to be leak free reducing your stopping distance, eliminate sponginess under pressure and improve your ride.

Features:
<ul><li>Ebony brakeline kits are available for most popular Harley models</li><li>The combination of the PEFE inner and Stainless Steel outer braid eliminates the spongy feeling under heavy braking conditions</li><li>These kits feature Black coated Stainless braided hose for abrasion protection</li><li>9 point quality assurance testing process including tensile strength and pressure testing to 3000p.s.i.</li><li>hoses coating contains a UV inhibitor</li><li>Matted black steel fittings and adapters</li><li>Includes bolts and washers needed</li><li>Kits ship complete in eco friendly packaging</li></ul>"
817-01451,"Goodridge was the first company to produce braided Stainless Steel brake lines for automotive use and established them as the standard in the motorsport's world. At Goodridge they understand the necessity of top quality brake lines. You need products you can trust. Their unmatched reputation backed by motorsport champions worldwide makes choosing the right solution easy. Goodridge’s braided Stainless Steel brake lines have been designed to offer the very best in braking performance. Unlike factory fitted lines, Goodridge Brake Lines won’t expand under pressure, giving you more precise braking right when you need it. Every Goodridge brake line is individually 100% pressure tested and guaranteed to be leak free reducing your stopping distance, eliminate sponginess under pressure and improve your ride.

Features:
<ul><li>Ebony brakeline kits are available for most popular Harley models</li><li>The combination of the PEFE inner and Stainless Steel outer braid eliminates the spongy feeling under heavy braking conditions</li><li>These kits feature Black coated Stainless braided hose for abrasion protection</li><li>9 point quality assurance testing process including tensile strength and pressure testing to 3000p.s.i.</li><li>hoses coating contains a UV inhibitor</li><li>Matted black steel fittings and adapters</li><li>Includes bolts and washers needed</li><li>Kits ship complete in eco friendly packaging</li></ul>"
817-01452,"Goodridge was the first company to produce braided Stainless Steel brake lines for automotive use and established them as the standard in the motorsport's world. At Goodridge they understand the necessity of top quality brake lines. You need products you can trust. Their unmatched reputation backed by motorsport champions worldwide makes choosing the right solution easy. Goodridge’s braided Stainless Steel brake lines have been designed to offer the very best in braking performance. Unlike factory fitted lines, Goodridge Brake Lines won’t expand under pressure, giving you more precise braking right when you need it. Every Goodridge brake line is individually 100% pressure tested and guaranteed to be leak free reducing your stopping distance, eliminate sponginess under pressure and improve your ride.

Features:
<ul><li>Ebony brakeline kits are available for most popular Harley models</li><li>The combination of the PEFE inner and Stainless Steel outer braid eliminates the spongy feeling under heavy braking conditions</li><li>These kits feature Black coated Stainless braided hose for abrasion protection</li><li>9 point quality assurance testing process including tensile strength and pressure testing to 3000p.s.i.</li><li>hoses coating contains a UV inhibitor</li><li>Matted black steel fittings and adapters</li><li>Includes bolts and washers needed</li><li>Kits ship complete in eco friendly packaging</li></ul>"
817-01453,"Goodridge was the first company to produce braided Stainless Steel brake lines for automotive use and established them as the standard in the motorsport's world. At Goodridge they understand the necessity of top quality brake lines. You need products you can trust. Their unmatched reputation backed by motorsport champions worldwide makes choosing the right solution easy. Goodridge’s braided Stainless Steel brake lines have been designed to offer the very best in braking performance. Unlike factory fitted lines, Goodridge Brake Lines won’t expand under pressure, giving you more precise braking right when you need it. Every Goodridge brake line is individually 100% pressure tested and guaranteed to be leak free reducing your stopping distance, eliminate sponginess under pressure and improve your ride.

Features:
<ul><li>Ebony brakeline kits are available for most popular Harley models</li><li>The combination of the PEFE inner and Stainless Steel outer braid eliminates the spongy feeling under heavy braking conditions</li><li>These kits feature Black coated Stainless braided hose for abrasion protection</li><li>9 point quality assurance testing process including tensile strength and pressure testing to 3000p.s.i.</li><li>hoses coating contains a UV inhibitor</li><li>Matted black steel fittings and adapters</li><li>Includes bolts and washers needed</li><li>Kits ship complete in eco friendly packaging</li></ul>"
817-01454,"Goodridge was the first company to produce braided Stainless Steel brake lines for automotive use and established them as the standard in the motorsport's world. At Goodridge they understand the necessity of top quality brake lines. You need products you can trust. Their unmatched reputation backed by motorsport champions worldwide makes choosing the right solution easy. Goodridge’s braided Stainless Steel brake lines have been designed to offer the very best in braking performance. Unlike factory fitted lines, Goodridge Brake Lines won’t expand under pressure, giving you more precise braking right when you need it. Every Goodridge brake line is individually 100% pressure tested and guaranteed to be leak free reducing your stopping distance, eliminate sponginess under pressure and improve your ride.

Features:
<ul><li>Ebony brakeline kits are available for most popular Harley models</li><li>The combination of the PEFE inner and Stainless Steel outer braid eliminates the spongy feeling under heavy braking conditions</li><li>These kits feature Black coated Stainless braided hose for abrasion protection</li><li>9 point quality assurance testing process including tensile strength and pressure testing to 3000p.s.i.</li><li>hoses coating contains a UV inhibitor</li><li>Matted black steel fittings and adapters</li><li>Includes bolts and washers needed</li><li>Kits ship complete in eco friendly packaging</li></ul>"
817-01455,"Goodridge was the first company to produce braided Stainless Steel brake lines for automotive use and established them as the standard in the motorsport's world. At Goodridge they understand the necessity of top quality brake lines. You need products you can trust. Their unmatched reputation backed by motorsport champions worldwide makes choosing the right solution easy. Goodridge’s braided Stainless Steel brake lines have been designed to offer the very best in braking performance. Unlike factory fitted lines, Goodridge Brake Lines won’t expand under pressure, giving you more precise braking right when you need it. Every Goodridge brake line is individually 100% pressure tested and guaranteed to be leak free reducing your stopping distance, eliminate sponginess under pressure and improve your ride.

Features:
<ul><li>Ebony brakeline kits are available for most popular Harley models</li><li>The combination of the PEFE inner and Stainless Steel outer braid eliminates the spongy feeling under heavy braking conditions</li><li>These kits feature Black coated Stainless braided hose for abrasion protection</li><li>9 point quality assurance testing process including tensile strength and pressure testing to 3000p.s.i.</li><li>hoses coating contains a UV inhibitor</li><li>Matted black steel fittings and adapters</li><li>Includes bolts and washers needed</li><li>Kits ship complete in eco friendly packaging</li></ul>"
817-01456,"Goodridge was the first company to produce braided Stainless Steel brake lines for automotive use and established them as the standard in the motorsport's world. At Goodridge they understand the necessity of top quality brake lines. You need products you can trust. Their unmatched reputation backed by motorsport champions worldwide makes choosing the right solution easy. Goodridge’s braided Stainless Steel brake lines have been designed to offer the very best in braking performance. Unlike factory fitted lines, Goodridge Brake Lines won’t expand under pressure, giving you more precise braking right when you need it. Every Goodridge brake line is individually 100% pressure tested and guaranteed to be leak free reducing your stopping distance, eliminate sponginess under pressure and improve your ride.

Features:
<ul><li>Ebony brakeline kits are available for most popular Harley models</li><li>The combination of the PEFE inner and Stainless Steel outer braid eliminates the spongy feeling under heavy braking conditions</li><li>These kits feature Black coated Stainless braided hose for abrasion protection</li><li>9 point quality assurance testing process including tensile strength and pressure testing to 3000p.s.i.</li><li>hoses coating contains a UV inhibitor</li><li>Matted black steel fittings and adapters</li><li>Includes bolts and washers needed</li><li>Kits ship complete in eco friendly packaging</li></ul>"
817-01457,"Goodridge was the first company to produce braided Stainless Steel brake lines for automotive use and established them as the standard in the motorsport's world. At Goodridge they understand the necessity of top quality brake lines. You need products you can trust. Their unmatched reputation backed by motorsport champions worldwide makes choosing the right solution easy. Goodridge’s braided Stainless Steel brake lines have been designed to offer the very best in braking performance. Unlike factory fitted lines, Goodridge Brake Lines won’t expand under pressure, giving you more precise braking right when you need it. Every Goodridge brake line is individually 100% pressure tested and guaranteed to be leak free reducing your stopping distance, eliminate sponginess under pressure and improve your ride.

Features:
<ul><li>Ebony brakeline kits are available for most popular Harley models</li><li>The combination of the PEFE inner and Stainless Steel outer braid eliminates the spongy feeling under heavy braking conditions</li><li>These kits feature Black coated Stainless braided hose for abrasion protection</li><li>9 point quality assurance testing process including tensile strength and pressure testing to 3000p.s.i.</li><li>hoses coating contains a UV inhibitor</li><li>Matted black steel fittings and adapters</li><li>Includes bolts and washers needed</li><li>Kits ship complete in eco friendly packaging</li></ul>"
817-01458,"Goodridge was the first company to produce braided Stainless Steel brake lines for automotive use and established them as the standard in the motorsport's world. At Goodridge they understand the necessity of top quality brake lines. You need products you can trust. Their unmatched reputation backed by motorsport champions worldwide makes choosing the right solution easy. Goodridge’s braided Stainless Steel brake lines have been designed to offer the very best in braking performance. Unlike factory fitted lines, Goodridge Brake Lines won’t expand under pressure, giving you more precise braking right when you need it. Every Goodridge brake line is individually 100% pressure tested and guaranteed to be leak free reducing your stopping distance, eliminate sponginess under pressure and improve your ride.

Features:
<ul><li>Ebony brakeline kits are available for most popular Harley models</li><li>The combination of the PEFE inner and Stainless Steel outer braid eliminates the spongy feeling under heavy braking conditions</li><li>These kits feature Black coated Stainless braided hose for abrasion protection</li><li>9 point quality assurance testing process including tensile strength and pressure testing to 3000p.s.i.</li><li>hoses coating contains a UV inhibitor</li><li>Matted black steel fittings and adapters</li><li>Includes bolts and washers needed</li><li>Kits ship complete in eco friendly packaging</li></ul>"
817-01459,"Goodridge was the first company to produce braided Stainless Steel brake lines for automotive use and established them as the standard in the motorsport's world. At Goodridge they understand the necessity of top quality brake lines. You need products you can trust. Their unmatched reputation backed by motorsport champions worldwide makes choosing the right solution easy. Goodridge’s braided Stainless Steel brake lines have been designed to offer the very best in braking performance. Unlike factory fitted lines, Goodridge Brake Lines won’t expand under pressure, giving you more precise braking right when you need it. Every Goodridge brake line is individually 100% pressure tested and guaranteed to be leak free reducing your stopping distance, eliminate sponginess under pressure and improve your ride.

Features:
<ul><li>Ebony brakeline kits are available for most popular Harley models</li><li>The combination of the PEFE inner and Stainless Steel outer braid eliminates the spongy feeling under heavy braking conditions</li><li>These kits feature Black coated Stainless braided hose for abrasion protection</li><li>9 point quality assurance testing process including tensile strength and pressure testing to 3000p.s.i.</li><li>hoses coating contains a UV inhibitor</li><li>Matted black steel fittings and adapters</li><li>Includes bolts and washers needed</li><li>Kits ship complete in eco friendly packaging</li></ul>"
817-01460,"Goodridge was the first company to produce braided Stainless Steel brake lines for automotive use and established them as the standard in the motorsport's world. At Goodridge they understand the necessity of top quality brake lines. You need products you can trust. Their unmatched reputation backed by motorsport champions worldwide makes choosing the right solution easy. Goodridge’s braided Stainless Steel brake lines have been designed to offer the very best in braking performance. Unlike factory fitted lines, Goodridge Brake Lines won’t expand under pressure, giving you more precise braking right when you need it. Every Goodridge brake line is individually 100% pressure tested and guaranteed to be leak free reducing your stopping distance, eliminate sponginess under pressure and improve your ride.

Features:
<ul><li>Ebony brakeline kits are available for most popular Harley models</li><li>The combination of the PEFE inner and Stainless Steel outer braid eliminates the spongy feeling under heavy braking conditions</li><li>These kits feature Black coated Stainless braided hose for abrasion protection</li><li>9 point quality assurance testing process including tensile strength and pressure testing to 3000p.s.i.</li><li>hoses coating contains a UV inhibitor</li><li>Matted black steel fittings and adapters</li><li>Includes bolts and washers needed</li><li>Kits ship complete in eco friendly packaging</li></ul>"
817-01461,"Goodridge was the first company to produce braided Stainless Steel brake lines for automotive use and established them as the standard in the motorsport's world. At Goodridge they understand the necessity of top quality brake lines. You need products you can trust. Their unmatched reputation backed by motorsport champions worldwide makes choosing the right solution easy. Goodridge’s braided Stainless Steel brake lines have been designed to offer the very best in braking performance. Unlike factory fitted lines, Goodridge Brake Lines won’t expand under pressure, giving you more precise braking right when you need it. Every Goodridge brake line is individually 100% pressure tested and guaranteed to be leak free reducing your stopping distance, eliminate sponginess under pressure and improve your ride.

Features:
<ul><li>Ebony brakeline kits are available for most popular Harley models</li><li>The combination of the PEFE inner and Stainless Steel outer braid eliminates the spongy feeling under heavy braking conditions</li><li>These kits feature Black coated Stainless braided hose for abrasion protection</li><li>9 point quality assurance testing process including tensile strength and pressure testing to 3000p.s.i.</li><li>hoses coating contains a UV inhibitor</li><li>Matted black steel fittings and adapters</li><li>Includes bolts and washers needed</li><li>Kits ship complete in eco friendly packaging</li></ul>"
817-01462,"Goodridge was the first company to produce braided Stainless Steel brake lines for automotive use and established them as the standard in the motorsport's world. At Goodridge they understand the necessity of top quality brake lines. You need products you can trust. Their unmatched reputation backed by motorsport champions worldwide makes choosing the right solution easy. Goodridge’s braided Stainless Steel brake lines have been designed to offer the very best in braking performance. Unlike factory fitted lines, Goodridge Brake Lines won’t expand under pressure, giving you more precise braking right when you need it. Every Goodridge brake line is individually 100% pressure tested and guaranteed to be leak free reducing your stopping distance, eliminate sponginess under pressure and improve your ride.

Features:
<ul><li>Ebony brakeline kits are available for most popular Harley models</li><li>The combination of the PEFE inner and Stainless Steel outer braid eliminates the spongy feeling under heavy braking conditions</li><li>These kits feature Black coated Stainless braided hose for abrasion protection</li><li>9 point quality assurance testing process including tensile strength and pressure testing to 3000p.s.i.</li><li>hoses coating contains a UV inhibitor</li><li>Matted black steel fittings and adapters</li><li>Includes bolts and washers needed</li><li>Kits ship complete in eco friendly packaging</li></ul>"
817-01463,"Goodridge was the first company to produce braided Stainless Steel brake lines for automotive use and established them as the standard in the motorsport's world. At Goodridge they understand the necessity of top quality brake lines. You need products you can trust. Their unmatched reputation backed by motorsport champions worldwide makes choosing the right solution easy. Goodridge’s braided Stainless Steel brake lines have been designed to offer the very best in braking performance. Unlike factory fitted lines, Goodridge Brake Lines won’t expand under pressure, giving you more precise braking right when you need it. Every Goodridge brake line is individually 100% pressure tested and guaranteed to be leak free reducing your stopping distance, eliminate sponginess under pressure and improve your ride.

Features:
<ul><li>Ebony brakeline kits are available for most popular Harley models</li><li>The combination of the PEFE inner and Stainless Steel outer braid eliminates the spongy feeling under heavy braking conditions</li><li>These kits feature Black coated Stainless braided hose for abrasion protection</li><li>9 point quality assurance testing process including tensile strength and pressure testing to 3000p.s.i.</li><li>hoses coating contains a UV inhibitor</li><li>Matted black steel fittings and adapters</li><li>Includes bolts and washers needed</li><li>Kits ship complete in eco friendly packaging</li></ul>"
817-01464,"Goodridge was the first company to produce braided Stainless Steel brake lines for automotive use and established them as the standard in the motorsport's world. At Goodridge they understand the necessity of top quality brake lines. You need products you can trust. Their unmatched reputation backed by motorsport champions worldwide makes choosing the right solution easy. Goodridge’s braided Stainless Steel brake lines have been designed to offer the very best in braking performance. Unlike factory fitted lines, Goodridge Brake Lines won’t expand under pressure, giving you more precise braking right when you need it. Every Goodridge brake line is individually 100% pressure tested and guaranteed to be leak free reducing your stopping distance, eliminate sponginess under pressure and improve your ride.

Features:
<ul><li>Ebony brakeline kits are available for most popular Harley models</li><li>The combination of the PEFE inner and Stainless Steel outer braid eliminates the spongy feeling under heavy braking conditions</li><li>These kits feature Black coated Stainless braided hose for abrasion protection</li><li>9 point quality assurance testing process including tensile strength and pressure testing to 3000p.s.i.</li><li>hoses coating contains a UV inhibitor</li><li>Matted black steel fittings and adapters</li><li>Includes bolts and washers needed</li><li>Kits ship complete in eco friendly packaging</li></ul>"
817-01465,"Goodridge was the first company to produce braided Stainless Steel brake lines for automotive use and established them as the standard in the motorsport's world. At Goodridge they understand the necessity of top quality brake lines. You need products you can trust. Their unmatched reputation backed by motorsport champions worldwide makes choosing the right solution easy. Goodridge’s braided Stainless Steel brake lines have been designed to offer the very best in braking performance. Unlike factory fitted lines, Goodridge Brake Lines won’t expand under pressure, giving you more precise braking right when you need it. Every Goodridge brake line is individually 100% pressure tested and guaranteed to be leak free reducing your stopping distance, eliminate sponginess under pressure and improve your ride.

Features:
<ul><li>Ebony brakeline kits are available for most popular Harley models</li><li>The combination of the PEFE inner and Stainless Steel outer braid eliminates the spongy feeling under heavy braking conditions</li><li>These kits feature Black coated Stainless braided hose for abrasion protection</li><li>9 point quality assurance testing process including tensile strength and pressure testing to 3000p.s.i.</li><li>hoses coating contains a UV inhibitor</li><li>Matted black steel fittings and adapters</li><li>Includes bolts and washers needed</li><li>Kits ship complete in eco friendly packaging</li></ul>"
563-04018,"Upgrade your ride with the Carbon Fiber Saddlebag Lids for 2014-2023 Harley Davidson Touring bikes. Designed to offer unmatched lightweight performance, exceptional durability, and a direct bolt-on OEM replacement, these saddlebag lids are the ultimate enhancement for your motorcycle.

Features:
<ul><li>Lightweight Design: Constructed from premium carbon fiber, these saddlebag lids cut your lid weight down by over 50%. Enjoy a significantly lighter ride, enhancing your bike's overall performance and handling.</li><li>Exceptional Durability: Built to withstand the harshest conditions, these saddlebag lids offer superior resistance to wear and tear. Trust in their robust construction to keep your saddlebags secure and your belongings protected.</li><li>OEM Replacement: Designed as a direct bolt-on replacement, these saddlebag lids ensure a perfect fit for 2014-2023 Harley Davidson Touring models. Enjoy a hassle-free installation with no modifications required.</li><li>Enhanced Performance: By reducing the weight of your saddlebags, these lids improve your motorcycle's agility and fuel efficiency. Experience a smoother, more responsive ride every time you hit the road.</li><li>2014-2023 (2023.5 CVO Excluded) carbon fiber standard lids. OEM specs - LIDS ONLY</li></ul>"
563-04019,<ul><li>100% Hand Crafted</li><li>Designed to replace your OEM dash</li><li>Recommended use with Hofmann Designs Fuel Cap</li><li>Not for use with Pop-Up style fuel caps</li><li>Hofmann Designs .398 lbs. Factory OEM 3.79 lbs</li><li>Shave up to 3 Lbs. with this upgrade</li><li>Low profile design</li><li>No-Hole Dash will require ignition switch and speedometer relocation</li><li>Specialized process and materials designed specifically for your American V-twin Motorcycle</li><li>Pre-drilled and ready to install</li><li>Proudly Made in the USA</li><li>*FLTR – FLHX 08-later --- hole style</li><li>*FLHR  08- LATER.  CVO 2011- LATER will lose light up CVO emblem if equipped</li></ul>
563-04020,"Upgrade your ride with OEM Replacement Side Covers for 2009-2023 Touring Harley Davidson Motorcycles, designed to enhance your bike's performance, durability, and style.

Features:
<ul><li>Lightweight Construction: Crafted from advanced materials, these side covers reduce weight without compromising strength.</li><li>Experience improved maneuverability and efficiency on every ride.</li><li>Unmatched Durability: Built to withstand the rigors of the road, these side covers offer superior resistance to wear and tear.</li><li>Trust in their longevity to keep your bike looking and performing at its best for years to come.</li><li>Stylish Design: Engineered to seamlessly blend with the iconic aesthetics of your Harley Davidson, these side covers add a touch of modern flair.</li><li>Enhance your bike's appearance with a sleek, polished look that stands out on the open road.</li><li>Perfect Fit: As genuine OEM replacements, these side covers are designed for a precise fit on 2009-2023 Touring Harley Davidson models.</li><li>Enjoy hassle-free installation and a perfect match to your bike’s original specifications.</li><li>Made in the USA</li><li>2009-2023 (2023 CVO Excluded) carbon fiber standard side covers. OEM specs.</li><li>Weight Savings</li><li>Factory OEM  1.14 LBS | Hofmann Designs  .83 LBS</li></ul>"
82-96013,"<ul><li>The race pro tip (RPT) mufflers make use of all the high-tech features of our regular 3” slip-on’s.</li><li>We utilize our signature 2” constant velocity cores with bonded e-glass and Stainless-Steel mesh, for exceptional sound and performance.</li><li>The body begins as 3” at the front until they expand to 3.5” at the rear.</li><li>The tip is also the Race-Pro machined design that’s held in place with 12-point bolts.</li><li>Available in either show Chrome or Black finishes.</li><li>Limited Lifetime Warranty</li><li>Made in the USA</li></ul>"
563-04021,"Introducing the Carbon Fiber Side Covers for 2023.5-2025 Touring models, expertly designed to provide OEM fitment, significant weight reduction, and exceptional durability.

Features:
<ul><li>OEM Fitment: These side covers are precisely engineered for a direct replacement of your original parts, ensuring a seamless fit and flawless integration with your 2023.5-2025 Touring models.</li><li>Enjoy an easy installation process and a factory-perfect appearance.</li><li>Lightweight Performance: Constructed from premium carbon fiber, these side covers are nearly 50% lighter than stock versions.</li><li>Benefit from improved handling, enhanced agility, and better fuel efficiency due to the significant weight reduction.</li><li>Exceptional Durability: Designed to withstand the most demanding conditions, these carbon fiber side covers offer superior durability. Trust in their robust construction to protect your bike and maintain their sleek appearance, ride after ride.</li><li>Unique Design: Created as an OEM replacement, but with our own personal Hofmann Designs touch to add a bit more of an aggressive, performance-oriented look to your bike.</li><li>Made in the USA</li><li>Side covers for 2023.5-2025 Touring Bikes.</li><li>Weight Savings</li><li>Factory OEM  1.11 LBS | Hofmann Designs  .522 LBS</li><li>** Not Compatible with Harley Davidson Saddlebag Tip-Over Bar Set.</li></ul>"
82-96014,"<ul><li>The race pro tip (RPT) mufflers make use of all the high-tech features of our regular 3” slip-on’s.</li><li>We utilize our signature 2” constant velocity cores with bonded e-glass and Stainless-Steel mesh, for exceptional sound and performance.</li><li>The body begins as 3” at the front until they expand to 3.5” at the rear.</li><li>The tip is also the Race-Pro machined design that’s held in place with 12-point bolts.</li><li>Available in either show Chrome or Black finishes.</li><li>Limited Lifetime Warranty</li><li>Made in the USA</li></ul>"
563-04022,"Introducing the FXR Styled Side Covers for 2009-2023 Touring Harley Davidson Motorcycles, the perfect upgrade for riders seeking lightweight performance, superior durability, and a sleek, aggressive look.

Features:
<ul><li>Lightweight Performance: Constructed from high-quality materials, these FXR styled side covers reduce weight, enhancing your motorcycle’s agility and handling.</li><li>Experience a noticeable improvement in performance without compromising on strength.</li><li>Unmatched Durability: Built to withstand the toughest road conditions, these side covers offer exceptional durability.</li><li>Rely on their robust construction to keep your bike protected and looking sharp for years to come.</li><li>Sleek and Aggressive Style: Designed to give your Harley Davidson a more aggressive and modern look, these FXR styled side covers transform the aesthetic of your bike.</li><li>Embrace a bold, streamlined design that stands out on every ride.</li><li>Perfect Fit: Precisely engineered for 2009-2023 Touring Harley Davidson models, these side covers ensure a seamless fit and easy installation.</li><li>Enjoy the confidence of a custom look with the reliability of a perfect match to your bike’s specifications.</li><li>Made in the USA</li><li>Elevate your Touring Harley Davidson with FXR styled side covers that offer lightweight durability and a sleek, aggressive style.</li><li>Ride with a renewed sense of pride, knowing your bike not only performs better but also looks more formidable than ever.</li><li>2009-2023 (2023-2025 CVO Excluded) Bagger FXR Style Side Covers.</li><li>Transform the look of your bagger with these brand-new side covers in carbon fiber.</li><li>Weight Savings</li><li>Factory OEM  1.14 LBS | Hofmann Designs  .538 LBS</li></ul>"
82-96029,"<ul><li>The race pro tip (RPT) mufflers make use of all the high-tech features of our regular 3” slip-on’s.</li><li>We utilize our signature 2” constant velocity cores with bonded e-glass and Stainless-Steel mesh, for exceptional sound and performance.</li><li>The body begins as 3” at the front until they expand to 3.5” at the rear.</li><li>The tip is also the Race-Pro machined design that’s held in place with 12-point bolts.</li><li>Available in either show Chrome or Black finishes.</li><li>Limited Lifetime Warranty</li><li>Made in the USA</li></ul>"
563-04023,<ul><li>100% Hand Crafted</li><li>Gloss fenders come with Black Fender Spacers</li><li>Shorty Fender .806 lbs. Factory OEM 4.97 lbs.</li><li>Specialized process and materials designed specifically for your American V-twin Motorcycle</li><li>Shave up to 4 Lbs. with this upgrade</li><li>Pre-drilled and ready to install</li><li>All fenders come with black CNC machined mounting blocks and necessary hardware for installation</li><li>Proudly Made in the USA</li></ul>
82-96030,"<ul><li>The race pro tip (RPT) mufflers make use of all the high-tech features of our regular 3” slip-on’s.</li><li>We utilize our signature 2” constant velocity cores with bonded e-glass and Stainless-Steel mesh, for exceptional sound and performance.</li><li>The body begins as 3” at the front until they expand to 3.5” at the rear.</li><li>The tip is also the Race-Pro machined design that’s held in place with 12-point bolts.</li><li>Available in either show Chrome or Black finishes.</li><li>Limited Lifetime Warranty</li><li>Made in the USA</li></ul>"
563-04024,<ul><li>100% Hand Crafted</li><li>Gloss fenders come with Black Fender Spacers</li><li>Shorty Fender .806 lbs. Factory OEM 4.97 lbs.</li><li>Specialized process and materials designed specifically for your American V-twin Motorcycle</li><li>Shave up to 4 Lbs. with this upgrade</li><li>Pre-drilled and ready to install</li><li>All fenders come with black CNC machined mounting blocks and necessary hardware for installation</li><li>Proudly Made in the USA</li></ul>
563-04025,"<ul><li>100% Hand Crafted</li><li>All fenders come with Black CNC machined mounting blocks and necessary hardware for installation.</li><li>Mid-length Fender 1.05 lbs. Factory OEM 4.97 lbs.</li><li>Mid-length is +3” in the front, +5.5” in the back</li><li>Pre-drilled and ready to install</li><li>Specialized process and materials designed specifically for your American V-twin Motorcycle</li><li>Shave up to 4 Lbs. with this upgrade</li><li>Comes in a high gloss finish which are UV stable to ensure the longevity of its finish</li><li>Proudly Made in the USA</li></ul>"
563-04200,<ul><li>The ultimate upgrade for your performance bagger.</li><li>100% Hand crafted American made components</li><li>Specialized process and materials designed specifically for your American V-twin Motorcycle</li><li>Our Hofmann-Designs front fenders come in two options short or mid length.</li><li>Comes in a high gloss finish which are UV stable to ensure the longevity of its finish.</li><li>Pre-drilled and ready to install.</li><li>All fenders come with black CNC machined mounting blocks and necessary hardware for installation.</li><li>Made in the USA</li></ul>
563-04201,"<ul><li>The ultimate upgrade for your performance bagger.</li><li>100% Hand crafted American made components.</li><li>Specialized process and materials designed specifically for your American V-twin Motorcycle.</li><li>Our Hofmann-Designs front fenders come in two options short or mid length.</li><li>Comes in a high gloss finish which are UV stable to ensure the longevity of its finish.</li><li>Pre-drilled and ready to install.</li><li>All fenders come with black CNC machined mounting blocks and necessary hardware for installation.</li><li>Same as our BEST SELLING shorty front fender; except 3"" longer to the front and 5.5"" to the back.</li><li>Fender DOES NOT fit with Shinko SR777 120/70-21.</li><li>Made in the USA</li></ul>"
563-04202,"<ul><li>OEM Fit & Finish - This rear fender is a direct OEM replacement, ensuring a clean, bolt-on installation with no modifications required. (All factory mounting points are retained, making it a hassle-free upgrade for your Chieftain.</li><li>Real Carbon Fiber Construction - It’s over 50% lighter than the stock fender, reducing unsprung weight and improving your bike’s handling and responsiveness</li><li>Designed For Durability - Finished in a UV-stable gel coat, this rear fender is built to handle the miles, the weather, and whatever else the road throws your way. Whether you're chasing miles or trophies, this fender is ready for both.</li><li>Sleek, Modern Style - With its low-profile silhouette and aggressive contours, the carbon fiber rear fender complements the Chieftain’s design while giving it a sharper, more modern edge.</li><li>This is the kind of custom detail that turns heads at stoplights and shows alike.</li><li>Upgrade your ride with the strength, style, and weight savings only genuine carbon fiber can deliver.</li><li>This fender is built for riders who won’t compromise on performance or design.</li><li>Made In The USA</li></ul>"
563-04203,"<ul><li>OEM Fitment:</li><li>Designed to seamlessly replace your factory dash with zero modifications needed. Bolts directly in place for a clean, factory-style install.</li><li>Real Carbon Fiber Construction:</li><li>Hand-laid using premium carbon fiber for maximum strength and ultra-lightweight performance. It’s nearly 50% lighter than the stock dash.</li><li>Built to Last:</li><li>Carbon fiber not only looks killer—it’s resistant to heat, corrosion, and UV damage, making it as durable as it is stylish.</li><li>Made in the USA:</li><li>Each piece is hand crafted in the USA – no imported parts here! With unmatched attention to detail and American-made pride.</li><li>Take your Indian Chieftain to the next level with the Hofmann Designs Carbon Fiber Dash — lightweight, aggressive, and built to perform.</li></ul>"
82-96106,"<ul><li>A detachable backrest offers the convenience of a practical and comfortable back support, but one that is easily removed for around town riding.</li><li>What really sets this detachable backrest system apart from the rest, is that there is no need to relocate the stock turn signals</li><li>Sissy bars are square stock and are available in Chrome or Black, with a Black Vinyl  Leather Pad</li><li>Bars come in either a Mini or Short position</li><li>The backrest comes with the pad installed, ready to be mounted onto your bike.</li><li>Each is bike specific and arrives with everything needed to install on the bike, including mounting hardware.</li><li>Made in the USA</li></ul>"
82-96107,"<ul><li>A detachable backrest offers the convenience of a practical and comfortable back support, but one that is easily removed for around town riding.</li><li>What really sets this detachable backrest system apart from the rest, is that there is no need to relocate the stock turn signals</li><li>Sissy bars are square stock and are available in Chrome or Black, with a Black Vinyl  Leather Pad</li><li>Bars come in either a Mini or Short position</li><li>The backrest comes with the pad installed, ready to be mounted onto your bike.</li><li>Each is bike specific and arrives with everything needed to install on the bike, including mounting hardware.</li><li>Made in the USA</li></ul>"
82-96111,"<ul><li>A detachable backrest offers the convenience of a practical and comfortable back support, but one that is easily removed for around town riding.</li><li>What really sets this detachable backrest system apart from the rest, is that there is no need to relocate the stock turn signals.</li><li>Sissy bars are round stock and are available in Chrome or Black, with a Black Vinyl  Leather Pad</li><li>Available in either Short or Tall position</li><li>Each is bike specific and arrives with everything needed to install on the bike, including mounting hardware.</li><li>The backrest comes with the pad installed, ready to be mounted onto your bike.</li><li>The Cobra Short & Tall Detachable Backrests for Touring models use a proprietary mounting system that is easily removed and installed.</li><li>If you should need docking hardware to mount it, we offer that as well.</li><li>Made in the USA</li><li>**NOTE: This part requires an optional docking kit. It works best with the Cobra docking hardware kits: part# 82-96550 front, and 82-86551 rear. This must be purchased separately.</li></ul>"
82-96114,"<ul><li>A detachable backrest offers the convenience of a practical and comfortable back support, but one that is easily removed for around town riding.</li><li>What really sets this detachable backrest system apart from the rest, is that there is no need to relocate the stock turn signals.</li><li>Sissy bars are round stock and are available in Chrome or Black, with a Black Vinyl  Leather Pad</li><li>Available in either Short or Tall position</li><li>Each is bike specific and arrives with everything needed to install on the bike, including mounting hardware.</li><li>The backrest comes with the pad installed, ready to be mounted onto your bike.</li><li>The Cobra Short & Tall Detachable Backrests for Touring models use a proprietary mounting system that is easily removed and installed.</li><li>If you should need docking hardware to mount it, we offer that as well.</li><li>Made in the USA</li><li>**NOTE: This part requires an optional docking kit. It works best with the Cobra docking hardware kits: part# 82-96550 front, and 82-86551 rear. This must be purchased separately.</li></ul>"
82-96120,"<ul><li>A detachable backrest offers the convenience of a practical and comfortable back support, but one that is easily removed for around town riding.</li><li>What really sets this detachable backrest system apart from the rest, is that there is no need to relocate the stock turn signals</li><li>Sissy bars are square stock and are available in Chrome or Black, with a Black Vinyl  Leather Pad</li><li>Bars come in either a Mini or Short position</li><li>The backrest comes with the pad installed, ready to be mounted onto your bike.</li><li>Each is bike specific and arrives with everything needed to install on the bike, including mounting hardware.</li><li>Made in the USA</li></ul>"
82-96122,"<ul><li>A detachable backrest offers the convenience of a practical and comfortable back support, but one that is easily removed for around town riding.</li><li>What really sets this detachable backrest system apart from the rest, is that there is no need to relocate the stock turn signals</li><li>Sissy bars are square stock and are available in Chrome or Black, with a Black Vinyl  Leather Pad</li><li>Bars come in either a Mini or Short position</li><li>The backrest comes with the pad installed, ready to be mounted onto your bike.</li><li>Each is bike specific and arrives with everything needed to install on the bike, including mounting hardware.</li><li>Made in the USA</li></ul>"
82-96418,"<ul><li>These new El Diablo Slip-ons are an all-new design, inspired by the El Diablo 2-into-1 which we released in early 2017.</li><li>Internally, the spun-louvered core provides the bark and horsepower increase you expect from Cobra.</li><li>The cone megaphone muffler body is manufactured in house, not outsourced like most of our competition.</li><li>It starts as a 2 and 3/4-inch piece of tube, and morphs into 4-inches at the rear.</li><li>To finish it all off, we machined a beveled tip to complement the lines of the megaphone, and etched the Cobra logo on top.</li><li>Available in Chrome with Black tip, and Black with Black tip.</li></ul>"
82-96419,"<ul><li>These new El Diablo Slip-ons are an all-new design, inspired by the El Diablo 2-into-1 which we released in early 2017.</li><li>Internally, the spun-louvered core provides the bark and horsepower increase you expect from Cobra.</li><li>The cone megaphone muffler body is manufactured in house, not outsourced like most of our competition.</li><li>It starts as a 2 and 3/4-inch piece of tube, and morphs into 4-inches at the rear.</li><li>To finish it all off, we machined a beveled tip to complement the lines of the megaphone, and etched the Cobra logo on top.</li><li>Available in Chrome with Black tip, and Black with Black tip.</li></ul>"
82-96424,"<ul><li>Power Pro HP 2-into-1 exhaust system for Dressers increases power and torque.</li><li>The 4” muffler body produces a deep throaty rumble and is capped off with a chromed beveled billet tip.</li><li>222 deg. heat shields and our unique collector heat shield that covers the collector area.</li><li>The muffler body is constructed in such a way that it will not discolor, in fact the entire system is guaranteed not to turn blue for the life of the product so with a bit of care, it will still look new years later.</li><li>Limited Lifetime Warranty</li><li>Made in the USA</li></ul>"
82-96426,<ul><li>The PowerPort Dual head pipes give a true dual look with the power gains from our Power Port crossover for improved exhaust scavenging.</li><li>Performing like a true 2-into-1 pipe with the clean look of a traditional dual system.</li><li>The PowerPort dual design fattens the low end and mid-range torque curve which is perfect for touring and highway use.</li><li>Seamlessly wrapped in 2.5” heat shields for a strong appearance.</li><li>Available in either show Chrome or Black finishes.</li><li>Limited Lifetime Warranty</li><li>Made in the USA</li></ul>
82-96427,<ul><li>The PowerPort Dual head pipes give a true dual look with the power gains from our Power Port crossover for improved exhaust scavenging.</li><li>Performing like a true 2-into-1 pipe with the clean look of a traditional dual system.</li><li>The PowerPort dual design fattens the low end and mid-range torque curve which is perfect for touring and highway use.</li><li>Seamlessly wrapped in 2.5” heat shields for a strong appearance.</li><li>Available in either show Chrome or Black finishes.</li><li>Limited Lifetime Warranty</li><li>Made in the USA</li></ul>
82-96505,"<ul><li>Experience the unique blend of performance and style with the power of Cobra.</li><li>The body begins as 3” at the front until they expand to 3.5” at the rear.</li><li>We utilize our signature 2” constant velocity cores with bonded e-glass and Stainless-Steel mesh, for exceptional sound and performance.</li><li>Limited Lifetime Warranty</li><li>Made in the USA</li></ul>"
82-96506,"<ul><li>Experience the unique blend of performance and style with the power of Cobra.</li><li>The body begins as 3” at the front until they expand to 3.5” at the rear.</li><li>We utilize our signature 2” constant velocity cores with bonded e-glass and Stainless-Steel mesh, for exceptional sound and performance.</li><li>Limited Lifetime Warranty</li><li>Made in the USA</li></ul>"
82-96507,"<ul><li>These triple-Chromed traditionally styled shotgun pipes produce class-leading power gains, utilizing the exclusive PowerPort crossover technology that helps to increase overall power from idle to red-line.</li><li>Experience the smooth performance of a 2-into-1 system while maintaining the clean classic lines of a 2-into2 pipe.</li><li>Wrapped beautifully in full-length, 222-degree heat shields and finished off with a Billet Aluminum downward slashed tip.</li><li>Limited Lifetime Warranty</li><li>Made in the USA</li></ul>"
82-96508,"<ul><li>These triple-Chromed traditionally styled shotgun pipes produce class-leading power gains, utilizing the exclusive PowerPort crossover technology that helps to increase overall power from idle to red-line.</li><li>Experience the smooth performance of a 2-into-1 system while maintaining the clean classic lines of a 2-into2 pipe.</li><li>Wrapped beautifully in full-length, 222-degree heat shields and finished off with a Billet Aluminum downward slashed tip.</li><li>Limited Lifetime Warranty</li><li>Made in the USA</li></ul>"
82-96519,"<ul><li>Experience the unique blend of performance and style with the power of Cobra.</li><li>The body begins as 3” at the front until they expand to 3.5” at the rear.</li><li>We utilize our signature 2” constant velocity cores with bonded e-glass and Stainless-Steel mesh, for exceptional sound and performance.</li><li>Limited Lifetime Warranty</li><li>Made in the USA</li></ul>"
82-96529,"<ul><li>Experience the unique blend of performance and style with the power of Cobra.</li><li>The body begins as 3” at the front until they expand to 3.5” at the rear.</li><li>We utilize our signature 2” constant velocity cores with bonded e-glass and Stainless-Steel mesh, for exceptional sound and performance.</li><li>Limited Lifetime Warranty</li><li>Made in the USA</li></ul>"
82-96548,"<ul><li>Experience the unique blend of performance and style with the power of Cobra.</li><li>The body begins as 3” at the front until they expand to 3.5” at the rear.</li><li>We utilize our signature 2” constant velocity cores with bonded e-glass and Stainless-Steel mesh, for exceptional sound and performance.</li><li>Limited Lifetime Warranty</li><li>Made in the USA</li></ul>"
82-96552,"<ul><li>Experience the unique blend of performance and style with the power of Cobra.</li><li>The body begins as 3” at the front until they expand to 3.5” at the rear.</li><li>We utilize our signature 2” constant velocity cores with bonded e-glass and Stainless-Steel mesh, for exceptional sound and performance.</li><li>Limited Lifetime Warranty</li><li>Made in the USA</li></ul>"
82-96553,"<ul><li>Experience the unique blend of performance and style with the power of Cobra.</li><li>The body begins as 3” at the front until they expand to 3.5” at the rear.</li><li>We utilize our signature 2” constant velocity cores with bonded e-glass and Stainless-Steel mesh, for exceptional sound and performance.</li><li>Limited Lifetime Warranty</li><li>Made in the USA</li></ul>"
82-96554,"<ul><li>Experience the unique blend of performance and style with the power of Cobra.</li><li>The body begins as 3” at the front until they expand to 3.5” at the rear.</li><li>We utilize our signature 2” constant velocity cores with bonded e-glass and Stainless-Steel mesh, for exceptional sound and performance.</li><li>Limited Lifetime Warranty</li></ul>"
82-96557,"<ul><li>Experience the unique blend of performance and style with the power of Cobra.</li><li>The body begins as 3” at the front until they expand to 3.5” at the rear.</li><li>We utilize our signature 2” constant velocity cores with bonded e-glass and Stainless-Steel mesh, for exceptional sound and performance.</li><li>Limited Lifetime Warranty</li><li>Made in the USA</li></ul>"
82-96565,"<ul><li>These triple-Chromed traditionally styled shotgun pipes produce class-leading power gains, utilizing the exclusive PowerPort crossover technology that helps to increase overall power from idle to red-line.</li><li>Experience the smooth performance of a 2-into-1 system while maintaining the clean classic lines of a 2-into2 pipe.</li><li>Wrapped beautifully in full-length, 222-degree heat shields and finished off with a Billet Aluminum downward slashed tip.</li><li>Limited Lifetime Warranty</li><li>Made in the USA</li></ul>"
82-96724,"<ul><li>These triple-Chromed traditionally styled shotgun pipes produce class-leading power gains, utilizing the exclusive PowerPort crossover technology that helps to increase overall power from idle to red-line.</li><li>Experience the smooth performance of a 2-into-1 system while maintaining the clean classic lines of a 2-into2 pipe.</li><li>Wrapped beautifully in full-length, 222-degree heat shields and finished off with a Billet Aluminum downward slashed tip.</li><li>Limited Lifetime Warranty</li><li>Made in the USA</li></ul>"
94-1391,<ul><li>Works with the Aquatic AV App</li><li>Thousands of color options with 15+ integrated modes</li><li>Featuring Outputs of 5 Amps and 60W</li><li>Connect up to 32 speakers (brightness may vary)</li><li>Measures 3.14”x4.31”x1” with 2 mounting tabs</li><li>Marine grade waterproof</li><li>Works with Aquatic AV Ultra Series Speakers</li><li>AAV SKU: RG100</li></ul>
94-1392,<ul><li>1200W Max power</li><li>20-20K HZ Frequency response</li><li>4 OHM & 2 OHM stable</li><li>High/Low pss filters</li><li>Electronic Crossover</li><li>4x 300W Max power (2 OHMS)</li><li>4x 190W Max power (4 OHMS)</li><li>4x Low-Level RCA inputs</li><li>Subwoofer Cross-over</li><li>IP65 Rating</li></ul>
94-1520,"<ul><li>1x HR400 Head unit</li><li>1x AD300.2MICRO 2-Channel AMP (AD300)</li><li>1xPair NEO 6.5"" Speakers (HS116)</li><li>1xBracket and Amp Harness</li><li>1x Harness Adapter</li></ul>"
94-1521,"<ul><li>1x HR400 Head unit</li><li>1x AD300.2MICRO 2-Channel AMP (AD300)</li><li>1xPair NEO 6.5"" Speakers (HS116)</li><li>1xBracket and Amp Harness</li><li>1x Harness Adapter</li></ul>"
94-1522,"<ul><li>1x HR400 Head Unit</li><li>1x AD500.4 4-Channel Amp</li><li>1xPair ULTRA+ 6.5"" RGB Speakers</li><li>1xUltra 6x9"" RGB Saddlebag Speaker Kit</li><li>1xRGB Controller</li><li>1xHarness Adapter</li><li>1xBracket and Amp Harness</li></ul>"
94-1523,"<ul><li>1x HR400 Head Unit</li><li>1x AD500.4 4-Channel Amp</li><li>1xPair ULTRA+ 6.5"" RGB Speakers</li><li>1xUltra 6x9"" RGB Saddlebag Speaker Kit</li><li>1xRGB Controller</li><li>1xHarness Adapter</li><li>1xBracket and Amp Harness</li></ul>"
94-1524,"<ul><li>1xHR400 Head Unit</li><li>1xAD1200.4 4-Channel Amp</li><li>2xPair NEO 6.5"" Speakers</li><li>1xBracket and Harness</li><li>1xHarness Adapter</li></ul>"
94-1525,"<ul><li>1xHR400 Head Unit</li><li>1xAD1200.4 4-Channel Amp</li><li>2xPair NEO 6.5"" Speakers</li><li>1xBracket and Harness</li><li>1xHarness Adapter</li></ul>"
94-1526,"<ul><li>1xMP5 Stereo for Harley</li><li>1xAD500.4 4-Channel Amp</li><li>2xPair NEO 6.5"" Speakers</li><li>1xBracket and Amp Harness</li></ul>"
94-1527,"<ul><li>1xMP5 Stereo for Harley</li><li>1xAD500.4 4-Channel Amp</li><li>2xPair NEO 6.5"" Speakers</li><li>1xBracket and Amp Harness</li></ul>"
94-1528,<ul><li>1xMP5+ Stereo for Harley</li><li>1xAD500.4 4-Channel Amp</li><li>2xPair NEO Speakers</li><li>1xBracket and Harness</li></ul>
94-1529,<ul><li>1xMP5+ Stereo for Harley</li><li>1xAD500.4 4-Channel Amp</li><li>2xPair NEO Speakers</li><li>1xBracket and Harness</li></ul>
28-61039,"<ul><li>This plug and play TFT gauge set for HD Touring models 2014 to 2023 features a smartphone integration that gives you full control of your dashboard directly from your device.</li><li>Connect your gauges to your phone with the KOSO K Link app and monitor real-time data of your bike: speed, fuel level, oil temperature, gear indicator, RPM, best performance, horsepower, tire pressure and more.</li><li>You can even see your vehicle’s location on the app and never have to search for it again in crowded places!</li><li>Match your motorcycle’s style by instantly changing between the analog and digital interface, as well as 7 different backlight colors, providing up to 14 unique display combinations.</li><li>The K Link app also allows you to check your system health and maintenance with its diagnostics feature.</li><li>*To access settings on CVO models, you must turn ON the run/stop switch so that the bike will not turn off. Then you can make your adjustments to the settings on the gauge.</li></ul>"
17-DU007,"<ul><li>Every high-quality, GBrakes WAVE® rotor is made from a proprietary mix of virgin high carbon 420 stainless steel, laser cut (never stamped), double disc-parallel ground to assure perfect parallel flatness and heat treated to each specific application.</li><li>Seamlessly replaces stock rotor.</li><li>Designed for street and track, these rotors are for the rider that wants more than what the stock brakes can provide.</li><li>Longer-lasting, extremely predictable and consistent with a drastic increase in lever feel, modulation and brake torque.</li><li>WAVE® Floating Rotors are full floating to ensure optimum brake pad-to-rotor contact</li><li>Oversized rotors require additional caliper relocation brackets which are not included.</li></ul>"
17-DU009,"<ul><li>Every high-quality, GBrakes WAVE® rotor is made from a proprietary mix of virgin high carbon 420 stainless steel, laser cut (never stamped), double disc-parallel ground to assure perfect parallel flatness and heat treated to each specific application.</li><li>Seamlessly replaces stock rotor.</li><li>Designed for street and track, these rotors are for the rider that wants more than what the stock brakes can provide.</li><li>Longer-lasting, extremely predictable and consistent with a drastic increase in lever feel, modulation and brake torque.</li><li>WAVE® Floating Rotors are full floating to ensure optimum brake pad-to-rotor contact</li><li>Oversized rotors require additional caliper relocation brackets which are not included.</li></ul>"
17-DU011,"<ul><li>Every high-quality, GBrakes WAVE® rotor is made from a proprietary mix of virgin high carbon 420 stainless steel, laser cut (never stamped), double disc-parallel ground to assure perfect parallel flatness and heat treated to each specific application.</li><li>Seamlessly replaces stock rotor.</li><li>Designed for street and track, these rotors are for the rider that wants more than what the stock brakes can provide.</li><li>Longer-lasting, extremely predictable and consistent with a drastic increase in lever feel, modulation and brake torque.</li><li>WAVE® Floating Rotors are full floating to ensure optimum brake pad-to-rotor contact</li><li>Oversized rotors require additional caliper relocation brackets which are not included.</li></ul>"
17-DU073,"<ul><li>Every high-quality, Wave rotor is made from a proprietary mix of virgin high carbon 420 Stainless Steel, laser cut (never stamped), double disc-parallel ground to assure perfect parallel flatness and heat treated to each specific application.</li><li>KBA and TUV approved. Seamlessly replaces stock rotor.</li><li>Full instructions provided along with any technical help needed!</li><li>Made and Assembled in the USA.</li><li>Depending on application, designed for street and track, these rotors are for the rider that wants more than what the stock brakes can provide.</li><li>Longer-lasting, extremely predictable and consistent with a drastic increase in lever feel, modulation and brake torque</li><li>Wave® Floating Rotors are full floating to ensure optimum brake pad-to-rotor contact and Wave® Solid Mount Rotors are available.</li><li>New Front Custom Wave® Floating Rotors come with Black carriers and either Red or Gold buttons.</li><li>FLT `08-13 front rotors will work on `14-22 FLT models w/ Spoke or Aftermarket Billet Wheels</li></ul>"
17-DU074,"<ul><li>Every high-quality, Wave rotor is made from a proprietary mix of virgin high carbon 420 Stainless Steel, laser cut (never stamped), double disc-parallel ground to assure perfect parallel flatness and heat treated to each specific application.</li><li>KBA and TUV approved. Seamlessly replaces stock rotor.</li><li>Full instructions provided along with any technical help needed!</li><li>Made and Assembled in the USA.</li><li>Depending on application, designed for street and track, these rotors are for the rider that wants more than what the stock brakes can provide.</li><li>Longer-lasting, extremely predictable and consistent with a drastic increase in lever feel, modulation and brake torque</li><li>Wave® Floating Rotors are full floating to ensure optimum brake pad-to-rotor contact and Wave® Solid Mount Rotors are available.</li><li>New Front Custom Wave® Floating Rotors come with Black carriers and either Red or Gold buttons.</li><li>FLT `08-13 front rotors will work on `14-22 FLT models w/ Spoke or Aftermarket Billet Wheels</li></ul>"
17-DU075,"<ul><li>Every high-quality, Wave rotor is made from a proprietary mix of virgin high carbon 420 Stainless Steel, laser cut (never stamped), double disc-parallel ground to assure perfect parallel flatness and heat treated to each specific application.</li><li>KBA and TUV approved. Seamlessly replaces stock rotor.</li><li>Full instructions provided along with any technical help needed!</li><li>Made and Assembled in the USA.</li><li>Depending on application, designed for street and track, these rotors are for the rider that wants more than what the stock brakes can provide.</li><li>Longer-lasting, extremely predictable and consistent with a drastic increase in lever feel, modulation and brake torque</li><li>Wave® Floating Rotors are full floating to ensure optimum brake pad-to-rotor contact and Wave® Solid Mount Rotors are available.</li><li>New Front Custom Wave® Floating Rotors come with Black carriers and either Red or Gold buttons.</li><li>FLT `08-13 front rotors will work on `14-22 FLT models w/ Spoke or Aftermarket Billet Wheels</li></ul>"
17-DU076,"<ul><li>Every high-quality, Wave rotor is made from a proprietary mix of virgin high carbon 420 Stainless Steel, laser cut (never stamped), double disc-parallel ground to assure perfect parallel flatness and heat treated to each specific application.</li><li>KBA and TUV approved. Seamlessly replaces stock rotor.</li><li>Full instructions provided along with any technical help needed!</li><li>Made and Assembled in the USA.</li><li>Depending on application, designed for street and track, these rotors are for the rider that wants more than what the stock brakes can provide.</li><li>Longer-lasting, extremely predictable and consistent with a drastic increase in lever feel, modulation and brake torque</li><li>Wave® Floating Rotors are full floating to ensure optimum brake pad-to-rotor contact and Wave® Solid Mount Rotors are available.</li><li>New Front Custom Wave® Floating Rotors come with Black carriers and either Red or Gold buttons.</li><li>FLT `08-13 front rotors will work on `14-22 FLT models w/ Spoke or Aftermarket Billet Wheels</li></ul>"
17-DU077,"<ul><li>Every high-quality, Wave rotor is made from a proprietary mix of virgin high carbon 420 Stainless Steel, laser cut (never stamped), double disc-parallel ground to assure perfect parallel flatness and heat treated to each specific application.</li><li>KBA and TUV approved. Seamlessly replaces stock rotor.</li><li>Full instructions provided along with any technical help needed!</li><li>Made and Assembled in the USA.</li><li>Depending on application, designed for street and track, these rotors are for the rider that wants more than what the stock brakes can provide.</li><li>Longer-lasting, extremely predictable and consistent with a drastic increase in lever feel, modulation and brake torque</li><li>Wave® Floating Rotors are full floating to ensure optimum brake pad-to-rotor contact and Wave® Solid Mount Rotors are available.</li><li>New Front Custom Wave® Floating Rotors come with Black carriers and either Red or Gold buttons.</li><li>FLT `08-13 front rotors will work on `14-22 FLT models w/ Spoke or Aftermarket Billet Wheels</li></ul>"
17-DU078,"<ul><li>Every high-quality, Wave rotor is made from a proprietary mix of virgin high carbon 420 Stainless Steel, laser cut (never stamped), double disc-parallel ground to assure perfect parallel flatness and heat treated to each specific application.</li><li>KBA and TUV approved. Seamlessly replaces stock rotor.</li><li>Full instructions provided along with any technical help needed!</li><li>Made and Assembled in the USA.</li><li>Depending on application, designed for street and track, these rotors are for the rider that wants more than what the stock brakes can provide.</li><li>Longer-lasting, extremely predictable and consistent with a drastic increase in lever feel, modulation and brake torque</li><li>Wave® Floating Rotors are full floating to ensure optimum brake pad-to-rotor contact and Wave® Solid Mount Rotors are available.</li><li>New Front Custom Wave® Floating Rotors come with Black carriers and either Red or Gold buttons.</li><li>FLT `08-13 front rotors will work on `14-22 FLT models w/ Spoke or Aftermarket Billet Wheels</li></ul>"
17-DU079,"<ul><li>Every high-quality, Wave rotor is made from a proprietary mix of virgin high carbon 420 Stainless Steel, laser cut (never stamped), double disc-parallel ground to assure perfect parallel flatness and heat treated to each specific application.</li><li>KBA and TUV approved. Seamlessly replaces stock rotor.</li><li>Full instructions provided along with any technical help needed!</li><li>Made and Assembled in the USA.</li><li>Depending on application, designed for street and track, these rotors are for the rider that wants more than what the stock brakes can provide.</li><li>Longer-lasting, extremely predictable and consistent with a drastic increase in lever feel, modulation and brake torque</li><li>Wave® Floating Rotors are full floating to ensure optimum brake pad-to-rotor contact and Wave® Solid Mount Rotors are available.</li><li>New Front Custom Wave® Floating Rotors come with Black carriers and either Red or Gold buttons.</li><li>FLT `08-13 front rotors will work on `14-22 FLT models w/ Spoke or Aftermarket Billet Wheels</li></ul>"
17-DU080,"<ul><li>Every high-quality, Wave rotor is made from a proprietary mix of virgin high carbon 420 Stainless Steel, laser cut (never stamped), double disc-parallel ground to assure perfect parallel flatness and heat treated to each specific application.</li><li>KBA and TUV approved. Seamlessly replaces stock rotor.</li><li>Full instructions provided along with any technical help needed!</li><li>Made and Assembled in the USA.</li><li>Depending on application, designed for street and track, these rotors are for the rider that wants more than what the stock brakes can provide.</li><li>Longer-lasting, extremely predictable and consistent with a drastic increase in lever feel, modulation and brake torque</li><li>Wave® Floating Rotors are full floating to ensure optimum brake pad-to-rotor contact and Wave® Solid Mount Rotors are available.</li><li>New Front Custom Wave® Floating Rotors come with Black carriers and either Red or Gold buttons.</li><li>FLT `08-13 front rotors will work on `14-22 FLT models w/ Spoke or Aftermarket Billet Wheels</li></ul>"
75-1311,"<ul><li>LINK-1:</li><li>CRYSTAL CLEAR AUDIO - Unmatched sound quality delivered by 40mm HD HARMAN speakers</li><li>BLUETOOTH 5.3 - Delivers a stable connection with low battery usage.</li><li>GROUP TALK/BT INTERCOM PAIRING - 4-way/party intercom communications via Bluetooth over a 1.2km (.75 miles) range.</li><li>NFC EASY PAIRING - Quick connect up to 4 riders with the simple tag of phone to com unit.</li><li>OBI PAIRING - Open Bluetooth Intercom connectivity between other brands sharing OBI technology.  (2 EXOCOM units + 1 non-EXOCOM unit)</li><li>ACTIVE NOISE-CANCELATION - Communicate clearly, whatever your surroundings, via Qualcomm cVc technology</li><li>VOICE ASSISTANT - To access Siri/Google Voice</li><li>VOICE COMMAND - Focus on your ride by controlling your unit, hands-free</li><li>VOICE ACTIVATION - Answer incoming calls or start an intercom conversation, hands-free</li><li>WATERPROOF / DUSTPROOF - Certified IP58 rating allows you to ride with peace of mind, no matter what mother nature throws at you!</li><li>LONG BATTERY LIFE - Over 14 hours of talk time (900mAh)</li><li>DEDICATED EXOCOM APP - Provides access to configuration, preference settings, wireless firmware updates, user manual and tech support. Free at the App Store (iOS) or Google Play Store (Android)</li><li>ACTION CAM AUDIO INTERFACE (sold separately)Installation parts including Wired Mic and BOOM Mic included</li></ul>"
75-1312,"<ul><li>LINK-1:</li><li>CRYSTAL CLEAR AUDIO - Unmatched sound quality delivered by 40mm HD HARMAN speakers</li><li>BLUETOOTH 5.3 - Delivers a stable connection with low battery usage.</li><li>GROUP TALK/BT INTERCOM PAIRING - 4-way/party intercom communications via Bluetooth over a 1.2km (.75 miles) range.</li><li>NFC EASY PAIRING - Quick connect up to 4 riders with the simple tag of phone to com unit.</li><li>OBI PAIRING - Open Bluetooth Intercom connectivity between other brands sharing OBI technology.  (2 EXOCOM units + 1 non-EXOCOM unit)</li><li>ACTIVE NOISE-CANCELATION - Communicate clearly, whatever your surroundings, via Qualcomm cVc technology</li><li>VOICE ASSISTANT - To access Siri/Google Voice</li><li>VOICE COMMAND - Focus on your ride by controlling your unit, hands-free</li><li>VOICE ACTIVATION - Answer incoming calls or start an intercom conversation, hands-free</li><li>WATERPROOF / DUSTPROOF - Certified IP58 rating allows you to ride with peace of mind, no matter what mother nature throws at you!</li><li>LONG BATTERY LIFE - Over 14 hours of talk time (900mAh)</li><li>DEDICATED EXOCOM APP - Provides access to configuration, preference settings, wireless firmware updates, user manual and tech support. Free at the App Store (iOS) or Google Play Store (Android)</li><li>ACTION CAM AUDIO INTERFACE (sold separately)Installation parts including Wired Mic and BOOM Mic included</li></ul>"
75-1313,"<ul><li>LINK-1:</li><li>CRYSTAL CLEAR AUDIO - Unmatched sound quality delivered by 40mm HD HARMAN speakers</li><li>BLUETOOTH 5.3 - Delivers a stable connection with low battery usage.</li><li>GROUP TALK/BT INTERCOM PAIRING - 4-way/party intercom communications via Bluetooth over a 1.2km (.75 miles) range.</li><li>NFC EASY PAIRING - Quick connect up to 4 riders with the simple tag of phone to com unit.</li><li>OBI PAIRING - Open Bluetooth Intercom connectivity between other brands sharing OBI technology.  (2 EXOCOM units + 1 non-EXOCOM unit)</li><li>ACTIVE NOISE-CANCELATION - Communicate clearly, whatever your surroundings, via Qualcomm cVc technology</li><li>VOICE ASSISTANT - To access Siri/Google Voice</li><li>VOICE COMMAND - Focus on your ride by controlling your unit, hands-free</li><li>VOICE ACTIVATION - Answer incoming calls or start an intercom conversation, hands-free</li><li>WATERPROOF / DUSTPROOF - Certified IP58 rating allows you to ride with peace of mind, no matter what mother nature throws at you!</li><li>LONG BATTERY LIFE - Over 14 hours of talk time (900mAh)</li><li>DEDICATED EXOCOM APP - Provides access to configuration, preference settings, wireless firmware updates, user manual and tech support. Free at the App Store (iOS) or Google Play Store (Android)</li><li>ACTION CAM AUDIO INTERFACE (sold separately)Installation parts including Wired Mic and BOOM Mic included</li></ul>"
75-1314,"<ul><li>LINK-1:</li><li>CRYSTAL CLEAR AUDIO - Unmatched sound quality delivered by 40mm HD HARMAN speakers</li><li>BLUETOOTH 5.3 - Delivers a stable connection with low battery usage.</li><li>GROUP TALK/BT INTERCOM PAIRING - 4-way/party intercom communications via Bluetooth over a 1.2km (.75 miles) range.</li><li>NFC EASY PAIRING - Quick connect up to 4 riders with the simple tag of phone to com unit.</li><li>OBI PAIRING - Open Bluetooth Intercom connectivity between other brands sharing OBI technology.  (2 EXOCOM units + 1 non-EXOCOM unit)</li><li>ACTIVE NOISE-CANCELATION - Communicate clearly, whatever your surroundings, via Qualcomm cVc technology</li><li>VOICE ASSISTANT - To access Siri/Google Voice</li><li>VOICE COMMAND - Focus on your ride by controlling your unit, hands-free</li><li>VOICE ACTIVATION - Answer incoming calls or start an intercom conversation, hands-free</li><li>WATERPROOF / DUSTPROOF - Certified IP58 rating allows you to ride with peace of mind, no matter what mother nature throws at you!</li><li>LONG BATTERY LIFE - Over 14 hours of talk time (900mAh)</li><li>DEDICATED EXOCOM APP - Provides access to configuration, preference settings, wireless firmware updates, user manual and tech support. Free at the App Store (iOS) or Google Play Store (Android)</li><li>ACTION CAM AUDIO INTERFACE (sold separately)Installation parts including Wired Mic and BOOM Mic included</li></ul>"
122-0815,<ul><li>On the fly adjustable lever reach</li><li>Made from durable 6061 Aluminum</li><li>Manufactured to tight tolerances to specifically fit O.E.M. perch assembly</li><li>Completely rebuildable</li><li>Quality hardware throughout the design</li><li>Laser engraved FLO logos</li><li>LIFETIME WARRANTY</li></ul>
300-10003,<ul><li>Will work with most Utility Containers</li><li>Compatible with all caps using 3/4” NPT</li></ul>
300-10004,<ul><li>Will work with most Utility Containers</li><li>Compatible with all caps using 3/4” NPT</li></ul>
300-10005,<ul><li>Will work with most Utility Containers</li><li>Compatible with all caps using 3/4” NPT</li></ul>
842-0155,<ul><li>4 Quarts Klotz® Multi-Viscosity Synthetic Engine Lubricant 20W-50 (KH-2050)</li><li>1.5 Quarts Klotz® Primary Case Lubricant (KH-C80)</li><li>1 Quart Klotz® Transmission Lubricant (KH-GL90)</li><li>1 Hiflofiltro Filter</li><li>3 Cometic® Drain Plug O-Rings</li></ul>
842-0156,<ul><li>4 Quarts Klotz® Multi-Viscosity Synthetic Engine Lubricant 20W-50 (KH-2050)</li><li>1 Hiflofiltro Oil Filter</li><li>1 Cometic® Drain Plug O-Ring</li></ul>
842-0157,<ul><li>4 Quarts Klotz® Multi-Viscosity Synthetic Engine Lubricant 20W-50 (KH-2050)</li><li>1.5 Quarts Klotz® Primary Case Lubricant (KH-C80)</li><li>1 Quart Klotz® Transmission Lubricant (KH-GL90)</li><li>1 Hiflofiltro Filter</li><li>3 Cometic® Drain Plug O-Rings</li></ul>
842-0158,<ul><li>4 Quarts Klotz® Multi-Viscosity Synthetic Engine Lubricant 20W-50 (KH-2050)</li><li>1 Hiflofiltro Oil Filter</li><li>1 Cometic® Drain Plug O-Ring</li></ul>
842-0159,<ul><li>4 Quarts Klotz® Multi-Viscosity Synthetic Engine Lubricant 20W-50 (KH-2050)</li><li>1.5 Quarts Klotz® Primary Case Lubricant (KH-C80)</li><li>1 Quart Klotz® Transmission Lubricant (KH-GL90)</li><li>1 Hiflofiltro Filter</li><li>3 Cometic® Drain Plug O-Rings</li></ul>
842-0160,<ul><li>4 Quarts Klotz® Multi-Viscosity Synthetic Engine Lubricant 20W-50 (KH-2050)</li><li>1 Hiflofiltro Oil Filter</li><li>1 Cometic® Drain Plug O-Ring</li></ul>
842-0161,<ul><li>4 Quarts Klotz® Multi-Viscosity Synthetic Engine Lubricant 20W-50 (KH-2050)</li><li>1.5 Quarts Klotz® Primary Case Lubricant (KH-C80)</li><li>1 Quart Klotz® Transmission Lubricant (KH-GL90)</li><li>1 Hiflofiltro Filter</li><li>3 Cometic® Drain Plug O-Rings</li></ul>
842-0162,<ul><li>5 Quarts Klotz® Multi-Viscosity Synthetic Engine Lubricant 20W-50 (KH-2050)</li><li>1 Hiflofiltro Oil Filter</li><li>1 Cometic® Drain Plug O-Ring</li></ul>
842-0163,<ul><li>5 Quarts Klotz® Multi-Viscosity Synthetic Engine Lubricant 20W-50 (KH-2050)</li><li>1.5 Quarts Klotz® Primary Case Lubricant (KH-C80)</li><li>1 Quart Klotz® Transmission Lubricant (KH-GL90)</li><li>1 Hiflofiltro Filter</li><li>3 Cometic® Drain Plug O-Rings</li></ul>
842-0164,<ul><li>5 Quarts Klotz® Multi-Viscosity Synthetic Engine Lubricant 20W-50 (KH-2050)</li><li>1 Hiflofiltro Oil Filter</li><li>1 Cometic® Drain Plug O-Ring</li></ul>
842-0165,<ul><li>5 Quarts Klotz® Multi-Viscosity Synthetic Engine Lubricant 20W-50 (KH-2050)</li><li>1.5 Quarts Klotz® Primary Case Lubricant (KH-C80)</li><li>1 Quart Klotz® Transmission Lubricant (KH-GL90)</li><li>1 Hiflofiltro Filter</li><li>3 Cometic® Drain Plug O-Rings</li></ul>
842-0166,<ul><li>5 Quarts Klotz® Multi-Viscosity Synthetic Engine Lubricant 20W-50 (KH-2050)</li><li>1 Hiflofiltro Oil Filter</li><li>1 Cometic® Drain Plug O-Ring</li></ul>
842-0168,<ul><li>4 Quart Synthetic Oil Service Kit</li><li>4 Quarts Klotz®  Multi-Viscosity Synthetic Engine Lubricant 15W-60 (KV-1560)</li><li>1 HiFloFiltro Filter (HF199)</li><li>2 Cometic®  Copper Washers</li></ul>
842-0170,<ul><li>6 Quart Synthetic Oil Service Kit</li><li>1 HiFloFiltro Filter (HF175)</li><li>2 Cometic®  Copper Washers</li><li>6 Quarts Klotz® Multi-Viscosity Synthetic Engine Lubricant 20W-40 (KV-2040)</li></ul>
842-0171,<ul><li>4.5 Quart Synthetic Oil Service Kit</li><li>4.5 Quarts Klotz®  Synthetic Engine Lubricant 20W-40 (KV-2040)</li><li>1 HiFloFiltro Filter (HF198)</li><li>1 Copper Washer</li><li>1 Washer O-Ring Combo</li></ul>
842-0172,<ul><li>6 Quart Synthetic Oil Service Kit</li><li>6 Quarts Klotz®  Multi-Viscosity Synthetic Engine Lubricant 20W-40 (KV-2040)</li><li>1 HiFloFiltro Filter (HF175)</li><li>2 Cometic®  Copper Washers</li></ul>
56-1322,"<ul><li>100% Portable Charging & Maintenance: Harness the sun's power to keep batteries charged in remote areas or storage spaces without AC power access</li><li>Fully Automatic ""Connect and Forget"" Operation</li><li>Extends Battery Life</li><li>Broad Battery Compatibility</li><li>All-Weather Durability: Rated IP67 weatherproof for reliable performance in various outdoor conditions</li><li>Easy & Versatile Installation</li><li>Eco-Friendly Power</li><li>Comes as a complete kit with everything you need, including alligator clips and ring terminal harnesses with quick-disconnect cables for flexible connectivity options.</li></ul>"
56-1323,"<ul><li>100% Portable Charging & Maintenance: Harness the sun's power to keep batteries charged in remote areas or storage spaces without AC power access</li><li>Fully Automatic ""Connect and Forget"" Operation</li><li>Extends Battery Life</li><li>Broad Battery Compatibility</li><li>All-Weather Durability: Rated IP67 weatherproof for reliable performance in various outdoor conditions</li><li>Easy & Versatile Installation</li><li>Eco-Friendly Power</li><li>Comes as a complete kit with everything you need, including alligator clips and ring terminal harnesses with quick-disconnect cables for flexible connectivity options.</li></ul>"
56-1324,"<ul><li>100% Portable Charging & Maintenance: Harness the sun's power to keep batteries charged in remote areas or storage spaces without AC power access</li><li>Fully Automatic ""Connect and Forget"" Operation</li><li>Extends Battery Life</li><li>Broad Battery Compatibility</li><li>All-Weather Durability: Rated IP67 weatherproof for reliable performance in various outdoor conditions</li><li>Easy & Versatile Installation</li><li>Eco-Friendly Power</li><li>Comes as a complete kit with everything you need, including alligator clips and ring terminal harnesses with quick-disconnect cables for flexible connectivity options.</li></ul>"
56-1325,"<ul><li>Peak current of 600 AMPs to 2000 AMPs</li><li>Designed to jump start 12-volt batteries</li><li>Spark-proof and reverse polarity protection ensures no charge is sent unless the alligator clips are connected correctly to the battery</li><li>Type C (in and out), USB 2.4 AMP and USB 2 AMP Quick Charge ports,12V DC, and 12V jump start</li></ul>"
56-1326,"<ul><li>Peak current of 600 AMPs to 2000 AMPs</li><li>Designed to jump start 12-volt batteries</li><li>Spark-proof and reverse polarity protection ensures no charge is sent unless the alligator clips are connected correctly to the battery</li><li>Type C (in and out), USB 2.4 AMP and USB 2 AMP Quick Charge ports,12V DC, and 12V jump start</li></ul>"
56-1327,"<ul><li>Peak current of 600 AMPs to 2000 AMPs</li><li>Designed to jump start 12-volt batteries</li><li>Spark-proof and reverse polarity protection ensures no charge is sent unless the alligator clips are connected correctly to the battery</li><li>Type C (in and out), USB 2.4 AMP and USB 2 AMP Quick Charge ports,12V DC, and 12V jump start</li></ul>"
56-1328,"<ul><li>Innovative design allows for multi-purpose use as an emergency jump starter as well as a powerful tire inflator up to 140psi</li><li>Designed to jump start 12-volt batteries up to 4.0L gas and 2.0L diesel engines and inflate tires up to 140psi</li><li>Spark-proof and reverse polarity protection ensures no charge is sent unless the alligator clips are connected correctly to the battery</li><li>Type C (in and out), USB, 12V DC, and 12V jump start</li></ul>"
56-1329,<ul><li>Powerful Jump Starting: Instant jump-starting power when you need it most.</li><li>Smart Charging Technology: Microprocessor-controlled charging maintains your battery's optimal health.</li><li>Compact Design: Easy to store in your vehicle.</li></ul>
82-2257,"<ul><li>An exceptionally high performance 100% synthetic transmission oil with ESTER</li><li>Engineered for use in 4-speed, 5-speed and 6-speed transmissions</li><li>API GL-5 rated, extreme pressure lubricant for helical or straight cut gears</li><li>Ideally made to handle the high shock loads in Big Twin transmissions</li><li>Molecular bonding technology enables the oil to cling to metal parts under extreme conditions</li><li>Provides a protective film that extends the life of gears and bearings while reducing drag</li></ul>"
82-2258,"<ul><li>Exceptionally high performance 100% triple synthetic oil with ESTER</li><li>Engineered to handle the combined duties of protecting the primary drive and transmission on Sportsters</li><li>Formulated to reduce drag and provide quieter and smoother shifting while providing outstanding grip for wet clutches, helping prevent slippage and chatter</li></ul>"
94-1043,<ul><li>Make your instillation jobs easier with Cerwin/Vega's Amplifier Connection Kit</li><li>Available in 8-gauge wire in 2 & 4 Channels</li></ul>
94-1044,<ul><li>Make your instillation jobs easier with Cerwin/Vega's Amplifier Connection Kit</li><li>Available in 8-gauge wire in 2 & 4 Channels</li></ul>
94-1051,<ul><li>Continuous power output 28x4</li><li>Max power output 50x4</li><li>6ch RCA pre-out voltage 6v rms</li><li>AM/FM/WB</li><li>Built in Bluetooth</li><li>Built in Wi-Fi</li><li>Advanced on board dsp 13 band parametric eq selectable crossover control HP/LP/BP selectable crossover slope</li><li>Utilizes factory USB phone charging USB music playback</li><li>Maestro built in for advanced vehicle data boom audio 2 amplifier turn on</li><li>Wireless Apple Car Play</li><li>Wireless Android Auto</li><li>Factory fit (no additional harnesses needed)</li></ul>
94-1052,<ul><li>Continuous power output 28x4</li><li>Max power output 50x4</li><li>6ch RCA pre-out voltage 6v rms</li><li>AM/FM/WB</li><li>Built in Bluetooth</li><li>Built in Wi-Fi</li><li>Advanced on board dsp 13 band parametric eq selectable crossover control HP/LP/BP selectable crossover slope</li><li>Utilizes factory USB phone charging USB music playback</li><li>Maestro built in for advanced vehicle data boom audio 2 amplifier turn on</li><li>Wireless Apple Car Play</li><li>Wireless Android Auto</li><li>Factory fit (no additional harnesses needed)</li></ul>
490-DISPLAY,<ul><li>All displays are free with sales program. Contact your sales Rep./Sales Department for details.</li></ul>
194-52722,"<ul><li>Fully compatible with MagSafe®</li><li>40% thinner, lighter, impact resistant and maximum protection</li><li>Fast magnetic attachment</li><li>Lightning-fast mounting on all SP ConnectTM mounts</li><li>Wireless charging</li><li>Included in the box: 1 × Phone Case SPC+, 1 × SPC Adapter, 1 × Tool SPC+</li></ul>"
194-52723,"<ul><li>Fully compatible with MagSafe®</li><li>40% thinner, lighter, impact resistant and maximum protection</li><li>Fast magnetic attachment</li><li>Lightning-fast mounting on all SP ConnectTM mounts</li><li>Wireless charging</li><li>Included in the box: 1 × Phone Case SPC+, 1 × SPC Adapter, 1 × Tool SPC+</li></ul>"
194-52922,"<ul><li>Rugged and waterproof case designed to provide 360° protection for your phone</li><li>Two-piece protection for 100% enclosure of your phone​</li><li>Durable camera lens protection​</li><li>MagSafe® compatible ​</li><li>Waterproof (IP68)​</li><li>Military Drop-Test certified (MIL-STD 810)​</li><li>Mud and dust resistant​</li><li>Full touchscreen functionality</li><li>Includes: 1× Xtreme Phone Case​, 1× SPC+ Adapter​, 1× SPC+ Tool</li></ul>"
194-52923,"<ul><li>Rugged and waterproof case designed to provide 360° protection for your phone</li><li>Two-piece protection for 100% enclosure of your phone​</li><li>Durable camera lens protection​</li><li>MagSafe® compatible ​</li><li>Waterproof (IP68)​</li><li>Military Drop-Test certified (MIL-STD 810)​</li><li>Mud and dust resistant​</li><li>Full touchscreen functionality</li><li>Includes: 1× Xtreme Phone Case​, 1× SPC+ Adapter​, 1× SPC+ Tool</li></ul>"
194-53229,"<ul><li>CNC machined from aircraft grade aluminum</li><li>Mobile phone can be fixed in portrait or landscape format</li><li>Shock Absorbing</li><li>Mount for motorcycles with a handlebar or cockpit crossbar, Diameter 11.5–13 mm (1/4""–1/2"")</li></ul>"
930-02600,"<ul><li>Over 1,000 hours of R&D for optimized airflow and maximum power gains</li><li>Fully CAD-designed for superior fitment and faster installs</li><li>1 7/8"" primaries stepped to 2"" for higher flow and big-motor support</li><li>Larger, optimized merge collector for stronger scavenging and power</li><li>Handcrafted in Denver, North Carolina, USA</li><li>Average +10 horsepower and +12 ft-lbs torque over stock</li><li>23-27 lbs weight savings over stock</li><li>Backed by our Lifetime Warranty</li></ul>"
930-02601,"<ul><li>Over 1,000 hours of R&D for optimized airflow and maximum power gains</li><li>Fully CAD-designed for superior fitment and faster installs</li><li>1 7/8"" primaries stepped to 2"" for higher flow and big-motor support</li><li>Larger, optimized merge collector for stronger scavenging and power</li><li>Handcrafted in Denver, North Carolina, USA</li><li>Average +10 horsepower and +12 ft-lbs torque over stock</li><li>23-27 lbs weight savings over stock</li><li>Backed by our Lifetime Warranty</li></ul>"
930-02602,"<ul><li>Over 1,000 hours of R&D for optimized airflow and maximum power gains</li><li>Fully CAD-designed for superior fitment and faster installs</li><li>1 7/8"" primaries stepped to 2"" for higher flow and big-motor support</li><li>Larger, optimized merge collector for stronger scavenging and power</li><li>Handcrafted in Denver, North Carolina, USA</li><li>Average +10 horsepower and +12 ft-lbs torque over stock</li><li>23-27 lbs weight savings over stock</li><li>Backed by our Lifetime Warranty</li></ul>"
930-02603,"<ul><li>Over 1,000 hours of R&D for optimized airflow and maximum power gains</li><li>Fully CAD-designed for superior fitment and faster installs</li><li>1 7/8"" primaries stepped to 2"" for higher flow and big-motor support</li><li>Larger, optimized merge collector for stronger scavenging and power</li><li>Handcrafted in Denver, North Carolina, USA</li><li>Average +10 horsepower and +12 ft-lbs torque over stock</li><li>23-27 lbs weight savings over stock</li><li>Backed by our Lifetime Warranty</li></ul>"
930-02604,"<ul><li>Over 1,000 hours of R&D for optimized airflow and maximum power gains</li><li>Fully CAD-designed for superior fitment and faster installs</li><li>1 7/8"" primaries stepped to 2"" for higher flow and big-motor support</li><li>Larger, optimized merge collector for stronger scavenging and power</li><li>Average +10 horsepower and +12 ft-lbs torque over stock</li><li>23-27 lbs weight savings over stock</li><li>Handcrafted in Denver, North Carolina, USA</li><li>Backed by our Lifetime Warranty</li></ul>"
930-02605,"<ul><li>Over 1,000 hours of R&D for optimized airflow and maximum power gains</li><li>Fully CAD-designed for superior fitment and faster installs</li><li>1 7/8"" primaries stepped to 2"" for higher flow and big-motor support</li><li>Larger, optimized merge collector for stronger scavenging and power</li><li>Average +10 horsepower and +12 ft-lbs torque over stock</li><li>23-27 lbs weight savings over stock</li><li>Handcrafted in Denver, North Carolina, USA</li><li>Backed by our Lifetime Warranty</li></ul>"
930-02606,"<ul><li>Over 1,000 hours of R&D for optimized airflow and maximum power gains</li><li>Fully CAD-designed for superior fitment and faster installs</li><li>1 7/8"" primaries stepped to 2"" for higher flow and big-motor support</li><li>Larger, optimized merge collector for stronger scavenging and power</li><li>Average +10 horsepower and +12 ft-lbs torque over stock</li><li>23-27 lbs weight savings over stock</li><li>Handcrafted in Denver, North Carolina, USA</li><li>Backed by our Lifetime Warranty</li></ul>"
930-02607,"<ul><li>Over 1,000 hours of R&D for optimized airflow and maximum power gains</li><li>Fully CAD-designed for superior fitment and faster installs</li><li>1 7/8"" primaries stepped to 2"" for higher flow and big-motor support</li><li>Larger, optimized merge collector for stronger scavenging and power</li><li>Average +10 horsepower and +12 ft-lbs torque over stock</li><li>23-27 lbs weight savings over stock</li><li>Handcrafted in Denver, North Carolina, USA</li><li>Backed by our Lifetime Warranty</li></ul>"
930-02608,"<ul><li>Over 1,000 hours of R&D for optimized airflow and maximum power gains</li><li>Fully CAD-designed for superior fitment and faster installs</li><li>1 7/8"" primaries stepped to 2"" for higher flow and big-motor support</li><li>Larger, optimized merge collector for stronger scavenging and power</li><li>Average +10 horsepower and +12 ft-lbs torque over stock</li><li>23-27 lbs weight savings over stock</li><li>Handcrafted in Denver, North Carolina, USA</li><li>Backed by our Lifetime Warranty</li></ul>"
930-02609,"<ul><li>Over 1,000 hours of R&D for optimized airflow and maximum power gains</li><li>Fully CAD-designed for superior fitment and faster installs</li><li>1 7/8"" primaries stepped to 2"" for higher flow and big-motor support</li><li>Larger, optimized merge collector for stronger scavenging and power</li><li>Average +10 horsepower and +12 ft-lbs torque over stock</li><li>23-27 lbs weight savings over stock</li><li>Handcrafted in Denver, North Carolina, USA</li><li>Backed by our Lifetime Warranty</li></ul>"
930-02610,"<ul><li>Over 1,000 hours of R&D for optimized airflow and maximum power gains</li><li>Fully CAD-designed for superior fitment and faster installs</li><li>1 7/8"" primaries stepped to 2"" for higher flow and big-motor support</li><li>Larger, optimized merge collector for stronger scavenging and power</li><li>Average +10 horsepower and +12 ft-lbs torque over stock</li><li>23-27 lbs weight savings over stock</li><li>Handcrafted in Denver, North Carolina, USA</li><li>Backed by our Lifetime Warranty</li></ul>"
930-02611,"<ul><li>Over 1,000 hours of R&D for optimized airflow and maximum power gains</li><li>Fully CAD-designed for superior fitment and faster installs</li><li>1 7/8"" primaries stepped to 2"" for higher flow and big-motor support</li><li>Larger, optimized merge collector for stronger scavenging and power</li><li>Average +10 horsepower and +12 ft-lbs torque over stock</li><li>23-27 lbs weight savings over stock</li><li>Handcrafted in Denver, North Carolina, USA</li><li>Backed by our Lifetime Warranty</li></ul>"
930-02620,"<ul><li>Over 1,000 hours of R&D for optimized airflow and maximum power gains</li><li>Fully CAD-designed for superior fitment and faster installs</li><li>1 7/8"" primaries stepped to 2"" for higher flow and big-motor support</li><li>Larger, optimized merge collector for stronger scavenging and power</li><li>Average +10 horsepower and +14 ft-lbs torque over stock</li><li>16-17 lbs weight savings over stock</li><li>Handcrafted in Denver, North Carolina, USA</li><li>Backed by our Lifetime Warranty</li></ul>"
930-02621,"<ul><li>Over 1,000 hours of R&D for optimized airflow and maximum power gains</li><li>Fully CAD-designed for superior fitment and faster installs</li><li>1 7/8"" primaries stepped to 2"" for higher flow and big-motor support</li><li>Larger, optimized merge collector for stronger scavenging and power</li><li>Average +10 horsepower and +14 ft-lbs torque over stock</li><li>16-17 lbs weight savings over stock</li><li>Handcrafted in Denver, North Carolina, USA</li><li>Backed by our Lifetime Warranty</li></ul>"
930-02622,"<ul><li>Over 1,000 hours of R&D for optimized airflow and maximum power gains</li><li>Fully CAD-designed for superior fitment and faster installs</li><li>1 7/8"" primaries stepped to 2"" for higher flow and big-motor support</li><li>Larger, optimized merge collector for stronger scavenging and power</li><li>Average +10 horsepower and +14 ft-lbs torque over stock</li><li>16-17 lbs weight savings over stock</li><li>Handcrafted in Denver, North Carolina, USA</li><li>Backed by our Lifetime Warranty</li></ul>"
930-02623,"<ul><li>Over 1,000 hours of R&D for optimized airflow and maximum power gains</li><li>Fully CAD-designed for superior fitment and faster installs</li><li>1 7/8"" primaries stepped to 2"" for higher flow and big-motor support</li><li>Larger, optimized merge collector for stronger scavenging and power</li><li>Average +10 horsepower and +14 ft-lbs torque over stock</li><li>16-17 lbs weight savings over stock</li><li>Handcrafted in Denver, North Carolina, USA</li><li>Backed by our Lifetime Warranty</li></ul>"
930-02624,"<ul><li>Over 1,000 hours of R&D for optimized airflow and maximum power gains</li><li>Fully CAD-designed for superior fitment and faster installs</li><li>1 7/8"" primaries stepped to 2"" for higher flow and big-motor support</li><li>Larger, optimized merge collector for stronger scavenging and power</li><li>Average +10 horsepower and +14 ft-lbs torque over stock</li><li>16-17 lbs weight savings over stock</li><li>Handcrafted in Denver, North Carolina, USA</li><li>Backed by our Lifetime Warranty</li></ul>"
930-02625,"<ul><li>Over 1,000 hours of R&D for optimized airflow and maximum power gains</li><li>Fully CAD-designed for superior fitment and faster installs</li><li>1 7/8"" primaries stepped to 2"" for higher flow and big-motor support</li><li>Larger, optimized merge collector for stronger scavenging and power</li><li>Average +10 horsepower and +14 ft-lbs torque over stock</li><li>16-17 lbs weight savings over stock</li><li>Handcrafted in Denver, North Carolina, USA</li><li>Backed by our Lifetime Warranty</li></ul>"
930-02626,"<ul><li>Over 1,000 hours of R&D for optimized airflow and maximum power gains</li><li>Fully CAD-designed for superior fitment and faster installs</li><li>1 7/8"" primaries stepped to 2"" for higher flow and big-motor support</li><li>Larger, optimized merge collector for stronger scavenging and power</li><li>Average +10 horsepower and +14 ft-lbs torque over stock</li><li>16-17 lbs weight savings over stock</li><li>Handcrafted in Denver, North Carolina, USA</li><li>Backed by our Lifetime Warranty</li></ul>"
930-02627,"<ul><li>Over 1,000 hours of R&D for optimized airflow and maximum power gains</li><li>Fully CAD-designed for superior fitment and faster installs</li><li>1 7/8"" primaries stepped to 2"" for higher flow and big-motor support</li><li>Larger, optimized merge collector for stronger scavenging and power</li><li>Average +10 horsepower and +14 ft-lbs torque over stock</li><li>16-17 lbs weight savings over stock</li><li>Handcrafted in Denver, North Carolina, USA</li><li>Backed by our Lifetime Warranty</li></ul>"
194-50800,"<ul><li>Fully compatible with MagSafe®</li><li>40% thinner, lighter, impact resistant and maximum protection</li><li>Fast magnetic attachment</li><li>Lightning-fast mounting on all SP ConnectTM mounts</li></ul>"
194-50801,"<ul><li>Fully compatible with MagSafe®</li><li>40% thinner, lighter, impact resistant and maximum protection</li><li>Fast magnetic attachment</li><li>Lightning-fast mounting on all SP ConnectTM mounts</li></ul>"
194-50802,"<ul><li>Fully compatible with MagSafe®</li><li>40% thinner, lighter, impact resistant and maximum protection</li><li>Fast magnetic attachment</li><li>Lightning-fast mounting on all SP ConnectTM mounts</li></ul>"
194-50803,"<ul><li>Fully compatible with MagSafe®</li><li>40% thinner, lighter, impact resistant and maximum protection</li><li>Fast magnetic attachment</li><li>Lightning-fast mounting on all SP ConnectTM mounts</li></ul>"
194-50804,"<ul><li>Fully compatible with MagSafe®</li><li>40% thinner, lighter, impact resistant and maximum protection</li><li>Fast magnetic attachment</li><li>Lightning-fast mounting on all SP ConnectTM mounts</li></ul>"
194-50805,"<ul><li>Fully compatible with MagSafe®</li><li>40% thinner, lighter, impact resistant and maximum protection</li><li>Fast magnetic attachment</li><li>Lightning-fast mounting on all SP ConnectTM mounts</li></ul>"
194-50806,"<ul><li>Fully compatible with MagSafe®</li><li>40% thinner, lighter, impact resistant and maximum protection</li><li>Fast magnetic attachment</li><li>Lightning-fast mounting on all SP ConnectTM mounts</li></ul>"
194-50807,"<ul><li>Fully compatible with MagSafe®</li><li>40% thinner, lighter, impact resistant and maximum protection</li><li>Fast magnetic attachment</li><li>Lightning-fast mounting on all SP ConnectTM mounts</li></ul>"
194-50808,"<ul><li>Fully compatible with MagSafe®</li><li>40% thinner, lighter, impact resistant and maximum protection</li><li>Fast magnetic attachment</li><li>Lightning-fast mounting on all SP ConnectTM mounts</li></ul>"
194-50809,"<ul><li>Fully compatible with MagSafe®</li><li>40% thinner, lighter, impact resistant and maximum protection</li><li>Fast magnetic attachment</li><li>Lightning-fast mounting on all SP ConnectTM mounts</li></ul>"
194-50810,"<ul><li>Fully compatible with MagSafe®</li><li>40% thinner, lighter, impact resistant and maximum protection</li><li>Fast magnetic attachment</li><li>Lightning-fast mounting on all SP ConnectTM mounts</li></ul>"
194-50811,"<ul><li>Fully compatible with MagSafe®</li><li>40% thinner, lighter, impact resistant and maximum protection</li><li>Fast magnetic attachment</li><li>Lightning-fast mounting on all SP ConnectTM mounts</li></ul>"
194-50820,<ul><li>Holds up to 4 cards</li><li>RFID Blocking</li><li>Quick and secure mounting with 90* locking mechanism</li><li>Compact and durable</li></ul>
194-50821,<ul><li>Holds up to 4 cards</li><li>RFID Blocking</li><li>Quick and secure mounting with 90* locking mechanism</li><li>Compact and durable</li></ul>
122-0816,<ul><li>On the fly adjustable lever reach</li><li>Made from durable 6061 Aluminum</li><li>Manufactured to tight tolerances to specifically fit O.E.M. perch assembly</li><li>Completely rebuildable</li><li>Quality hardware throughout the design</li><li>Laser engraved FLO logos</li><li>LIFETIME WARRANTY</li></ul>
100-0007,"Red Bull Energy Drink is appreciated worldwide by top athletes, busy professionals, college students and travelers on long journeys.

Features:
<ul><li>Gives you wings</li><li>Cases come with 24 cans</li><li>8.4 ounce cans</li></ul>"
100-0008,"Red Bull Energy Drink is appreciated worldwide by top athletes, busy professionals, college students and travelers on long journeys.

Features:
<ul><li>Gives you wings</li><li>Cases come with 24 cans</li><li>8.4 ounce cans</li></ul>"
71-7088,"<ul><li>15W Qi2 fast charging for efficient power delivery</li><li>IP67 waterproof rating for withstanding water and dust in the most extreme conditions</li><li>Heavy-duty woven USB-C cord for long-lasting durability</li><li>Magsafe compatible; precise magnetic alignment for iPhone 12 and later, and AirPods</li><li>Backed by a 3-year warranty</li></ul>"
21-81138,"<ul><li>Kits contain all parts needed to re-seal leaking master cylinders</li><li>Includes cup seals, copper washers, o-rings and replacement screws where applicable</li></ul>"
21-81139,"<ul><li>Kits contain all parts needed to re-seal leaking master cylinders</li><li>Includes cup seals, copper washers, o-rings and replacement screws where applicable</li></ul>"
21-81141,"<ul><li>Kits contain all parts needed to re-seal leaking master cylinders</li><li>Includes cup seals, copper washers, o-rings and replacement screws where applicable</li></ul>"
21-81142,"<ul><li>Kits contain all parts needed to re-seal leaking master cylinders</li><li>Includes cup seals, copper washers, o-rings and replacement screws where applicable</li></ul>"
21-81143,"<ul><li>Kits contain all parts needed to re-seal leaking master cylinders</li><li>Includes cup seals, copper washers, o-rings and replacement screws where applicable</li></ul>"
21-81144,"<ul><li>Kits contain all parts needed to re-seal leaking master cylinders</li><li>Includes cup seals, copper washers, o-rings and replacement screws where applicable</li></ul>"
21-81145,"<ul><li>Kits contain all parts needed to re-seal leaking master cylinders</li><li>Includes cup seals, copper washers, o-rings and replacement screws where applicable</li></ul>"
21-81146,"<ul><li>Kits contain all parts needed to re-seal leaking master cylinders</li><li>Includes cup seals, copper washers, o-rings and replacement screws where applicable</li></ul>"
21-81147,"<ul><li>Kits contain all parts needed to re-seal leaking master cylinders</li><li>Includes cup seals, copper washers, o-rings and replacement screws where applicable</li></ul>"
21-81148,"<ul><li>Kits contain all parts needed to re-seal leaking master cylinders</li><li>Includes cup seals, copper washers, o-rings and replacement screws where applicable</li></ul>"
21-81149,"<ul><li>Kits contain all parts needed to re-seal leaking master cylinders</li><li>Includes cup seals, copper washers, o-rings and replacement screws where applicable</li></ul>"
21-81150,"<ul><li>Kits contain all parts needed to re-seal leaking master cylinders</li><li>Includes cup seals, copper washers, o-rings and replacement screws where applicable</li></ul>"
21-81151,"<ul><li>Kits contain all parts needed to re-seal leaking master cylinders</li><li>Includes cup seals, copper washers, o-rings and replacement screws where applicable</li></ul>"
21-81152,"<ul><li>Kits contain all parts needed to re-seal leaking master cylinders</li><li>Includes cup seals, copper washers, o-rings and replacement screws where applicable</li></ul>"
21-81154,"<ul><li>Kits contain all parts needed to re-seal leaking master cylinders</li><li>Includes cup seals, copper washers, o-rings and replacement screws where applicable</li></ul>"
21-81157,"<ul><li>Kits contain all parts needed to re-seal leaking master cylinders</li><li>Includes cup seals, copper washers, o-rings and replacement screws where applicable</li></ul>"
21-81158,"<ul><li>Kits contain all parts needed to re-seal leaking master cylinders</li><li>Includes cup seals, copper washers, o-rings and replacement screws where applicable</li></ul>"
21-81159,"<ul><li>Kits contain all parts needed to re-seal leaking master cylinders</li><li>Includes cup seals, copper washers, o-rings and replacement screws where applicable</li></ul>"
21-81161,"<ul><li>Kits contain all parts needed to re-seal leaking master cylinders</li><li>Includes cup seals, copper washers, o-rings and replacement screws where applicable</li></ul>"
21-81162,"<ul><li>Kits contain all parts needed to re-seal leaking master cylinders</li><li>Includes cup seals, copper washers, o-rings and replacement screws where applicable</li></ul>"
21-81169,"<ul><li>Kits contain all parts needed to re-seal leaking master cylinders</li><li>Includes cup seals, copper washers, o-rings and replacement screws where applicable</li></ul>"
21-83338,"<ul><li>Kits contains all rubber parts necessary to rebuild one caliper.</li><li>Kit includes: boots, seals, bleeder cap, brake pad retaining pins, and copper washers.</li><li>SOLD as EACH</li></ul>"
21-83339,"<ul><li>Kits contains all rubber parts necessary to rebuild one caliper.</li><li>Kit includes: boots, seals, bleeder cap, brake pad retaining pins, and copper washers.</li><li>SOLD as EACH</li></ul>"
21-83340,"<ul><li>Kits contains all rubber parts necessary to rebuild one caliper.</li><li>Kit includes: boots, seals, bleeder cap, brake pad retaining pins, and copper washers.</li><li>SOLD as EACH</li></ul>"
21-83341,"<ul><li>Kits contains all rubber parts necessary to rebuild one caliper.</li><li>Kit includes: boots, seals, bleeder cap, brake pad retaining pins, and copper washers.</li><li>SOLD as EACH</li></ul>"
21-83342,"<ul><li>Kits contains all rubber parts necessary to rebuild one caliper.</li><li>Kit includes: boots, seals, bleeder cap, brake pad retaining pins, and copper washers.</li><li>SOLD as EACH</li></ul>"
21-83343,"<ul><li>Kits contains all rubber parts necessary to rebuild one caliper.</li><li>Kit includes: boots, seals, bleeder cap, brake pad retaining pins, and copper washers.</li><li>SOLD as EACH</li></ul>"
21-83344,"<ul><li>Kits contains all rubber parts necessary to rebuild one caliper.</li><li>Kit includes: boots, seals, bleeder cap, brake pad retaining pins, and copper washers.</li><li>SOLD as EACH</li></ul>"
21-83345,"<ul><li>Kits contains all rubber parts necessary to rebuild one caliper.</li><li>Kit includes: boots, seals, bleeder cap, brake pad retaining pins, and copper washers.</li><li>SOLD as EACH</li></ul>"
21-83346,"<ul><li>Kits contains all rubber parts necessary to rebuild one caliper.</li><li>Kit includes: boots, seals, bleeder cap, brake pad retaining pins, and copper washers.</li><li>SOLD as EACH</li></ul>"
21-83347,"<ul><li>Kits contains all rubber parts necessary to rebuild one caliper.</li><li>Kit includes: boots, seals, bleeder cap, brake pad retaining pins, and copper washers.</li><li>SOLD as EACH</li></ul>"
21-83348,"<ul><li>Kits contains all rubber parts necessary to rebuild one caliper.</li><li>Kit includes: boots, seals, bleeder cap, brake pad retaining pins, and copper washers.</li><li>SOLD as EACH</li></ul>"
21-83349,"<ul><li>Kits contains all rubber parts necessary to rebuild one caliper.</li><li>Kit includes: boots, seals, bleeder cap, brake pad retaining pins, and copper washers.</li><li>SOLD as EACH</li></ul>"
21-83350,"<ul><li>Kits contains all rubber parts necessary to rebuild one caliper.</li><li>Kit includes: boots, seals, bleeder cap, brake pad retaining pins, and copper washers.</li><li>SOLD as EACH</li></ul>"
21-83351,"<ul><li>Kits contains all rubber parts necessary to rebuild one caliper.</li><li>Kit includes: boots, seals, bleeder cap, brake pad retaining pins, and copper washers.</li><li>SOLD as EACH</li></ul>"
21-83352,"<ul><li>Kits contains all rubber parts necessary to rebuild one caliper.</li><li>Kit includes: boots, seals, bleeder cap, brake pad retaining pins, and copper washers.</li><li>SOLD as EACH</li></ul>"
21-83353,"<ul><li>Kits contains all rubber parts necessary to rebuild one caliper.</li><li>Kit includes: boots, seals, bleeder cap, brake pad retaining pins, and copper washers.</li><li>SOLD as EACH</li></ul>"
21-83354,"<ul><li>Kits contains all rubber parts necessary to rebuild one caliper.</li><li>Kit includes: boots, seals, bleeder cap, brake pad retaining pins, and copper washers.</li><li>SOLD as EACH</li></ul>"
21-83356,"<ul><li>Kits contains all rubber parts necessary to rebuild one caliper.</li><li>Kit includes: boots, seals, bleeder cap, brake pad retaining pins, and copper washers.</li><li>SOLD as EACH</li></ul>"
21-83357,"<ul><li>Kits contains all rubber parts necessary to rebuild one caliper.</li><li>Kit includes: boots, seals, bleeder cap, brake pad retaining pins, and copper washers.</li><li>SOLD as EACH</li></ul>"
21-83358,"<ul><li>Kits contains all rubber parts necessary to rebuild one caliper.</li><li>Kit includes: boots, seals, bleeder cap, brake pad retaining pins, and copper washers.</li><li>SOLD as EACH</li></ul>"
21-83359,"<ul><li>Kits contains all rubber parts necessary to rebuild one caliper.</li><li>Kit includes: boots, seals, bleeder cap, brake pad retaining pins, and copper washers.</li><li>SOLD as EACH</li></ul>"
21-83360,"<ul><li>Kits contains all rubber parts necessary to rebuild one caliper.</li><li>Kit includes: boots, seals, bleeder cap, brake pad retaining pins, and copper washers.</li><li>SOLD as EACH</li></ul>"
21-83361,"<ul><li>Kits contains all rubber parts necessary to rebuild one caliper.</li><li>Kit includes: boots, seals, bleeder cap, brake pad retaining pins, and copper washers.</li><li>SOLD as EACH</li></ul>"
21-83362,"<ul><li>Kits contains all rubber parts necessary to rebuild one caliper.</li><li>Kit includes: boots, seals, bleeder cap, brake pad retaining pins, and copper washers.</li><li>SOLD as EACH</li></ul>"
21-83363,"<ul><li>Kits contains all rubber parts necessary to rebuild one caliper.</li><li>Kit includes: boots, seals, bleeder cap, brake pad retaining pins, and copper washers.</li><li>SOLD as EACH</li></ul>"
21-83364,"<ul><li>Kits contains all rubber parts necessary to rebuild one caliper.</li><li>Kit includes: boots, seals, bleeder cap, brake pad retaining pins, and copper washers.</li><li>SOLD as EACH</li></ul>"
21-83365,"<ul><li>Kits contains all rubber parts necessary to rebuild one caliper.</li><li>Kit includes: boots, seals, bleeder cap, brake pad retaining pins, and copper washers.</li><li>SOLD as EACH</li></ul>"
21-83366,"<ul><li>Kits contains all rubber parts necessary to rebuild one caliper.</li><li>Kit includes: boots, seals, bleeder cap, brake pad retaining pins, and copper washers.</li><li>SOLD as EACH</li></ul>"
21-83367,"<ul><li>Kits contains all rubber parts necessary to rebuild one caliper.</li><li>Kit includes: boots, seals, bleeder cap, brake pad retaining pins, and copper washers.</li><li>SOLD as EACH</li></ul>"
21-87054,<ul><li>Kit includes enough pins for 1 caliper</li><li>high quality bolts have pre applied lock tight</li><li>Retaining clips are included when necessary</li></ul>
21-87055,<ul><li>Kit includes enough pins for 1 caliper</li><li>high quality bolts have pre applied lock tight</li><li>Retaining clips are included when necessary</li></ul>
21-87056,<ul><li>Kit includes enough pins for 1 caliper</li><li>high quality bolts have pre applied lock tight</li><li>Retaining clips are included when necessary</li></ul>
21-87057,<ul><li>Kit includes enough pins for 1 caliper</li><li>high quality bolts have pre applied lock tight</li><li>Retaining clips are included when necessary</li></ul>
21-87059,<ul><li>Kit includes enough pins for 1 caliper</li><li>high quality bolts have pre applied lock tight</li><li>Retaining clips are included when necessary</li></ul>
21-87060,<ul><li>Kit includes enough pins for 1 caliper</li><li>high quality bolts have pre applied lock tight</li><li>Retaining clips are included when necessary</li></ul>
24-72082,"Restore lost performance of a non-functioning fuel pump with this economical solution

Features:
<ul><li>Kit includes all necessary parts to rebuild the OEM fuel pump module</li><li>Kit includes necessary pump, filter, hoses, clamps and wiring harness as necessary</li><li>Restore lost performance or non-functioning fuel pump with this economical solution</li><li>Kits come ready for plug-and-play installation</li><li>Competitively priced versus the competition</li><li>Limited Lifetime Warranty</li></ul>"
582-06001,<ul><li>4 qts Spectro Golden Synthetic Heavy Duty SAE 20W50</li><li>1 qt Spectro Heavy Duty Primary Chaincase Oil</li><li>Black Oil Filter</li><li>2 Drain Plug O-Rings</li></ul>
582-06002,<ul><li>4 qts Spectro Golden Synthetic Heavy Duty SAE 20W50</li><li>1 qt Spectro Heavy Duty Primary Chaincase Oil</li><li>Black Oil Filter</li><li>2 Drain Plug O-Rings</li></ul>
582-06003,<ul><li>5 qts Spectro Golden Synthetic Heavy Duty SAE 20W50</li><li>2 qts Spectro Heavy Duty Primary Chaincase Oil</li><li>1 qt Spectro Heavy Duty Gear Guard GL-5 SAE 85W140</li><li>Black Oil Filter</li><li>3 Drain Plug O-Rings</li></ul>
582-06004,<ul><li>4 qts Spectro Golden Synthetic Heavy Duty SAE 20W50</li><li>1 qt Spectro Heavy Duty Primary Chaincase Oil</li><li>1 qt Spectro Heavy Duty Gear Guard GL-5 SAE 85W140</li><li>Black Oil Filter</li><li>3 Drain Plug O-Rings</li></ul>
582-06005,<ul><li>4 qts Spectro Premium Heavy Duty SAE 20W50</li><li>1 qt Spectro Heavy Duty Primary Chaincase Oil</li><li>1 qt Spectro Heavy Duty Gear Guard GL-5 SAE 85W140</li><li>Black Oil Filter</li><li>3 Drain Plug O-Rings</li></ul>
582-06006,<ul><li>5 qts Spectro Golden Synthetic Heavy Duty SAE 20W50</li><li>Black Oil Filter</li><li>Drain Plug O-Ring</li></ul>
82-96375,"<ul><li>This larger NH Softail slip-on 4"" round Chromed or Black body.</li><li>4"" Billet Aluminum Black outer tip with distinctive machined dual grooves</li><li>Chrome version uses a chromed inner tip.</li><li>Inner tips echo the original NH form creating a strong visual resemblance and sonic similarity with the original versions.</li><li>The longer length reaches just past the rear disc and nearly to the rear rim.</li><li>This muffler also features 2.25-inch louvered cores to achieve their great sound and performance.</li><li>The Cobra team developed the new cores to deliver a deeper rumble.</li><li>The best part of the core design is that it produces good power on the stock 2-into-1 Softail head pipe.</li><li>Will create even more performance when the rider decides to build more power with either a larger engine or standard industry hop-up parts.</li><li>50-state legal</li><li>Made in the U.S.A.</li><li>Does not fit Breakouts or Fat Boys</li></ul>"
82-96376,"<ul><li>This larger NH Softail slip-on 4"" round Chromed or Black body.</li><li>4"" Billet Aluminum Black outer tip with distinctive machined dual grooves</li><li>Chrome version uses a chromed inner tip.</li><li>Inner tips echo the original NH form creating a strong visual resemblance and sonic similarity with the original versions.</li><li>The longer length reaches just past the rear disc and nearly to the rear rim.</li><li>This muffler also features 2.25-inch louvered cores to achieve their great sound and performance.</li><li>The Cobra team developed the new cores to deliver a deeper rumble.</li><li>The best part of the core design is that it produces good power on the stock 2-into-1 Softail head pipe.</li><li>Will create even more performance when the rider decides to build more power with either a larger engine or standard industry hop-up parts.</li><li>50-state legal</li><li>Made in the U.S.A.</li><li>Does not fit Breakouts or Fat Boys</li></ul>"
82-96377,"<ul><li>This larger NH Softail slip-on 4"" round Chromed or Black body.</li><li>4"" Billet Aluminum Black outer tip with distinctive machined dual grooves</li><li>Chrome version uses a chromed inner tip.</li><li>Inner tips echo the original NH form creating a strong visual resemblance and sonic similarity with the original versions.</li><li>The longer length reaches just past the rear disc and nearly to the rear rim.</li><li>This muffler also features 2.25-inch louvered cores to achieve their great sound and performance.</li><li>The Cobra team developed the new cores to deliver a deeper rumble.</li><li>The best part of the core design is that it produces good power on the stock 2-into-1 Softail head pipe.</li><li>Will create even more performance when the rider decides to build more power with either a larger engine or standard industry hop-up parts.</li><li>50-state legal</li><li>Made in the U.S.A.</li><li>Does not fit Breakouts or Fat Boys</li></ul>"
82-96378,"<ul><li>This larger NH Softail slip-on 4"" round Chromed or Black body.</li><li>4"" Billet Aluminum Black outer tip with distinctive machined dual grooves</li><li>Chrome version uses a chromed inner tip.</li><li>Inner tips echo the original NH form creating a strong visual resemblance and sonic similarity with the original versions.</li><li>The longer length reaches just past the rear disc and nearly to the rear rim.</li><li>This muffler also features 2.25-inch louvered cores to achieve their great sound and performance.</li><li>The Cobra team developed the new cores to deliver a deeper rumble.</li><li>The best part of the core design is that it produces good power on the stock 2-into-1 Softail head pipe.</li><li>Will create even more performance when the rider decides to build more power with either a larger engine or standard industry hop-up parts.</li><li>50-state legal</li><li>Made in the U.S.A.</li><li>Does not fit Breakouts or Fat Boys</li></ul>"
29-2517,"<ul><li>A new take on the compact adventure strap.</li><li>Conﬁdently secure up to 80 lbs, the Power Strap is designed with innovative hook-&-loop ends making a scratch proof anchor that can be quickly attached & removed.</li><li>Combine that with unique Power Elastic and a quick release buckle and you have a disruptive strap that you won’t want to adventure without.</li></ul>"
29-2518,"<ul><li>A new take on the compact adventure strap.</li><li>Conﬁdently secure up to 80 lbs, the Power Strap is designed with innovative hook-&-loop ends making a scratch proof anchor that can be quickly attached & removed.</li><li>Combine that with unique Power Elastic and a quick release buckle and you have a disruptive strap that you won’t want to adventure without.</li></ul>"
29-2519,"<ul><li>A new take on the compact adventure strap.</li><li>Conﬁdently secure up to 80 lbs, the Power Strap is designed with innovative hook-&-loop ends making a scratch proof anchor that can be quickly attached & removed.</li><li>Combine that with unique Power Elastic and a quick release buckle and you have a disruptive strap that you won’t want to adventure without.</li></ul>"
29-2530,<ul><li>900LB break strength</li><li>300lb working load</li><li>Strong hitch loop ends</li><li>All weather durability</li><li>World's most versatile strap - 10 straps in 1</li><li>12ft length</li></ul>
29-2531,"<ul><li>Reliably create instant, scratch-proof tie-down points.</li><li>Perfect for handlebars, axles, frames, racks, and anywhere metal hooks either don’t ﬁt or would cause damage.</li><li>They provide controlled stretch for a secure hold.</li></ul>"
29-2532,"<ul><li>Low-proﬁle, scratch-safe way to keep tools and gear right where you want them.</li><li>Built from durable silicone with a soft foam backing, it protects your vehicle while strong magnets hold up to 10 lbs.</li><li>Use it on metal surfaces or apply it anywhere with the included paint-protection ﬁlm and adhesive.</li><li>Integrated hooks hang hats and gear, while ¼"" bit holes keep drivers and bits organized—perfect for trucks, trailers, garages, and camp setups.</li></ul>"
177-0245,"The Brembo RCS radial master cylinder system gives riders adjustable, race‑inspired control for both braking and clutch operation. Its patented RCS mechanism—derived from MotoGP—lets you quickly switch between a stronger, more direct response or a smoother, more progressive feel, depending on conditions and rider preference.  The RCS brake master cylinder provides tunable braking sensitivity and lever feedback, while the RCS clutch master cylinder delivers refined modulation for smoother, more controlled engagement. Together, they create a unified system that enhances precision, adaptability, and overall rider feel.

Features:
<ul><li>Brake light and clutch safety switch are ""universal"" and will require modification to work with HD models.</li><li>Fluid reservoir and bracket sold separately.</li></ul>"
177-0246,"The Brembo RCS radial master cylinder system gives riders adjustable, race‑inspired control for both braking and clutch operation. Its patented RCS mechanism—derived from MotoGP—lets you quickly switch between a stronger, more direct response or a smoother, more progressive feel, depending on conditions and rider preference.  The RCS brake master cylinder provides tunable braking sensitivity and lever feedback, while the RCS clutch master cylinder delivers refined modulation for smoother, more controlled engagement. Together, they create a unified system that enhances precision, adaptability, and overall rider feel.

Features:
<ul><li>Brake light and clutch safety switch are ""universal"" and will require modification to work with HD models.</li><li>Fluid reservoir and bracket sold separately.</li></ul>"
177-0247,"The Brembo RCS radial master cylinder system gives riders adjustable, race‑inspired control for both braking and clutch operation. Its patented RCS mechanism—derived from MotoGP—lets you quickly switch between a stronger, more direct response or a smoother, more progressive feel, depending on conditions and rider preference.  The RCS brake master cylinder provides tunable braking sensitivity and lever feedback, while the RCS clutch master cylinder delivers refined modulation for smoother, more controlled engagement. Together, they create a unified system that enhances precision, adaptability, and overall rider feel.

Features:
<ul><li>Brake light and clutch safety switch are ""universal"" and will require modification to work with HD models.</li><li>Fluid reservoir and bracket sold separately.</li></ul>"
75-9093M,"<ul><li>Integrated 600D polyester reinforcements at key impact points (shoulders, elbows, and lower back)</li><li>Abrasion resistant chassis 2-ply ballistic polyester mesh outer shell</li><li>Large hole mesh panels for improved airflow</li><li>Low profile, neoprene finished collar provides maximum rider mobility and comfort</li><li>Breathable/flexible Rheon CE Level 1 armor at shoulders and elbows, back protector pocket for optional Rheon CE armor</li><li>4 pockets: 1 Exterior Phone pocket, 2 hand warmer pockets, 1 internal utility pocket</li><li>Zippered cuffs</li><li>Dark Reflective rear logo</li><li>Multi-point adjustments at the hips, and biceps</li><li>Integrated action-back panels increase rider mobility and comfort while decreasing fatigue</li><li>Reliable, smooth, snag-free YKK® zippers</li><li>Forearm and waist adjustability for optimal fit</li><li>Button belt loop for pant attachment</li><li>Removable, full-sleeve, zip-in 100% Waterproof liner</li><li>1 Year Warranty</li></ul>"
75-9093S,"<ul><li>Integrated 600D polyester reinforcements at key impact points (shoulders, elbows, and lower back)</li><li>Abrasion resistant chassis 2-ply ballistic polyester mesh outer shell</li><li>Large hole mesh panels for improved airflow</li><li>Low profile, neoprene finished collar provides maximum rider mobility and comfort</li><li>Breathable/flexible Rheon CE Level 1 armor at shoulders and elbows, back protector pocket for optional Rheon CE armor</li><li>4 pockets: 1 Exterior Phone pocket, 2 hand warmer pockets, 1 internal utility pocket</li><li>Zippered cuffs</li><li>Dark Reflective rear logo</li><li>Multi-point adjustments at the hips, and biceps</li><li>Integrated action-back panels increase rider mobility and comfort while decreasing fatigue</li><li>Reliable, smooth, snag-free YKK® zippers</li><li>Forearm and waist adjustability for optimal fit</li><li>Button belt loop for pant attachment</li><li>Removable, full-sleeve, zip-in 100% Waterproof liner</li><li>1 Year Warranty</li></ul>"
75-9094M,"<ul><li>Integrated 600D polyester reinforcements at key impact points (shoulders, elbows, and lower back)</li><li>Abrasion resistant chassis 2-ply ballistic polyester mesh outer shell</li><li>Large hole mesh panels for improved airflow</li><li>Low profile, neoprene finished collar provides maximum rider mobility and comfort</li><li>Breathable/flexible Rheon CE Level 1 armor at shoulders and elbows, back protector pocket for optional Rheon CE armor</li><li>4 pockets: 1 Exterior Phone pocket, 2 hand warmer pockets, 1 internal utility pocket</li><li>Zippered cuffs</li><li>Dark Reflective rear logo</li><li>Multi-point adjustments at the hips, and biceps</li><li>Integrated action-back panels increase rider mobility and comfort while decreasing fatigue</li><li>Reliable, smooth, snag-free YKK® zippers</li><li>Forearm and waist adjustability for optimal fit</li><li>Button belt loop for pant attachment</li><li>Removable, full-sleeve, zip-in 100% Waterproof liner</li><li>1 Year Warranty</li></ul>"
75-9094S,"<ul><li>Integrated 600D polyester reinforcements at key impact points (shoulders, elbows, and lower back)</li><li>Abrasion resistant chassis 2-ply ballistic polyester mesh outer shell</li><li>Large hole mesh panels for improved airflow</li><li>Low profile, neoprene finished collar provides maximum rider mobility and comfort</li><li>Breathable/flexible Rheon CE Level 1 armor at shoulders and elbows, back protector pocket for optional Rheon CE armor</li><li>4 pockets: 1 Exterior Phone pocket, 2 hand warmer pockets, 1 internal utility pocket</li><li>Zippered cuffs</li><li>Dark Reflective rear logo</li><li>Multi-point adjustments at the hips, and biceps</li><li>Integrated action-back panels increase rider mobility and comfort while decreasing fatigue</li><li>Reliable, smooth, snag-free YKK® zippers</li><li>Forearm and waist adjustability for optimal fit</li><li>Button belt loop for pant attachment</li><li>Removable, full-sleeve, zip-in 100% Waterproof liner</li><li>1 Year Warranty</li></ul>"
75-9095M,"<ul><li>Integrated 600D polyester reinforcements at key impact points (shoulders, elbows, and lower back)</li><li>Abrasion resistant chassis 2-ply ballistic polyester mesh outer shell</li><li>Large hole mesh panels for improved airflow</li><li>Low profile, neoprene finished collar provides maximum rider mobility and comfort</li><li>Breathable/flexible Rheon CE Level 1 armor at shoulders and elbows, back protector pocket for optional Rheon CE armor</li><li>4 pockets: 1 Exterior Phone pocket, 2 hand warmer pockets, 1 internal utility pocket</li><li>Zippered cuffs</li><li>Dark Reflective rear logo</li><li>Multi-point adjustments at the hips, and biceps</li><li>Integrated action-back panels increase rider mobility and comfort while decreasing fatigue</li><li>Reliable, smooth, snag-free YKK® zippers</li><li>Forearm and waist adjustability for optimal fit</li><li>Button belt loop for pant attachment</li><li>Removable, full-sleeve, zip-in 100% Waterproof liner</li><li>1 Year Warranty</li></ul>"
75-9095S,"<ul><li>Integrated 600D polyester reinforcements at key impact points (shoulders, elbows, and lower back)</li><li>Abrasion resistant chassis 2-ply ballistic polyester mesh outer shell</li><li>Large hole mesh panels for improved airflow</li><li>Low profile, neoprene finished collar provides maximum rider mobility and comfort</li><li>Breathable/flexible Rheon CE Level 1 armor at shoulders and elbows, back protector pocket for optional Rheon CE armor</li><li>4 pockets: 1 Exterior Phone pocket, 2 hand warmer pockets, 1 internal utility pocket</li><li>Zippered cuffs</li><li>Dark Reflective rear logo</li><li>Multi-point adjustments at the hips, and biceps</li><li>Integrated action-back panels increase rider mobility and comfort while decreasing fatigue</li><li>Reliable, smooth, snag-free YKK® zippers</li><li>Forearm and waist adjustability for optimal fit</li><li>Button belt loop for pant attachment</li><li>Removable, full-sleeve, zip-in 100% Waterproof liner</li><li>1 Year Warranty</li></ul>"
